strategist,condition,turn_progress,mean_predicted_win_probability,n_runs
DeepSeek-V4-Flash-Simple,Every-turn,0.0,0.125797,48
DeepSeek-V4-Flash-Simple,Every-turn,0.01,0.125394,48
DeepSeek-V4-Flash-Simple,Every-turn,0.02,0.125239,48
DeepSeek-V4-Flash-Simple,Every-turn,0.03,0.121106,48
DeepSeek-V4-Flash-Simple,Every-turn,0.04,0.128756,48
DeepSeek-V4-Flash-Simple,Every-turn,0.05,0.126499,48
DeepSeek-V4-Flash-Simple,Every-turn,0.06,0.129446,48
DeepSeek-V4-Flash-Simple,Every-turn,0.07,0.120755,48
DeepSeek-V4-Flash-Simple,Every-turn,0.08,0.122536,48
DeepSeek-V4-Flash-Simple,Every-turn,0.09,0.122586,48
DeepSeek-V4-Flash-Simple,Every-turn,0.1,0.125384,48
DeepSeek-V4-Flash-Simple,Every-turn,0.11,0.126713,48
DeepSeek-V4-Flash-Simple,Every-turn,0.12,0.12362,48
DeepSeek-V4-Flash-Simple,Every-turn,0.13,0.122657,48
DeepSeek-V4-Flash-Simple,Every-turn,0.14,0.127427,48
DeepSeek-V4-Flash-Simple,Every-turn,0.15,0.122531,48
DeepSeek-V4-Flash-Simple,Every-turn,0.16,0.11809,48
DeepSeek-V4-Flash-Simple,Every-turn,0.17,0.119147,48
DeepSeek-V4-Flash-Simple,Every-turn,0.18,0.121549,48
DeepSeek-V4-Flash-Simple,Every-turn,0.19,0.11626,48
DeepSeek-V4-Flash-Simple,Every-turn,0.2,0.113903,48
DeepSeek-V4-Flash-Simple,Every-turn,0.21,0.115321,48
DeepSeek-V4-Flash-Simple,Every-turn,0.22,0.117008,48
DeepSeek-V4-Flash-Simple,Every-turn,0.23,0.113693,48
DeepSeek-V4-Flash-Simple,Every-turn,0.24,0.116855,48
DeepSeek-V4-Flash-Simple,Every-turn,0.25,0.118146,48
DeepSeek-V4-Flash-Simple,Every-turn,0.26,0.122198,48
DeepSeek-V4-Flash-Simple,Every-turn,0.27,0.119674,48
DeepSeek-V4-Flash-Simple,Every-turn,0.28,0.118779,48
DeepSeek-V4-Flash-Simple,Every-turn,0.29,0.114822,48
DeepSeek-V4-Flash-Simple,Every-turn,0.3,0.116535,48
DeepSeek-V4-Flash-Simple,Every-turn,0.31,0.117717,48
DeepSeek-V4-Flash-Simple,Every-turn,0.32,0.116477,48
DeepSeek-V4-Flash-Simple,Every-turn,0.33,0.115954,48
DeepSeek-V4-Flash-Simple,Every-turn,0.34,0.110318,48
DeepSeek-V4-Flash-Simple,Every-turn,0.35,0.109056,48
DeepSeek-V4-Flash-Simple,Every-turn,0.36,0.111635,48
DeepSeek-V4-Flash-Simple,Every-turn,0.37,0.109397,48
DeepSeek-V4-Flash-Simple,Every-turn,0.38,0.106117,48
DeepSeek-V4-Flash-Simple,Every-turn,0.39,0.108577,48
DeepSeek-V4-Flash-Simple,Every-turn,0.4,0.102551,48
DeepSeek-V4-Flash-Simple,Every-turn,0.41,0.102385,48
DeepSeek-V4-Flash-Simple,Every-turn,0.42,0.094808,48
DeepSeek-V4-Flash-Simple,Every-turn,0.43,0.09192,48
DeepSeek-V4-Flash-Simple,Every-turn,0.44,0.092494,48
DeepSeek-V4-Flash-Simple,Every-turn,0.45,0.091787,48
DeepSeek-V4-Flash-Simple,Every-turn,0.46,0.09276,48
DeepSeek-V4-Flash-Simple,Every-turn,0.47,0.091647,48
DeepSeek-V4-Flash-Simple,Every-turn,0.48,0.091627,48
DeepSeek-V4-Flash-Simple,Every-turn,0.49,0.093231,48
DeepSeek-V4-Flash-Simple,Every-turn,0.5,0.091608,48
DeepSeek-V4-Flash-Simple,Every-turn,0.51,0.089841,48
DeepSeek-V4-Flash-Simple,Every-turn,0.52,0.093117,48
DeepSeek-V4-Flash-Simple,Every-turn,0.53,0.099418,48
DeepSeek-V4-Flash-Simple,Every-turn,0.54,0.10488,48
DeepSeek-V4-Flash-Simple,Every-turn,0.55,0.104427,48
DeepSeek-V4-Flash-Simple,Every-turn,0.56,0.101703,48
DeepSeek-V4-Flash-Simple,Every-turn,0.57,0.095525,48
DeepSeek-V4-Flash-Simple,Every-turn,0.58,0.095936,48
DeepSeek-V4-Flash-Simple,Every-turn,0.59,0.095613,48
DeepSeek-V4-Flash-Simple,Every-turn,0.6,0.09565,48
DeepSeek-V4-Flash-Simple,Every-turn,0.61,0.09366,48
DeepSeek-V4-Flash-Simple,Every-turn,0.62,0.093752,48
DeepSeek-V4-Flash-Simple,Every-turn,0.63,0.103666,48
DeepSeek-V4-Flash-Simple,Every-turn,0.64,0.102723,48
DeepSeek-V4-Flash-Simple,Every-turn,0.65,0.102498,48
DeepSeek-V4-Flash-Simple,Every-turn,0.66,0.101296,48
DeepSeek-V4-Flash-Simple,Every-turn,0.67,0.105292,48
DeepSeek-V4-Flash-Simple,Every-turn,0.68,0.106172,48
DeepSeek-V4-Flash-Simple,Every-turn,0.69,0.11061,48
DeepSeek-V4-Flash-Simple,Every-turn,0.7,0.099474,48
DeepSeek-V4-Flash-Simple,Every-turn,0.71,0.093843,48
DeepSeek-V4-Flash-Simple,Every-turn,0.72,0.089687,48
DeepSeek-V4-Flash-Simple,Every-turn,0.73,0.092223,48
DeepSeek-V4-Flash-Simple,Every-turn,0.74,0.090752,48
DeepSeek-V4-Flash-Simple,Every-turn,0.75,0.090714,48
DeepSeek-V4-Flash-Simple,Every-turn,0.76,0.08197,48
DeepSeek-V4-Flash-Simple,Every-turn,0.77,0.084202,48
DeepSeek-V4-Flash-Simple,Every-turn,0.78,0.082307,48
DeepSeek-V4-Flash-Simple,Every-turn,0.79,0.084828,48
DeepSeek-V4-Flash-Simple,Every-turn,0.8,0.089216,48
DeepSeek-V4-Flash-Simple,Every-turn,0.81,0.094294,48
DeepSeek-V4-Flash-Simple,Every-turn,0.82,0.096335,48
DeepSeek-V4-Flash-Simple,Every-turn,0.83,0.096346,48
DeepSeek-V4-Flash-Simple,Every-turn,0.84,0.092568,48
DeepSeek-V4-Flash-Simple,Every-turn,0.85,0.090691,48
DeepSeek-V4-Flash-Simple,Every-turn,0.86,0.094519,48
DeepSeek-V4-Flash-Simple,Every-turn,0.87,0.099961,48
DeepSeek-V4-Flash-Simple,Every-turn,0.88,0.095706,48
DeepSeek-V4-Flash-Simple,Every-turn,0.89,0.104912,48
DeepSeek-V4-Flash-Simple,Every-turn,0.9,0.106426,48
DeepSeek-V4-Flash-Simple,Every-turn,0.91,0.107701,48
DeepSeek-V4-Flash-Simple,Every-turn,0.92,0.104753,48
DeepSeek-V4-Flash-Simple,Every-turn,0.93,0.096424,48
DeepSeek-V4-Flash-Simple,Every-turn,0.94,0.096408,48
DeepSeek-V4-Flash-Simple,Every-turn,0.95,0.093403,48
DeepSeek-V4-Flash-Simple,Every-turn,0.96,0.086377,48
DeepSeek-V4-Flash-Simple,Every-turn,0.97,0.085704,48
DeepSeek-V4-Flash-Simple,Every-turn,0.98,0.088997,48
DeepSeek-V4-Flash-Simple,Every-turn,0.99,0.090467,48
DeepSeek-V4-Flash-Simple,Every-turn,1.0,0.090288,48
DeepSeek-V4-Flash-Simple,Per-5,0.0,0.124138,48
DeepSeek-V4-Flash-Simple,Per-5,0.01,0.125427,48
DeepSeek-V4-Flash-Simple,Per-5,0.02,0.126097,48
DeepSeek-V4-Flash-Simple,Per-5,0.03,0.120294,48
DeepSeek-V4-Flash-Simple,Per-5,0.04,0.126503,48
DeepSeek-V4-Flash-Simple,Per-5,0.05,0.12331,48
DeepSeek-V4-Flash-Simple,Per-5,0.06,0.125811,48
DeepSeek-V4-Flash-Simple,Per-5,0.07,0.12626,48
DeepSeek-V4-Flash-Simple,Per-5,0.08,0.124478,48
DeepSeek-V4-Flash-Simple,Per-5,0.09,0.126214,48
DeepSeek-V4-Flash-Simple,Per-5,0.1,0.129926,48
DeepSeek-V4-Flash-Simple,Per-5,0.11,0.130824,48
DeepSeek-V4-Flash-Simple,Per-5,0.12,0.132366,48
DeepSeek-V4-Flash-Simple,Per-5,0.13,0.126242,48
DeepSeek-V4-Flash-Simple,Per-5,0.14,0.123316,48
DeepSeek-V4-Flash-Simple,Per-5,0.15,0.124446,48
DeepSeek-V4-Flash-Simple,Per-5,0.16,0.128895,48
DeepSeek-V4-Flash-Simple,Per-5,0.17,0.13344,48
DeepSeek-V4-Flash-Simple,Per-5,0.18,0.124752,48
DeepSeek-V4-Flash-Simple,Per-5,0.19,0.126071,48
DeepSeek-V4-Flash-Simple,Per-5,0.2,0.11941,48
DeepSeek-V4-Flash-Simple,Per-5,0.21,0.122555,48
DeepSeek-V4-Flash-Simple,Per-5,0.22,0.117359,48
DeepSeek-V4-Flash-Simple,Per-5,0.23,0.116728,48
DeepSeek-V4-Flash-Simple,Per-5,0.24,0.118368,48
DeepSeek-V4-Flash-Simple,Per-5,0.25,0.122743,48
DeepSeek-V4-Flash-Simple,Per-5,0.26,0.123877,48
DeepSeek-V4-Flash-Simple,Per-5,0.27,0.118855,48
DeepSeek-V4-Flash-Simple,Per-5,0.28,0.117968,48
DeepSeek-V4-Flash-Simple,Per-5,0.29,0.120436,48
DeepSeek-V4-Flash-Simple,Per-5,0.3,0.120582,48
DeepSeek-V4-Flash-Simple,Per-5,0.31,0.120694,48
DeepSeek-V4-Flash-Simple,Per-5,0.32,0.119014,48
DeepSeek-V4-Flash-Simple,Per-5,0.33,0.117854,48
DeepSeek-V4-Flash-Simple,Per-5,0.34,0.117701,48
DeepSeek-V4-Flash-Simple,Per-5,0.35,0.116144,48
DeepSeek-V4-Flash-Simple,Per-5,0.36,0.12328,48
DeepSeek-V4-Flash-Simple,Per-5,0.37,0.124269,48
DeepSeek-V4-Flash-Simple,Per-5,0.38,0.119568,48
DeepSeek-V4-Flash-Simple,Per-5,0.39,0.11831,48
DeepSeek-V4-Flash-Simple,Per-5,0.4,0.116231,48
DeepSeek-V4-Flash-Simple,Per-5,0.41,0.119845,48
DeepSeek-V4-Flash-Simple,Per-5,0.42,0.120089,48
DeepSeek-V4-Flash-Simple,Per-5,0.43,0.119623,48
DeepSeek-V4-Flash-Simple,Per-5,0.44,0.109493,48
DeepSeek-V4-Flash-Simple,Per-5,0.45,0.115235,48
DeepSeek-V4-Flash-Simple,Per-5,0.46,0.113812,48
DeepSeek-V4-Flash-Simple,Per-5,0.47,0.113573,48
DeepSeek-V4-Flash-Simple,Per-5,0.48,0.10991,48
DeepSeek-V4-Flash-Simple,Per-5,0.49,0.107344,48
DeepSeek-V4-Flash-Simple,Per-5,0.5,0.109976,48
DeepSeek-V4-Flash-Simple,Per-5,0.51,0.113229,48
DeepSeek-V4-Flash-Simple,Per-5,0.52,0.111271,48
DeepSeek-V4-Flash-Simple,Per-5,0.53,0.101776,48
DeepSeek-V4-Flash-Simple,Per-5,0.54,0.098588,48
DeepSeek-V4-Flash-Simple,Per-5,0.55,0.100977,48
DeepSeek-V4-Flash-Simple,Per-5,0.56,0.106081,48
DeepSeek-V4-Flash-Simple,Per-5,0.57,0.103913,48
DeepSeek-V4-Flash-Simple,Per-5,0.58,0.101537,48
DeepSeek-V4-Flash-Simple,Per-5,0.59,0.10413,48
DeepSeek-V4-Flash-Simple,Per-5,0.6,0.096054,48
DeepSeek-V4-Flash-Simple,Per-5,0.61,0.095345,48
DeepSeek-V4-Flash-Simple,Per-5,0.62,0.095737,48
DeepSeek-V4-Flash-Simple,Per-5,0.63,0.098454,48
DeepSeek-V4-Flash-Simple,Per-5,0.64,0.100352,48
DeepSeek-V4-Flash-Simple,Per-5,0.65,0.104576,48
DeepSeek-V4-Flash-Simple,Per-5,0.66,0.105712,48
DeepSeek-V4-Flash-Simple,Per-5,0.67,0.101687,48
DeepSeek-V4-Flash-Simple,Per-5,0.68,0.104193,48
DeepSeek-V4-Flash-Simple,Per-5,0.69,0.11151,48
DeepSeek-V4-Flash-Simple,Per-5,0.7,0.110823,48
DeepSeek-V4-Flash-Simple,Per-5,0.71,0.1045,48
DeepSeek-V4-Flash-Simple,Per-5,0.72,0.100466,48
DeepSeek-V4-Flash-Simple,Per-5,0.73,0.09925,48
DeepSeek-V4-Flash-Simple,Per-5,0.74,0.102074,48
DeepSeek-V4-Flash-Simple,Per-5,0.75,0.104621,48
DeepSeek-V4-Flash-Simple,Per-5,0.76,0.101071,48
DeepSeek-V4-Flash-Simple,Per-5,0.77,0.101267,48
DeepSeek-V4-Flash-Simple,Per-5,0.78,0.104572,48
DeepSeek-V4-Flash-Simple,Per-5,0.79,0.103198,48
DeepSeek-V4-Flash-Simple,Per-5,0.8,0.106556,48
DeepSeek-V4-Flash-Simple,Per-5,0.81,0.09726,48
DeepSeek-V4-Flash-Simple,Per-5,0.82,0.102628,48
DeepSeek-V4-Flash-Simple,Per-5,0.83,0.105796,48
DeepSeek-V4-Flash-Simple,Per-5,0.84,0.10691,48
DeepSeek-V4-Flash-Simple,Per-5,0.85,0.107347,48
DeepSeek-V4-Flash-Simple,Per-5,0.86,0.102159,48
DeepSeek-V4-Flash-Simple,Per-5,0.87,0.099522,48
DeepSeek-V4-Flash-Simple,Per-5,0.88,0.091575,48
DeepSeek-V4-Flash-Simple,Per-5,0.89,0.097997,48
DeepSeek-V4-Flash-Simple,Per-5,0.9,0.09587,48
DeepSeek-V4-Flash-Simple,Per-5,0.91,0.087685,48
DeepSeek-V4-Flash-Simple,Per-5,0.92,0.091286,48
DeepSeek-V4-Flash-Simple,Per-5,0.93,0.091314,48
DeepSeek-V4-Flash-Simple,Per-5,0.94,0.090567,48
DeepSeek-V4-Flash-Simple,Per-5,0.95,0.092241,48
DeepSeek-V4-Flash-Simple,Per-5,0.96,0.086502,48
DeepSeek-V4-Flash-Simple,Per-5,0.97,0.088228,48
DeepSeek-V4-Flash-Simple,Per-5,0.98,0.091647,48
DeepSeek-V4-Flash-Simple,Per-5,0.99,0.089713,48
DeepSeek-V4-Flash-Simple,Per-5,1.0,0.083878,48
DeepSeek-V4.1-Flash-Simple,Per-5,0.0,0.126161,48
DeepSeek-V4.1-Flash-Simple,Per-5,0.01,0.125976,48
DeepSeek-V4.1-Flash-Simple,Per-5,0.02,0.129749,48
DeepSeek-V4.1-Flash-Simple,Per-5,0.03,0.126416,48
DeepSeek-V4.1-Flash-Simple,Per-5,0.04,0.126568,48
DeepSeek-V4.1-Flash-Simple,Per-5,0.05,0.123021,48
DeepSeek-V4.1-Flash-Simple,Per-5,0.06,0.122121,48
DeepSeek-V4.1-Flash-Simple,Per-5,0.07,0.124449,48
DeepSeek-V4.1-Flash-Simple,Per-5,0.08,0.119505,48
DeepSeek-V4.1-Flash-Simple,Per-5,0.09,0.118981,48
DeepSeek-V4.1-Flash-Simple,Per-5,0.1,0.127096,48
DeepSeek-V4.1-Flash-Simple,Per-5,0.11,0.124896,48
DeepSeek-V4.1-Flash-Simple,Per-5,0.12,0.126806,48
DeepSeek-V4.1-Flash-Simple,Per-5,0.13,0.127078,48
DeepSeek-V4.1-Flash-Simple,Per-5,0.14,0.127371,48
DeepSeek-V4.1-Flash-Simple,Per-5,0.15,0.123219,48
DeepSeek-V4.1-Flash-Simple,Per-5,0.16,0.124953,48
DeepSeek-V4.1-Flash-Simple,Per-5,0.17,0.121957,48
DeepSeek-V4.1-Flash-Simple,Per-5,0.18,0.122293,48
DeepSeek-V4.1-Flash-Simple,Per-5,0.19,0.122586,48
DeepSeek-V4.1-Flash-Simple,Per-5,0.2,0.123828,48
DeepSeek-V4.1-Flash-Simple,Per-5,0.21,0.119595,48
DeepSeek-V4.1-Flash-Simple,Per-5,0.22,0.12205,48
DeepSeek-V4.1-Flash-Simple,Per-5,0.23,0.121859,48
DeepSeek-V4.1-Flash-Simple,Per-5,0.24,0.117362,48
DeepSeek-V4.1-Flash-Simple,Per-5,0.25,0.116638,48
DeepSeek-V4.1-Flash-Simple,Per-5,0.26,0.118995,48
DeepSeek-V4.1-Flash-Simple,Per-5,0.27,0.121857,48
DeepSeek-V4.1-Flash-Simple,Per-5,0.28,0.116169,48
DeepSeek-V4.1-Flash-Simple,Per-5,0.29,0.107262,48
DeepSeek-V4.1-Flash-Simple,Per-5,0.3,0.102459,48
DeepSeek-V4.1-Flash-Simple,Per-5,0.31,0.108166,48
DeepSeek-V4.1-Flash-Simple,Per-5,0.32,0.107637,48
DeepSeek-V4.1-Flash-Simple,Per-5,0.33,0.115468,48
DeepSeek-V4.1-Flash-Simple,Per-5,0.34,0.115566,48
DeepSeek-V4.1-Flash-Simple,Per-5,0.35,0.111895,48
DeepSeek-V4.1-Flash-Simple,Per-5,0.36,0.109302,48
DeepSeek-V4.1-Flash-Simple,Per-5,0.37,0.106312,48
DeepSeek-V4.1-Flash-Simple,Per-5,0.38,0.108608,48
DeepSeek-V4.1-Flash-Simple,Per-5,0.39,0.111047,48
DeepSeek-V4.1-Flash-Simple,Per-5,0.4,0.108876,48
DeepSeek-V4.1-Flash-Simple,Per-5,0.41,0.109601,48
DeepSeek-V4.1-Flash-Simple,Per-5,0.42,0.107928,48
DeepSeek-V4.1-Flash-Simple,Per-5,0.43,0.11164,48
DeepSeek-V4.1-Flash-Simple,Per-5,0.44,0.114394,48
DeepSeek-V4.1-Flash-Simple,Per-5,0.45,0.119777,48
DeepSeek-V4.1-Flash-Simple,Per-5,0.46,0.117622,48
DeepSeek-V4.1-Flash-Simple,Per-5,0.47,0.120212,48
DeepSeek-V4.1-Flash-Simple,Per-5,0.48,0.124615,48
DeepSeek-V4.1-Flash-Simple,Per-5,0.49,0.123655,48
DeepSeek-V4.1-Flash-Simple,Per-5,0.5,0.126581,48
DeepSeek-V4.1-Flash-Simple,Per-5,0.51,0.124693,48
DeepSeek-V4.1-Flash-Simple,Per-5,0.52,0.129172,48
DeepSeek-V4.1-Flash-Simple,Per-5,0.53,0.130746,48
DeepSeek-V4.1-Flash-Simple,Per-5,0.54,0.126143,48
DeepSeek-V4.1-Flash-Simple,Per-5,0.55,0.126446,48
DeepSeek-V4.1-Flash-Simple,Per-5,0.56,0.126856,48
DeepSeek-V4.1-Flash-Simple,Per-5,0.57,0.134705,48
DeepSeek-V4.1-Flash-Simple,Per-5,0.58,0.138287,48
DeepSeek-V4.1-Flash-Simple,Per-5,0.59,0.142371,48
DeepSeek-V4.1-Flash-Simple,Per-5,0.6,0.140407,48
DeepSeek-V4.1-Flash-Simple,Per-5,0.61,0.147068,48
DeepSeek-V4.1-Flash-Simple,Per-5,0.62,0.151118,48
DeepSeek-V4.1-Flash-Simple,Per-5,0.63,0.146998,48
DeepSeek-V4.1-Flash-Simple,Per-5,0.64,0.140854,48
DeepSeek-V4.1-Flash-Simple,Per-5,0.65,0.149414,48
DeepSeek-V4.1-Flash-Simple,Per-5,0.66,0.151747,48
DeepSeek-V4.1-Flash-Simple,Per-5,0.67,0.148483,48
DeepSeek-V4.1-Flash-Simple,Per-5,0.68,0.150467,48
DeepSeek-V4.1-Flash-Simple,Per-5,0.69,0.143822,48
DeepSeek-V4.1-Flash-Simple,Per-5,0.7,0.144846,48
DeepSeek-V4.1-Flash-Simple,Per-5,0.71,0.146767,48
DeepSeek-V4.1-Flash-Simple,Per-5,0.72,0.15757,48
DeepSeek-V4.1-Flash-Simple,Per-5,0.73,0.155759,48
DeepSeek-V4.1-Flash-Simple,Per-5,0.74,0.148024,48
DeepSeek-V4.1-Flash-Simple,Per-5,0.75,0.149723,48
DeepSeek-V4.1-Flash-Simple,Per-5,0.76,0.149637,48
DeepSeek-V4.1-Flash-Simple,Per-5,0.77,0.143917,48
DeepSeek-V4.1-Flash-Simple,Per-5,0.78,0.143901,48
DeepSeek-V4.1-Flash-Simple,Per-5,0.79,0.146963,48
DeepSeek-V4.1-Flash-Simple,Per-5,0.8,0.142878,48
DeepSeek-V4.1-Flash-Simple,Per-5,0.81,0.142811,48
DeepSeek-V4.1-Flash-Simple,Per-5,0.82,0.147869,48
DeepSeek-V4.1-Flash-Simple,Per-5,0.83,0.149058,48
DeepSeek-V4.1-Flash-Simple,Per-5,0.84,0.14734,48
DeepSeek-V4.1-Flash-Simple,Per-5,0.85,0.146958,48
DeepSeek-V4.1-Flash-Simple,Per-5,0.86,0.144294,48
DeepSeek-V4.1-Flash-Simple,Per-5,0.87,0.138461,48
DeepSeek-V4.1-Flash-Simple,Per-5,0.88,0.143311,48
DeepSeek-V4.1-Flash-Simple,Per-5,0.89,0.144854,48
DeepSeek-V4.1-Flash-Simple,Per-5,0.9,0.145523,48
DeepSeek-V4.1-Flash-Simple,Per-5,0.91,0.15007,48
DeepSeek-V4.1-Flash-Simple,Per-5,0.92,0.161077,48
DeepSeek-V4.1-Flash-Simple,Per-5,0.93,0.152397,48
DeepSeek-V4.1-Flash-Simple,Per-5,0.94,0.155231,48
DeepSeek-V4.1-Flash-Simple,Per-5,0.95,0.153822,48
DeepSeek-V4.1-Flash-Simple,Per-5,0.96,0.168926,48
DeepSeek-V4.1-Flash-Simple,Per-5,0.97,0.16456,48
DeepSeek-V4.1-Flash-Simple,Per-5,0.98,0.157801,48
DeepSeek-V4.1-Flash-Simple,Per-5,0.99,0.164612,48
DeepSeek-V4.1-Flash-Simple,Per-5,1.0,0.164012,48
GLM-5.1-Simple,Every-turn,0.0,0.127666,48
GLM-5.1-Simple,Every-turn,0.01,0.125189,48
GLM-5.1-Simple,Every-turn,0.02,0.126067,48
GLM-5.1-Simple,Every-turn,0.03,0.121719,48
GLM-5.1-Simple,Every-turn,0.04,0.12673,48
GLM-5.1-Simple,Every-turn,0.05,0.1305,48
GLM-5.1-Simple,Every-turn,0.06,0.123082,48
GLM-5.1-Simple,Every-turn,0.07,0.130833,48
GLM-5.1-Simple,Every-turn,0.08,0.131204,48
GLM-5.1-Simple,Every-turn,0.09,0.126418,48
GLM-5.1-Simple,Every-turn,0.1,0.13675,48
GLM-5.1-Simple,Every-turn,0.11,0.135685,48
GLM-5.1-Simple,Every-turn,0.12,0.140303,48
GLM-5.1-Simple,Every-turn,0.13,0.135723,48
GLM-5.1-Simple,Every-turn,0.14,0.133693,48
GLM-5.1-Simple,Every-turn,0.15,0.138881,48
GLM-5.1-Simple,Every-turn,0.16,0.137213,48
GLM-5.1-Simple,Every-turn,0.17,0.138324,48
GLM-5.1-Simple,Every-turn,0.18,0.129143,48
GLM-5.1-Simple,Every-turn,0.19,0.125695,48
GLM-5.1-Simple,Every-turn,0.2,0.123506,48
GLM-5.1-Simple,Every-turn,0.21,0.118703,48
GLM-5.1-Simple,Every-turn,0.22,0.118931,48
GLM-5.1-Simple,Every-turn,0.23,0.122125,48
GLM-5.1-Simple,Every-turn,0.24,0.122543,48
GLM-5.1-Simple,Every-turn,0.25,0.120832,48
GLM-5.1-Simple,Every-turn,0.26,0.120912,48
GLM-5.1-Simple,Every-turn,0.27,0.120045,48
GLM-5.1-Simple,Every-turn,0.28,0.122232,48
GLM-5.1-Simple,Every-turn,0.29,0.119441,48
GLM-5.1-Simple,Every-turn,0.3,0.124813,48
GLM-5.1-Simple,Every-turn,0.31,0.121944,48
GLM-5.1-Simple,Every-turn,0.32,0.11943,48
GLM-5.1-Simple,Every-turn,0.33,0.122837,48
GLM-5.1-Simple,Every-turn,0.34,0.121014,48
GLM-5.1-Simple,Every-turn,0.35,0.124119,48
GLM-5.1-Simple,Every-turn,0.36,0.124428,48
GLM-5.1-Simple,Every-turn,0.37,0.121276,48
GLM-5.1-Simple,Every-turn,0.38,0.119819,48
GLM-5.1-Simple,Every-turn,0.39,0.120105,48
GLM-5.1-Simple,Every-turn,0.4,0.117461,48
GLM-5.1-Simple,Every-turn,0.41,0.116027,48
GLM-5.1-Simple,Every-turn,0.42,0.119262,48
GLM-5.1-Simple,Every-turn,0.43,0.122975,48
GLM-5.1-Simple,Every-turn,0.44,0.117173,48
GLM-5.1-Simple,Every-turn,0.45,0.118417,48
GLM-5.1-Simple,Every-turn,0.46,0.121539,48
GLM-5.1-Simple,Every-turn,0.47,0.121095,48
GLM-5.1-Simple,Every-turn,0.48,0.120641,48
GLM-5.1-Simple,Every-turn,0.49,0.120495,48
GLM-5.1-Simple,Every-turn,0.5,0.120863,48
GLM-5.1-Simple,Every-turn,0.51,0.123224,48
GLM-5.1-Simple,Every-turn,0.52,0.125086,48
GLM-5.1-Simple,Every-turn,0.53,0.131103,48
GLM-5.1-Simple,Every-turn,0.54,0.133508,48
GLM-5.1-Simple,Every-turn,0.55,0.131065,48
GLM-5.1-Simple,Every-turn,0.56,0.127086,48
GLM-5.1-Simple,Every-turn,0.57,0.124656,48
GLM-5.1-Simple,Every-turn,0.58,0.122632,48
GLM-5.1-Simple,Every-turn,0.59,0.122458,48
GLM-5.1-Simple,Every-turn,0.6,0.120077,48
GLM-5.1-Simple,Every-turn,0.61,0.128479,48
GLM-5.1-Simple,Every-turn,0.62,0.122744,48
GLM-5.1-Simple,Every-turn,0.63,0.126405,48
GLM-5.1-Simple,Every-turn,0.64,0.124811,48
GLM-5.1-Simple,Every-turn,0.65,0.128216,48
GLM-5.1-Simple,Every-turn,0.66,0.126705,48
GLM-5.1-Simple,Every-turn,0.67,0.130678,48
GLM-5.1-Simple,Every-turn,0.68,0.131414,48
GLM-5.1-Simple,Every-turn,0.69,0.123393,48
GLM-5.1-Simple,Every-turn,0.7,0.125726,48
GLM-5.1-Simple,Every-turn,0.71,0.124204,48
GLM-5.1-Simple,Every-turn,0.72,0.119911,48
GLM-5.1-Simple,Every-turn,0.73,0.115916,48
GLM-5.1-Simple,Every-turn,0.74,0.119759,48
GLM-5.1-Simple,Every-turn,0.75,0.120455,48
GLM-5.1-Simple,Every-turn,0.76,0.11408,48
GLM-5.1-Simple,Every-turn,0.77,0.11978,48
GLM-5.1-Simple,Every-turn,0.78,0.113299,48
GLM-5.1-Simple,Every-turn,0.79,0.105654,48
GLM-5.1-Simple,Every-turn,0.8,0.110141,48
GLM-5.1-Simple,Every-turn,0.81,0.10675,48
GLM-5.1-Simple,Every-turn,0.82,0.109867,48
GLM-5.1-Simple,Every-turn,0.83,0.099773,48
GLM-5.1-Simple,Every-turn,0.84,0.10913,48
GLM-5.1-Simple,Every-turn,0.85,0.112774,48
GLM-5.1-Simple,Every-turn,0.86,0.112958,48
GLM-5.1-Simple,Every-turn,0.87,0.115952,48
GLM-5.1-Simple,Every-turn,0.88,0.112172,48
GLM-5.1-Simple,Every-turn,0.89,0.102489,48
GLM-5.1-Simple,Every-turn,0.9,0.096925,48
GLM-5.1-Simple,Every-turn,0.91,0.098332,48
GLM-5.1-Simple,Every-turn,0.92,0.094183,48
GLM-5.1-Simple,Every-turn,0.93,0.094265,48
GLM-5.1-Simple,Every-turn,0.94,0.09863,48
GLM-5.1-Simple,Every-turn,0.95,0.102122,48
GLM-5.1-Simple,Every-turn,0.96,0.10494,48
GLM-5.1-Simple,Every-turn,0.97,0.106439,48
GLM-5.1-Simple,Every-turn,0.98,0.096541,48
GLM-5.1-Simple,Every-turn,0.99,0.10407,48
GLM-5.1-Simple,Every-turn,1.0,0.104821,48
GLM-5.2-Simple,Every-turn,0.0,0.124987,48
GLM-5.2-Simple,Every-turn,0.01,0.125778,48
GLM-5.2-Simple,Every-turn,0.02,0.124632,48
GLM-5.2-Simple,Every-turn,0.03,0.118925,48
GLM-5.2-Simple,Every-turn,0.04,0.12784,48
GLM-5.2-Simple,Every-turn,0.05,0.118638,48
GLM-5.2-Simple,Every-turn,0.06,0.115851,48
GLM-5.2-Simple,Every-turn,0.07,0.128006,48
GLM-5.2-Simple,Every-turn,0.08,0.125694,48
GLM-5.2-Simple,Every-turn,0.09,0.130197,48
GLM-5.2-Simple,Every-turn,0.1,0.137403,48
GLM-5.2-Simple,Every-turn,0.11,0.137092,48
GLM-5.2-Simple,Every-turn,0.12,0.131671,48
GLM-5.2-Simple,Every-turn,0.13,0.13427,48
GLM-5.2-Simple,Every-turn,0.14,0.14096,48
GLM-5.2-Simple,Every-turn,0.15,0.13566,48
GLM-5.2-Simple,Every-turn,0.16,0.136518,48
GLM-5.2-Simple,Every-turn,0.17,0.138917,48
GLM-5.2-Simple,Every-turn,0.18,0.134589,48
GLM-5.2-Simple,Every-turn,0.19,0.131669,48
GLM-5.2-Simple,Every-turn,0.2,0.131537,48
GLM-5.2-Simple,Every-turn,0.21,0.130152,48
GLM-5.2-Simple,Every-turn,0.22,0.132829,48
GLM-5.2-Simple,Every-turn,0.23,0.126155,48
GLM-5.2-Simple,Every-turn,0.24,0.130512,48
GLM-5.2-Simple,Every-turn,0.25,0.135158,48
GLM-5.2-Simple,Every-turn,0.26,0.130788,48
GLM-5.2-Simple,Every-turn,0.27,0.134632,48
GLM-5.2-Simple,Every-turn,0.28,0.136124,48
GLM-5.2-Simple,Every-turn,0.29,0.131915,48
GLM-5.2-Simple,Every-turn,0.3,0.139299,48
GLM-5.2-Simple,Every-turn,0.31,0.137305,48
GLM-5.2-Simple,Every-turn,0.32,0.145611,48
GLM-5.2-Simple,Every-turn,0.33,0.147505,48
GLM-5.2-Simple,Every-turn,0.34,0.147751,48
GLM-5.2-Simple,Every-turn,0.35,0.148138,48
GLM-5.2-Simple,Every-turn,0.36,0.150973,48
GLM-5.2-Simple,Every-turn,0.37,0.152503,48
GLM-5.2-Simple,Every-turn,0.38,0.160892,48
GLM-5.2-Simple,Every-turn,0.39,0.159731,48
GLM-5.2-Simple,Every-turn,0.4,0.157761,48
GLM-5.2-Simple,Every-turn,0.41,0.16595,48
GLM-5.2-Simple,Every-turn,0.42,0.160882,48
GLM-5.2-Simple,Every-turn,0.43,0.161019,48
GLM-5.2-Simple,Every-turn,0.44,0.163999,48
GLM-5.2-Simple,Every-turn,0.45,0.158884,48
GLM-5.2-Simple,Every-turn,0.46,0.163737,48
GLM-5.2-Simple,Every-turn,0.47,0.162247,48
GLM-5.2-Simple,Every-turn,0.48,0.165708,48
GLM-5.2-Simple,Every-turn,0.49,0.161908,48
GLM-5.2-Simple,Every-turn,0.5,0.165418,48
GLM-5.2-Simple,Every-turn,0.51,0.156478,48
GLM-5.2-Simple,Every-turn,0.52,0.163874,48
GLM-5.2-Simple,Every-turn,0.53,0.167163,48
GLM-5.2-Simple,Every-turn,0.54,0.17455,48
GLM-5.2-Simple,Every-turn,0.55,0.174498,48
GLM-5.2-Simple,Every-turn,0.56,0.172407,48
GLM-5.2-Simple,Every-turn,0.57,0.172417,48
GLM-5.2-Simple,Every-turn,0.58,0.177555,48
GLM-5.2-Simple,Every-turn,0.59,0.171521,48
GLM-5.2-Simple,Every-turn,0.6,0.17105,48
GLM-5.2-Simple,Every-turn,0.61,0.166852,48
GLM-5.2-Simple,Every-turn,0.62,0.172325,48
GLM-5.2-Simple,Every-turn,0.63,0.166035,48
GLM-5.2-Simple,Every-turn,0.64,0.172629,48
GLM-5.2-Simple,Every-turn,0.65,0.167497,48
GLM-5.2-Simple,Every-turn,0.66,0.168289,48
GLM-5.2-Simple,Every-turn,0.67,0.159803,48
GLM-5.2-Simple,Every-turn,0.68,0.153428,48
GLM-5.2-Simple,Every-turn,0.69,0.150793,48
GLM-5.2-Simple,Every-turn,0.7,0.157622,48
GLM-5.2-Simple,Every-turn,0.71,0.155891,48
GLM-5.2-Simple,Every-turn,0.72,0.158824,48
GLM-5.2-Simple,Every-turn,0.73,0.153552,48
GLM-5.2-Simple,Every-turn,0.74,0.152809,48
GLM-5.2-Simple,Every-turn,0.75,0.148985,48
GLM-5.2-Simple,Every-turn,0.76,0.148299,48
GLM-5.2-Simple,Every-turn,0.77,0.140568,48
GLM-5.2-Simple,Every-turn,0.78,0.143578,48
GLM-5.2-Simple,Every-turn,0.79,0.14697,48
GLM-5.2-Simple,Every-turn,0.8,0.149349,48
GLM-5.2-Simple,Every-turn,0.81,0.141601,48
GLM-5.2-Simple,Every-turn,0.82,0.137724,48
GLM-5.2-Simple,Every-turn,0.83,0.135715,48
GLM-5.2-Simple,Every-turn,0.84,0.136721,48
GLM-5.2-Simple,Every-turn,0.85,0.143009,48
GLM-5.2-Simple,Every-turn,0.86,0.142736,48
GLM-5.2-Simple,Every-turn,0.87,0.141997,48
GLM-5.2-Simple,Every-turn,0.88,0.142136,48
GLM-5.2-Simple,Every-turn,0.89,0.135697,48
GLM-5.2-Simple,Every-turn,0.9,0.143832,48
GLM-5.2-Simple,Every-turn,0.91,0.13538,48
GLM-5.2-Simple,Every-turn,0.92,0.133827,48
GLM-5.2-Simple,Every-turn,0.93,0.13652,48
GLM-5.2-Simple,Every-turn,0.94,0.136465,48
GLM-5.2-Simple,Every-turn,0.95,0.127719,48
GLM-5.2-Simple,Every-turn,0.96,0.125059,48
GLM-5.2-Simple,Every-turn,0.97,0.122599,48
GLM-5.2-Simple,Every-turn,0.98,0.123379,48
GLM-5.2-Simple,Every-turn,0.99,0.123863,48
GLM-5.2-Simple,Every-turn,1.0,0.11497,48
GLM-5.2-Simple,Per-5,0.0,0.12453,48
GLM-5.2-Simple,Per-5,0.01,0.124047,48
GLM-5.2-Simple,Per-5,0.02,0.12151,48
GLM-5.2-Simple,Per-5,0.03,0.130949,48
GLM-5.2-Simple,Per-5,0.04,0.120542,48
GLM-5.2-Simple,Per-5,0.05,0.124636,48
GLM-5.2-Simple,Per-5,0.06,0.127672,48
GLM-5.2-Simple,Per-5,0.07,0.137447,48
GLM-5.2-Simple,Per-5,0.08,0.140599,48
GLM-5.2-Simple,Per-5,0.09,0.130567,48
GLM-5.2-Simple,Per-5,0.1,0.139276,48
GLM-5.2-Simple,Per-5,0.11,0.142006,48
GLM-5.2-Simple,Per-5,0.12,0.143916,48
GLM-5.2-Simple,Per-5,0.13,0.138213,48
GLM-5.2-Simple,Per-5,0.14,0.142934,48
GLM-5.2-Simple,Per-5,0.15,0.144497,48
GLM-5.2-Simple,Per-5,0.16,0.155611,48
GLM-5.2-Simple,Per-5,0.17,0.150547,48
GLM-5.2-Simple,Per-5,0.18,0.148152,48
GLM-5.2-Simple,Per-5,0.19,0.138422,48
GLM-5.2-Simple,Per-5,0.2,0.140809,48
GLM-5.2-Simple,Per-5,0.21,0.137328,48
GLM-5.2-Simple,Per-5,0.22,0.139504,48
GLM-5.2-Simple,Per-5,0.23,0.143632,48
GLM-5.2-Simple,Per-5,0.24,0.142812,48
GLM-5.2-Simple,Per-5,0.25,0.15204,48
GLM-5.2-Simple,Per-5,0.26,0.152151,48
GLM-5.2-Simple,Per-5,0.27,0.145162,48
GLM-5.2-Simple,Per-5,0.28,0.145259,48
GLM-5.2-Simple,Per-5,0.29,0.148068,48
GLM-5.2-Simple,Per-5,0.3,0.149917,48
GLM-5.2-Simple,Per-5,0.31,0.145759,48
GLM-5.2-Simple,Per-5,0.32,0.147314,48
GLM-5.2-Simple,Per-5,0.33,0.150761,48
GLM-5.2-Simple,Per-5,0.34,0.153696,48
GLM-5.2-Simple,Per-5,0.35,0.1466,48
GLM-5.2-Simple,Per-5,0.36,0.150919,48
GLM-5.2-Simple,Per-5,0.37,0.148055,48
GLM-5.2-Simple,Per-5,0.38,0.144768,48
GLM-5.2-Simple,Per-5,0.39,0.144733,48
GLM-5.2-Simple,Per-5,0.4,0.142305,48
GLM-5.2-Simple,Per-5,0.41,0.141561,48
GLM-5.2-Simple,Per-5,0.42,0.1451,48
GLM-5.2-Simple,Per-5,0.43,0.150812,48
GLM-5.2-Simple,Per-5,0.44,0.150665,48
GLM-5.2-Simple,Per-5,0.45,0.159538,48
GLM-5.2-Simple,Per-5,0.46,0.154838,48
GLM-5.2-Simple,Per-5,0.47,0.159007,48
GLM-5.2-Simple,Per-5,0.48,0.156599,48
GLM-5.2-Simple,Per-5,0.49,0.155805,48
GLM-5.2-Simple,Per-5,0.5,0.152218,48
GLM-5.2-Simple,Per-5,0.51,0.147732,48
GLM-5.2-Simple,Per-5,0.52,0.153824,48
GLM-5.2-Simple,Per-5,0.53,0.149256,48
GLM-5.2-Simple,Per-5,0.54,0.147163,48
GLM-5.2-Simple,Per-5,0.55,0.143592,48
GLM-5.2-Simple,Per-5,0.56,0.149587,48
GLM-5.2-Simple,Per-5,0.57,0.149273,48
GLM-5.2-Simple,Per-5,0.58,0.145291,48
GLM-5.2-Simple,Per-5,0.59,0.144061,48
GLM-5.2-Simple,Per-5,0.6,0.152625,48
GLM-5.2-Simple,Per-5,0.61,0.14619,48
GLM-5.2-Simple,Per-5,0.62,0.136282,48
GLM-5.2-Simple,Per-5,0.63,0.130124,48
GLM-5.2-Simple,Per-5,0.64,0.128412,48
GLM-5.2-Simple,Per-5,0.65,0.127071,48
GLM-5.2-Simple,Per-5,0.66,0.132575,48
GLM-5.2-Simple,Per-5,0.67,0.136434,48
GLM-5.2-Simple,Per-5,0.68,0.138385,48
GLM-5.2-Simple,Per-5,0.69,0.135876,48
GLM-5.2-Simple,Per-5,0.7,0.137112,48
GLM-5.2-Simple,Per-5,0.71,0.131553,48
GLM-5.2-Simple,Per-5,0.72,0.129681,48
GLM-5.2-Simple,Per-5,0.73,0.125534,48
GLM-5.2-Simple,Per-5,0.74,0.12617,48
GLM-5.2-Simple,Per-5,0.75,0.119866,48
GLM-5.2-Simple,Per-5,0.76,0.122751,48
GLM-5.2-Simple,Per-5,0.77,0.121798,48
GLM-5.2-Simple,Per-5,0.78,0.124826,48
GLM-5.2-Simple,Per-5,0.79,0.129585,48
GLM-5.2-Simple,Per-5,0.8,0.130763,48
GLM-5.2-Simple,Per-5,0.81,0.131914,48
GLM-5.2-Simple,Per-5,0.82,0.128274,48
GLM-5.2-Simple,Per-5,0.83,0.125691,48
GLM-5.2-Simple,Per-5,0.84,0.123079,48
GLM-5.2-Simple,Per-5,0.85,0.125858,48
GLM-5.2-Simple,Per-5,0.86,0.132185,48
GLM-5.2-Simple,Per-5,0.87,0.137961,48
GLM-5.2-Simple,Per-5,0.88,0.139205,48
GLM-5.2-Simple,Per-5,0.89,0.134476,48
GLM-5.2-Simple,Per-5,0.9,0.13389,48
GLM-5.2-Simple,Per-5,0.91,0.126396,48
GLM-5.2-Simple,Per-5,0.92,0.122466,48
GLM-5.2-Simple,Per-5,0.93,0.123668,48
GLM-5.2-Simple,Per-5,0.94,0.122179,48
GLM-5.2-Simple,Per-5,0.95,0.111075,48
GLM-5.2-Simple,Per-5,0.96,0.114733,48
GLM-5.2-Simple,Per-5,0.97,0.113087,48
GLM-5.2-Simple,Per-5,0.98,0.113097,48
GLM-5.2-Simple,Per-5,0.99,0.115709,48
GLM-5.2-Simple,Per-5,1.0,0.121788,48
GLM-5.3-Flash-Simple,Every-turn,0.0,0.125006,48
GLM-5.3-Flash-Simple,Every-turn,0.01,0.125705,48
GLM-5.3-Flash-Simple,Every-turn,0.02,0.127728,48
GLM-5.3-Flash-Simple,Every-turn,0.03,0.124113,48
GLM-5.3-Flash-Simple,Every-turn,0.04,0.131481,48
GLM-5.3-Flash-Simple,Every-turn,0.05,0.134274,48
GLM-5.3-Flash-Simple,Every-turn,0.06,0.119992,48
GLM-5.3-Flash-Simple,Every-turn,0.07,0.126083,48
GLM-5.3-Flash-Simple,Every-turn,0.08,0.136768,48
GLM-5.3-Flash-Simple,Every-turn,0.09,0.135129,48
GLM-5.3-Flash-Simple,Every-turn,0.1,0.135156,48
GLM-5.3-Flash-Simple,Every-turn,0.11,0.135733,48
GLM-5.3-Flash-Simple,Every-turn,0.12,0.13864,48
GLM-5.3-Flash-Simple,Every-turn,0.13,0.138626,48
GLM-5.3-Flash-Simple,Every-turn,0.14,0.141662,48
GLM-5.3-Flash-Simple,Every-turn,0.15,0.136049,48
GLM-5.3-Flash-Simple,Every-turn,0.16,0.135868,48
GLM-5.3-Flash-Simple,Every-turn,0.17,0.138684,48
GLM-5.3-Flash-Simple,Every-turn,0.18,0.133521,48
GLM-5.3-Flash-Simple,Every-turn,0.19,0.129361,48
GLM-5.3-Flash-Simple,Every-turn,0.2,0.124734,48
GLM-5.3-Flash-Simple,Every-turn,0.21,0.119425,48
GLM-5.3-Flash-Simple,Every-turn,0.22,0.116891,48
GLM-5.3-Flash-Simple,Every-turn,0.23,0.119176,48
GLM-5.3-Flash-Simple,Every-turn,0.24,0.11685,48
GLM-5.3-Flash-Simple,Every-turn,0.25,0.116565,48
GLM-5.3-Flash-Simple,Every-turn,0.26,0.121774,48
GLM-5.3-Flash-Simple,Every-turn,0.27,0.117425,48
GLM-5.3-Flash-Simple,Every-turn,0.28,0.120629,48
GLM-5.3-Flash-Simple,Every-turn,0.29,0.116592,48
GLM-5.3-Flash-Simple,Every-turn,0.3,0.120043,48
GLM-5.3-Flash-Simple,Every-turn,0.31,0.115577,48
GLM-5.3-Flash-Simple,Every-turn,0.32,0.11643,48
GLM-5.3-Flash-Simple,Every-turn,0.33,0.120923,48
GLM-5.3-Flash-Simple,Every-turn,0.34,0.117948,48
GLM-5.3-Flash-Simple,Every-turn,0.35,0.120438,48
GLM-5.3-Flash-Simple,Every-turn,0.36,0.116819,48
GLM-5.3-Flash-Simple,Every-turn,0.37,0.116855,48
GLM-5.3-Flash-Simple,Every-turn,0.38,0.112506,48
GLM-5.3-Flash-Simple,Every-turn,0.39,0.11109,48
GLM-5.3-Flash-Simple,Every-turn,0.4,0.107406,48
GLM-5.3-Flash-Simple,Every-turn,0.41,0.10093,48
GLM-5.3-Flash-Simple,Every-turn,0.42,0.101351,48
GLM-5.3-Flash-Simple,Every-turn,0.43,0.099472,48
GLM-5.3-Flash-Simple,Every-turn,0.44,0.102125,48
GLM-5.3-Flash-Simple,Every-turn,0.45,0.095937,48
GLM-5.3-Flash-Simple,Every-turn,0.46,0.097646,48
GLM-5.3-Flash-Simple,Every-turn,0.47,0.09672,48
GLM-5.3-Flash-Simple,Every-turn,0.48,0.092898,48
GLM-5.3-Flash-Simple,Every-turn,0.49,0.101153,48
GLM-5.3-Flash-Simple,Every-turn,0.5,0.097872,48
GLM-5.3-Flash-Simple,Every-turn,0.51,0.10067,48
GLM-5.3-Flash-Simple,Every-turn,0.52,0.1001,48
GLM-5.3-Flash-Simple,Every-turn,0.53,0.093594,48
GLM-5.3-Flash-Simple,Every-turn,0.54,0.089883,48
GLM-5.3-Flash-Simple,Every-turn,0.55,0.093018,48
GLM-5.3-Flash-Simple,Every-turn,0.56,0.092459,48
GLM-5.3-Flash-Simple,Every-turn,0.57,0.096904,48
GLM-5.3-Flash-Simple,Every-turn,0.58,0.103489,48
GLM-5.3-Flash-Simple,Every-turn,0.59,0.100721,48
GLM-5.3-Flash-Simple,Every-turn,0.6,0.099671,48
GLM-5.3-Flash-Simple,Every-turn,0.61,0.101549,48
GLM-5.3-Flash-Simple,Every-turn,0.62,0.103247,48
GLM-5.3-Flash-Simple,Every-turn,0.63,0.103448,48
GLM-5.3-Flash-Simple,Every-turn,0.64,0.101244,48
GLM-5.3-Flash-Simple,Every-turn,0.65,0.100799,48
GLM-5.3-Flash-Simple,Every-turn,0.66,0.101172,48
GLM-5.3-Flash-Simple,Every-turn,0.67,0.106961,48
GLM-5.3-Flash-Simple,Every-turn,0.68,0.105253,48
GLM-5.3-Flash-Simple,Every-turn,0.69,0.103451,48
GLM-5.3-Flash-Simple,Every-turn,0.7,0.104508,48
GLM-5.3-Flash-Simple,Every-turn,0.71,0.105747,48
GLM-5.3-Flash-Simple,Every-turn,0.72,0.100779,48
GLM-5.3-Flash-Simple,Every-turn,0.73,0.104815,48
GLM-5.3-Flash-Simple,Every-turn,0.74,0.11384,48
GLM-5.3-Flash-Simple,Every-turn,0.75,0.107383,48
GLM-5.3-Flash-Simple,Every-turn,0.76,0.113529,48
GLM-5.3-Flash-Simple,Every-turn,0.77,0.113464,48
GLM-5.3-Flash-Simple,Every-turn,0.78,0.113262,48
GLM-5.3-Flash-Simple,Every-turn,0.79,0.111262,48
GLM-5.3-Flash-Simple,Every-turn,0.8,0.112385,48
GLM-5.3-Flash-Simple,Every-turn,0.81,0.117255,48
GLM-5.3-Flash-Simple,Every-turn,0.82,0.103095,48
GLM-5.3-Flash-Simple,Every-turn,0.83,0.108297,48
GLM-5.3-Flash-Simple,Every-turn,0.84,0.108058,48
GLM-5.3-Flash-Simple,Every-turn,0.85,0.101441,48
GLM-5.3-Flash-Simple,Every-turn,0.86,0.104786,48
GLM-5.3-Flash-Simple,Every-turn,0.87,0.101832,48
GLM-5.3-Flash-Simple,Every-turn,0.88,0.103504,48
GLM-5.3-Flash-Simple,Every-turn,0.89,0.105362,48
GLM-5.3-Flash-Simple,Every-turn,0.9,0.108679,48
GLM-5.3-Flash-Simple,Every-turn,0.91,0.114034,48
GLM-5.3-Flash-Simple,Every-turn,0.92,0.117611,48
GLM-5.3-Flash-Simple,Every-turn,0.93,0.113546,48
GLM-5.3-Flash-Simple,Every-turn,0.94,0.108246,48
GLM-5.3-Flash-Simple,Every-turn,0.95,0.103143,48
GLM-5.3-Flash-Simple,Every-turn,0.96,0.10783,48
GLM-5.3-Flash-Simple,Every-turn,0.97,0.103085,48
GLM-5.3-Flash-Simple,Every-turn,0.98,0.096559,48
GLM-5.3-Flash-Simple,Every-turn,0.99,0.098047,48
GLM-5.3-Flash-Simple,Every-turn,1.0,0.09381,48
GLM-5.3-Flash-Simple,Per-5,0.0,0.124991,48
GLM-5.3-Flash-Simple,Per-5,0.01,0.125654,48
GLM-5.3-Flash-Simple,Per-5,0.02,0.124383,48
GLM-5.3-Flash-Simple,Per-5,0.03,0.119696,48
GLM-5.3-Flash-Simple,Per-5,0.04,0.133649,48
GLM-5.3-Flash-Simple,Per-5,0.05,0.120191,48
GLM-5.3-Flash-Simple,Per-5,0.06,0.120752,48
GLM-5.3-Flash-Simple,Per-5,0.07,0.122615,48
GLM-5.3-Flash-Simple,Per-5,0.08,0.123396,48
GLM-5.3-Flash-Simple,Per-5,0.09,0.11885,48
GLM-5.3-Flash-Simple,Per-5,0.1,0.136477,48
GLM-5.3-Flash-Simple,Per-5,0.11,0.137348,48
GLM-5.3-Flash-Simple,Per-5,0.12,0.135623,48
GLM-5.3-Flash-Simple,Per-5,0.13,0.132529,48
GLM-5.3-Flash-Simple,Per-5,0.14,0.13475,48
GLM-5.3-Flash-Simple,Per-5,0.15,0.137809,48
GLM-5.3-Flash-Simple,Per-5,0.16,0.141627,48
GLM-5.3-Flash-Simple,Per-5,0.17,0.136488,48
GLM-5.3-Flash-Simple,Per-5,0.18,0.13007,48
GLM-5.3-Flash-Simple,Per-5,0.19,0.135426,48
GLM-5.3-Flash-Simple,Per-5,0.2,0.137216,48
GLM-5.3-Flash-Simple,Per-5,0.21,0.129722,48
GLM-5.3-Flash-Simple,Per-5,0.22,0.136002,48
GLM-5.3-Flash-Simple,Per-5,0.23,0.132634,48
GLM-5.3-Flash-Simple,Per-5,0.24,0.13452,48
GLM-5.3-Flash-Simple,Per-5,0.25,0.132195,48
GLM-5.3-Flash-Simple,Per-5,0.26,0.133154,48
GLM-5.3-Flash-Simple,Per-5,0.27,0.126931,48
GLM-5.3-Flash-Simple,Per-5,0.28,0.129511,48
GLM-5.3-Flash-Simple,Per-5,0.29,0.130275,48
GLM-5.3-Flash-Simple,Per-5,0.3,0.132085,48
GLM-5.3-Flash-Simple,Per-5,0.31,0.126398,48
GLM-5.3-Flash-Simple,Per-5,0.32,0.126743,48
GLM-5.3-Flash-Simple,Per-5,0.33,0.122583,48
GLM-5.3-Flash-Simple,Per-5,0.34,0.121831,48
GLM-5.3-Flash-Simple,Per-5,0.35,0.118092,48
GLM-5.3-Flash-Simple,Per-5,0.36,0.113369,48
GLM-5.3-Flash-Simple,Per-5,0.37,0.110265,48
GLM-5.3-Flash-Simple,Per-5,0.38,0.108207,48
GLM-5.3-Flash-Simple,Per-5,0.39,0.112898,48
GLM-5.3-Flash-Simple,Per-5,0.4,0.108509,48
GLM-5.3-Flash-Simple,Per-5,0.41,0.106218,48
GLM-5.3-Flash-Simple,Per-5,0.42,0.100781,48
GLM-5.3-Flash-Simple,Per-5,0.43,0.095724,48
GLM-5.3-Flash-Simple,Per-5,0.44,0.09291,48
GLM-5.3-Flash-Simple,Per-5,0.45,0.090016,48
GLM-5.3-Flash-Simple,Per-5,0.46,0.08644,48
GLM-5.3-Flash-Simple,Per-5,0.47,0.087418,48
GLM-5.3-Flash-Simple,Per-5,0.48,0.086602,48
GLM-5.3-Flash-Simple,Per-5,0.49,0.08543,48
GLM-5.3-Flash-Simple,Per-5,0.5,0.08088,48
GLM-5.3-Flash-Simple,Per-5,0.51,0.085202,48
GLM-5.3-Flash-Simple,Per-5,0.52,0.084882,48
GLM-5.3-Flash-Simple,Per-5,0.53,0.082401,48
GLM-5.3-Flash-Simple,Per-5,0.54,0.084048,48
GLM-5.3-Flash-Simple,Per-5,0.55,0.081317,48
GLM-5.3-Flash-Simple,Per-5,0.56,0.081753,48
GLM-5.3-Flash-Simple,Per-5,0.57,0.080771,48
GLM-5.3-Flash-Simple,Per-5,0.58,0.076495,48
GLM-5.3-Flash-Simple,Per-5,0.59,0.079216,48
GLM-5.3-Flash-Simple,Per-5,0.6,0.077908,48
GLM-5.3-Flash-Simple,Per-5,0.61,0.080747,48
GLM-5.3-Flash-Simple,Per-5,0.62,0.081197,48
GLM-5.3-Flash-Simple,Per-5,0.63,0.080408,48
GLM-5.3-Flash-Simple,Per-5,0.64,0.076235,48
GLM-5.3-Flash-Simple,Per-5,0.65,0.073797,48
GLM-5.3-Flash-Simple,Per-5,0.66,0.06707,48
GLM-5.3-Flash-Simple,Per-5,0.67,0.070957,48
GLM-5.3-Flash-Simple,Per-5,0.68,0.071167,48
GLM-5.3-Flash-Simple,Per-5,0.69,0.074045,48
GLM-5.3-Flash-Simple,Per-5,0.7,0.071686,48
GLM-5.3-Flash-Simple,Per-5,0.71,0.073218,48
GLM-5.3-Flash-Simple,Per-5,0.72,0.069085,48
GLM-5.3-Flash-Simple,Per-5,0.73,0.07445,48
GLM-5.3-Flash-Simple,Per-5,0.74,0.072933,48
GLM-5.3-Flash-Simple,Per-5,0.75,0.069185,48
GLM-5.3-Flash-Simple,Per-5,0.76,0.070756,48
GLM-5.3-Flash-Simple,Per-5,0.77,0.06943,48
GLM-5.3-Flash-Simple,Per-5,0.78,0.0775,48
GLM-5.3-Flash-Simple,Per-5,0.79,0.081231,48
GLM-5.3-Flash-Simple,Per-5,0.8,0.083388,48
GLM-5.3-Flash-Simple,Per-5,0.81,0.077684,48
GLM-5.3-Flash-Simple,Per-5,0.82,0.074513,48
GLM-5.3-Flash-Simple,Per-5,0.83,0.082848,48
GLM-5.3-Flash-Simple,Per-5,0.84,0.080434,48
GLM-5.3-Flash-Simple,Per-5,0.85,0.080551,48
GLM-5.3-Flash-Simple,Per-5,0.86,0.081588,48
GLM-5.3-Flash-Simple,Per-5,0.87,0.080953,48
GLM-5.3-Flash-Simple,Per-5,0.88,0.088615,48
GLM-5.3-Flash-Simple,Per-5,0.89,0.085321,48
GLM-5.3-Flash-Simple,Per-5,0.9,0.083439,48
GLM-5.3-Flash-Simple,Per-5,0.91,0.07576,48
GLM-5.3-Flash-Simple,Per-5,0.92,0.077582,48
GLM-5.3-Flash-Simple,Per-5,0.93,0.080311,48
GLM-5.3-Flash-Simple,Per-5,0.94,0.092487,48
GLM-5.3-Flash-Simple,Per-5,0.95,0.09114,48
GLM-5.3-Flash-Simple,Per-5,0.96,0.090243,48
GLM-5.3-Flash-Simple,Per-5,0.97,0.093617,48
GLM-5.3-Flash-Simple,Per-5,0.98,0.093429,48
GLM-5.3-Flash-Simple,Per-5,0.99,0.090747,48
GLM-5.3-Flash-Simple,Per-5,1.0,0.09551,48
GLM-5.3-Simple,Per-5,0.0,0.124982,48
GLM-5.3-Simple,Per-5,0.01,0.124955,48
GLM-5.3-Simple,Per-5,0.02,0.12604,48
GLM-5.3-Simple,Per-5,0.03,0.125736,48
GLM-5.3-Simple,Per-5,0.04,0.12783,48
GLM-5.3-Simple,Per-5,0.05,0.133461,48
GLM-5.3-Simple,Per-5,0.06,0.13744,48
GLM-5.3-Simple,Per-5,0.07,0.131073,48
GLM-5.3-Simple,Per-5,0.08,0.134123,48
GLM-5.3-Simple,Per-5,0.09,0.134887,48
GLM-5.3-Simple,Per-5,0.1,0.144802,48
GLM-5.3-Simple,Per-5,0.11,0.145935,48
GLM-5.3-Simple,Per-5,0.12,0.139997,48
GLM-5.3-Simple,Per-5,0.13,0.144446,48
GLM-5.3-Simple,Per-5,0.14,0.149259,48
GLM-5.3-Simple,Per-5,0.15,0.149629,48
GLM-5.3-Simple,Per-5,0.16,0.146873,48
GLM-5.3-Simple,Per-5,0.17,0.15115,48
GLM-5.3-Simple,Per-5,0.18,0.151476,48
GLM-5.3-Simple,Per-5,0.19,0.152739,48
GLM-5.3-Simple,Per-5,0.2,0.154663,48
GLM-5.3-Simple,Per-5,0.21,0.152825,48
GLM-5.3-Simple,Per-5,0.22,0.153525,48
GLM-5.3-Simple,Per-5,0.23,0.150691,48
GLM-5.3-Simple,Per-5,0.24,0.157282,48
GLM-5.3-Simple,Per-5,0.25,0.157715,48
GLM-5.3-Simple,Per-5,0.26,0.163772,48
GLM-5.3-Simple,Per-5,0.27,0.163936,48
GLM-5.3-Simple,Per-5,0.28,0.165195,48
GLM-5.3-Simple,Per-5,0.29,0.161133,48
GLM-5.3-Simple,Per-5,0.3,0.166898,48
GLM-5.3-Simple,Per-5,0.31,0.168303,48
GLM-5.3-Simple,Per-5,0.32,0.164434,48
GLM-5.3-Simple,Per-5,0.33,0.162269,48
GLM-5.3-Simple,Per-5,0.34,0.168322,48
GLM-5.3-Simple,Per-5,0.35,0.166447,48
GLM-5.3-Simple,Per-5,0.36,0.166881,48
GLM-5.3-Simple,Per-5,0.37,0.170461,48
GLM-5.3-Simple,Per-5,0.38,0.166975,48
GLM-5.3-Simple,Per-5,0.39,0.167454,48
GLM-5.3-Simple,Per-5,0.4,0.167755,48
GLM-5.3-Simple,Per-5,0.41,0.177229,48
GLM-5.3-Simple,Per-5,0.42,0.182926,48
GLM-5.3-Simple,Per-5,0.43,0.181061,48
GLM-5.3-Simple,Per-5,0.44,0.182605,48
GLM-5.3-Simple,Per-5,0.45,0.180219,48
GLM-5.3-Simple,Per-5,0.46,0.182522,48
GLM-5.3-Simple,Per-5,0.47,0.185942,48
GLM-5.3-Simple,Per-5,0.48,0.193512,48
GLM-5.3-Simple,Per-5,0.49,0.200626,48
GLM-5.3-Simple,Per-5,0.5,0.193805,48
GLM-5.3-Simple,Per-5,0.51,0.198713,48
GLM-5.3-Simple,Per-5,0.52,0.198946,48
GLM-5.3-Simple,Per-5,0.53,0.197517,48
GLM-5.3-Simple,Per-5,0.54,0.199881,48
GLM-5.3-Simple,Per-5,0.55,0.204658,48
GLM-5.3-Simple,Per-5,0.56,0.200574,48
GLM-5.3-Simple,Per-5,0.57,0.202219,48
GLM-5.3-Simple,Per-5,0.58,0.206332,48
GLM-5.3-Simple,Per-5,0.59,0.210202,48
GLM-5.3-Simple,Per-5,0.6,0.20748,48
GLM-5.3-Simple,Per-5,0.61,0.211164,48
GLM-5.3-Simple,Per-5,0.62,0.219391,48
GLM-5.3-Simple,Per-5,0.63,0.205455,48
GLM-5.3-Simple,Per-5,0.64,0.20703,48
GLM-5.3-Simple,Per-5,0.65,0.208657,48
GLM-5.3-Simple,Per-5,0.66,0.215541,48
GLM-5.3-Simple,Per-5,0.67,0.218304,48
GLM-5.3-Simple,Per-5,0.68,0.217367,48
GLM-5.3-Simple,Per-5,0.69,0.219587,48
GLM-5.3-Simple,Per-5,0.7,0.211858,48
GLM-5.3-Simple,Per-5,0.71,0.213718,48
GLM-5.3-Simple,Per-5,0.72,0.21439,48
GLM-5.3-Simple,Per-5,0.73,0.207504,48
GLM-5.3-Simple,Per-5,0.74,0.210161,48
GLM-5.3-Simple,Per-5,0.75,0.211699,48
GLM-5.3-Simple,Per-5,0.76,0.212208,48
GLM-5.3-Simple,Per-5,0.77,0.21208,48
GLM-5.3-Simple,Per-5,0.78,0.209393,48
GLM-5.3-Simple,Per-5,0.79,0.203614,48
GLM-5.3-Simple,Per-5,0.8,0.2002,48
GLM-5.3-Simple,Per-5,0.81,0.199605,48
GLM-5.3-Simple,Per-5,0.82,0.198287,48
GLM-5.3-Simple,Per-5,0.83,0.209116,48
GLM-5.3-Simple,Per-5,0.84,0.203414,48
GLM-5.3-Simple,Per-5,0.85,0.200917,48
GLM-5.3-Simple,Per-5,0.86,0.199211,48
GLM-5.3-Simple,Per-5,0.87,0.1969,48
GLM-5.3-Simple,Per-5,0.88,0.206972,48
GLM-5.3-Simple,Per-5,0.89,0.220332,48
GLM-5.3-Simple,Per-5,0.9,0.211152,48
GLM-5.3-Simple,Per-5,0.91,0.203425,48
GLM-5.3-Simple,Per-5,0.92,0.202238,48
GLM-5.3-Simple,Per-5,0.93,0.2051,48
GLM-5.3-Simple,Per-5,0.94,0.198586,48
GLM-5.3-Simple,Per-5,0.95,0.186912,48
GLM-5.3-Simple,Per-5,0.96,0.186319,48
GLM-5.3-Simple,Per-5,0.97,0.187056,48
GLM-5.3-Simple,Per-5,0.98,0.187931,48
GLM-5.3-Simple,Per-5,0.99,0.182238,48
GLM-5.3-Simple,Per-5,1.0,0.176401,48
GPT-6-Luna-Simple,Per-5,0.0,0.124994,48
GPT-6-Luna-Simple,Per-5,0.01,0.124997,48
GPT-6-Luna-Simple,Per-5,0.02,0.125212,48
GPT-6-Luna-Simple,Per-5,0.03,0.122879,48
GPT-6-Luna-Simple,Per-5,0.04,0.135528,48
GPT-6-Luna-Simple,Per-5,0.05,0.129902,48
GPT-6-Luna-Simple,Per-5,0.06,0.143969,48
GPT-6-Luna-Simple,Per-5,0.07,0.141314,48
GPT-6-Luna-Simple,Per-5,0.08,0.141474,48
GPT-6-Luna-Simple,Per-5,0.09,0.143926,48
GPT-6-Luna-Simple,Per-5,0.1,0.136921,48
GPT-6-Luna-Simple,Per-5,0.11,0.136526,48
GPT-6-Luna-Simple,Per-5,0.12,0.140969,48
GPT-6-Luna-Simple,Per-5,0.13,0.138291,48
GPT-6-Luna-Simple,Per-5,0.14,0.144152,48
GPT-6-Luna-Simple,Per-5,0.15,0.139249,48
GPT-6-Luna-Simple,Per-5,0.16,0.138849,48
GPT-6-Luna-Simple,Per-5,0.17,0.141677,48
GPT-6-Luna-Simple,Per-5,0.18,0.140796,48
GPT-6-Luna-Simple,Per-5,0.19,0.144434,48
GPT-6-Luna-Simple,Per-5,0.2,0.142301,48
GPT-6-Luna-Simple,Per-5,0.21,0.13434,48
GPT-6-Luna-Simple,Per-5,0.22,0.128877,48
GPT-6-Luna-Simple,Per-5,0.23,0.127955,48
GPT-6-Luna-Simple,Per-5,0.24,0.131547,48
GPT-6-Luna-Simple,Per-5,0.25,0.129575,48
GPT-6-Luna-Simple,Per-5,0.26,0.130495,48
GPT-6-Luna-Simple,Per-5,0.27,0.129721,48
GPT-6-Luna-Simple,Per-5,0.28,0.128342,48
GPT-6-Luna-Simple,Per-5,0.29,0.117805,48
GPT-6-Luna-Simple,Per-5,0.3,0.116775,48
GPT-6-Luna-Simple,Per-5,0.31,0.115321,48
GPT-6-Luna-Simple,Per-5,0.32,0.112586,48
GPT-6-Luna-Simple,Per-5,0.33,0.109438,48
GPT-6-Luna-Simple,Per-5,0.34,0.106297,48
GPT-6-Luna-Simple,Per-5,0.35,0.107522,48
GPT-6-Luna-Simple,Per-5,0.36,0.109401,48
GPT-6-Luna-Simple,Per-5,0.37,0.105944,48
GPT-6-Luna-Simple,Per-5,0.38,0.10568,48
GPT-6-Luna-Simple,Per-5,0.39,0.102695,48
GPT-6-Luna-Simple,Per-5,0.4,0.099642,48
GPT-6-Luna-Simple,Per-5,0.41,0.094865,48
GPT-6-Luna-Simple,Per-5,0.42,0.091114,48
GPT-6-Luna-Simple,Per-5,0.43,0.091846,48
GPT-6-Luna-Simple,Per-5,0.44,0.09501,48
GPT-6-Luna-Simple,Per-5,0.45,0.093466,48
GPT-6-Luna-Simple,Per-5,0.46,0.090899,48
GPT-6-Luna-Simple,Per-5,0.47,0.090059,48
GPT-6-Luna-Simple,Per-5,0.48,0.087994,48
GPT-6-Luna-Simple,Per-5,0.49,0.087418,48
GPT-6-Luna-Simple,Per-5,0.5,0.095083,48
GPT-6-Luna-Simple,Per-5,0.51,0.091388,48
GPT-6-Luna-Simple,Per-5,0.52,0.085355,48
GPT-6-Luna-Simple,Per-5,0.53,0.089297,48
GPT-6-Luna-Simple,Per-5,0.54,0.089691,48
GPT-6-Luna-Simple,Per-5,0.55,0.092023,48
GPT-6-Luna-Simple,Per-5,0.56,0.087686,48
GPT-6-Luna-Simple,Per-5,0.57,0.087056,48
GPT-6-Luna-Simple,Per-5,0.58,0.092152,48
GPT-6-Luna-Simple,Per-5,0.59,0.092085,48
GPT-6-Luna-Simple,Per-5,0.6,0.093638,48
GPT-6-Luna-Simple,Per-5,0.61,0.095078,48
GPT-6-Luna-Simple,Per-5,0.62,0.104851,48
GPT-6-Luna-Simple,Per-5,0.63,0.107123,48
GPT-6-Luna-Simple,Per-5,0.64,0.108562,48
GPT-6-Luna-Simple,Per-5,0.65,0.107351,48
GPT-6-Luna-Simple,Per-5,0.66,0.103201,48
GPT-6-Luna-Simple,Per-5,0.67,0.111799,48
GPT-6-Luna-Simple,Per-5,0.68,0.117956,48
GPT-6-Luna-Simple,Per-5,0.69,0.123533,48
GPT-6-Luna-Simple,Per-5,0.7,0.12694,48
GPT-6-Luna-Simple,Per-5,0.71,0.120922,48
GPT-6-Luna-Simple,Per-5,0.72,0.129321,48
GPT-6-Luna-Simple,Per-5,0.73,0.124858,48
GPT-6-Luna-Simple,Per-5,0.74,0.122792,48
GPT-6-Luna-Simple,Per-5,0.75,0.143365,48
GPT-6-Luna-Simple,Per-5,0.76,0.132225,48
GPT-6-Luna-Simple,Per-5,0.77,0.13082,48
GPT-6-Luna-Simple,Per-5,0.78,0.128187,48
GPT-6-Luna-Simple,Per-5,0.79,0.131852,48
GPT-6-Luna-Simple,Per-5,0.8,0.133495,48
GPT-6-Luna-Simple,Per-5,0.81,0.138026,48
GPT-6-Luna-Simple,Per-5,0.82,0.140798,48
GPT-6-Luna-Simple,Per-5,0.83,0.143838,48
GPT-6-Luna-Simple,Per-5,0.84,0.142922,48
GPT-6-Luna-Simple,Per-5,0.85,0.140901,48
GPT-6-Luna-Simple,Per-5,0.86,0.134027,48
GPT-6-Luna-Simple,Per-5,0.87,0.130009,48
GPT-6-Luna-Simple,Per-5,0.88,0.125962,48
GPT-6-Luna-Simple,Per-5,0.89,0.12838,48
GPT-6-Luna-Simple,Per-5,0.9,0.131156,48
GPT-6-Luna-Simple,Per-5,0.91,0.129147,48
GPT-6-Luna-Simple,Per-5,0.92,0.125942,48
GPT-6-Luna-Simple,Per-5,0.93,0.120987,48
GPT-6-Luna-Simple,Per-5,0.94,0.129073,48
GPT-6-Luna-Simple,Per-5,0.95,0.118648,48
GPT-6-Luna-Simple,Per-5,0.96,0.126995,48
GPT-6-Luna-Simple,Per-5,0.97,0.122545,48
GPT-6-Luna-Simple,Per-5,0.98,0.116166,48
GPT-6-Luna-Simple,Per-5,0.99,0.113011,48
GPT-6-Luna-Simple,Per-5,1.0,0.11097,48
GPT-OSS-120B-Simple,Every-turn,0.0,0.121962,48
GPT-OSS-120B-Simple,Every-turn,0.01,0.124791,48
GPT-OSS-120B-Simple,Every-turn,0.02,0.122323,48
GPT-OSS-120B-Simple,Every-turn,0.03,0.121871,48
GPT-OSS-120B-Simple,Every-turn,0.04,0.123353,48
GPT-OSS-120B-Simple,Every-turn,0.05,0.13093,48
GPT-OSS-120B-Simple,Every-turn,0.06,0.14666,48
GPT-OSS-120B-Simple,Every-turn,0.07,0.151478,48
GPT-OSS-120B-Simple,Every-turn,0.08,0.153717,48
GPT-OSS-120B-Simple,Every-turn,0.09,0.149217,48
GPT-OSS-120B-Simple,Every-turn,0.1,0.154475,48
GPT-OSS-120B-Simple,Every-turn,0.11,0.156218,48
GPT-OSS-120B-Simple,Every-turn,0.12,0.164212,48
GPT-OSS-120B-Simple,Every-turn,0.13,0.166082,48
GPT-OSS-120B-Simple,Every-turn,0.14,0.163091,48
GPT-OSS-120B-Simple,Every-turn,0.15,0.164053,48
GPT-OSS-120B-Simple,Every-turn,0.16,0.168893,48
GPT-OSS-120B-Simple,Every-turn,0.17,0.166173,48
GPT-OSS-120B-Simple,Every-turn,0.18,0.170402,48
GPT-OSS-120B-Simple,Every-turn,0.19,0.168895,48
GPT-OSS-120B-Simple,Every-turn,0.2,0.17498,48
GPT-OSS-120B-Simple,Every-turn,0.21,0.173845,48
GPT-OSS-120B-Simple,Every-turn,0.22,0.172654,48
GPT-OSS-120B-Simple,Every-turn,0.23,0.171269,48
GPT-OSS-120B-Simple,Every-turn,0.24,0.172423,48
GPT-OSS-120B-Simple,Every-turn,0.25,0.173698,48
GPT-OSS-120B-Simple,Every-turn,0.26,0.180569,48
GPT-OSS-120B-Simple,Every-turn,0.27,0.178175,48
GPT-OSS-120B-Simple,Every-turn,0.28,0.178498,48
GPT-OSS-120B-Simple,Every-turn,0.29,0.174743,48
GPT-OSS-120B-Simple,Every-turn,0.3,0.176084,48
GPT-OSS-120B-Simple,Every-turn,0.31,0.168114,48
GPT-OSS-120B-Simple,Every-turn,0.32,0.163173,48
GPT-OSS-120B-Simple,Every-turn,0.33,0.163975,48
GPT-OSS-120B-Simple,Every-turn,0.34,0.158074,48
GPT-OSS-120B-Simple,Every-turn,0.35,0.16146,48
GPT-OSS-120B-Simple,Every-turn,0.36,0.160811,48
GPT-OSS-120B-Simple,Every-turn,0.37,0.163882,48
GPT-OSS-120B-Simple,Every-turn,0.38,0.159775,48
GPT-OSS-120B-Simple,Every-turn,0.39,0.157282,48
GPT-OSS-120B-Simple,Every-turn,0.4,0.158294,48
GPT-OSS-120B-Simple,Every-turn,0.41,0.157772,48
GPT-OSS-120B-Simple,Every-turn,0.42,0.155509,48
GPT-OSS-120B-Simple,Every-turn,0.43,0.147595,48
GPT-OSS-120B-Simple,Every-turn,0.44,0.145877,48
GPT-OSS-120B-Simple,Every-turn,0.45,0.147414,48
GPT-OSS-120B-Simple,Every-turn,0.46,0.145463,48
GPT-OSS-120B-Simple,Every-turn,0.47,0.145301,48
GPT-OSS-120B-Simple,Every-turn,0.48,0.145495,48
GPT-OSS-120B-Simple,Every-turn,0.49,0.140181,48
GPT-OSS-120B-Simple,Every-turn,0.5,0.143061,48
GPT-OSS-120B-Simple,Every-turn,0.51,0.13761,48
GPT-OSS-120B-Simple,Every-turn,0.52,0.138832,48
GPT-OSS-120B-Simple,Every-turn,0.53,0.141564,48
GPT-OSS-120B-Simple,Every-turn,0.54,0.138809,48
GPT-OSS-120B-Simple,Every-turn,0.55,0.13281,48
GPT-OSS-120B-Simple,Every-turn,0.56,0.124585,48
GPT-OSS-120B-Simple,Every-turn,0.57,0.123545,48
GPT-OSS-120B-Simple,Every-turn,0.58,0.127064,48
GPT-OSS-120B-Simple,Every-turn,0.59,0.134359,48
GPT-OSS-120B-Simple,Every-turn,0.6,0.137421,48
GPT-OSS-120B-Simple,Every-turn,0.61,0.138021,48
GPT-OSS-120B-Simple,Every-turn,0.62,0.136143,48
GPT-OSS-120B-Simple,Every-turn,0.63,0.13395,48
GPT-OSS-120B-Simple,Every-turn,0.64,0.129363,48
GPT-OSS-120B-Simple,Every-turn,0.65,0.124195,48
GPT-OSS-120B-Simple,Every-turn,0.66,0.123551,48
GPT-OSS-120B-Simple,Every-turn,0.67,0.120179,48
GPT-OSS-120B-Simple,Every-turn,0.68,0.116729,48
GPT-OSS-120B-Simple,Every-turn,0.69,0.113137,48
GPT-OSS-120B-Simple,Every-turn,0.7,0.109448,48
GPT-OSS-120B-Simple,Every-turn,0.71,0.106786,48
GPT-OSS-120B-Simple,Every-turn,0.72,0.102936,48
GPT-OSS-120B-Simple,Every-turn,0.73,0.086022,48
GPT-OSS-120B-Simple,Every-turn,0.74,0.083808,48
GPT-OSS-120B-Simple,Every-turn,0.75,0.081147,48
GPT-OSS-120B-Simple,Every-turn,0.76,0.079459,48
GPT-OSS-120B-Simple,Every-turn,0.77,0.080398,48
GPT-OSS-120B-Simple,Every-turn,0.78,0.078419,48
GPT-OSS-120B-Simple,Every-turn,0.79,0.077064,48
GPT-OSS-120B-Simple,Every-turn,0.8,0.073739,48
GPT-OSS-120B-Simple,Every-turn,0.81,0.071626,48
GPT-OSS-120B-Simple,Every-turn,0.82,0.06353,48
GPT-OSS-120B-Simple,Every-turn,0.83,0.066232,48
GPT-OSS-120B-Simple,Every-turn,0.84,0.072986,48
GPT-OSS-120B-Simple,Every-turn,0.85,0.06775,48
GPT-OSS-120B-Simple,Every-turn,0.86,0.064366,48
GPT-OSS-120B-Simple,Every-turn,0.87,0.057508,48
GPT-OSS-120B-Simple,Every-turn,0.88,0.052925,48
GPT-OSS-120B-Simple,Every-turn,0.89,0.058713,48
GPT-OSS-120B-Simple,Every-turn,0.9,0.046613,48
GPT-OSS-120B-Simple,Every-turn,0.91,0.049241,48
GPT-OSS-120B-Simple,Every-turn,0.92,0.05193,48
GPT-OSS-120B-Simple,Every-turn,0.93,0.052308,48
GPT-OSS-120B-Simple,Every-turn,0.94,0.049641,48
GPT-OSS-120B-Simple,Every-turn,0.95,0.051875,48
GPT-OSS-120B-Simple,Every-turn,0.96,0.043939,48
GPT-OSS-120B-Simple,Every-turn,0.97,0.047123,48
GPT-OSS-120B-Simple,Every-turn,0.98,0.048326,48
GPT-OSS-120B-Simple,Every-turn,0.99,0.052833,48
GPT-OSS-120B-Simple,Every-turn,1.0,0.055066,48
GPT-OSS-120B-Simple,Per-5,0.0,0.124883,48
GPT-OSS-120B-Simple,Per-5,0.01,0.125596,48
GPT-OSS-120B-Simple,Per-5,0.02,0.125472,48
GPT-OSS-120B-Simple,Per-5,0.03,0.122263,48
GPT-OSS-120B-Simple,Per-5,0.04,0.138549,48
GPT-OSS-120B-Simple,Per-5,0.05,0.115209,48
GPT-OSS-120B-Simple,Per-5,0.06,0.119895,48
GPT-OSS-120B-Simple,Per-5,0.07,0.129342,48
GPT-OSS-120B-Simple,Per-5,0.08,0.13408,48
GPT-OSS-120B-Simple,Per-5,0.09,0.133864,48
GPT-OSS-120B-Simple,Per-5,0.1,0.138692,48
GPT-OSS-120B-Simple,Per-5,0.11,0.14654,48
GPT-OSS-120B-Simple,Per-5,0.12,0.149802,48
GPT-OSS-120B-Simple,Per-5,0.13,0.147643,48
GPT-OSS-120B-Simple,Per-5,0.14,0.151995,48
GPT-OSS-120B-Simple,Per-5,0.15,0.151628,48
GPT-OSS-120B-Simple,Per-5,0.16,0.152326,48
GPT-OSS-120B-Simple,Per-5,0.17,0.149648,48
GPT-OSS-120B-Simple,Per-5,0.18,0.15102,48
GPT-OSS-120B-Simple,Per-5,0.19,0.151398,48
GPT-OSS-120B-Simple,Per-5,0.2,0.150728,48
GPT-OSS-120B-Simple,Per-5,0.21,0.154124,48
GPT-OSS-120B-Simple,Per-5,0.22,0.150829,48
GPT-OSS-120B-Simple,Per-5,0.23,0.147349,48
GPT-OSS-120B-Simple,Per-5,0.24,0.14114,48
GPT-OSS-120B-Simple,Per-5,0.25,0.142757,48
GPT-OSS-120B-Simple,Per-5,0.26,0.142331,48
GPT-OSS-120B-Simple,Per-5,0.27,0.144369,48
GPT-OSS-120B-Simple,Per-5,0.28,0.141138,48
GPT-OSS-120B-Simple,Per-5,0.29,0.145169,48
GPT-OSS-120B-Simple,Per-5,0.3,0.143141,48
GPT-OSS-120B-Simple,Per-5,0.31,0.141484,48
GPT-OSS-120B-Simple,Per-5,0.32,0.143925,48
GPT-OSS-120B-Simple,Per-5,0.33,0.137739,48
GPT-OSS-120B-Simple,Per-5,0.34,0.135148,48
GPT-OSS-120B-Simple,Per-5,0.35,0.12852,48
GPT-OSS-120B-Simple,Per-5,0.36,0.12983,48
GPT-OSS-120B-Simple,Per-5,0.37,0.127805,48
GPT-OSS-120B-Simple,Per-5,0.38,0.120758,48
GPT-OSS-120B-Simple,Per-5,0.39,0.116843,48
GPT-OSS-120B-Simple,Per-5,0.4,0.117994,48
GPT-OSS-120B-Simple,Per-5,0.41,0.115308,48
GPT-OSS-120B-Simple,Per-5,0.42,0.108053,48
GPT-OSS-120B-Simple,Per-5,0.43,0.099418,48
GPT-OSS-120B-Simple,Per-5,0.44,0.098475,48
GPT-OSS-120B-Simple,Per-5,0.45,0.092692,48
GPT-OSS-120B-Simple,Per-5,0.46,0.08821,48
GPT-OSS-120B-Simple,Per-5,0.47,0.083117,48
GPT-OSS-120B-Simple,Per-5,0.48,0.082307,48
GPT-OSS-120B-Simple,Per-5,0.49,0.075802,48
GPT-OSS-120B-Simple,Per-5,0.5,0.075698,48
GPT-OSS-120B-Simple,Per-5,0.51,0.072132,48
GPT-OSS-120B-Simple,Per-5,0.52,0.073945,48
GPT-OSS-120B-Simple,Per-5,0.53,0.068402,48
GPT-OSS-120B-Simple,Per-5,0.54,0.06511,48
GPT-OSS-120B-Simple,Per-5,0.55,0.066262,48
GPT-OSS-120B-Simple,Per-5,0.56,0.063386,48
GPT-OSS-120B-Simple,Per-5,0.57,0.060787,48
GPT-OSS-120B-Simple,Per-5,0.58,0.064957,48
GPT-OSS-120B-Simple,Per-5,0.59,0.060898,48
GPT-OSS-120B-Simple,Per-5,0.6,0.061331,48
GPT-OSS-120B-Simple,Per-5,0.61,0.059174,48
GPT-OSS-120B-Simple,Per-5,0.62,0.061417,48
GPT-OSS-120B-Simple,Per-5,0.63,0.058351,48
GPT-OSS-120B-Simple,Per-5,0.64,0.058576,48
GPT-OSS-120B-Simple,Per-5,0.65,0.060127,48
GPT-OSS-120B-Simple,Per-5,0.66,0.055659,48
GPT-OSS-120B-Simple,Per-5,0.67,0.056896,48
GPT-OSS-120B-Simple,Per-5,0.68,0.052301,48
GPT-OSS-120B-Simple,Per-5,0.69,0.050948,48
GPT-OSS-120B-Simple,Per-5,0.7,0.046059,48
GPT-OSS-120B-Simple,Per-5,0.71,0.045573,48
GPT-OSS-120B-Simple,Per-5,0.72,0.046204,48
GPT-OSS-120B-Simple,Per-5,0.73,0.043718,48
GPT-OSS-120B-Simple,Per-5,0.74,0.0446,48
GPT-OSS-120B-Simple,Per-5,0.75,0.044033,48
GPT-OSS-120B-Simple,Per-5,0.76,0.043844,48
GPT-OSS-120B-Simple,Per-5,0.77,0.042928,48
GPT-OSS-120B-Simple,Per-5,0.78,0.04205,48
GPT-OSS-120B-Simple,Per-5,0.79,0.043617,48
GPT-OSS-120B-Simple,Per-5,0.8,0.043017,48
GPT-OSS-120B-Simple,Per-5,0.81,0.043939,48
GPT-OSS-120B-Simple,Per-5,0.82,0.040835,48
GPT-OSS-120B-Simple,Per-5,0.83,0.039227,48
GPT-OSS-120B-Simple,Per-5,0.84,0.035945,48
GPT-OSS-120B-Simple,Per-5,0.85,0.03159,48
GPT-OSS-120B-Simple,Per-5,0.86,0.030079,48
GPT-OSS-120B-Simple,Per-5,0.87,0.03246,48
GPT-OSS-120B-Simple,Per-5,0.88,0.035225,48
GPT-OSS-120B-Simple,Per-5,0.89,0.03114,48
GPT-OSS-120B-Simple,Per-5,0.9,0.030184,48
GPT-OSS-120B-Simple,Per-5,0.91,0.030829,48
GPT-OSS-120B-Simple,Per-5,0.92,0.032686,48
GPT-OSS-120B-Simple,Per-5,0.93,0.031302,48
GPT-OSS-120B-Simple,Per-5,0.94,0.02991,48
GPT-OSS-120B-Simple,Per-5,0.95,0.029285,48
GPT-OSS-120B-Simple,Per-5,0.96,0.029675,48
GPT-OSS-120B-Simple,Per-5,0.97,0.029203,48
GPT-OSS-120B-Simple,Per-5,0.98,0.031753,48
GPT-OSS-120B-Simple,Per-5,0.99,0.032492,48
GPT-OSS-120B-Simple,Per-5,1.0,0.026457,48
Gemma-4-Simple,Every-turn,0.0,0.124967,48
Gemma-4-Simple,Every-turn,0.01,0.125261,48
Gemma-4-Simple,Every-turn,0.02,0.125941,48
Gemma-4-Simple,Every-turn,0.03,0.122302,48
Gemma-4-Simple,Every-turn,0.04,0.127805,48
Gemma-4-Simple,Every-turn,0.05,0.118758,48
Gemma-4-Simple,Every-turn,0.06,0.116643,48
Gemma-4-Simple,Every-turn,0.07,0.121245,48
Gemma-4-Simple,Every-turn,0.08,0.12227,48
Gemma-4-Simple,Every-turn,0.09,0.127546,48
Gemma-4-Simple,Every-turn,0.1,0.130283,48
Gemma-4-Simple,Every-turn,0.11,0.136802,48
Gemma-4-Simple,Every-turn,0.12,0.133162,48
Gemma-4-Simple,Every-turn,0.13,0.132532,48
Gemma-4-Simple,Every-turn,0.14,0.129676,48
Gemma-4-Simple,Every-turn,0.15,0.12712,48
Gemma-4-Simple,Every-turn,0.16,0.122115,48
Gemma-4-Simple,Every-turn,0.17,0.120336,48
Gemma-4-Simple,Every-turn,0.18,0.116593,48
Gemma-4-Simple,Every-turn,0.19,0.119134,48
Gemma-4-Simple,Every-turn,0.2,0.11884,48
Gemma-4-Simple,Every-turn,0.21,0.115229,48
Gemma-4-Simple,Every-turn,0.22,0.111277,48
Gemma-4-Simple,Every-turn,0.23,0.117389,48
Gemma-4-Simple,Every-turn,0.24,0.115315,48
Gemma-4-Simple,Every-turn,0.25,0.117873,48
Gemma-4-Simple,Every-turn,0.26,0.120683,48
Gemma-4-Simple,Every-turn,0.27,0.121169,48
Gemma-4-Simple,Every-turn,0.28,0.114236,48
Gemma-4-Simple,Every-turn,0.29,0.112563,48
Gemma-4-Simple,Every-turn,0.3,0.112906,48
Gemma-4-Simple,Every-turn,0.31,0.11109,48
Gemma-4-Simple,Every-turn,0.32,0.106422,48
Gemma-4-Simple,Every-turn,0.33,0.108453,48
Gemma-4-Simple,Every-turn,0.34,0.107773,48
Gemma-4-Simple,Every-turn,0.35,0.105454,48
Gemma-4-Simple,Every-turn,0.36,0.098669,48
Gemma-4-Simple,Every-turn,0.37,0.09356,48
Gemma-4-Simple,Every-turn,0.38,0.092985,48
Gemma-4-Simple,Every-turn,0.39,0.091503,48
Gemma-4-Simple,Every-turn,0.4,0.09291,48
Gemma-4-Simple,Every-turn,0.41,0.094226,48
Gemma-4-Simple,Every-turn,0.42,0.093918,48
Gemma-4-Simple,Every-turn,0.43,0.088628,48
Gemma-4-Simple,Every-turn,0.44,0.086929,48
Gemma-4-Simple,Every-turn,0.45,0.088454,48
Gemma-4-Simple,Every-turn,0.46,0.084357,48
Gemma-4-Simple,Every-turn,0.47,0.084595,48
Gemma-4-Simple,Every-turn,0.48,0.081058,48
Gemma-4-Simple,Every-turn,0.49,0.082094,48
Gemma-4-Simple,Every-turn,0.5,0.079355,48
Gemma-4-Simple,Every-turn,0.51,0.080524,48
Gemma-4-Simple,Every-turn,0.52,0.076873,48
Gemma-4-Simple,Every-turn,0.53,0.081831,48
Gemma-4-Simple,Every-turn,0.54,0.081211,48
Gemma-4-Simple,Every-turn,0.55,0.08579,48
Gemma-4-Simple,Every-turn,0.56,0.080442,48
Gemma-4-Simple,Every-turn,0.57,0.080921,48
Gemma-4-Simple,Every-turn,0.58,0.077268,48
Gemma-4-Simple,Every-turn,0.59,0.074214,48
Gemma-4-Simple,Every-turn,0.6,0.074146,48
Gemma-4-Simple,Every-turn,0.61,0.074147,48
Gemma-4-Simple,Every-turn,0.62,0.073852,48
Gemma-4-Simple,Every-turn,0.63,0.066933,48
Gemma-4-Simple,Every-turn,0.64,0.058348,48
Gemma-4-Simple,Every-turn,0.65,0.060048,48
Gemma-4-Simple,Every-turn,0.66,0.062569,48
Gemma-4-Simple,Every-turn,0.67,0.055816,48
Gemma-4-Simple,Every-turn,0.68,0.054902,48
Gemma-4-Simple,Every-turn,0.69,0.061192,48
Gemma-4-Simple,Every-turn,0.7,0.055522,48
Gemma-4-Simple,Every-turn,0.71,0.052454,48
Gemma-4-Simple,Every-turn,0.72,0.048842,48
Gemma-4-Simple,Every-turn,0.73,0.047273,48
Gemma-4-Simple,Every-turn,0.74,0.042458,48
Gemma-4-Simple,Every-turn,0.75,0.04618,48
Gemma-4-Simple,Every-turn,0.76,0.040568,48
Gemma-4-Simple,Every-turn,0.77,0.038328,48
Gemma-4-Simple,Every-turn,0.78,0.035943,48
Gemma-4-Simple,Every-turn,0.79,0.041854,48
Gemma-4-Simple,Every-turn,0.8,0.034415,48
Gemma-4-Simple,Every-turn,0.81,0.035264,48
Gemma-4-Simple,Every-turn,0.82,0.038753,48
Gemma-4-Simple,Every-turn,0.83,0.037401,48
Gemma-4-Simple,Every-turn,0.84,0.036452,48
Gemma-4-Simple,Every-turn,0.85,0.032394,48
Gemma-4-Simple,Every-turn,0.86,0.027665,48
Gemma-4-Simple,Every-turn,0.87,0.028862,48
Gemma-4-Simple,Every-turn,0.88,0.027946,48
Gemma-4-Simple,Every-turn,0.89,0.026662,48
Gemma-4-Simple,Every-turn,0.9,0.025391,48
Gemma-4-Simple,Every-turn,0.91,0.020182,48
Gemma-4-Simple,Every-turn,0.92,0.015068,48
Gemma-4-Simple,Every-turn,0.93,0.018356,48
Gemma-4-Simple,Every-turn,0.94,0.015512,48
Gemma-4-Simple,Every-turn,0.95,0.013183,48
Gemma-4-Simple,Every-turn,0.96,0.014681,48
Gemma-4-Simple,Every-turn,0.97,0.018492,48
Gemma-4-Simple,Every-turn,0.98,0.0253,48
Gemma-4-Simple,Every-turn,0.99,0.019154,48
Gemma-4-Simple,Every-turn,1.0,0.017963,48
Gemma-4-Simple,Per-5,0.0,0.12502,48
Gemma-4-Simple,Per-5,0.01,0.125544,48
Gemma-4-Simple,Per-5,0.02,0.125124,48
Gemma-4-Simple,Per-5,0.03,0.126716,48
Gemma-4-Simple,Per-5,0.04,0.126092,48
Gemma-4-Simple,Per-5,0.05,0.125508,48
Gemma-4-Simple,Per-5,0.06,0.119555,48
Gemma-4-Simple,Per-5,0.07,0.13296,48
Gemma-4-Simple,Per-5,0.08,0.14175,48
Gemma-4-Simple,Per-5,0.09,0.136428,48
Gemma-4-Simple,Per-5,0.1,0.146309,48
Gemma-4-Simple,Per-5,0.11,0.14955,48
Gemma-4-Simple,Per-5,0.12,0.143326,48
Gemma-4-Simple,Per-5,0.13,0.137283,48
Gemma-4-Simple,Per-5,0.14,0.142546,48
Gemma-4-Simple,Per-5,0.15,0.136522,48
Gemma-4-Simple,Per-5,0.16,0.131549,48
Gemma-4-Simple,Per-5,0.17,0.131343,48
Gemma-4-Simple,Per-5,0.18,0.122825,48
Gemma-4-Simple,Per-5,0.19,0.123496,48
Gemma-4-Simple,Per-5,0.2,0.126627,48
Gemma-4-Simple,Per-5,0.21,0.13051,48
Gemma-4-Simple,Per-5,0.22,0.126795,48
Gemma-4-Simple,Per-5,0.23,0.122826,48
Gemma-4-Simple,Per-5,0.24,0.132256,48
Gemma-4-Simple,Per-5,0.25,0.127691,48
Gemma-4-Simple,Per-5,0.26,0.136472,48
Gemma-4-Simple,Per-5,0.27,0.13056,48
Gemma-4-Simple,Per-5,0.28,0.131352,48
Gemma-4-Simple,Per-5,0.29,0.130031,48
Gemma-4-Simple,Per-5,0.3,0.131639,48
Gemma-4-Simple,Per-5,0.31,0.122485,48
Gemma-4-Simple,Per-5,0.32,0.12377,48
Gemma-4-Simple,Per-5,0.33,0.123788,48
Gemma-4-Simple,Per-5,0.34,0.127055,48
Gemma-4-Simple,Per-5,0.35,0.127095,48
Gemma-4-Simple,Per-5,0.36,0.11725,48
Gemma-4-Simple,Per-5,0.37,0.115459,48
Gemma-4-Simple,Per-5,0.38,0.117254,48
Gemma-4-Simple,Per-5,0.39,0.119759,48
Gemma-4-Simple,Per-5,0.4,0.122365,48
Gemma-4-Simple,Per-5,0.41,0.121465,48
Gemma-4-Simple,Per-5,0.42,0.123141,48
Gemma-4-Simple,Per-5,0.43,0.121084,48
Gemma-4-Simple,Per-5,0.44,0.122347,48
Gemma-4-Simple,Per-5,0.45,0.129436,48
Gemma-4-Simple,Per-5,0.46,0.122667,48
Gemma-4-Simple,Per-5,0.47,0.118986,48
Gemma-4-Simple,Per-5,0.48,0.12049,48
Gemma-4-Simple,Per-5,0.49,0.11675,48
Gemma-4-Simple,Per-5,0.5,0.114316,48
Gemma-4-Simple,Per-5,0.51,0.113748,48
Gemma-4-Simple,Per-5,0.52,0.114701,48
Gemma-4-Simple,Per-5,0.53,0.112468,48
Gemma-4-Simple,Per-5,0.54,0.112103,48
Gemma-4-Simple,Per-5,0.55,0.111345,48
Gemma-4-Simple,Per-5,0.56,0.111531,48
Gemma-4-Simple,Per-5,0.57,0.106582,48
Gemma-4-Simple,Per-5,0.58,0.10448,48
Gemma-4-Simple,Per-5,0.59,0.107071,48
Gemma-4-Simple,Per-5,0.6,0.107169,48
Gemma-4-Simple,Per-5,0.61,0.108651,48
Gemma-4-Simple,Per-5,0.62,0.104163,48
Gemma-4-Simple,Per-5,0.63,0.099652,48
Gemma-4-Simple,Per-5,0.64,0.093519,48
Gemma-4-Simple,Per-5,0.65,0.090276,48
Gemma-4-Simple,Per-5,0.66,0.091272,48
Gemma-4-Simple,Per-5,0.67,0.090091,48
Gemma-4-Simple,Per-5,0.68,0.083341,48
Gemma-4-Simple,Per-5,0.69,0.087079,48
Gemma-4-Simple,Per-5,0.7,0.087574,48
Gemma-4-Simple,Per-5,0.71,0.086012,48
Gemma-4-Simple,Per-5,0.72,0.088222,48
Gemma-4-Simple,Per-5,0.73,0.082828,48
Gemma-4-Simple,Per-5,0.74,0.0864,48
Gemma-4-Simple,Per-5,0.75,0.084482,48
Gemma-4-Simple,Per-5,0.76,0.089488,48
Gemma-4-Simple,Per-5,0.77,0.089279,48
Gemma-4-Simple,Per-5,0.78,0.089973,48
Gemma-4-Simple,Per-5,0.79,0.091599,48
Gemma-4-Simple,Per-5,0.8,0.094577,48
Gemma-4-Simple,Per-5,0.81,0.088504,48
Gemma-4-Simple,Per-5,0.82,0.084476,48
Gemma-4-Simple,Per-5,0.83,0.088575,48
Gemma-4-Simple,Per-5,0.84,0.085292,48
Gemma-4-Simple,Per-5,0.85,0.087783,48
Gemma-4-Simple,Per-5,0.86,0.091299,48
Gemma-4-Simple,Per-5,0.87,0.097082,48
Gemma-4-Simple,Per-5,0.88,0.093805,48
Gemma-4-Simple,Per-5,0.89,0.091729,48
Gemma-4-Simple,Per-5,0.9,0.085324,48
Gemma-4-Simple,Per-5,0.91,0.082802,48
Gemma-4-Simple,Per-5,0.92,0.084402,48
Gemma-4-Simple,Per-5,0.93,0.078333,48
Gemma-4-Simple,Per-5,0.94,0.080067,48
Gemma-4-Simple,Per-5,0.95,0.0797,48
Gemma-4-Simple,Per-5,0.96,0.07322,48
Gemma-4-Simple,Per-5,0.97,0.075787,48
Gemma-4-Simple,Per-5,0.98,0.072582,48
Gemma-4-Simple,Per-5,0.99,0.069202,48
Gemma-4-Simple,Per-5,1.0,0.060627,48
Kimi-K2.6-Simple,Every-turn,0.0,0.122181,44
Kimi-K2.6-Simple,Every-turn,0.01,0.124687,48
Kimi-K2.6-Simple,Every-turn,0.02,0.125455,48
Kimi-K2.6-Simple,Every-turn,0.03,0.130696,48
Kimi-K2.6-Simple,Every-turn,0.04,0.126384,48
Kimi-K2.6-Simple,Every-turn,0.05,0.130788,48
Kimi-K2.6-Simple,Every-turn,0.06,0.128733,48
Kimi-K2.6-Simple,Every-turn,0.07,0.137111,48
Kimi-K2.6-Simple,Every-turn,0.08,0.128626,48
Kimi-K2.6-Simple,Every-turn,0.09,0.136926,48
Kimi-K2.6-Simple,Every-turn,0.1,0.140942,48
Kimi-K2.6-Simple,Every-turn,0.11,0.140524,48
Kimi-K2.6-Simple,Every-turn,0.12,0.140088,48
Kimi-K2.6-Simple,Every-turn,0.13,0.144782,48
Kimi-K2.6-Simple,Every-turn,0.14,0.137494,48
Kimi-K2.6-Simple,Every-turn,0.15,0.141909,48
Kimi-K2.6-Simple,Every-turn,0.16,0.13857,48
Kimi-K2.6-Simple,Every-turn,0.17,0.137171,48
Kimi-K2.6-Simple,Every-turn,0.18,0.143047,48
Kimi-K2.6-Simple,Every-turn,0.19,0.138395,48
Kimi-K2.6-Simple,Every-turn,0.2,0.136749,48
Kimi-K2.6-Simple,Every-turn,0.21,0.135195,48
Kimi-K2.6-Simple,Every-turn,0.22,0.130853,48
Kimi-K2.6-Simple,Every-turn,0.23,0.126117,48
Kimi-K2.6-Simple,Every-turn,0.24,0.128912,48
Kimi-K2.6-Simple,Every-turn,0.25,0.130099,48
Kimi-K2.6-Simple,Every-turn,0.26,0.125152,48
Kimi-K2.6-Simple,Every-turn,0.27,0.121079,48
Kimi-K2.6-Simple,Every-turn,0.28,0.121408,48
Kimi-K2.6-Simple,Every-turn,0.29,0.115184,48
Kimi-K2.6-Simple,Every-turn,0.3,0.118802,48
Kimi-K2.6-Simple,Every-turn,0.31,0.126782,48
Kimi-K2.6-Simple,Every-turn,0.32,0.130809,48
Kimi-K2.6-Simple,Every-turn,0.33,0.127568,48
Kimi-K2.6-Simple,Every-turn,0.34,0.129744,48
Kimi-K2.6-Simple,Every-turn,0.35,0.13112,48
Kimi-K2.6-Simple,Every-turn,0.36,0.125913,48
Kimi-K2.6-Simple,Every-turn,0.37,0.12487,48
Kimi-K2.6-Simple,Every-turn,0.38,0.126831,48
Kimi-K2.6-Simple,Every-turn,0.39,0.125053,48
Kimi-K2.6-Simple,Every-turn,0.4,0.121526,48
Kimi-K2.6-Simple,Every-turn,0.41,0.12596,48
Kimi-K2.6-Simple,Every-turn,0.42,0.125578,48
Kimi-K2.6-Simple,Every-turn,0.43,0.126699,48
Kimi-K2.6-Simple,Every-turn,0.44,0.123728,48
Kimi-K2.6-Simple,Every-turn,0.45,0.125422,48
Kimi-K2.6-Simple,Every-turn,0.46,0.126847,48
Kimi-K2.6-Simple,Every-turn,0.47,0.128469,48
Kimi-K2.6-Simple,Every-turn,0.48,0.125615,48
Kimi-K2.6-Simple,Every-turn,0.49,0.129592,48
Kimi-K2.6-Simple,Every-turn,0.5,0.131054,48
Kimi-K2.6-Simple,Every-turn,0.51,0.133181,48
Kimi-K2.6-Simple,Every-turn,0.52,0.134413,48
Kimi-K2.6-Simple,Every-turn,0.53,0.136413,48
Kimi-K2.6-Simple,Every-turn,0.54,0.137577,48
Kimi-K2.6-Simple,Every-turn,0.55,0.130654,48
Kimi-K2.6-Simple,Every-turn,0.56,0.133029,48
Kimi-K2.6-Simple,Every-turn,0.57,0.127149,48
Kimi-K2.6-Simple,Every-turn,0.58,0.125306,48
Kimi-K2.6-Simple,Every-turn,0.59,0.126187,48
Kimi-K2.6-Simple,Every-turn,0.6,0.125432,48
Kimi-K2.6-Simple,Every-turn,0.61,0.131982,48
Kimi-K2.6-Simple,Every-turn,0.62,0.127272,48
Kimi-K2.6-Simple,Every-turn,0.63,0.131816,48
Kimi-K2.6-Simple,Every-turn,0.64,0.137207,48
Kimi-K2.6-Simple,Every-turn,0.65,0.127116,48
Kimi-K2.6-Simple,Every-turn,0.66,0.129535,48
Kimi-K2.6-Simple,Every-turn,0.67,0.128969,48
Kimi-K2.6-Simple,Every-turn,0.68,0.132326,48
Kimi-K2.6-Simple,Every-turn,0.69,0.139552,48
Kimi-K2.6-Simple,Every-turn,0.7,0.138496,48
Kimi-K2.6-Simple,Every-turn,0.71,0.133042,48
Kimi-K2.6-Simple,Every-turn,0.72,0.131762,48
Kimi-K2.6-Simple,Every-turn,0.73,0.120893,48
Kimi-K2.6-Simple,Every-turn,0.74,0.124209,48
Kimi-K2.6-Simple,Every-turn,0.75,0.12095,48
Kimi-K2.6-Simple,Every-turn,0.76,0.123167,48
Kimi-K2.6-Simple,Every-turn,0.77,0.118313,48
Kimi-K2.6-Simple,Every-turn,0.78,0.115758,48
Kimi-K2.6-Simple,Every-turn,0.79,0.112068,48
Kimi-K2.6-Simple,Every-turn,0.8,0.10867,48
Kimi-K2.6-Simple,Every-turn,0.81,0.107399,48
Kimi-K2.6-Simple,Every-turn,0.82,0.114338,48
Kimi-K2.6-Simple,Every-turn,0.83,0.119063,48
Kimi-K2.6-Simple,Every-turn,0.84,0.126855,48
Kimi-K2.6-Simple,Every-turn,0.85,0.110504,48
Kimi-K2.6-Simple,Every-turn,0.86,0.111549,48
Kimi-K2.6-Simple,Every-turn,0.87,0.108353,48
Kimi-K2.6-Simple,Every-turn,0.88,0.111579,48
Kimi-K2.6-Simple,Every-turn,0.89,0.114095,48
Kimi-K2.6-Simple,Every-turn,0.9,0.11995,48
Kimi-K2.6-Simple,Every-turn,0.91,0.12338,48
Kimi-K2.6-Simple,Every-turn,0.92,0.121978,48
Kimi-K2.6-Simple,Every-turn,0.93,0.117778,48
Kimi-K2.6-Simple,Every-turn,0.94,0.11361,48
Kimi-K2.6-Simple,Every-turn,0.95,0.112461,48
Kimi-K2.6-Simple,Every-turn,0.96,0.120264,48
Kimi-K2.6-Simple,Every-turn,0.97,0.116414,48
Kimi-K2.6-Simple,Every-turn,0.98,0.115794,48
Kimi-K2.6-Simple,Every-turn,0.99,0.111671,48
Kimi-K2.6-Simple,Every-turn,1.0,0.118179,48
Kimi-K2.7-Simple,Every-turn,0.0,0.124992,48
Kimi-K2.7-Simple,Every-turn,0.01,0.125153,48
Kimi-K2.7-Simple,Every-turn,0.02,0.123914,48
Kimi-K2.7-Simple,Every-turn,0.03,0.126993,48
Kimi-K2.7-Simple,Every-turn,0.04,0.128447,48
Kimi-K2.7-Simple,Every-turn,0.05,0.136821,48
Kimi-K2.7-Simple,Every-turn,0.06,0.13493,48
Kimi-K2.7-Simple,Every-turn,0.07,0.133066,48
Kimi-K2.7-Simple,Every-turn,0.08,0.137491,48
Kimi-K2.7-Simple,Every-turn,0.09,0.130709,48
Kimi-K2.7-Simple,Every-turn,0.1,0.13397,48
Kimi-K2.7-Simple,Every-turn,0.11,0.138358,48
Kimi-K2.7-Simple,Every-turn,0.12,0.136264,48
Kimi-K2.7-Simple,Every-turn,0.13,0.140023,48
Kimi-K2.7-Simple,Every-turn,0.14,0.137025,48
Kimi-K2.7-Simple,Every-turn,0.15,0.132877,48
Kimi-K2.7-Simple,Every-turn,0.16,0.132772,48
Kimi-K2.7-Simple,Every-turn,0.17,0.14369,48
Kimi-K2.7-Simple,Every-turn,0.18,0.149913,48
Kimi-K2.7-Simple,Every-turn,0.19,0.145849,48
Kimi-K2.7-Simple,Every-turn,0.2,0.143004,48
Kimi-K2.7-Simple,Every-turn,0.21,0.143686,48
Kimi-K2.7-Simple,Every-turn,0.22,0.140673,48
Kimi-K2.7-Simple,Every-turn,0.23,0.144867,48
Kimi-K2.7-Simple,Every-turn,0.24,0.146313,48
Kimi-K2.7-Simple,Every-turn,0.25,0.149793,48
Kimi-K2.7-Simple,Every-turn,0.26,0.149729,48
Kimi-K2.7-Simple,Every-turn,0.27,0.149563,48
Kimi-K2.7-Simple,Every-turn,0.28,0.149855,48
Kimi-K2.7-Simple,Every-turn,0.29,0.145941,48
Kimi-K2.7-Simple,Every-turn,0.3,0.14845,48
Kimi-K2.7-Simple,Every-turn,0.31,0.145142,48
Kimi-K2.7-Simple,Every-turn,0.32,0.148214,48
Kimi-K2.7-Simple,Every-turn,0.33,0.150798,48
Kimi-K2.7-Simple,Every-turn,0.34,0.147477,48
Kimi-K2.7-Simple,Every-turn,0.35,0.145271,48
Kimi-K2.7-Simple,Every-turn,0.36,0.141617,48
Kimi-K2.7-Simple,Every-turn,0.37,0.140849,48
Kimi-K2.7-Simple,Every-turn,0.38,0.142293,48
Kimi-K2.7-Simple,Every-turn,0.39,0.145036,48
Kimi-K2.7-Simple,Every-turn,0.4,0.145138,48
Kimi-K2.7-Simple,Every-turn,0.41,0.144962,48
Kimi-K2.7-Simple,Every-turn,0.42,0.14441,48
Kimi-K2.7-Simple,Every-turn,0.43,0.141442,48
Kimi-K2.7-Simple,Every-turn,0.44,0.141667,48
Kimi-K2.7-Simple,Every-turn,0.45,0.14245,48
Kimi-K2.7-Simple,Every-turn,0.46,0.152234,48
Kimi-K2.7-Simple,Every-turn,0.47,0.151639,48
Kimi-K2.7-Simple,Every-turn,0.48,0.152318,48
Kimi-K2.7-Simple,Every-turn,0.49,0.151824,48
Kimi-K2.7-Simple,Every-turn,0.5,0.151953,48
Kimi-K2.7-Simple,Every-turn,0.51,0.158438,48
Kimi-K2.7-Simple,Every-turn,0.52,0.155596,48
Kimi-K2.7-Simple,Every-turn,0.53,0.157777,48
Kimi-K2.7-Simple,Every-turn,0.54,0.165007,48
Kimi-K2.7-Simple,Every-turn,0.55,0.160895,48
Kimi-K2.7-Simple,Every-turn,0.56,0.164568,48
Kimi-K2.7-Simple,Every-turn,0.57,0.16314,48
Kimi-K2.7-Simple,Every-turn,0.58,0.159098,48
Kimi-K2.7-Simple,Every-turn,0.59,0.159854,48
Kimi-K2.7-Simple,Every-turn,0.6,0.163574,48
Kimi-K2.7-Simple,Every-turn,0.61,0.162172,48
Kimi-K2.7-Simple,Every-turn,0.62,0.168048,48
Kimi-K2.7-Simple,Every-turn,0.63,0.162783,48
Kimi-K2.7-Simple,Every-turn,0.64,0.170023,48
Kimi-K2.7-Simple,Every-turn,0.65,0.177135,48
Kimi-K2.7-Simple,Every-turn,0.66,0.18028,48
Kimi-K2.7-Simple,Every-turn,0.67,0.180769,48
Kimi-K2.7-Simple,Every-turn,0.68,0.177087,48
Kimi-K2.7-Simple,Every-turn,0.69,0.173511,48
Kimi-K2.7-Simple,Every-turn,0.7,0.176105,48
Kimi-K2.7-Simple,Every-turn,0.71,0.180489,48
Kimi-K2.7-Simple,Every-turn,0.72,0.187908,48
Kimi-K2.7-Simple,Every-turn,0.73,0.186982,48
Kimi-K2.7-Simple,Every-turn,0.74,0.192043,48
Kimi-K2.7-Simple,Every-turn,0.75,0.189841,48
Kimi-K2.7-Simple,Every-turn,0.76,0.187916,48
Kimi-K2.7-Simple,Every-turn,0.77,0.18161,48
Kimi-K2.7-Simple,Every-turn,0.78,0.173199,48
Kimi-K2.7-Simple,Every-turn,0.79,0.167312,48
Kimi-K2.7-Simple,Every-turn,0.8,0.168071,48
Kimi-K2.7-Simple,Every-turn,0.81,0.160223,48
Kimi-K2.7-Simple,Every-turn,0.82,0.167393,48
Kimi-K2.7-Simple,Every-turn,0.83,0.16756,48
Kimi-K2.7-Simple,Every-turn,0.84,0.16189,48
Kimi-K2.7-Simple,Every-turn,0.85,0.157268,48
Kimi-K2.7-Simple,Every-turn,0.86,0.165189,48
Kimi-K2.7-Simple,Every-turn,0.87,0.166663,48
Kimi-K2.7-Simple,Every-turn,0.88,0.164626,48
Kimi-K2.7-Simple,Every-turn,0.89,0.168312,48
Kimi-K2.7-Simple,Every-turn,0.9,0.17008,48
Kimi-K2.7-Simple,Every-turn,0.91,0.173013,48
Kimi-K2.7-Simple,Every-turn,0.92,0.176997,48
Kimi-K2.7-Simple,Every-turn,0.93,0.174556,48
Kimi-K2.7-Simple,Every-turn,0.94,0.169961,48
Kimi-K2.7-Simple,Every-turn,0.95,0.158777,48
Kimi-K2.7-Simple,Every-turn,0.96,0.151407,48
Kimi-K2.7-Simple,Every-turn,0.97,0.153173,48
Kimi-K2.7-Simple,Every-turn,0.98,0.155146,48
Kimi-K2.7-Simple,Every-turn,0.99,0.161622,48
Kimi-K2.7-Simple,Every-turn,1.0,0.161236,48
Kimi-K2.7-Simple,Per-5,0.0,0.124988,48
Kimi-K2.7-Simple,Per-5,0.01,0.124694,48
Kimi-K2.7-Simple,Per-5,0.02,0.127327,48
Kimi-K2.7-Simple,Per-5,0.03,0.128215,48
Kimi-K2.7-Simple,Per-5,0.04,0.129965,48
Kimi-K2.7-Simple,Per-5,0.05,0.123458,48
Kimi-K2.7-Simple,Per-5,0.06,0.118512,48
Kimi-K2.7-Simple,Per-5,0.07,0.128808,48
Kimi-K2.7-Simple,Per-5,0.08,0.135424,48
Kimi-K2.7-Simple,Per-5,0.09,0.131575,48
Kimi-K2.7-Simple,Per-5,0.1,0.13506,48
Kimi-K2.7-Simple,Per-5,0.11,0.139877,48
Kimi-K2.7-Simple,Per-5,0.12,0.140492,48
Kimi-K2.7-Simple,Per-5,0.13,0.141939,48
Kimi-K2.7-Simple,Per-5,0.14,0.140177,48
Kimi-K2.7-Simple,Per-5,0.15,0.142229,48
Kimi-K2.7-Simple,Per-5,0.16,0.138247,48
Kimi-K2.7-Simple,Per-5,0.17,0.140699,48
Kimi-K2.7-Simple,Per-5,0.18,0.143941,48
Kimi-K2.7-Simple,Per-5,0.19,0.142404,48
Kimi-K2.7-Simple,Per-5,0.2,0.142956,48
Kimi-K2.7-Simple,Per-5,0.21,0.137025,48
Kimi-K2.7-Simple,Per-5,0.22,0.135758,48
Kimi-K2.7-Simple,Per-5,0.23,0.139838,48
Kimi-K2.7-Simple,Per-5,0.24,0.137368,48
Kimi-K2.7-Simple,Per-5,0.25,0.136224,48
Kimi-K2.7-Simple,Per-5,0.26,0.136779,48
Kimi-K2.7-Simple,Per-5,0.27,0.134935,48
Kimi-K2.7-Simple,Per-5,0.28,0.137489,48
Kimi-K2.7-Simple,Per-5,0.29,0.139937,48
Kimi-K2.7-Simple,Per-5,0.3,0.140183,48
Kimi-K2.7-Simple,Per-5,0.31,0.139714,48
Kimi-K2.7-Simple,Per-5,0.32,0.140947,48
Kimi-K2.7-Simple,Per-5,0.33,0.139597,48
Kimi-K2.7-Simple,Per-5,0.34,0.141601,48
Kimi-K2.7-Simple,Per-5,0.35,0.138172,48
Kimi-K2.7-Simple,Per-5,0.36,0.136334,48
Kimi-K2.7-Simple,Per-5,0.37,0.134786,48
Kimi-K2.7-Simple,Per-5,0.38,0.138138,48
Kimi-K2.7-Simple,Per-5,0.39,0.142512,48
Kimi-K2.7-Simple,Per-5,0.4,0.143478,48
Kimi-K2.7-Simple,Per-5,0.41,0.149337,48
Kimi-K2.7-Simple,Per-5,0.42,0.146191,48
Kimi-K2.7-Simple,Per-5,0.43,0.143605,48
Kimi-K2.7-Simple,Per-5,0.44,0.147938,48
Kimi-K2.7-Simple,Per-5,0.45,0.144808,48
Kimi-K2.7-Simple,Per-5,0.46,0.148351,48
Kimi-K2.7-Simple,Per-5,0.47,0.143001,48
Kimi-K2.7-Simple,Per-5,0.48,0.146834,48
Kimi-K2.7-Simple,Per-5,0.49,0.143645,48
Kimi-K2.7-Simple,Per-5,0.5,0.141218,48
Kimi-K2.7-Simple,Per-5,0.51,0.145414,48
Kimi-K2.7-Simple,Per-5,0.52,0.141131,48
Kimi-K2.7-Simple,Per-5,0.53,0.141624,48
Kimi-K2.7-Simple,Per-5,0.54,0.141324,48
Kimi-K2.7-Simple,Per-5,0.55,0.138839,48
Kimi-K2.7-Simple,Per-5,0.56,0.137505,48
Kimi-K2.7-Simple,Per-5,0.57,0.1429,48
Kimi-K2.7-Simple,Per-5,0.58,0.140491,48
Kimi-K2.7-Simple,Per-5,0.59,0.145477,48
Kimi-K2.7-Simple,Per-5,0.6,0.143003,48
Kimi-K2.7-Simple,Per-5,0.61,0.146656,48
Kimi-K2.7-Simple,Per-5,0.62,0.141008,48
Kimi-K2.7-Simple,Per-5,0.63,0.14601,48
Kimi-K2.7-Simple,Per-5,0.64,0.14958,48
Kimi-K2.7-Simple,Per-5,0.65,0.151691,48
Kimi-K2.7-Simple,Per-5,0.66,0.147319,48
Kimi-K2.7-Simple,Per-5,0.67,0.151959,48
Kimi-K2.7-Simple,Per-5,0.68,0.144087,48
Kimi-K2.7-Simple,Per-5,0.69,0.14562,48
Kimi-K2.7-Simple,Per-5,0.7,0.143658,48
Kimi-K2.7-Simple,Per-5,0.71,0.146244,48
Kimi-K2.7-Simple,Per-5,0.72,0.155007,48
Kimi-K2.7-Simple,Per-5,0.73,0.154557,48
Kimi-K2.7-Simple,Per-5,0.74,0.152667,48
Kimi-K2.7-Simple,Per-5,0.75,0.143817,48
Kimi-K2.7-Simple,Per-5,0.76,0.151441,48
Kimi-K2.7-Simple,Per-5,0.77,0.152778,48
Kimi-K2.7-Simple,Per-5,0.78,0.153456,48
Kimi-K2.7-Simple,Per-5,0.79,0.154133,48
Kimi-K2.7-Simple,Per-5,0.8,0.148432,48
Kimi-K2.7-Simple,Per-5,0.81,0.145015,48
Kimi-K2.7-Simple,Per-5,0.82,0.139957,48
Kimi-K2.7-Simple,Per-5,0.83,0.140882,48
Kimi-K2.7-Simple,Per-5,0.84,0.137208,48
Kimi-K2.7-Simple,Per-5,0.85,0.138804,48
Kimi-K2.7-Simple,Per-5,0.86,0.138789,48
Kimi-K2.7-Simple,Per-5,0.87,0.131987,48
Kimi-K2.7-Simple,Per-5,0.88,0.144428,48
Kimi-K2.7-Simple,Per-5,0.89,0.146823,48
Kimi-K2.7-Simple,Per-5,0.9,0.137678,48
Kimi-K2.7-Simple,Per-5,0.91,0.139432,48
Kimi-K2.7-Simple,Per-5,0.92,0.13754,48
Kimi-K2.7-Simple,Per-5,0.93,0.134614,48
Kimi-K2.7-Simple,Per-5,0.94,0.136687,48
Kimi-K2.7-Simple,Per-5,0.95,0.125755,48
Kimi-K2.7-Simple,Per-5,0.96,0.129094,48
Kimi-K2.7-Simple,Per-5,0.97,0.116892,48
Kimi-K2.7-Simple,Per-5,0.98,0.115394,48
Kimi-K2.7-Simple,Per-5,0.99,0.118052,48
Kimi-K2.7-Simple,Per-5,1.0,0.12838,48
MiniMax-M2.7-Simple,Every-turn,0.0,0.123738,48
MiniMax-M2.7-Simple,Every-turn,0.01,0.122858,48
MiniMax-M2.7-Simple,Every-turn,0.02,0.121493,48
MiniMax-M2.7-Simple,Every-turn,0.03,0.120195,48
MiniMax-M2.7-Simple,Every-turn,0.04,0.118613,48
MiniMax-M2.7-Simple,Every-turn,0.05,0.123256,48
MiniMax-M2.7-Simple,Every-turn,0.06,0.129496,48
MiniMax-M2.7-Simple,Every-turn,0.07,0.127078,48
MiniMax-M2.7-Simple,Every-turn,0.08,0.126401,48
MiniMax-M2.7-Simple,Every-turn,0.09,0.130094,48
MiniMax-M2.7-Simple,Every-turn,0.1,0.127709,48
MiniMax-M2.7-Simple,Every-turn,0.11,0.128518,48
MiniMax-M2.7-Simple,Every-turn,0.12,0.135185,48
MiniMax-M2.7-Simple,Every-turn,0.13,0.131585,48
MiniMax-M2.7-Simple,Every-turn,0.14,0.130884,48
MiniMax-M2.7-Simple,Every-turn,0.15,0.12565,48
MiniMax-M2.7-Simple,Every-turn,0.16,0.126807,48
MiniMax-M2.7-Simple,Every-turn,0.17,0.125897,48
MiniMax-M2.7-Simple,Every-turn,0.18,0.129155,48
MiniMax-M2.7-Simple,Every-turn,0.19,0.134353,48
MiniMax-M2.7-Simple,Every-turn,0.2,0.13477,48
MiniMax-M2.7-Simple,Every-turn,0.21,0.137915,48
MiniMax-M2.7-Simple,Every-turn,0.22,0.131425,48
MiniMax-M2.7-Simple,Every-turn,0.23,0.128085,48
MiniMax-M2.7-Simple,Every-turn,0.24,0.136181,48
MiniMax-M2.7-Simple,Every-turn,0.25,0.131035,48
MiniMax-M2.7-Simple,Every-turn,0.26,0.135343,48
MiniMax-M2.7-Simple,Every-turn,0.27,0.132335,48
MiniMax-M2.7-Simple,Every-turn,0.28,0.129183,48
MiniMax-M2.7-Simple,Every-turn,0.29,0.13264,48
MiniMax-M2.7-Simple,Every-turn,0.3,0.132655,48
MiniMax-M2.7-Simple,Every-turn,0.31,0.128921,48
MiniMax-M2.7-Simple,Every-turn,0.32,0.132875,48
MiniMax-M2.7-Simple,Every-turn,0.33,0.130233,48
MiniMax-M2.7-Simple,Every-turn,0.34,0.128537,48
MiniMax-M2.7-Simple,Every-turn,0.35,0.127894,48
MiniMax-M2.7-Simple,Every-turn,0.36,0.124396,48
MiniMax-M2.7-Simple,Every-turn,0.37,0.120118,48
MiniMax-M2.7-Simple,Every-turn,0.38,0.117517,48
MiniMax-M2.7-Simple,Every-turn,0.39,0.117432,48
MiniMax-M2.7-Simple,Every-turn,0.4,0.118742,48
MiniMax-M2.7-Simple,Every-turn,0.41,0.123558,48
MiniMax-M2.7-Simple,Every-turn,0.42,0.123292,48
MiniMax-M2.7-Simple,Every-turn,0.43,0.121159,48
MiniMax-M2.7-Simple,Every-turn,0.44,0.122987,48
MiniMax-M2.7-Simple,Every-turn,0.45,0.118376,48
MiniMax-M2.7-Simple,Every-turn,0.46,0.109431,48
MiniMax-M2.7-Simple,Every-turn,0.47,0.111285,48
MiniMax-M2.7-Simple,Every-turn,0.48,0.109834,48
MiniMax-M2.7-Simple,Every-turn,0.49,0.107262,48
MiniMax-M2.7-Simple,Every-turn,0.5,0.108991,48
MiniMax-M2.7-Simple,Every-turn,0.51,0.10796,48
MiniMax-M2.7-Simple,Every-turn,0.52,0.106619,48
MiniMax-M2.7-Simple,Every-turn,0.53,0.112643,48
MiniMax-M2.7-Simple,Every-turn,0.54,0.119287,48
MiniMax-M2.7-Simple,Every-turn,0.55,0.120018,48
MiniMax-M2.7-Simple,Every-turn,0.56,0.118725,48
MiniMax-M2.7-Simple,Every-turn,0.57,0.11994,48
MiniMax-M2.7-Simple,Every-turn,0.58,0.12434,48
MiniMax-M2.7-Simple,Every-turn,0.59,0.122926,48
MiniMax-M2.7-Simple,Every-turn,0.6,0.119921,48
MiniMax-M2.7-Simple,Every-turn,0.61,0.12348,48
MiniMax-M2.7-Simple,Every-turn,0.62,0.12169,48
MiniMax-M2.7-Simple,Every-turn,0.63,0.126185,48
MiniMax-M2.7-Simple,Every-turn,0.64,0.126394,48
MiniMax-M2.7-Simple,Every-turn,0.65,0.125283,48
MiniMax-M2.7-Simple,Every-turn,0.66,0.123349,48
MiniMax-M2.7-Simple,Every-turn,0.67,0.121285,48
MiniMax-M2.7-Simple,Every-turn,0.68,0.12131,48
MiniMax-M2.7-Simple,Every-turn,0.69,0.128023,48
MiniMax-M2.7-Simple,Every-turn,0.7,0.119805,48
MiniMax-M2.7-Simple,Every-turn,0.71,0.123586,48
MiniMax-M2.7-Simple,Every-turn,0.72,0.121985,48
MiniMax-M2.7-Simple,Every-turn,0.73,0.114187,48
MiniMax-M2.7-Simple,Every-turn,0.74,0.106055,48
MiniMax-M2.7-Simple,Every-turn,0.75,0.109484,48
MiniMax-M2.7-Simple,Every-turn,0.76,0.102003,48
MiniMax-M2.7-Simple,Every-turn,0.77,0.107489,48
MiniMax-M2.7-Simple,Every-turn,0.78,0.108541,48
MiniMax-M2.7-Simple,Every-turn,0.79,0.111307,48
MiniMax-M2.7-Simple,Every-turn,0.8,0.11068,48
MiniMax-M2.7-Simple,Every-turn,0.81,0.107796,48
MiniMax-M2.7-Simple,Every-turn,0.82,0.101254,48
MiniMax-M2.7-Simple,Every-turn,0.83,0.104576,48
MiniMax-M2.7-Simple,Every-turn,0.84,0.110595,48
MiniMax-M2.7-Simple,Every-turn,0.85,0.109887,48
MiniMax-M2.7-Simple,Every-turn,0.86,0.110303,48
MiniMax-M2.7-Simple,Every-turn,0.87,0.106913,48
MiniMax-M2.7-Simple,Every-turn,0.88,0.106112,48
MiniMax-M2.7-Simple,Every-turn,0.89,0.105511,48
MiniMax-M2.7-Simple,Every-turn,0.9,0.100906,48
MiniMax-M2.7-Simple,Every-turn,0.91,0.101118,48
MiniMax-M2.7-Simple,Every-turn,0.92,0.103055,48
MiniMax-M2.7-Simple,Every-turn,0.93,0.106699,48
MiniMax-M2.7-Simple,Every-turn,0.94,0.111005,48
MiniMax-M2.7-Simple,Every-turn,0.95,0.102837,48
MiniMax-M2.7-Simple,Every-turn,0.96,0.102881,48
MiniMax-M2.7-Simple,Every-turn,0.97,0.105642,48
MiniMax-M2.7-Simple,Every-turn,0.98,0.102515,48
MiniMax-M2.7-Simple,Every-turn,0.99,0.111834,48
MiniMax-M2.7-Simple,Every-turn,1.0,0.111351,48
MiniMax-M2.7-Simple,Per-5,0.0,0.124983,48
MiniMax-M2.7-Simple,Per-5,0.01,0.12549,48
MiniMax-M2.7-Simple,Per-5,0.02,0.126306,48
MiniMax-M2.7-Simple,Per-5,0.03,0.123167,48
MiniMax-M2.7-Simple,Per-5,0.04,0.137909,48
MiniMax-M2.7-Simple,Per-5,0.05,0.120575,48
MiniMax-M2.7-Simple,Per-5,0.06,0.111331,48
MiniMax-M2.7-Simple,Per-5,0.07,0.12259,48
MiniMax-M2.7-Simple,Per-5,0.08,0.122971,48
MiniMax-M2.7-Simple,Per-5,0.09,0.12672,48
MiniMax-M2.7-Simple,Per-5,0.1,0.129065,48
MiniMax-M2.7-Simple,Per-5,0.11,0.127316,48
MiniMax-M2.7-Simple,Per-5,0.12,0.129181,48
MiniMax-M2.7-Simple,Per-5,0.13,0.13326,48
MiniMax-M2.7-Simple,Per-5,0.14,0.131267,48
MiniMax-M2.7-Simple,Per-5,0.15,0.136805,48
MiniMax-M2.7-Simple,Per-5,0.16,0.135609,48
MiniMax-M2.7-Simple,Per-5,0.17,0.131819,48
MiniMax-M2.7-Simple,Per-5,0.18,0.13283,48
MiniMax-M2.7-Simple,Per-5,0.19,0.128895,48
MiniMax-M2.7-Simple,Per-5,0.2,0.126061,48
MiniMax-M2.7-Simple,Per-5,0.21,0.120004,48
MiniMax-M2.7-Simple,Per-5,0.22,0.119133,48
MiniMax-M2.7-Simple,Per-5,0.23,0.124123,48
MiniMax-M2.7-Simple,Per-5,0.24,0.124796,48
MiniMax-M2.7-Simple,Per-5,0.25,0.127414,48
MiniMax-M2.7-Simple,Per-5,0.26,0.126059,48
MiniMax-M2.7-Simple,Per-5,0.27,0.123998,48
MiniMax-M2.7-Simple,Per-5,0.28,0.125812,48
MiniMax-M2.7-Simple,Per-5,0.29,0.126349,48
MiniMax-M2.7-Simple,Per-5,0.3,0.126223,48
MiniMax-M2.7-Simple,Per-5,0.31,0.121245,48
MiniMax-M2.7-Simple,Per-5,0.32,0.122717,48
MiniMax-M2.7-Simple,Per-5,0.33,0.125725,48
MiniMax-M2.7-Simple,Per-5,0.34,0.119762,48
MiniMax-M2.7-Simple,Per-5,0.35,0.116388,48
MiniMax-M2.7-Simple,Per-5,0.36,0.118952,48
MiniMax-M2.7-Simple,Per-5,0.37,0.11931,48
MiniMax-M2.7-Simple,Per-5,0.38,0.121131,48
MiniMax-M2.7-Simple,Per-5,0.39,0.123563,48
MiniMax-M2.7-Simple,Per-5,0.4,0.124544,48
MiniMax-M2.7-Simple,Per-5,0.41,0.126301,48
MiniMax-M2.7-Simple,Per-5,0.42,0.131128,48
MiniMax-M2.7-Simple,Per-5,0.43,0.128774,48
MiniMax-M2.7-Simple,Per-5,0.44,0.13033,48
MiniMax-M2.7-Simple,Per-5,0.45,0.131536,48
MiniMax-M2.7-Simple,Per-5,0.46,0.124593,48
MiniMax-M2.7-Simple,Per-5,0.47,0.122687,48
MiniMax-M2.7-Simple,Per-5,0.48,0.118584,48
MiniMax-M2.7-Simple,Per-5,0.49,0.119578,48
MiniMax-M2.7-Simple,Per-5,0.5,0.119886,48
MiniMax-M2.7-Simple,Per-5,0.51,0.121376,48
MiniMax-M2.7-Simple,Per-5,0.52,0.119606,48
MiniMax-M2.7-Simple,Per-5,0.53,0.120283,48
MiniMax-M2.7-Simple,Per-5,0.54,0.118209,48
MiniMax-M2.7-Simple,Per-5,0.55,0.114653,48
MiniMax-M2.7-Simple,Per-5,0.56,0.113796,48
MiniMax-M2.7-Simple,Per-5,0.57,0.110225,48
MiniMax-M2.7-Simple,Per-5,0.58,0.102736,48
MiniMax-M2.7-Simple,Per-5,0.59,0.101345,48
MiniMax-M2.7-Simple,Per-5,0.6,0.092922,48
MiniMax-M2.7-Simple,Per-5,0.61,0.094485,48
MiniMax-M2.7-Simple,Per-5,0.62,0.08773,48
MiniMax-M2.7-Simple,Per-5,0.63,0.086537,48
MiniMax-M2.7-Simple,Per-5,0.64,0.093716,48
MiniMax-M2.7-Simple,Per-5,0.65,0.086964,48
MiniMax-M2.7-Simple,Per-5,0.66,0.075473,48
MiniMax-M2.7-Simple,Per-5,0.67,0.083999,48
MiniMax-M2.7-Simple,Per-5,0.68,0.0773,48
MiniMax-M2.7-Simple,Per-5,0.69,0.074522,48
MiniMax-M2.7-Simple,Per-5,0.7,0.072163,48
MiniMax-M2.7-Simple,Per-5,0.71,0.070295,48
MiniMax-M2.7-Simple,Per-5,0.72,0.067308,48
MiniMax-M2.7-Simple,Per-5,0.73,0.063451,48
MiniMax-M2.7-Simple,Per-5,0.74,0.061126,48
MiniMax-M2.7-Simple,Per-5,0.75,0.061693,48
MiniMax-M2.7-Simple,Per-5,0.76,0.066766,48
MiniMax-M2.7-Simple,Per-5,0.77,0.071974,48
MiniMax-M2.7-Simple,Per-5,0.78,0.067659,48
MiniMax-M2.7-Simple,Per-5,0.79,0.067274,48
MiniMax-M2.7-Simple,Per-5,0.8,0.065071,48
MiniMax-M2.7-Simple,Per-5,0.81,0.071103,48
MiniMax-M2.7-Simple,Per-5,0.82,0.070189,48
MiniMax-M2.7-Simple,Per-5,0.83,0.068606,48
MiniMax-M2.7-Simple,Per-5,0.84,0.071831,48
MiniMax-M2.7-Simple,Per-5,0.85,0.069298,48
MiniMax-M2.7-Simple,Per-5,0.86,0.065737,48
MiniMax-M2.7-Simple,Per-5,0.87,0.064929,48
MiniMax-M2.7-Simple,Per-5,0.88,0.061771,48
MiniMax-M2.7-Simple,Per-5,0.89,0.063551,48
MiniMax-M2.7-Simple,Per-5,0.9,0.061584,48
MiniMax-M2.7-Simple,Per-5,0.91,0.068771,48
MiniMax-M2.7-Simple,Per-5,0.92,0.069628,48
MiniMax-M2.7-Simple,Per-5,0.93,0.063129,48
MiniMax-M2.7-Simple,Per-5,0.94,0.059329,48
MiniMax-M2.7-Simple,Per-5,0.95,0.056259,48
MiniMax-M2.7-Simple,Per-5,0.96,0.062384,48
MiniMax-M2.7-Simple,Per-5,0.97,0.058212,48
MiniMax-M2.7-Simple,Per-5,0.98,0.059379,48
MiniMax-M2.7-Simple,Per-5,0.99,0.063036,48
MiniMax-M2.7-Simple,Per-5,1.0,0.063048,48
MiniMax-M3-Simple,Per-5,0.0,0.125008,48
MiniMax-M3-Simple,Per-5,0.01,0.125233,48
MiniMax-M3-Simple,Per-5,0.02,0.12626,48
MiniMax-M3-Simple,Per-5,0.03,0.127875,48
MiniMax-M3-Simple,Per-5,0.04,0.130911,48
MiniMax-M3-Simple,Per-5,0.05,0.120625,48
MiniMax-M3-Simple,Per-5,0.06,0.113937,48
MiniMax-M3-Simple,Per-5,0.07,0.126561,48
MiniMax-M3-Simple,Per-5,0.08,0.124411,48
MiniMax-M3-Simple,Per-5,0.09,0.125271,48
MiniMax-M3-Simple,Per-5,0.1,0.132699,48
MiniMax-M3-Simple,Per-5,0.11,0.131244,48
MiniMax-M3-Simple,Per-5,0.12,0.131332,48
MiniMax-M3-Simple,Per-5,0.13,0.134799,48
MiniMax-M3-Simple,Per-5,0.14,0.131144,48
MiniMax-M3-Simple,Per-5,0.15,0.13471,48
MiniMax-M3-Simple,Per-5,0.16,0.141676,48
MiniMax-M3-Simple,Per-5,0.17,0.143125,48
MiniMax-M3-Simple,Per-5,0.18,0.143591,48
MiniMax-M3-Simple,Per-5,0.19,0.144148,48
MiniMax-M3-Simple,Per-5,0.2,0.143049,48
MiniMax-M3-Simple,Per-5,0.21,0.14409,48
MiniMax-M3-Simple,Per-5,0.22,0.144164,48
MiniMax-M3-Simple,Per-5,0.23,0.135537,48
MiniMax-M3-Simple,Per-5,0.24,0.134963,48
MiniMax-M3-Simple,Per-5,0.25,0.142525,48
MiniMax-M3-Simple,Per-5,0.26,0.145469,48
MiniMax-M3-Simple,Per-5,0.27,0.145803,48
MiniMax-M3-Simple,Per-5,0.28,0.145711,48
MiniMax-M3-Simple,Per-5,0.29,0.141609,48
MiniMax-M3-Simple,Per-5,0.3,0.142391,48
MiniMax-M3-Simple,Per-5,0.31,0.143703,48
MiniMax-M3-Simple,Per-5,0.32,0.133048,48
MiniMax-M3-Simple,Per-5,0.33,0.136176,48
MiniMax-M3-Simple,Per-5,0.34,0.138506,48
MiniMax-M3-Simple,Per-5,0.35,0.137041,48
MiniMax-M3-Simple,Per-5,0.36,0.140856,48
MiniMax-M3-Simple,Per-5,0.37,0.142449,48
MiniMax-M3-Simple,Per-5,0.38,0.142103,48
MiniMax-M3-Simple,Per-5,0.39,0.138874,48
MiniMax-M3-Simple,Per-5,0.4,0.140532,48
MiniMax-M3-Simple,Per-5,0.41,0.143812,48
MiniMax-M3-Simple,Per-5,0.42,0.145295,48
MiniMax-M3-Simple,Per-5,0.43,0.140022,48
MiniMax-M3-Simple,Per-5,0.44,0.133398,48
MiniMax-M3-Simple,Per-5,0.45,0.130776,48
MiniMax-M3-Simple,Per-5,0.46,0.132598,48
MiniMax-M3-Simple,Per-5,0.47,0.129186,48
MiniMax-M3-Simple,Per-5,0.48,0.129178,48
MiniMax-M3-Simple,Per-5,0.49,0.129687,48
MiniMax-M3-Simple,Per-5,0.5,0.129393,48
MiniMax-M3-Simple,Per-5,0.51,0.119516,48
MiniMax-M3-Simple,Per-5,0.52,0.121313,48
MiniMax-M3-Simple,Per-5,0.53,0.1271,48
MiniMax-M3-Simple,Per-5,0.54,0.125252,48
MiniMax-M3-Simple,Per-5,0.55,0.124178,48
MiniMax-M3-Simple,Per-5,0.56,0.125184,48
MiniMax-M3-Simple,Per-5,0.57,0.120682,48
MiniMax-M3-Simple,Per-5,0.58,0.117774,48
MiniMax-M3-Simple,Per-5,0.59,0.115346,48
MiniMax-M3-Simple,Per-5,0.6,0.110303,48
MiniMax-M3-Simple,Per-5,0.61,0.113346,48
MiniMax-M3-Simple,Per-5,0.62,0.113339,48
MiniMax-M3-Simple,Per-5,0.63,0.106517,48
MiniMax-M3-Simple,Per-5,0.64,0.10502,48
MiniMax-M3-Simple,Per-5,0.65,0.106025,48
MiniMax-M3-Simple,Per-5,0.66,0.104341,48
MiniMax-M3-Simple,Per-5,0.67,0.106119,48
MiniMax-M3-Simple,Per-5,0.68,0.105927,48
MiniMax-M3-Simple,Per-5,0.69,0.104003,48
MiniMax-M3-Simple,Per-5,0.7,0.0983,48
MiniMax-M3-Simple,Per-5,0.71,0.092658,48
MiniMax-M3-Simple,Per-5,0.72,0.097037,48
MiniMax-M3-Simple,Per-5,0.73,0.092385,48
MiniMax-M3-Simple,Per-5,0.74,0.089987,48
MiniMax-M3-Simple,Per-5,0.75,0.084733,48
MiniMax-M3-Simple,Per-5,0.76,0.092377,48
MiniMax-M3-Simple,Per-5,0.77,0.091393,48
MiniMax-M3-Simple,Per-5,0.78,0.090424,48
MiniMax-M3-Simple,Per-5,0.79,0.095561,48
MiniMax-M3-Simple,Per-5,0.8,0.090684,48
MiniMax-M3-Simple,Per-5,0.81,0.085407,48
MiniMax-M3-Simple,Per-5,0.82,0.081476,48
MiniMax-M3-Simple,Per-5,0.83,0.075156,48
MiniMax-M3-Simple,Per-5,0.84,0.077214,48
MiniMax-M3-Simple,Per-5,0.85,0.072316,48
MiniMax-M3-Simple,Per-5,0.86,0.079446,48
MiniMax-M3-Simple,Per-5,0.87,0.076867,48
MiniMax-M3-Simple,Per-5,0.88,0.071627,48
MiniMax-M3-Simple,Per-5,0.89,0.071658,48
MiniMax-M3-Simple,Per-5,0.9,0.065928,48
MiniMax-M3-Simple,Per-5,0.91,0.0626,48
MiniMax-M3-Simple,Per-5,0.92,0.063966,48
MiniMax-M3-Simple,Per-5,0.93,0.058613,48
MiniMax-M3-Simple,Per-5,0.94,0.058303,48
MiniMax-M3-Simple,Per-5,0.95,0.057965,48
MiniMax-M3-Simple,Per-5,0.96,0.053521,48
MiniMax-M3-Simple,Per-5,0.97,0.050258,48
MiniMax-M3-Simple,Per-5,0.98,0.047513,48
MiniMax-M3-Simple,Per-5,0.99,0.048309,48
MiniMax-M3-Simple,Per-5,1.0,0.047287,48
Nemotron-3-Super-Simple,Every-turn,0.0,0.126123,48
Nemotron-3-Super-Simple,Every-turn,0.01,0.124161,48
Nemotron-3-Super-Simple,Every-turn,0.02,0.125212,48
Nemotron-3-Super-Simple,Every-turn,0.03,0.130004,48
Nemotron-3-Super-Simple,Every-turn,0.04,0.124054,48
Nemotron-3-Super-Simple,Every-turn,0.05,0.11834,48
Nemotron-3-Super-Simple,Every-turn,0.06,0.129451,48
Nemotron-3-Super-Simple,Every-turn,0.07,0.130716,48
Nemotron-3-Super-Simple,Every-turn,0.08,0.134547,48
Nemotron-3-Super-Simple,Every-turn,0.09,0.135193,48
Nemotron-3-Super-Simple,Every-turn,0.1,0.141211,48
Nemotron-3-Super-Simple,Every-turn,0.11,0.145988,48
Nemotron-3-Super-Simple,Every-turn,0.12,0.146078,48
Nemotron-3-Super-Simple,Every-turn,0.13,0.160111,48
Nemotron-3-Super-Simple,Every-turn,0.14,0.156871,48
Nemotron-3-Super-Simple,Every-turn,0.15,0.164771,48
Nemotron-3-Super-Simple,Every-turn,0.16,0.164169,48
Nemotron-3-Super-Simple,Every-turn,0.17,0.159298,48
Nemotron-3-Super-Simple,Every-turn,0.18,0.153261,48
Nemotron-3-Super-Simple,Every-turn,0.19,0.154832,48
Nemotron-3-Super-Simple,Every-turn,0.2,0.151506,48
Nemotron-3-Super-Simple,Every-turn,0.21,0.152233,48
Nemotron-3-Super-Simple,Every-turn,0.22,0.145846,48
Nemotron-3-Super-Simple,Every-turn,0.23,0.149828,48
Nemotron-3-Super-Simple,Every-turn,0.24,0.144296,48
Nemotron-3-Super-Simple,Every-turn,0.25,0.146013,48
Nemotron-3-Super-Simple,Every-turn,0.26,0.151853,48
Nemotron-3-Super-Simple,Every-turn,0.27,0.150796,48
Nemotron-3-Super-Simple,Every-turn,0.28,0.151792,48
Nemotron-3-Super-Simple,Every-turn,0.29,0.148722,48
Nemotron-3-Super-Simple,Every-turn,0.3,0.149235,48
Nemotron-3-Super-Simple,Every-turn,0.31,0.153667,48
Nemotron-3-Super-Simple,Every-turn,0.32,0.14952,48
Nemotron-3-Super-Simple,Every-turn,0.33,0.143554,48
Nemotron-3-Super-Simple,Every-turn,0.34,0.142014,48
Nemotron-3-Super-Simple,Every-turn,0.35,0.137613,48
Nemotron-3-Super-Simple,Every-turn,0.36,0.132987,48
Nemotron-3-Super-Simple,Every-turn,0.37,0.133051,48
Nemotron-3-Super-Simple,Every-turn,0.38,0.131498,48
Nemotron-3-Super-Simple,Every-turn,0.39,0.136816,48
Nemotron-3-Super-Simple,Every-turn,0.4,0.133095,48
Nemotron-3-Super-Simple,Every-turn,0.41,0.130579,48
Nemotron-3-Super-Simple,Every-turn,0.42,0.128732,48
Nemotron-3-Super-Simple,Every-turn,0.43,0.135903,48
Nemotron-3-Super-Simple,Every-turn,0.44,0.130608,48
Nemotron-3-Super-Simple,Every-turn,0.45,0.129924,48
Nemotron-3-Super-Simple,Every-turn,0.46,0.130626,48
Nemotron-3-Super-Simple,Every-turn,0.47,0.127246,48
Nemotron-3-Super-Simple,Every-turn,0.48,0.125787,48
Nemotron-3-Super-Simple,Every-turn,0.49,0.123672,48
Nemotron-3-Super-Simple,Every-turn,0.5,0.122858,48
Nemotron-3-Super-Simple,Every-turn,0.51,0.121069,48
Nemotron-3-Super-Simple,Every-turn,0.52,0.122478,48
Nemotron-3-Super-Simple,Every-turn,0.53,0.118965,48
Nemotron-3-Super-Simple,Every-turn,0.54,0.118824,48
Nemotron-3-Super-Simple,Every-turn,0.55,0.117731,48
Nemotron-3-Super-Simple,Every-turn,0.56,0.113302,48
Nemotron-3-Super-Simple,Every-turn,0.57,0.110736,48
Nemotron-3-Super-Simple,Every-turn,0.58,0.109094,48
Nemotron-3-Super-Simple,Every-turn,0.59,0.112044,48
Nemotron-3-Super-Simple,Every-turn,0.6,0.105195,48
Nemotron-3-Super-Simple,Every-turn,0.61,0.103403,48
Nemotron-3-Super-Simple,Every-turn,0.62,0.098263,48
Nemotron-3-Super-Simple,Every-turn,0.63,0.090304,48
Nemotron-3-Super-Simple,Every-turn,0.64,0.090444,48
Nemotron-3-Super-Simple,Every-turn,0.65,0.087389,48
Nemotron-3-Super-Simple,Every-turn,0.66,0.084741,48
Nemotron-3-Super-Simple,Every-turn,0.67,0.086174,48
Nemotron-3-Super-Simple,Every-turn,0.68,0.082229,48
Nemotron-3-Super-Simple,Every-turn,0.69,0.081375,48
Nemotron-3-Super-Simple,Every-turn,0.7,0.077588,48
Nemotron-3-Super-Simple,Every-turn,0.71,0.080212,48
Nemotron-3-Super-Simple,Every-turn,0.72,0.080518,48
Nemotron-3-Super-Simple,Every-turn,0.73,0.076434,48
Nemotron-3-Super-Simple,Every-turn,0.74,0.080195,48
Nemotron-3-Super-Simple,Every-turn,0.75,0.079361,48
Nemotron-3-Super-Simple,Every-turn,0.76,0.082731,48
Nemotron-3-Super-Simple,Every-turn,0.77,0.08017,48
Nemotron-3-Super-Simple,Every-turn,0.78,0.081284,48
Nemotron-3-Super-Simple,Every-turn,0.79,0.085067,48
Nemotron-3-Super-Simple,Every-turn,0.8,0.087122,48
Nemotron-3-Super-Simple,Every-turn,0.81,0.094363,48
Nemotron-3-Super-Simple,Every-turn,0.82,0.085869,48
Nemotron-3-Super-Simple,Every-turn,0.83,0.077867,48
Nemotron-3-Super-Simple,Every-turn,0.84,0.075322,48
Nemotron-3-Super-Simple,Every-turn,0.85,0.068375,48
Nemotron-3-Super-Simple,Every-turn,0.86,0.060238,48
Nemotron-3-Super-Simple,Every-turn,0.87,0.064189,48
Nemotron-3-Super-Simple,Every-turn,0.88,0.07178,48
Nemotron-3-Super-Simple,Every-turn,0.89,0.070856,48
Nemotron-3-Super-Simple,Every-turn,0.9,0.068613,48
Nemotron-3-Super-Simple,Every-turn,0.91,0.071999,48
Nemotron-3-Super-Simple,Every-turn,0.92,0.073917,48
Nemotron-3-Super-Simple,Every-turn,0.93,0.075826,48
Nemotron-3-Super-Simple,Every-turn,0.94,0.073591,48
Nemotron-3-Super-Simple,Every-turn,0.95,0.057492,48
Nemotron-3-Super-Simple,Every-turn,0.96,0.053169,48
Nemotron-3-Super-Simple,Every-turn,0.97,0.05353,48
Nemotron-3-Super-Simple,Every-turn,0.98,0.053248,48
Nemotron-3-Super-Simple,Every-turn,0.99,0.053762,48
Nemotron-3-Super-Simple,Every-turn,1.0,0.064519,48
Nemotron-3-Super-Simple,Per-5,0.0,0.123804,48
Nemotron-3-Super-Simple,Per-5,0.01,0.125336,48
Nemotron-3-Super-Simple,Per-5,0.02,0.123216,48
Nemotron-3-Super-Simple,Per-5,0.03,0.121821,48
Nemotron-3-Super-Simple,Per-5,0.04,0.122502,48
Nemotron-3-Super-Simple,Per-5,0.05,0.129074,48
Nemotron-3-Super-Simple,Per-5,0.06,0.142496,48
Nemotron-3-Super-Simple,Per-5,0.07,0.143896,48
Nemotron-3-Super-Simple,Per-5,0.08,0.143061,48
Nemotron-3-Super-Simple,Per-5,0.09,0.143946,48
Nemotron-3-Super-Simple,Per-5,0.1,0.151191,48
Nemotron-3-Super-Simple,Per-5,0.11,0.146012,48
Nemotron-3-Super-Simple,Per-5,0.12,0.149598,48
Nemotron-3-Super-Simple,Per-5,0.13,0.152017,48
Nemotron-3-Super-Simple,Per-5,0.14,0.150039,48
Nemotron-3-Super-Simple,Per-5,0.15,0.152624,48
Nemotron-3-Super-Simple,Per-5,0.16,0.154326,48
Nemotron-3-Super-Simple,Per-5,0.17,0.152132,48
Nemotron-3-Super-Simple,Per-5,0.18,0.155167,48
Nemotron-3-Super-Simple,Per-5,0.19,0.155749,48
Nemotron-3-Super-Simple,Per-5,0.2,0.15875,48
Nemotron-3-Super-Simple,Per-5,0.21,0.1528,48
Nemotron-3-Super-Simple,Per-5,0.22,0.154515,48
Nemotron-3-Super-Simple,Per-5,0.23,0.155451,48
Nemotron-3-Super-Simple,Per-5,0.24,0.151544,48
Nemotron-3-Super-Simple,Per-5,0.25,0.148753,48
Nemotron-3-Super-Simple,Per-5,0.26,0.147513,48
Nemotron-3-Super-Simple,Per-5,0.27,0.147009,48
Nemotron-3-Super-Simple,Per-5,0.28,0.142782,48
Nemotron-3-Super-Simple,Per-5,0.29,0.140979,48
Nemotron-3-Super-Simple,Per-5,0.3,0.13268,48
Nemotron-3-Super-Simple,Per-5,0.31,0.13092,48
Nemotron-3-Super-Simple,Per-5,0.32,0.132109,48
Nemotron-3-Super-Simple,Per-5,0.33,0.132985,48
Nemotron-3-Super-Simple,Per-5,0.34,0.129766,48
Nemotron-3-Super-Simple,Per-5,0.35,0.127487,48
Nemotron-3-Super-Simple,Per-5,0.36,0.12682,48
Nemotron-3-Super-Simple,Per-5,0.37,0.1294,48
Nemotron-3-Super-Simple,Per-5,0.38,0.128466,48
Nemotron-3-Super-Simple,Per-5,0.39,0.13417,48
Nemotron-3-Super-Simple,Per-5,0.4,0.141235,48
Nemotron-3-Super-Simple,Per-5,0.41,0.138329,48
Nemotron-3-Super-Simple,Per-5,0.42,0.140333,48
Nemotron-3-Super-Simple,Per-5,0.43,0.136445,48
Nemotron-3-Super-Simple,Per-5,0.44,0.131013,48
Nemotron-3-Super-Simple,Per-5,0.45,0.124879,48
Nemotron-3-Super-Simple,Per-5,0.46,0.125411,48
Nemotron-3-Super-Simple,Per-5,0.47,0.12538,48
Nemotron-3-Super-Simple,Per-5,0.48,0.121886,48
Nemotron-3-Super-Simple,Per-5,0.49,0.123894,48
Nemotron-3-Super-Simple,Per-5,0.5,0.112862,48
Nemotron-3-Super-Simple,Per-5,0.51,0.114886,48
Nemotron-3-Super-Simple,Per-5,0.52,0.112381,48
Nemotron-3-Super-Simple,Per-5,0.53,0.114321,48
Nemotron-3-Super-Simple,Per-5,0.54,0.111613,48
Nemotron-3-Super-Simple,Per-5,0.55,0.111408,48
Nemotron-3-Super-Simple,Per-5,0.56,0.106416,48
Nemotron-3-Super-Simple,Per-5,0.57,0.096374,48
Nemotron-3-Super-Simple,Per-5,0.58,0.093483,48
Nemotron-3-Super-Simple,Per-5,0.59,0.096545,48
Nemotron-3-Super-Simple,Per-5,0.6,0.0929,48
Nemotron-3-Super-Simple,Per-5,0.61,0.09107,48
Nemotron-3-Super-Simple,Per-5,0.62,0.080671,48
Nemotron-3-Super-Simple,Per-5,0.63,0.081689,48
Nemotron-3-Super-Simple,Per-5,0.64,0.081248,48
Nemotron-3-Super-Simple,Per-5,0.65,0.078255,48
Nemotron-3-Super-Simple,Per-5,0.66,0.071028,48
Nemotron-3-Super-Simple,Per-5,0.67,0.070156,48
Nemotron-3-Super-Simple,Per-5,0.68,0.065554,48
Nemotron-3-Super-Simple,Per-5,0.69,0.067149,48
Nemotron-3-Super-Simple,Per-5,0.7,0.073616,48
Nemotron-3-Super-Simple,Per-5,0.71,0.071169,48
Nemotron-3-Super-Simple,Per-5,0.72,0.069554,48
Nemotron-3-Super-Simple,Per-5,0.73,0.071593,48
Nemotron-3-Super-Simple,Per-5,0.74,0.070768,48
Nemotron-3-Super-Simple,Per-5,0.75,0.072216,48
Nemotron-3-Super-Simple,Per-5,0.76,0.065667,48
Nemotron-3-Super-Simple,Per-5,0.77,0.068643,48
Nemotron-3-Super-Simple,Per-5,0.78,0.064093,48
Nemotron-3-Super-Simple,Per-5,0.79,0.059277,48
Nemotron-3-Super-Simple,Per-5,0.8,0.055269,48
Nemotron-3-Super-Simple,Per-5,0.81,0.0577,48
Nemotron-3-Super-Simple,Per-5,0.82,0.054866,48
Nemotron-3-Super-Simple,Per-5,0.83,0.055361,48
Nemotron-3-Super-Simple,Per-5,0.84,0.046288,48
Nemotron-3-Super-Simple,Per-5,0.85,0.040791,48
Nemotron-3-Super-Simple,Per-5,0.86,0.039375,48
Nemotron-3-Super-Simple,Per-5,0.87,0.050936,48
Nemotron-3-Super-Simple,Per-5,0.88,0.051447,48
Nemotron-3-Super-Simple,Per-5,0.89,0.055075,48
Nemotron-3-Super-Simple,Per-5,0.9,0.053567,48
Nemotron-3-Super-Simple,Per-5,0.91,0.042657,48
Nemotron-3-Super-Simple,Per-5,0.92,0.04063,48
Nemotron-3-Super-Simple,Per-5,0.93,0.043884,48
Nemotron-3-Super-Simple,Per-5,0.94,0.043772,48
Nemotron-3-Super-Simple,Per-5,0.95,0.047301,48
Nemotron-3-Super-Simple,Per-5,0.96,0.042731,48
Nemotron-3-Super-Simple,Per-5,0.97,0.041822,48
Nemotron-3-Super-Simple,Per-5,0.98,0.043225,48
Nemotron-3-Super-Simple,Per-5,0.99,0.036212,48
Nemotron-3-Super-Simple,Per-5,1.0,0.04185,48
Null,Every-turn,0.0,0.124994,48
Null,Every-turn,0.01,0.124999,48
Null,Every-turn,0.02,0.123922,48
Null,Every-turn,0.03,0.120987,48
Null,Every-turn,0.04,0.135353,48
Null,Every-turn,0.05,0.137588,48
Null,Every-turn,0.06,0.135154,48
Null,Every-turn,0.07,0.139741,48
Null,Every-turn,0.08,0.140772,48
Null,Every-turn,0.09,0.128198,48
Null,Every-turn,0.1,0.122967,48
Null,Every-turn,0.11,0.115007,48
Null,Every-turn,0.12,0.117075,48
Null,Every-turn,0.13,0.118394,48
Null,Every-turn,0.14,0.121325,48
Null,Every-turn,0.15,0.117915,48
Null,Every-turn,0.16,0.117661,48
Null,Every-turn,0.17,0.116208,48
Null,Every-turn,0.18,0.117996,48
Null,Every-turn,0.19,0.117473,48
Null,Every-turn,0.2,0.107333,48
Null,Every-turn,0.21,0.105191,48
Null,Every-turn,0.22,0.103613,48
Null,Every-turn,0.23,0.100959,48
Null,Every-turn,0.24,0.102623,48
Null,Every-turn,0.25,0.099462,48
Null,Every-turn,0.26,0.093047,48
Null,Every-turn,0.27,0.091329,48
Null,Every-turn,0.28,0.091372,48
Null,Every-turn,0.29,0.092515,48
Null,Every-turn,0.3,0.088135,48
Null,Every-turn,0.31,0.089112,48
Null,Every-turn,0.32,0.088582,48
Null,Every-turn,0.33,0.088443,48
Null,Every-turn,0.34,0.085199,48
Null,Every-turn,0.35,0.087155,48
Null,Every-turn,0.36,0.087714,48
Null,Every-turn,0.37,0.08017,48
Null,Every-turn,0.38,0.085898,48
Null,Every-turn,0.39,0.081054,48
Null,Every-turn,0.4,0.079224,48
Null,Every-turn,0.41,0.079934,48
Null,Every-turn,0.42,0.074597,48
Null,Every-turn,0.43,0.072375,48
Null,Every-turn,0.44,0.071959,48
Null,Every-turn,0.45,0.076823,48
Null,Every-turn,0.46,0.071452,48
Null,Every-turn,0.47,0.074191,48
Null,Every-turn,0.48,0.068511,48
Null,Every-turn,0.49,0.059717,48
Null,Every-turn,0.5,0.056772,48
Null,Every-turn,0.51,0.053631,48
Null,Every-turn,0.52,0.052969,48
Null,Every-turn,0.53,0.050165,48
Null,Every-turn,0.54,0.045477,48
Null,Every-turn,0.55,0.041819,48
Null,Every-turn,0.56,0.039716,48
Null,Every-turn,0.57,0.040357,48
Null,Every-turn,0.58,0.034944,48
Null,Every-turn,0.59,0.032244,48
Null,Every-turn,0.6,0.028842,48
Null,Every-turn,0.61,0.027805,48
Null,Every-turn,0.62,0.027488,48
Null,Every-turn,0.63,0.02551,48
Null,Every-turn,0.64,0.02569,48
Null,Every-turn,0.65,0.023172,48
Null,Every-turn,0.66,0.019146,48
Null,Every-turn,0.67,0.018717,48
Null,Every-turn,0.68,0.018501,48
Null,Every-turn,0.69,0.017675,48
Null,Every-turn,0.7,0.017674,48
Null,Every-turn,0.71,0.01594,48
Null,Every-turn,0.72,0.01374,48
Null,Every-turn,0.73,0.013526,48
Null,Every-turn,0.74,0.014484,48
Null,Every-turn,0.75,0.017892,48
Null,Every-turn,0.76,0.015343,48
Null,Every-turn,0.77,0.013359,48
Null,Every-turn,0.78,0.012981,48
Null,Every-turn,0.79,0.011717,48
Null,Every-turn,0.8,0.010515,48
Null,Every-turn,0.81,0.012358,48
Null,Every-turn,0.82,0.011033,48
Null,Every-turn,0.83,0.0102,48
Null,Every-turn,0.84,0.011197,48
Null,Every-turn,0.85,0.011671,48
Null,Every-turn,0.86,0.010403,48
Null,Every-turn,0.87,0.010389,48
Null,Every-turn,0.88,0.010435,48
Null,Every-turn,0.89,0.011652,48
Null,Every-turn,0.9,0.009472,48
Null,Every-turn,0.91,0.010295,48
Null,Every-turn,0.92,0.012687,48
Null,Every-turn,0.93,0.015632,48
Null,Every-turn,0.94,0.012264,48
Null,Every-turn,0.95,0.009775,48
Null,Every-turn,0.96,0.008982,48
Null,Every-turn,0.97,0.007011,48
Null,Every-turn,0.98,0.009732,48
Null,Every-turn,0.99,0.0092,48
Null,Every-turn,1.0,0.011703,48
Qwen-3.5-Simple,Every-turn,0.0,0.125012,48
Qwen-3.5-Simple,Every-turn,0.01,0.12457,48
Qwen-3.5-Simple,Every-turn,0.02,0.124264,48
Qwen-3.5-Simple,Every-turn,0.03,0.124926,48
Qwen-3.5-Simple,Every-turn,0.04,0.130301,48
Qwen-3.5-Simple,Every-turn,0.05,0.128694,48
Qwen-3.5-Simple,Every-turn,0.06,0.128854,48
Qwen-3.5-Simple,Every-turn,0.07,0.131648,48
Qwen-3.5-Simple,Every-turn,0.08,0.135463,48
Qwen-3.5-Simple,Every-turn,0.09,0.137423,48
Qwen-3.5-Simple,Every-turn,0.1,0.13424,48
Qwen-3.5-Simple,Every-turn,0.11,0.133243,48
Qwen-3.5-Simple,Every-turn,0.12,0.135011,48
Qwen-3.5-Simple,Every-turn,0.13,0.142391,48
Qwen-3.5-Simple,Every-turn,0.14,0.136778,48
Qwen-3.5-Simple,Every-turn,0.15,0.139013,48
Qwen-3.5-Simple,Every-turn,0.16,0.142828,48
Qwen-3.5-Simple,Every-turn,0.17,0.139375,48
Qwen-3.5-Simple,Every-turn,0.18,0.142633,48
Qwen-3.5-Simple,Every-turn,0.19,0.140792,48
Qwen-3.5-Simple,Every-turn,0.2,0.145392,48
Qwen-3.5-Simple,Every-turn,0.21,0.141172,48
Qwen-3.5-Simple,Every-turn,0.22,0.145874,48
Qwen-3.5-Simple,Every-turn,0.23,0.142721,48
Qwen-3.5-Simple,Every-turn,0.24,0.138342,48
Qwen-3.5-Simple,Every-turn,0.25,0.135735,48
Qwen-3.5-Simple,Every-turn,0.26,0.13871,48
Qwen-3.5-Simple,Every-turn,0.27,0.131464,48
Qwen-3.5-Simple,Every-turn,0.28,0.130457,48
Qwen-3.5-Simple,Every-turn,0.29,0.130295,48
Qwen-3.5-Simple,Every-turn,0.3,0.123391,48
Qwen-3.5-Simple,Every-turn,0.31,0.121818,48
Qwen-3.5-Simple,Every-turn,0.32,0.125593,48
Qwen-3.5-Simple,Every-turn,0.33,0.120782,48
Qwen-3.5-Simple,Every-turn,0.34,0.119443,48
Qwen-3.5-Simple,Every-turn,0.35,0.115352,48
Qwen-3.5-Simple,Every-turn,0.36,0.120673,48
Qwen-3.5-Simple,Every-turn,0.37,0.117905,48
Qwen-3.5-Simple,Every-turn,0.38,0.118679,48
Qwen-3.5-Simple,Every-turn,0.39,0.115538,48
Qwen-3.5-Simple,Every-turn,0.4,0.113866,48
Qwen-3.5-Simple,Every-turn,0.41,0.113194,48
Qwen-3.5-Simple,Every-turn,0.42,0.112071,48
Qwen-3.5-Simple,Every-turn,0.43,0.108652,48
Qwen-3.5-Simple,Every-turn,0.44,0.105372,48
Qwen-3.5-Simple,Every-turn,0.45,0.10447,48
Qwen-3.5-Simple,Every-turn,0.46,0.103663,48
Qwen-3.5-Simple,Every-turn,0.47,0.105483,48
Qwen-3.5-Simple,Every-turn,0.48,0.108185,48
Qwen-3.5-Simple,Every-turn,0.49,0.107072,48
Qwen-3.5-Simple,Every-turn,0.5,0.110106,48
Qwen-3.5-Simple,Every-turn,0.51,0.108897,48
Qwen-3.5-Simple,Every-turn,0.52,0.11017,48
Qwen-3.5-Simple,Every-turn,0.53,0.114721,48
Qwen-3.5-Simple,Every-turn,0.54,0.114833,48
Qwen-3.5-Simple,Every-turn,0.55,0.116035,48
Qwen-3.5-Simple,Every-turn,0.56,0.116466,48
Qwen-3.5-Simple,Every-turn,0.57,0.121016,48
Qwen-3.5-Simple,Every-turn,0.58,0.121289,48
Qwen-3.5-Simple,Every-turn,0.59,0.12179,48
Qwen-3.5-Simple,Every-turn,0.6,0.116252,48
Qwen-3.5-Simple,Every-turn,0.61,0.115357,48
Qwen-3.5-Simple,Every-turn,0.62,0.116726,48
Qwen-3.5-Simple,Every-turn,0.63,0.118389,48
Qwen-3.5-Simple,Every-turn,0.64,0.121284,48
Qwen-3.5-Simple,Every-turn,0.65,0.119879,48
Qwen-3.5-Simple,Every-turn,0.66,0.120903,48
Qwen-3.5-Simple,Every-turn,0.67,0.12086,48
Qwen-3.5-Simple,Every-turn,0.68,0.125537,48
Qwen-3.5-Simple,Every-turn,0.69,0.127321,48
Qwen-3.5-Simple,Every-turn,0.7,0.131699,48
Qwen-3.5-Simple,Every-turn,0.71,0.130621,48
Qwen-3.5-Simple,Every-turn,0.72,0.135116,48
Qwen-3.5-Simple,Every-turn,0.73,0.135513,48
Qwen-3.5-Simple,Every-turn,0.74,0.134734,48
Qwen-3.5-Simple,Every-turn,0.75,0.132102,48
Qwen-3.5-Simple,Every-turn,0.76,0.13196,48
Qwen-3.5-Simple,Every-turn,0.77,0.128404,48
Qwen-3.5-Simple,Every-turn,0.78,0.126205,48
Qwen-3.5-Simple,Every-turn,0.79,0.123799,48
Qwen-3.5-Simple,Every-turn,0.8,0.121072,48
Qwen-3.5-Simple,Every-turn,0.81,0.12193,48
Qwen-3.5-Simple,Every-turn,0.82,0.123951,48
Qwen-3.5-Simple,Every-turn,0.83,0.128935,48
Qwen-3.5-Simple,Every-turn,0.84,0.125582,48
Qwen-3.5-Simple,Every-turn,0.85,0.124435,48
Qwen-3.5-Simple,Every-turn,0.86,0.129349,48
Qwen-3.5-Simple,Every-turn,0.87,0.131692,48
Qwen-3.5-Simple,Every-turn,0.88,0.13552,48
Qwen-3.5-Simple,Every-turn,0.89,0.13451,48
Qwen-3.5-Simple,Every-turn,0.9,0.122037,48
Qwen-3.5-Simple,Every-turn,0.91,0.118555,48
Qwen-3.5-Simple,Every-turn,0.92,0.111244,48
Qwen-3.5-Simple,Every-turn,0.93,0.117074,48
Qwen-3.5-Simple,Every-turn,0.94,0.119124,48
Qwen-3.5-Simple,Every-turn,0.95,0.123583,48
Qwen-3.5-Simple,Every-turn,0.96,0.120463,48
Qwen-3.5-Simple,Every-turn,0.97,0.122503,48
Qwen-3.5-Simple,Every-turn,0.98,0.125914,48
Qwen-3.5-Simple,Every-turn,0.99,0.124336,48
Qwen-3.5-Simple,Every-turn,1.0,0.123156,48
Qwen-3.5-Simple,Per-5,0.0,0.125395,48
Qwen-3.5-Simple,Per-5,0.01,0.127783,48
Qwen-3.5-Simple,Per-5,0.02,0.128461,48
Qwen-3.5-Simple,Per-5,0.03,0.130174,48
Qwen-3.5-Simple,Per-5,0.04,0.139226,48
Qwen-3.5-Simple,Per-5,0.05,0.132378,48
Qwen-3.5-Simple,Per-5,0.06,0.121662,48
Qwen-3.5-Simple,Per-5,0.07,0.130533,48
Qwen-3.5-Simple,Per-5,0.08,0.136704,48
Qwen-3.5-Simple,Per-5,0.09,0.134182,48
Qwen-3.5-Simple,Per-5,0.1,0.136206,48
Qwen-3.5-Simple,Per-5,0.11,0.13207,48
Qwen-3.5-Simple,Per-5,0.12,0.132651,48
Qwen-3.5-Simple,Per-5,0.13,0.132684,48
Qwen-3.5-Simple,Per-5,0.14,0.127415,48
Qwen-3.5-Simple,Per-5,0.15,0.127456,48
Qwen-3.5-Simple,Per-5,0.16,0.131832,48
Qwen-3.5-Simple,Per-5,0.17,0.126461,48
Qwen-3.5-Simple,Per-5,0.18,0.126258,48
Qwen-3.5-Simple,Per-5,0.19,0.127661,48
Qwen-3.5-Simple,Per-5,0.2,0.121637,48
Qwen-3.5-Simple,Per-5,0.21,0.12472,48
Qwen-3.5-Simple,Per-5,0.22,0.125844,48
Qwen-3.5-Simple,Per-5,0.23,0.129609,48
Qwen-3.5-Simple,Per-5,0.24,0.132046,48
Qwen-3.5-Simple,Per-5,0.25,0.132274,48
Qwen-3.5-Simple,Per-5,0.26,0.130594,48
Qwen-3.5-Simple,Per-5,0.27,0.125249,48
Qwen-3.5-Simple,Per-5,0.28,0.124172,48
Qwen-3.5-Simple,Per-5,0.29,0.120295,48
Qwen-3.5-Simple,Per-5,0.3,0.117215,48
Qwen-3.5-Simple,Per-5,0.31,0.116495,48
Qwen-3.5-Simple,Per-5,0.32,0.117686,48
Qwen-3.5-Simple,Per-5,0.33,0.118969,48
Qwen-3.5-Simple,Per-5,0.34,0.114914,48
Qwen-3.5-Simple,Per-5,0.35,0.110458,48
Qwen-3.5-Simple,Per-5,0.36,0.110702,48
Qwen-3.5-Simple,Per-5,0.37,0.103817,48
Qwen-3.5-Simple,Per-5,0.38,0.100347,48
Qwen-3.5-Simple,Per-5,0.39,0.104649,48
Qwen-3.5-Simple,Per-5,0.4,0.104907,48
Qwen-3.5-Simple,Per-5,0.41,0.102776,48
Qwen-3.5-Simple,Per-5,0.42,0.106918,48
Qwen-3.5-Simple,Per-5,0.43,0.109649,48
Qwen-3.5-Simple,Per-5,0.44,0.110684,48
Qwen-3.5-Simple,Per-5,0.45,0.103987,48
Qwen-3.5-Simple,Per-5,0.46,0.102761,48
Qwen-3.5-Simple,Per-5,0.47,0.101253,48
Qwen-3.5-Simple,Per-5,0.48,0.100744,48
Qwen-3.5-Simple,Per-5,0.49,0.102588,48
Qwen-3.5-Simple,Per-5,0.5,0.099664,48
Qwen-3.5-Simple,Per-5,0.51,0.095168,48
Qwen-3.5-Simple,Per-5,0.52,0.095648,48
Qwen-3.5-Simple,Per-5,0.53,0.098847,48
Qwen-3.5-Simple,Per-5,0.54,0.099403,48
Qwen-3.5-Simple,Per-5,0.55,0.099606,48
Qwen-3.5-Simple,Per-5,0.56,0.096443,48
Qwen-3.5-Simple,Per-5,0.57,0.091971,48
Qwen-3.5-Simple,Per-5,0.58,0.084857,48
Qwen-3.5-Simple,Per-5,0.59,0.082854,48
Qwen-3.5-Simple,Per-5,0.6,0.084534,48
Qwen-3.5-Simple,Per-5,0.61,0.085915,48
Qwen-3.5-Simple,Per-5,0.62,0.082869,48
Qwen-3.5-Simple,Per-5,0.63,0.082388,48
Qwen-3.5-Simple,Per-5,0.64,0.086027,48
Qwen-3.5-Simple,Per-5,0.65,0.085024,48
Qwen-3.5-Simple,Per-5,0.66,0.084481,48
Qwen-3.5-Simple,Per-5,0.67,0.091177,48
Qwen-3.5-Simple,Per-5,0.68,0.089269,48
Qwen-3.5-Simple,Per-5,0.69,0.086122,48
Qwen-3.5-Simple,Per-5,0.7,0.090505,48
Qwen-3.5-Simple,Per-5,0.71,0.092184,48
Qwen-3.5-Simple,Per-5,0.72,0.089995,48
Qwen-3.5-Simple,Per-5,0.73,0.082622,48
Qwen-3.5-Simple,Per-5,0.74,0.081149,48
Qwen-3.5-Simple,Per-5,0.75,0.081713,48
Qwen-3.5-Simple,Per-5,0.76,0.083889,48
Qwen-3.5-Simple,Per-5,0.77,0.079606,48
Qwen-3.5-Simple,Per-5,0.78,0.078567,48
Qwen-3.5-Simple,Per-5,0.79,0.081177,48
Qwen-3.5-Simple,Per-5,0.8,0.077225,48
Qwen-3.5-Simple,Per-5,0.81,0.072919,48
Qwen-3.5-Simple,Per-5,0.82,0.068414,48
Qwen-3.5-Simple,Per-5,0.83,0.068355,48
Qwen-3.5-Simple,Per-5,0.84,0.066049,48
Qwen-3.5-Simple,Per-5,0.85,0.065132,48
Qwen-3.5-Simple,Per-5,0.86,0.063976,48
Qwen-3.5-Simple,Per-5,0.87,0.058506,48
Qwen-3.5-Simple,Per-5,0.88,0.05421,48
Qwen-3.5-Simple,Per-5,0.89,0.05733,48
Qwen-3.5-Simple,Per-5,0.9,0.062783,48
Qwen-3.5-Simple,Per-5,0.91,0.062602,48
Qwen-3.5-Simple,Per-5,0.92,0.055001,48
Qwen-3.5-Simple,Per-5,0.93,0.060362,48
Qwen-3.5-Simple,Per-5,0.94,0.063524,48
Qwen-3.5-Simple,Per-5,0.95,0.059916,48
Qwen-3.5-Simple,Per-5,0.96,0.058529,48
Qwen-3.5-Simple,Per-5,0.97,0.063817,48
Qwen-3.5-Simple,Per-5,0.98,0.064764,48
Qwen-3.5-Simple,Per-5,0.99,0.06441,48
Qwen-3.5-Simple,Per-5,1.0,0.064168,48
Qwen-3.6-27B-Simple,Every-turn,0.0,0.124989,48
Qwen-3.6-27B-Simple,Every-turn,0.01,0.125081,48
Qwen-3.6-27B-Simple,Every-turn,0.02,0.124635,48
Qwen-3.6-27B-Simple,Every-turn,0.03,0.122303,48
Qwen-3.6-27B-Simple,Every-turn,0.04,0.135145,48
Qwen-3.6-27B-Simple,Every-turn,0.05,0.135097,48
Qwen-3.6-27B-Simple,Every-turn,0.06,0.127402,48
Qwen-3.6-27B-Simple,Every-turn,0.07,0.136982,48
Qwen-3.6-27B-Simple,Every-turn,0.08,0.151003,48
Qwen-3.6-27B-Simple,Every-turn,0.09,0.149244,48
Qwen-3.6-27B-Simple,Every-turn,0.1,0.1484,48
Qwen-3.6-27B-Simple,Every-turn,0.11,0.152376,48
Qwen-3.6-27B-Simple,Every-turn,0.12,0.157912,48
Qwen-3.6-27B-Simple,Every-turn,0.13,0.159019,48
Qwen-3.6-27B-Simple,Every-turn,0.14,0.163865,48
Qwen-3.6-27B-Simple,Every-turn,0.15,0.158034,48
Qwen-3.6-27B-Simple,Every-turn,0.16,0.152975,48
Qwen-3.6-27B-Simple,Every-turn,0.17,0.162739,48
Qwen-3.6-27B-Simple,Every-turn,0.18,0.161029,48
Qwen-3.6-27B-Simple,Every-turn,0.19,0.156568,48
Qwen-3.6-27B-Simple,Every-turn,0.2,0.15011,48
Qwen-3.6-27B-Simple,Every-turn,0.21,0.155882,48
Qwen-3.6-27B-Simple,Every-turn,0.22,0.152981,48
Qwen-3.6-27B-Simple,Every-turn,0.23,0.147824,48
Qwen-3.6-27B-Simple,Every-turn,0.24,0.148186,48
Qwen-3.6-27B-Simple,Every-turn,0.25,0.151495,48
Qwen-3.6-27B-Simple,Every-turn,0.26,0.15005,48
Qwen-3.6-27B-Simple,Every-turn,0.27,0.145912,48
Qwen-3.6-27B-Simple,Every-turn,0.28,0.148919,48
Qwen-3.6-27B-Simple,Every-turn,0.29,0.140443,48
Qwen-3.6-27B-Simple,Every-turn,0.3,0.140492,48
Qwen-3.6-27B-Simple,Every-turn,0.31,0.137829,48
Qwen-3.6-27B-Simple,Every-turn,0.32,0.136534,48
Qwen-3.6-27B-Simple,Every-turn,0.33,0.131567,48
Qwen-3.6-27B-Simple,Every-turn,0.34,0.127679,48
Qwen-3.6-27B-Simple,Every-turn,0.35,0.127711,48
Qwen-3.6-27B-Simple,Every-turn,0.36,0.119552,48
Qwen-3.6-27B-Simple,Every-turn,0.37,0.116256,48
Qwen-3.6-27B-Simple,Every-turn,0.38,0.115194,48
Qwen-3.6-27B-Simple,Every-turn,0.39,0.110838,48
Qwen-3.6-27B-Simple,Every-turn,0.4,0.114124,48
Qwen-3.6-27B-Simple,Every-turn,0.41,0.11034,48
Qwen-3.6-27B-Simple,Every-turn,0.42,0.105704,48
Qwen-3.6-27B-Simple,Every-turn,0.43,0.104346,48
Qwen-3.6-27B-Simple,Every-turn,0.44,0.102482,48
Qwen-3.6-27B-Simple,Every-turn,0.45,0.101016,48
Qwen-3.6-27B-Simple,Every-turn,0.46,0.101733,48
Qwen-3.6-27B-Simple,Every-turn,0.47,0.100645,48
Qwen-3.6-27B-Simple,Every-turn,0.48,0.100077,48
Qwen-3.6-27B-Simple,Every-turn,0.49,0.101482,48
Qwen-3.6-27B-Simple,Every-turn,0.5,0.096164,48
Qwen-3.6-27B-Simple,Every-turn,0.51,0.089894,48
Qwen-3.6-27B-Simple,Every-turn,0.52,0.08382,48
Qwen-3.6-27B-Simple,Every-turn,0.53,0.07938,48
Qwen-3.6-27B-Simple,Every-turn,0.54,0.079409,48
Qwen-3.6-27B-Simple,Every-turn,0.55,0.074445,48
Qwen-3.6-27B-Simple,Every-turn,0.56,0.073994,48
Qwen-3.6-27B-Simple,Every-turn,0.57,0.075149,48
Qwen-3.6-27B-Simple,Every-turn,0.58,0.07362,48
Qwen-3.6-27B-Simple,Every-turn,0.59,0.074543,48
Qwen-3.6-27B-Simple,Every-turn,0.6,0.068643,48
Qwen-3.6-27B-Simple,Every-turn,0.61,0.067658,48
Qwen-3.6-27B-Simple,Every-turn,0.62,0.064006,48
Qwen-3.6-27B-Simple,Every-turn,0.63,0.065526,48
Qwen-3.6-27B-Simple,Every-turn,0.64,0.068318,48
Qwen-3.6-27B-Simple,Every-turn,0.65,0.073579,48
Qwen-3.6-27B-Simple,Every-turn,0.66,0.06948,48
Qwen-3.6-27B-Simple,Every-turn,0.67,0.066855,48
Qwen-3.6-27B-Simple,Every-turn,0.68,0.070993,48
Qwen-3.6-27B-Simple,Every-turn,0.69,0.070559,48
Qwen-3.6-27B-Simple,Every-turn,0.7,0.059607,48
Qwen-3.6-27B-Simple,Every-turn,0.71,0.063748,48
Qwen-3.6-27B-Simple,Every-turn,0.72,0.05924,48
Qwen-3.6-27B-Simple,Every-turn,0.73,0.064806,48
Qwen-3.6-27B-Simple,Every-turn,0.74,0.057979,48
Qwen-3.6-27B-Simple,Every-turn,0.75,0.050875,48
Qwen-3.6-27B-Simple,Every-turn,0.76,0.048476,48
Qwen-3.6-27B-Simple,Every-turn,0.77,0.044649,48
Qwen-3.6-27B-Simple,Every-turn,0.78,0.054418,48
Qwen-3.6-27B-Simple,Every-turn,0.79,0.055392,48
Qwen-3.6-27B-Simple,Every-turn,0.8,0.05316,48
Qwen-3.6-27B-Simple,Every-turn,0.81,0.055691,48
Qwen-3.6-27B-Simple,Every-turn,0.82,0.055016,48
Qwen-3.6-27B-Simple,Every-turn,0.83,0.05598,48
Qwen-3.6-27B-Simple,Every-turn,0.84,0.051503,48
Qwen-3.6-27B-Simple,Every-turn,0.85,0.051918,48
Qwen-3.6-27B-Simple,Every-turn,0.86,0.049677,48
Qwen-3.6-27B-Simple,Every-turn,0.87,0.052457,48
Qwen-3.6-27B-Simple,Every-turn,0.88,0.04822,48
Qwen-3.6-27B-Simple,Every-turn,0.89,0.043716,48
Qwen-3.6-27B-Simple,Every-turn,0.9,0.047852,48
Qwen-3.6-27B-Simple,Every-turn,0.91,0.042667,48
Qwen-3.6-27B-Simple,Every-turn,0.92,0.041739,48
Qwen-3.6-27B-Simple,Every-turn,0.93,0.036263,48
Qwen-3.6-27B-Simple,Every-turn,0.94,0.038138,48
Qwen-3.6-27B-Simple,Every-turn,0.95,0.035008,48
Qwen-3.6-27B-Simple,Every-turn,0.96,0.02844,48
Qwen-3.6-27B-Simple,Every-turn,0.97,0.030807,48
Qwen-3.6-27B-Simple,Every-turn,0.98,0.028267,48
Qwen-3.6-27B-Simple,Every-turn,0.99,0.025722,48
Qwen-3.6-27B-Simple,Every-turn,1.0,0.026173,48
Qwen-3.6-27B-Simple,Per-5,0.0,0.125002,48
Qwen-3.6-27B-Simple,Per-5,0.01,0.124007,48
Qwen-3.6-27B-Simple,Per-5,0.02,0.122249,48
Qwen-3.6-27B-Simple,Per-5,0.03,0.124931,48
Qwen-3.6-27B-Simple,Per-5,0.04,0.130575,48
Qwen-3.6-27B-Simple,Per-5,0.05,0.126507,48
Qwen-3.6-27B-Simple,Per-5,0.06,0.133372,48
Qwen-3.6-27B-Simple,Per-5,0.07,0.141171,48
Qwen-3.6-27B-Simple,Per-5,0.08,0.150539,48
Qwen-3.6-27B-Simple,Per-5,0.09,0.155398,48
Qwen-3.6-27B-Simple,Per-5,0.1,0.147842,48
Qwen-3.6-27B-Simple,Per-5,0.11,0.157431,48
Qwen-3.6-27B-Simple,Per-5,0.12,0.154037,48
Qwen-3.6-27B-Simple,Per-5,0.13,0.157592,48
Qwen-3.6-27B-Simple,Per-5,0.14,0.152461,48
Qwen-3.6-27B-Simple,Per-5,0.15,0.15238,48
Qwen-3.6-27B-Simple,Per-5,0.16,0.154295,48
Qwen-3.6-27B-Simple,Per-5,0.17,0.163842,48
Qwen-3.6-27B-Simple,Per-5,0.18,0.153364,48
Qwen-3.6-27B-Simple,Per-5,0.19,0.151007,48
Qwen-3.6-27B-Simple,Per-5,0.2,0.145399,48
Qwen-3.6-27B-Simple,Per-5,0.21,0.148254,48
Qwen-3.6-27B-Simple,Per-5,0.22,0.143975,48
Qwen-3.6-27B-Simple,Per-5,0.23,0.145758,48
Qwen-3.6-27B-Simple,Per-5,0.24,0.142809,48
Qwen-3.6-27B-Simple,Per-5,0.25,0.137258,48
Qwen-3.6-27B-Simple,Per-5,0.26,0.133851,48
Qwen-3.6-27B-Simple,Per-5,0.27,0.128272,48
Qwen-3.6-27B-Simple,Per-5,0.28,0.13647,48
Qwen-3.6-27B-Simple,Per-5,0.29,0.130931,48
Qwen-3.6-27B-Simple,Per-5,0.3,0.129831,48
Qwen-3.6-27B-Simple,Per-5,0.31,0.127221,48
Qwen-3.6-27B-Simple,Per-5,0.32,0.126438,48
Qwen-3.6-27B-Simple,Per-5,0.33,0.126141,48
Qwen-3.6-27B-Simple,Per-5,0.34,0.122691,48
Qwen-3.6-27B-Simple,Per-5,0.35,0.119834,48
Qwen-3.6-27B-Simple,Per-5,0.36,0.119593,48
Qwen-3.6-27B-Simple,Per-5,0.37,0.11974,48
Qwen-3.6-27B-Simple,Per-5,0.38,0.112727,48
Qwen-3.6-27B-Simple,Per-5,0.39,0.112224,48
Qwen-3.6-27B-Simple,Per-5,0.4,0.111132,48
Qwen-3.6-27B-Simple,Per-5,0.41,0.111367,48
Qwen-3.6-27B-Simple,Per-5,0.42,0.106867,48
Qwen-3.6-27B-Simple,Per-5,0.43,0.101618,48
Qwen-3.6-27B-Simple,Per-5,0.44,0.09903,48
Qwen-3.6-27B-Simple,Per-5,0.45,0.099737,48
Qwen-3.6-27B-Simple,Per-5,0.46,0.099893,48
Qwen-3.6-27B-Simple,Per-5,0.47,0.094237,48
Qwen-3.6-27B-Simple,Per-5,0.48,0.092426,48
Qwen-3.6-27B-Simple,Per-5,0.49,0.092053,48
Qwen-3.6-27B-Simple,Per-5,0.5,0.095397,48
Qwen-3.6-27B-Simple,Per-5,0.51,0.088563,48
Qwen-3.6-27B-Simple,Per-5,0.52,0.088088,48
Qwen-3.6-27B-Simple,Per-5,0.53,0.089083,48
Qwen-3.6-27B-Simple,Per-5,0.54,0.081866,48
Qwen-3.6-27B-Simple,Per-5,0.55,0.076662,48
Qwen-3.6-27B-Simple,Per-5,0.56,0.081151,48
Qwen-3.6-27B-Simple,Per-5,0.57,0.078723,48
Qwen-3.6-27B-Simple,Per-5,0.58,0.077231,48
Qwen-3.6-27B-Simple,Per-5,0.59,0.07382,48
Qwen-3.6-27B-Simple,Per-5,0.6,0.071127,48
Qwen-3.6-27B-Simple,Per-5,0.61,0.068919,48
Qwen-3.6-27B-Simple,Per-5,0.62,0.065365,48
Qwen-3.6-27B-Simple,Per-5,0.63,0.072879,48
Qwen-3.6-27B-Simple,Per-5,0.64,0.075448,48
Qwen-3.6-27B-Simple,Per-5,0.65,0.072583,48
Qwen-3.6-27B-Simple,Per-5,0.66,0.074082,48
Qwen-3.6-27B-Simple,Per-5,0.67,0.071777,48
Qwen-3.6-27B-Simple,Per-5,0.68,0.072415,48
Qwen-3.6-27B-Simple,Per-5,0.69,0.07414,48
Qwen-3.6-27B-Simple,Per-5,0.7,0.073322,48
Qwen-3.6-27B-Simple,Per-5,0.71,0.070148,48
Qwen-3.6-27B-Simple,Per-5,0.72,0.066549,48
Qwen-3.6-27B-Simple,Per-5,0.73,0.070925,48
Qwen-3.6-27B-Simple,Per-5,0.74,0.072614,48
Qwen-3.6-27B-Simple,Per-5,0.75,0.071341,48
Qwen-3.6-27B-Simple,Per-5,0.76,0.072048,48
Qwen-3.6-27B-Simple,Per-5,0.77,0.070765,48
Qwen-3.6-27B-Simple,Per-5,0.78,0.066867,48
Qwen-3.6-27B-Simple,Per-5,0.79,0.070836,48
Qwen-3.6-27B-Simple,Per-5,0.8,0.066106,48
Qwen-3.6-27B-Simple,Per-5,0.81,0.060103,48
Qwen-3.6-27B-Simple,Per-5,0.82,0.060655,48
Qwen-3.6-27B-Simple,Per-5,0.83,0.062441,48
Qwen-3.6-27B-Simple,Per-5,0.84,0.061989,48
Qwen-3.6-27B-Simple,Per-5,0.85,0.061294,48
Qwen-3.6-27B-Simple,Per-5,0.86,0.062547,48
Qwen-3.6-27B-Simple,Per-5,0.87,0.059755,48
Qwen-3.6-27B-Simple,Per-5,0.88,0.058081,48
Qwen-3.6-27B-Simple,Per-5,0.89,0.057138,48
Qwen-3.6-27B-Simple,Per-5,0.9,0.056192,48
Qwen-3.6-27B-Simple,Per-5,0.91,0.050645,48
Qwen-3.6-27B-Simple,Per-5,0.92,0.055957,48
Qwen-3.6-27B-Simple,Per-5,0.93,0.049998,48
Qwen-3.6-27B-Simple,Per-5,0.94,0.054704,48
Qwen-3.6-27B-Simple,Per-5,0.95,0.052624,48
Qwen-3.6-27B-Simple,Per-5,0.96,0.047738,48
Qwen-3.6-27B-Simple,Per-5,0.97,0.04619,48
Qwen-3.6-27B-Simple,Per-5,0.98,0.050802,48
Qwen-3.6-27B-Simple,Per-5,0.99,0.05412,48
Qwen-3.6-27B-Simple,Per-5,1.0,0.054239,48
Qwen-3.8-27B-Simple,Every-turn,0.0,0.131034,48
Qwen-3.8-27B-Simple,Every-turn,0.01,0.124902,48
Qwen-3.8-27B-Simple,Every-turn,0.02,0.127111,48
Qwen-3.8-27B-Simple,Every-turn,0.03,0.131014,48
Qwen-3.8-27B-Simple,Every-turn,0.04,0.120215,48
Qwen-3.8-27B-Simple,Every-turn,0.05,0.1158,48
Qwen-3.8-27B-Simple,Every-turn,0.06,0.113715,48
Qwen-3.8-27B-Simple,Every-turn,0.07,0.121703,48
Qwen-3.8-27B-Simple,Every-turn,0.08,0.134915,48
Qwen-3.8-27B-Simple,Every-turn,0.09,0.14355,48
Qwen-3.8-27B-Simple,Every-turn,0.1,0.14865,48
Qwen-3.8-27B-Simple,Every-turn,0.11,0.149058,48
Qwen-3.8-27B-Simple,Every-turn,0.12,0.155189,48
Qwen-3.8-27B-Simple,Every-turn,0.13,0.149671,48
Qwen-3.8-27B-Simple,Every-turn,0.14,0.149915,48
Qwen-3.8-27B-Simple,Every-turn,0.15,0.14909,48
Qwen-3.8-27B-Simple,Every-turn,0.16,0.147252,48
Qwen-3.8-27B-Simple,Every-turn,0.17,0.148566,48
Qwen-3.8-27B-Simple,Every-turn,0.18,0.145771,48
Qwen-3.8-27B-Simple,Every-turn,0.19,0.143682,48
Qwen-3.8-27B-Simple,Every-turn,0.2,0.146322,48
Qwen-3.8-27B-Simple,Every-turn,0.21,0.149184,48
Qwen-3.8-27B-Simple,Every-turn,0.22,0.14663,48
Qwen-3.8-27B-Simple,Every-turn,0.23,0.14888,48
Qwen-3.8-27B-Simple,Every-turn,0.24,0.151034,48
Qwen-3.8-27B-Simple,Every-turn,0.25,0.149239,48
Qwen-3.8-27B-Simple,Every-turn,0.26,0.152527,48
Qwen-3.8-27B-Simple,Every-turn,0.27,0.151479,48
Qwen-3.8-27B-Simple,Every-turn,0.28,0.149395,48
Qwen-3.8-27B-Simple,Every-turn,0.29,0.150744,48
Qwen-3.8-27B-Simple,Every-turn,0.3,0.152681,48
Qwen-3.8-27B-Simple,Every-turn,0.31,0.152289,48
Qwen-3.8-27B-Simple,Every-turn,0.32,0.151732,48
Qwen-3.8-27B-Simple,Every-turn,0.33,0.155022,48
Qwen-3.8-27B-Simple,Every-turn,0.34,0.149587,48
Qwen-3.8-27B-Simple,Every-turn,0.35,0.147409,48
Qwen-3.8-27B-Simple,Every-turn,0.36,0.145262,48
Qwen-3.8-27B-Simple,Every-turn,0.37,0.138597,48
Qwen-3.8-27B-Simple,Every-turn,0.38,0.142959,48
Qwen-3.8-27B-Simple,Every-turn,0.39,0.137395,48
Qwen-3.8-27B-Simple,Every-turn,0.4,0.136353,48
Qwen-3.8-27B-Simple,Every-turn,0.41,0.141936,48
Qwen-3.8-27B-Simple,Every-turn,0.42,0.135872,48
Qwen-3.8-27B-Simple,Every-turn,0.43,0.13361,48
Qwen-3.8-27B-Simple,Every-turn,0.44,0.137236,48
Qwen-3.8-27B-Simple,Every-turn,0.45,0.13414,48
Qwen-3.8-27B-Simple,Every-turn,0.46,0.138065,48
Qwen-3.8-27B-Simple,Every-turn,0.47,0.128167,48
Qwen-3.8-27B-Simple,Every-turn,0.48,0.127027,48
Qwen-3.8-27B-Simple,Every-turn,0.49,0.126086,48
Qwen-3.8-27B-Simple,Every-turn,0.5,0.12424,48
Qwen-3.8-27B-Simple,Every-turn,0.51,0.12377,48
Qwen-3.8-27B-Simple,Every-turn,0.52,0.120899,48
Qwen-3.8-27B-Simple,Every-turn,0.53,0.118049,48
Qwen-3.8-27B-Simple,Every-turn,0.54,0.116424,48
Qwen-3.8-27B-Simple,Every-turn,0.55,0.115508,48
Qwen-3.8-27B-Simple,Every-turn,0.56,0.111128,48
Qwen-3.8-27B-Simple,Every-turn,0.57,0.108833,48
Qwen-3.8-27B-Simple,Every-turn,0.58,0.113518,48
Qwen-3.8-27B-Simple,Every-turn,0.59,0.109762,48
Qwen-3.8-27B-Simple,Every-turn,0.6,0.105347,48
Qwen-3.8-27B-Simple,Every-turn,0.61,0.107571,48
Qwen-3.8-27B-Simple,Every-turn,0.62,0.106757,48
Qwen-3.8-27B-Simple,Every-turn,0.63,0.101205,48
Qwen-3.8-27B-Simple,Every-turn,0.64,0.105007,48
Qwen-3.8-27B-Simple,Every-turn,0.65,0.110285,48
Qwen-3.8-27B-Simple,Every-turn,0.66,0.12407,48
Qwen-3.8-27B-Simple,Every-turn,0.67,0.11568,48
Qwen-3.8-27B-Simple,Every-turn,0.68,0.112431,48
Qwen-3.8-27B-Simple,Every-turn,0.69,0.109213,48
Qwen-3.8-27B-Simple,Every-turn,0.7,0.113571,48
Qwen-3.8-27B-Simple,Every-turn,0.71,0.107635,48
Qwen-3.8-27B-Simple,Every-turn,0.72,0.111947,48
Qwen-3.8-27B-Simple,Every-turn,0.73,0.112789,48
Qwen-3.8-27B-Simple,Every-turn,0.74,0.113482,48
Qwen-3.8-27B-Simple,Every-turn,0.75,0.116213,48
Qwen-3.8-27B-Simple,Every-turn,0.76,0.116366,48
Qwen-3.8-27B-Simple,Every-turn,0.77,0.115338,48
Qwen-3.8-27B-Simple,Every-turn,0.78,0.120693,48
Qwen-3.8-27B-Simple,Every-turn,0.79,0.117411,48
Qwen-3.8-27B-Simple,Every-turn,0.8,0.113327,48
Qwen-3.8-27B-Simple,Every-turn,0.81,0.104455,48
Qwen-3.8-27B-Simple,Every-turn,0.82,0.097893,48
Qwen-3.8-27B-Simple,Every-turn,0.83,0.086718,48
Qwen-3.8-27B-Simple,Every-turn,0.84,0.085973,48
Qwen-3.8-27B-Simple,Every-turn,0.85,0.097076,48
Qwen-3.8-27B-Simple,Every-turn,0.86,0.097779,48
Qwen-3.8-27B-Simple,Every-turn,0.87,0.100942,48
Qwen-3.8-27B-Simple,Every-turn,0.88,0.097917,48
Qwen-3.8-27B-Simple,Every-turn,0.89,0.100536,48
Qwen-3.8-27B-Simple,Every-turn,0.9,0.085834,48
Qwen-3.8-27B-Simple,Every-turn,0.91,0.0836,48
Qwen-3.8-27B-Simple,Every-turn,0.92,0.078926,48
Qwen-3.8-27B-Simple,Every-turn,0.93,0.085336,48
Qwen-3.8-27B-Simple,Every-turn,0.94,0.08389,48
Qwen-3.8-27B-Simple,Every-turn,0.95,0.084282,48
Qwen-3.8-27B-Simple,Every-turn,0.96,0.082957,48
Qwen-3.8-27B-Simple,Every-turn,0.97,0.087837,48
Qwen-3.8-27B-Simple,Every-turn,0.98,0.087135,48
Qwen-3.8-27B-Simple,Every-turn,0.99,0.083958,48
Qwen-3.8-27B-Simple,Every-turn,1.0,0.097876,48
Qwen-3.8-27B-Simple,Per-5,0.0,0.129389,48
Qwen-3.8-27B-Simple,Per-5,0.01,0.125622,48
Qwen-3.8-27B-Simple,Per-5,0.02,0.128442,48
Qwen-3.8-27B-Simple,Per-5,0.03,0.125801,48
Qwen-3.8-27B-Simple,Per-5,0.04,0.131903,48
Qwen-3.8-27B-Simple,Per-5,0.05,0.135992,48
Qwen-3.8-27B-Simple,Per-5,0.06,0.136128,48
Qwen-3.8-27B-Simple,Per-5,0.07,0.138192,48
Qwen-3.8-27B-Simple,Per-5,0.08,0.146877,48
Qwen-3.8-27B-Simple,Per-5,0.09,0.155978,48
Qwen-3.8-27B-Simple,Per-5,0.1,0.157464,48
Qwen-3.8-27B-Simple,Per-5,0.11,0.157945,48
Qwen-3.8-27B-Simple,Per-5,0.12,0.155386,48
Qwen-3.8-27B-Simple,Per-5,0.13,0.156145,48
Qwen-3.8-27B-Simple,Per-5,0.14,0.152148,48
Qwen-3.8-27B-Simple,Per-5,0.15,0.146346,48
Qwen-3.8-27B-Simple,Per-5,0.16,0.158501,48
Qwen-3.8-27B-Simple,Per-5,0.17,0.151943,48
Qwen-3.8-27B-Simple,Per-5,0.18,0.148481,48
Qwen-3.8-27B-Simple,Per-5,0.19,0.146643,48
Qwen-3.8-27B-Simple,Per-5,0.2,0.142196,48
Qwen-3.8-27B-Simple,Per-5,0.21,0.143549,48
Qwen-3.8-27B-Simple,Per-5,0.22,0.143447,48
Qwen-3.8-27B-Simple,Per-5,0.23,0.139394,48
Qwen-3.8-27B-Simple,Per-5,0.24,0.134121,48
Qwen-3.8-27B-Simple,Per-5,0.25,0.135698,48
Qwen-3.8-27B-Simple,Per-5,0.26,0.131935,48
Qwen-3.8-27B-Simple,Per-5,0.27,0.129804,48
Qwen-3.8-27B-Simple,Per-5,0.28,0.134988,48
Qwen-3.8-27B-Simple,Per-5,0.29,0.133626,48
Qwen-3.8-27B-Simple,Per-5,0.3,0.138522,48
Qwen-3.8-27B-Simple,Per-5,0.31,0.14086,48
Qwen-3.8-27B-Simple,Per-5,0.32,0.138739,48
Qwen-3.8-27B-Simple,Per-5,0.33,0.141525,48
Qwen-3.8-27B-Simple,Per-5,0.34,0.136296,48
Qwen-3.8-27B-Simple,Per-5,0.35,0.138759,48
Qwen-3.8-27B-Simple,Per-5,0.36,0.141775,48
Qwen-3.8-27B-Simple,Per-5,0.37,0.144937,48
Qwen-3.8-27B-Simple,Per-5,0.38,0.145853,48
Qwen-3.8-27B-Simple,Per-5,0.39,0.143063,48
Qwen-3.8-27B-Simple,Per-5,0.4,0.142128,48
Qwen-3.8-27B-Simple,Per-5,0.41,0.138536,48
Qwen-3.8-27B-Simple,Per-5,0.42,0.134896,48
Qwen-3.8-27B-Simple,Per-5,0.43,0.142555,48
Qwen-3.8-27B-Simple,Per-5,0.44,0.139968,48
Qwen-3.8-27B-Simple,Per-5,0.45,0.135717,48
Qwen-3.8-27B-Simple,Per-5,0.46,0.140297,48
Qwen-3.8-27B-Simple,Per-5,0.47,0.148887,48
Qwen-3.8-27B-Simple,Per-5,0.48,0.138394,48
Qwen-3.8-27B-Simple,Per-5,0.49,0.136037,48
Qwen-3.8-27B-Simple,Per-5,0.5,0.138914,48
Qwen-3.8-27B-Simple,Per-5,0.51,0.13334,48
Qwen-3.8-27B-Simple,Per-5,0.52,0.136846,48
Qwen-3.8-27B-Simple,Per-5,0.53,0.129601,48
Qwen-3.8-27B-Simple,Per-5,0.54,0.128738,48
Qwen-3.8-27B-Simple,Per-5,0.55,0.121067,48
Qwen-3.8-27B-Simple,Per-5,0.56,0.116355,48
Qwen-3.8-27B-Simple,Per-5,0.57,0.119421,48
Qwen-3.8-27B-Simple,Per-5,0.58,0.125912,48
Qwen-3.8-27B-Simple,Per-5,0.59,0.132631,48
Qwen-3.8-27B-Simple,Per-5,0.6,0.139109,48
Qwen-3.8-27B-Simple,Per-5,0.61,0.130873,48
Qwen-3.8-27B-Simple,Per-5,0.62,0.125412,48
Qwen-3.8-27B-Simple,Per-5,0.63,0.126596,48
Qwen-3.8-27B-Simple,Per-5,0.64,0.135715,48
Qwen-3.8-27B-Simple,Per-5,0.65,0.13353,48
Qwen-3.8-27B-Simple,Per-5,0.66,0.127537,48
Qwen-3.8-27B-Simple,Per-5,0.67,0.123462,48
Qwen-3.8-27B-Simple,Per-5,0.68,0.122011,48
Qwen-3.8-27B-Simple,Per-5,0.69,0.124169,48
Qwen-3.8-27B-Simple,Per-5,0.7,0.110957,48
Qwen-3.8-27B-Simple,Per-5,0.71,0.110927,48
Qwen-3.8-27B-Simple,Per-5,0.72,0.10531,48
Qwen-3.8-27B-Simple,Per-5,0.73,0.100569,48
Qwen-3.8-27B-Simple,Per-5,0.74,0.10188,48
Qwen-3.8-27B-Simple,Per-5,0.75,0.100699,48
Qwen-3.8-27B-Simple,Per-5,0.76,0.094197,48
Qwen-3.8-27B-Simple,Per-5,0.77,0.097823,48
Qwen-3.8-27B-Simple,Per-5,0.78,0.094687,48
Qwen-3.8-27B-Simple,Per-5,0.79,0.090656,48
Qwen-3.8-27B-Simple,Per-5,0.8,0.082332,48
Qwen-3.8-27B-Simple,Per-5,0.81,0.074466,48
Qwen-3.8-27B-Simple,Per-5,0.82,0.074033,48
Qwen-3.8-27B-Simple,Per-5,0.83,0.073321,48
Qwen-3.8-27B-Simple,Per-5,0.84,0.071767,48
Qwen-3.8-27B-Simple,Per-5,0.85,0.073206,48
Qwen-3.8-27B-Simple,Per-5,0.86,0.072649,48
Qwen-3.8-27B-Simple,Per-5,0.87,0.051615,48
Qwen-3.8-27B-Simple,Per-5,0.88,0.053583,48
Qwen-3.8-27B-Simple,Per-5,0.89,0.049388,48
Qwen-3.8-27B-Simple,Per-5,0.9,0.047364,48
Qwen-3.8-27B-Simple,Per-5,0.91,0.051287,48
Qwen-3.8-27B-Simple,Per-5,0.92,0.048606,48
Qwen-3.8-27B-Simple,Per-5,0.93,0.043614,48
Qwen-3.8-27B-Simple,Per-5,0.94,0.04669,48
Qwen-3.8-27B-Simple,Per-5,0.95,0.054305,48
Qwen-3.8-27B-Simple,Per-5,0.96,0.055901,48
Qwen-3.8-27B-Simple,Per-5,0.97,0.054634,48
Qwen-3.8-27B-Simple,Per-5,0.98,0.048615,48
Qwen-3.8-27B-Simple,Per-5,0.99,0.042796,48
Qwen-3.8-27B-Simple,Per-5,1.0,0.040567,48
Qwen-3.8-Flash-Next-Simple,Per-5,0.0,0.124448,52
Qwen-3.8-Flash-Next-Simple,Per-5,0.01,0.124368,52
Qwen-3.8-Flash-Next-Simple,Per-5,0.02,0.126436,52
Qwen-3.8-Flash-Next-Simple,Per-5,0.03,0.12358,52
Qwen-3.8-Flash-Next-Simple,Per-5,0.04,0.122683,52
Qwen-3.8-Flash-Next-Simple,Per-5,0.05,0.122581,52
Qwen-3.8-Flash-Next-Simple,Per-5,0.06,0.120788,52
Qwen-3.8-Flash-Next-Simple,Per-5,0.07,0.133215,52
Qwen-3.8-Flash-Next-Simple,Per-5,0.08,0.14534,52
Qwen-3.8-Flash-Next-Simple,Per-5,0.09,0.141921,52
Qwen-3.8-Flash-Next-Simple,Per-5,0.1,0.149285,52
Qwen-3.8-Flash-Next-Simple,Per-5,0.11,0.152291,52
Qwen-3.8-Flash-Next-Simple,Per-5,0.12,0.15175,52
Qwen-3.8-Flash-Next-Simple,Per-5,0.13,0.15993,52
Qwen-3.8-Flash-Next-Simple,Per-5,0.14,0.158774,52
Qwen-3.8-Flash-Next-Simple,Per-5,0.15,0.159285,52
Qwen-3.8-Flash-Next-Simple,Per-5,0.16,0.16817,52
Qwen-3.8-Flash-Next-Simple,Per-5,0.17,0.169067,52
Qwen-3.8-Flash-Next-Simple,Per-5,0.18,0.158232,52
Qwen-3.8-Flash-Next-Simple,Per-5,0.19,0.172203,52
Qwen-3.8-Flash-Next-Simple,Per-5,0.2,0.16377,52
Qwen-3.8-Flash-Next-Simple,Per-5,0.21,0.16934,52
Qwen-3.8-Flash-Next-Simple,Per-5,0.22,0.166235,52
Qwen-3.8-Flash-Next-Simple,Per-5,0.23,0.158739,52
Qwen-3.8-Flash-Next-Simple,Per-5,0.24,0.155651,52
Qwen-3.8-Flash-Next-Simple,Per-5,0.25,0.158744,52
Qwen-3.8-Flash-Next-Simple,Per-5,0.26,0.157972,52
Qwen-3.8-Flash-Next-Simple,Per-5,0.27,0.158196,52
Qwen-3.8-Flash-Next-Simple,Per-5,0.28,0.159485,52
Qwen-3.8-Flash-Next-Simple,Per-5,0.29,0.161089,52
Qwen-3.8-Flash-Next-Simple,Per-5,0.3,0.16055,52
Qwen-3.8-Flash-Next-Simple,Per-5,0.31,0.163176,52
Qwen-3.8-Flash-Next-Simple,Per-5,0.32,0.165498,52
Qwen-3.8-Flash-Next-Simple,Per-5,0.33,0.157079,52
Qwen-3.8-Flash-Next-Simple,Per-5,0.34,0.154262,52
Qwen-3.8-Flash-Next-Simple,Per-5,0.35,0.148079,52
Qwen-3.8-Flash-Next-Simple,Per-5,0.36,0.147721,52
Qwen-3.8-Flash-Next-Simple,Per-5,0.37,0.148226,52
Qwen-3.8-Flash-Next-Simple,Per-5,0.38,0.145415,52
Qwen-3.8-Flash-Next-Simple,Per-5,0.39,0.14835,52
Qwen-3.8-Flash-Next-Simple,Per-5,0.4,0.143757,52
Qwen-3.8-Flash-Next-Simple,Per-5,0.41,0.13677,52
Qwen-3.8-Flash-Next-Simple,Per-5,0.42,0.131241,52
Qwen-3.8-Flash-Next-Simple,Per-5,0.43,0.130129,52
Qwen-3.8-Flash-Next-Simple,Per-5,0.44,0.128163,52
Qwen-3.8-Flash-Next-Simple,Per-5,0.45,0.133328,52
Qwen-3.8-Flash-Next-Simple,Per-5,0.46,0.127362,52
Qwen-3.8-Flash-Next-Simple,Per-5,0.47,0.119035,52
Qwen-3.8-Flash-Next-Simple,Per-5,0.48,0.119116,52
Qwen-3.8-Flash-Next-Simple,Per-5,0.49,0.117904,52
Qwen-3.8-Flash-Next-Simple,Per-5,0.5,0.113317,52
Qwen-3.8-Flash-Next-Simple,Per-5,0.51,0.11008,52
Qwen-3.8-Flash-Next-Simple,Per-5,0.52,0.110898,52
Qwen-3.8-Flash-Next-Simple,Per-5,0.53,0.111302,52
Qwen-3.8-Flash-Next-Simple,Per-5,0.54,0.114592,52
Qwen-3.8-Flash-Next-Simple,Per-5,0.55,0.118468,52
Qwen-3.8-Flash-Next-Simple,Per-5,0.56,0.117398,52
Qwen-3.8-Flash-Next-Simple,Per-5,0.57,0.114978,52
Qwen-3.8-Flash-Next-Simple,Per-5,0.58,0.11349,52
Qwen-3.8-Flash-Next-Simple,Per-5,0.59,0.110161,52
Qwen-3.8-Flash-Next-Simple,Per-5,0.6,0.107589,52
Qwen-3.8-Flash-Next-Simple,Per-5,0.61,0.106658,52
Qwen-3.8-Flash-Next-Simple,Per-5,0.62,0.106726,52
Qwen-3.8-Flash-Next-Simple,Per-5,0.63,0.107887,52
Qwen-3.8-Flash-Next-Simple,Per-5,0.64,0.102699,52
Qwen-3.8-Flash-Next-Simple,Per-5,0.65,0.104371,52
Qwen-3.8-Flash-Next-Simple,Per-5,0.66,0.101612,52
Qwen-3.8-Flash-Next-Simple,Per-5,0.67,0.09999,52
Qwen-3.8-Flash-Next-Simple,Per-5,0.68,0.103828,52
Qwen-3.8-Flash-Next-Simple,Per-5,0.69,0.102435,52
Qwen-3.8-Flash-Next-Simple,Per-5,0.7,0.099075,52
Qwen-3.8-Flash-Next-Simple,Per-5,0.71,0.103085,52
Qwen-3.8-Flash-Next-Simple,Per-5,0.72,0.102396,52
Qwen-3.8-Flash-Next-Simple,Per-5,0.73,0.099256,52
Qwen-3.8-Flash-Next-Simple,Per-5,0.74,0.1001,52
Qwen-3.8-Flash-Next-Simple,Per-5,0.75,0.09951,52
Qwen-3.8-Flash-Next-Simple,Per-5,0.76,0.100709,52
Qwen-3.8-Flash-Next-Simple,Per-5,0.77,0.097339,52
Qwen-3.8-Flash-Next-Simple,Per-5,0.78,0.097961,52
Qwen-3.8-Flash-Next-Simple,Per-5,0.79,0.098371,52
Qwen-3.8-Flash-Next-Simple,Per-5,0.8,0.095239,52
Qwen-3.8-Flash-Next-Simple,Per-5,0.81,0.08568,52
Qwen-3.8-Flash-Next-Simple,Per-5,0.82,0.081327,52
Qwen-3.8-Flash-Next-Simple,Per-5,0.83,0.0846,52
Qwen-3.8-Flash-Next-Simple,Per-5,0.84,0.083002,52
Qwen-3.8-Flash-Next-Simple,Per-5,0.85,0.081953,52
Qwen-3.8-Flash-Next-Simple,Per-5,0.86,0.079693,52
Qwen-3.8-Flash-Next-Simple,Per-5,0.87,0.082834,52
Qwen-3.8-Flash-Next-Simple,Per-5,0.88,0.088397,52
Qwen-3.8-Flash-Next-Simple,Per-5,0.89,0.085007,52
Qwen-3.8-Flash-Next-Simple,Per-5,0.9,0.074378,52
Qwen-3.8-Flash-Next-Simple,Per-5,0.91,0.074503,52
Qwen-3.8-Flash-Next-Simple,Per-5,0.92,0.074567,52
Qwen-3.8-Flash-Next-Simple,Per-5,0.93,0.075722,52
Qwen-3.8-Flash-Next-Simple,Per-5,0.94,0.075265,52
Qwen-3.8-Flash-Next-Simple,Per-5,0.95,0.077247,52
Qwen-3.8-Flash-Next-Simple,Per-5,0.96,0.077949,52
Qwen-3.8-Flash-Next-Simple,Per-5,0.97,0.07466,52
Qwen-3.8-Flash-Next-Simple,Per-5,0.98,0.072287,52
Qwen-3.8-Flash-Next-Simple,Per-5,0.99,0.068056,52
Qwen-3.8-Flash-Next-Simple,Per-5,1.0,0.064866,52
Vanilla,Every-turn,0.0,0.124929,4320
Vanilla,Every-turn,0.01,0.124964,4332
Vanilla,Every-turn,0.02,0.124885,4332
Vanilla,Every-turn,0.03,0.125138,4332
Vanilla,Every-turn,0.04,0.123723,4332
Vanilla,Every-turn,0.05,0.124532,4332
Vanilla,Every-turn,0.06,0.124507,4332
Vanilla,Every-turn,0.07,0.122811,4332
Vanilla,Every-turn,0.08,0.1217,4332
Vanilla,Every-turn,0.09,0.121758,4332
Vanilla,Every-turn,0.1,0.120481,4332
Vanilla,Every-turn,0.11,0.120109,4332
Vanilla,Every-turn,0.12,0.11986,4332
Vanilla,Every-turn,0.13,0.119583,4332
Vanilla,Every-turn,0.14,0.119646,4332
Vanilla,Every-turn,0.15,0.119845,4332
Vanilla,Every-turn,0.16,0.119475,4332
Vanilla,Every-turn,0.17,0.119421,4332
Vanilla,Every-turn,0.18,0.119963,4332
Vanilla,Every-turn,0.19,0.120123,4332
Vanilla,Every-turn,0.2,0.12062,4332
Vanilla,Every-turn,0.21,0.120927,4332
Vanilla,Every-turn,0.22,0.121355,4332
Vanilla,Every-turn,0.23,0.121631,4332
Vanilla,Every-turn,0.24,0.121548,4332
Vanilla,Every-turn,0.25,0.121363,4332
Vanilla,Every-turn,0.26,0.121039,4332
Vanilla,Every-turn,0.27,0.121759,4332
Vanilla,Every-turn,0.28,0.121703,4332
Vanilla,Every-turn,0.29,0.122401,4332
Vanilla,Every-turn,0.3,0.122257,4332
Vanilla,Every-turn,0.31,0.122646,4332
Vanilla,Every-turn,0.32,0.122702,4332
Vanilla,Every-turn,0.33,0.122802,4332
Vanilla,Every-turn,0.34,0.123356,4332
Vanilla,Every-turn,0.35,0.123907,4332
Vanilla,Every-turn,0.36,0.124154,4332
Vanilla,Every-turn,0.37,0.12464,4332
Vanilla,Every-turn,0.38,0.124882,4332
Vanilla,Every-turn,0.39,0.124883,4332
Vanilla,Every-turn,0.4,0.125162,4332
Vanilla,Every-turn,0.41,0.125088,4332
Vanilla,Every-turn,0.42,0.125571,4332
Vanilla,Every-turn,0.43,0.125995,4332
Vanilla,Every-turn,0.44,0.126315,4332
Vanilla,Every-turn,0.45,0.126448,4332
Vanilla,Every-turn,0.46,0.126684,4332
Vanilla,Every-turn,0.47,0.126992,4332
Vanilla,Every-turn,0.48,0.127288,4332
Vanilla,Every-turn,0.49,0.127511,4332
Vanilla,Every-turn,0.5,0.127786,4332
Vanilla,Every-turn,0.51,0.128223,4332
Vanilla,Every-turn,0.52,0.128195,4332
Vanilla,Every-turn,0.53,0.12815,4332
Vanilla,Every-turn,0.54,0.128185,4332
Vanilla,Every-turn,0.55,0.128549,4332
Vanilla,Every-turn,0.56,0.128981,4332
Vanilla,Every-turn,0.57,0.129321,4332
Vanilla,Every-turn,0.58,0.129435,4332
Vanilla,Every-turn,0.59,0.129374,4332
Vanilla,Every-turn,0.6,0.129899,4332
Vanilla,Every-turn,0.61,0.129743,4332
Vanilla,Every-turn,0.62,0.130118,4332
Vanilla,Every-turn,0.63,0.130454,4332
Vanilla,Every-turn,0.64,0.130267,4332
Vanilla,Every-turn,0.65,0.130373,4332
Vanilla,Every-turn,0.66,0.130631,4332
Vanilla,Every-turn,0.67,0.130549,4332
Vanilla,Every-turn,0.68,0.130849,4332
Vanilla,Every-turn,0.69,0.130734,4332
Vanilla,Every-turn,0.7,0.131281,4332
Vanilla,Every-turn,0.71,0.131633,4332
Vanilla,Every-turn,0.72,0.131655,4332
Vanilla,Every-turn,0.73,0.132512,4332
Vanilla,Every-turn,0.74,0.132557,4332
Vanilla,Every-turn,0.75,0.132732,4332
Vanilla,Every-turn,0.76,0.132946,4332
Vanilla,Every-turn,0.77,0.133248,4332
Vanilla,Every-turn,0.78,0.133402,4332
Vanilla,Every-turn,0.79,0.133328,4332
Vanilla,Every-turn,0.8,0.133813,4332
Vanilla,Every-turn,0.81,0.13442,4332
Vanilla,Every-turn,0.82,0.134961,4332
Vanilla,Every-turn,0.83,0.134815,4332
Vanilla,Every-turn,0.84,0.135061,4332
Vanilla,Every-turn,0.85,0.135523,4332
Vanilla,Every-turn,0.86,0.135584,4332
Vanilla,Every-turn,0.87,0.135804,4332
Vanilla,Every-turn,0.88,0.135684,4332
Vanilla,Every-turn,0.89,0.135528,4332
Vanilla,Every-turn,0.9,0.136364,4332
Vanilla,Every-turn,0.91,0.136813,4332
Vanilla,Every-turn,0.92,0.136886,4332
Vanilla,Every-turn,0.93,0.13719,4332
Vanilla,Every-turn,0.94,0.137092,4332
Vanilla,Every-turn,0.95,0.13812,4332
Vanilla,Every-turn,0.96,0.138275,4332
Vanilla,Every-turn,0.97,0.138443,4332
Vanilla,Every-turn,0.98,0.138642,4332
Vanilla,Every-turn,0.99,0.138645,4332
Vanilla,Every-turn,1.0,0.138516,4332
Vanilla,Vanilla,0.0,0.125,192
Vanilla,Vanilla,0.01,0.125,192
Vanilla,Vanilla,0.02,0.125,192
Vanilla,Vanilla,0.03,0.125,192
Vanilla,Vanilla,0.04,0.125,192
Vanilla,Vanilla,0.05,0.125,192
Vanilla,Vanilla,0.06,0.125,192
Vanilla,Vanilla,0.07,0.125,192
Vanilla,Vanilla,0.08,0.125,192
Vanilla,Vanilla,0.09,0.125,192
Vanilla,Vanilla,0.1,0.125,192
Vanilla,Vanilla,0.11,0.125,192
Vanilla,Vanilla,0.12,0.125,192
Vanilla,Vanilla,0.13,0.125,192
Vanilla,Vanilla,0.14,0.125,192
Vanilla,Vanilla,0.15,0.125,192
Vanilla,Vanilla,0.16,0.125,192
Vanilla,Vanilla,0.17,0.125,192
Vanilla,Vanilla,0.18,0.125,192
Vanilla,Vanilla,0.19,0.125,192
Vanilla,Vanilla,0.2,0.125,192
Vanilla,Vanilla,0.21,0.125,192
Vanilla,Vanilla,0.22,0.125,192
Vanilla,Vanilla,0.23,0.125,192
Vanilla,Vanilla,0.24,0.125,192
Vanilla,Vanilla,0.25,0.125,192
Vanilla,Vanilla,0.26,0.125,192
Vanilla,Vanilla,0.27,0.125,192
Vanilla,Vanilla,0.28,0.125,192
Vanilla,Vanilla,0.29,0.125,192
Vanilla,Vanilla,0.3,0.125,192
Vanilla,Vanilla,0.31,0.125,192
Vanilla,Vanilla,0.32,0.125,192
Vanilla,Vanilla,0.33,0.125,192
Vanilla,Vanilla,0.34,0.125,192
Vanilla,Vanilla,0.35,0.125,192
Vanilla,Vanilla,0.36,0.125,192
Vanilla,Vanilla,0.37,0.125,192
Vanilla,Vanilla,0.38,0.125,192
Vanilla,Vanilla,0.39,0.125,192
Vanilla,Vanilla,0.4,0.125,192
Vanilla,Vanilla,0.41,0.125,192
Vanilla,Vanilla,0.42,0.125,192
Vanilla,Vanilla,0.43,0.125,192
Vanilla,Vanilla,0.44,0.125,192
Vanilla,Vanilla,0.45,0.125,192
Vanilla,Vanilla,0.46,0.125,192
Vanilla,Vanilla,0.47,0.125,192
Vanilla,Vanilla,0.48,0.125,192
Vanilla,Vanilla,0.49,0.125,192
Vanilla,Vanilla,0.5,0.125,192
Vanilla,Vanilla,0.51,0.125,192
Vanilla,Vanilla,0.52,0.125,192
Vanilla,Vanilla,0.53,0.125,192
Vanilla,Vanilla,0.54,0.125,192
Vanilla,Vanilla,0.55,0.125,192
Vanilla,Vanilla,0.56,0.125,192
Vanilla,Vanilla,0.57,0.125,192
Vanilla,Vanilla,0.58,0.125,192
Vanilla,Vanilla,0.59,0.125,192
Vanilla,Vanilla,0.6,0.125,192
Vanilla,Vanilla,0.61,0.125,192
Vanilla,Vanilla,0.62,0.125,192
Vanilla,Vanilla,0.63,0.125,192
Vanilla,Vanilla,0.64,0.125,192
Vanilla,Vanilla,0.65,0.125,192
Vanilla,Vanilla,0.66,0.125,192
Vanilla,Vanilla,0.67,0.125,192
Vanilla,Vanilla,0.68,0.125,192
Vanilla,Vanilla,0.69,0.125,192
Vanilla,Vanilla,0.7,0.125,192
Vanilla,Vanilla,0.71,0.125,192
Vanilla,Vanilla,0.72,0.125,192
Vanilla,Vanilla,0.73,0.125,192
Vanilla,Vanilla,0.74,0.125,192
Vanilla,Vanilla,0.75,0.125,192
Vanilla,Vanilla,0.76,0.125,192
Vanilla,Vanilla,0.77,0.125,192
Vanilla,Vanilla,0.78,0.125,192
Vanilla,Vanilla,0.79,0.125,192
Vanilla,Vanilla,0.8,0.125,192
Vanilla,Vanilla,0.81,0.125,192
Vanilla,Vanilla,0.82,0.125,192
Vanilla,Vanilla,0.83,0.125,192
Vanilla,Vanilla,0.84,0.125,192
Vanilla,Vanilla,0.85,0.125,192
Vanilla,Vanilla,0.86,0.125,192
Vanilla,Vanilla,0.87,0.125,192
Vanilla,Vanilla,0.88,0.125,192
Vanilla,Vanilla,0.89,0.125,192
Vanilla,Vanilla,0.9,0.125,192
Vanilla,Vanilla,0.91,0.125,192
Vanilla,Vanilla,0.92,0.125,192
Vanilla,Vanilla,0.93,0.125,192
Vanilla,Vanilla,0.94,0.125,192
Vanilla,Vanilla,0.95,0.125,192
Vanilla,Vanilla,0.96,0.125,192
Vanilla,Vanilla,0.97,0.125,192
Vanilla,Vanilla,0.98,0.125,192
Vanilla,Vanilla,0.99,0.125,192
Vanilla,Vanilla,1.0,0.125,192
