strategist,condition,turn_progress,mean_adjusted_strength,n_runs
DeepSeek-V4-Flash-Simple,Every-turn,0.21,0.483864,48
DeepSeek-V4-Flash-Simple,Every-turn,0.22,0.484158,48
DeepSeek-V4-Flash-Simple,Every-turn,0.23,0.481664,48
DeepSeek-V4-Flash-Simple,Every-turn,0.24,0.4811,48
DeepSeek-V4-Flash-Simple,Every-turn,0.25,0.48169,48
DeepSeek-V4-Flash-Simple,Every-turn,0.26,0.483492,48
DeepSeek-V4-Flash-Simple,Every-turn,0.27,0.483859,48
DeepSeek-V4-Flash-Simple,Every-turn,0.28,0.484375,48
DeepSeek-V4-Flash-Simple,Every-turn,0.29,0.484338,48
DeepSeek-V4-Flash-Simple,Every-turn,0.3,0.48456,48
DeepSeek-V4-Flash-Simple,Every-turn,0.31,0.485138,48
DeepSeek-V4-Flash-Simple,Every-turn,0.32,0.48524,48
DeepSeek-V4-Flash-Simple,Every-turn,0.33,0.4854,48
DeepSeek-V4-Flash-Simple,Every-turn,0.34,0.484755,48
DeepSeek-V4-Flash-Simple,Every-turn,0.35,0.484008,48
DeepSeek-V4-Flash-Simple,Every-turn,0.36,0.483761,48
DeepSeek-V4-Flash-Simple,Every-turn,0.37,0.483309,48
DeepSeek-V4-Flash-Simple,Every-turn,0.38,0.482205,48
DeepSeek-V4-Flash-Simple,Every-turn,0.39,0.481234,48
DeepSeek-V4-Flash-Simple,Every-turn,0.4,0.479976,48
DeepSeek-V4-Flash-Simple,Every-turn,0.41,0.478772,48
DeepSeek-V4-Flash-Simple,Every-turn,0.42,0.476996,48
DeepSeek-V4-Flash-Simple,Every-turn,0.43,0.47554,48
DeepSeek-V4-Flash-Simple,Every-turn,0.44,0.474011,48
DeepSeek-V4-Flash-Simple,Every-turn,0.45,0.472347,48
DeepSeek-V4-Flash-Simple,Every-turn,0.46,0.470633,48
DeepSeek-V4-Flash-Simple,Every-turn,0.47,0.468806,48
DeepSeek-V4-Flash-Simple,Every-turn,0.48,0.467179,48
DeepSeek-V4-Flash-Simple,Every-turn,0.49,0.465888,48
DeepSeek-V4-Flash-Simple,Every-turn,0.5,0.464457,48
DeepSeek-V4-Flash-Simple,Every-turn,0.51,0.462921,48
DeepSeek-V4-Flash-Simple,Every-turn,0.52,0.461649,48
DeepSeek-V4-Flash-Simple,Every-turn,0.53,0.460838,48
DeepSeek-V4-Flash-Simple,Every-turn,0.54,0.460417,48
DeepSeek-V4-Flash-Simple,Every-turn,0.55,0.459875,48
DeepSeek-V4-Flash-Simple,Every-turn,0.56,0.459044,48
DeepSeek-V4-Flash-Simple,Every-turn,0.57,0.458037,48
DeepSeek-V4-Flash-Simple,Every-turn,0.58,0.457191,48
DeepSeek-V4-Flash-Simple,Every-turn,0.59,0.456341,48
DeepSeek-V4-Flash-Simple,Every-turn,0.6,0.455473,48
DeepSeek-V4-Flash-Simple,Every-turn,0.61,0.454603,48
DeepSeek-V4-Flash-Simple,Every-turn,0.62,0.453752,48
DeepSeek-V4-Flash-Simple,Every-turn,0.63,0.453194,48
DeepSeek-V4-Flash-Simple,Every-turn,0.64,0.452519,48
DeepSeek-V4-Flash-Simple,Every-turn,0.65,0.451843,48
DeepSeek-V4-Flash-Simple,Every-turn,0.66,0.451206,48
DeepSeek-V4-Flash-Simple,Every-turn,0.67,0.450807,48
DeepSeek-V4-Flash-Simple,Every-turn,0.68,0.450561,48
DeepSeek-V4-Flash-Simple,Every-turn,0.69,0.45035,48
DeepSeek-V4-Flash-Simple,Every-turn,0.7,0.449849,48
DeepSeek-V4-Flash-Simple,Every-turn,0.71,0.449153,48
DeepSeek-V4-Flash-Simple,Every-turn,0.72,0.448392,48
DeepSeek-V4-Flash-Simple,Every-turn,0.73,0.447767,48
DeepSeek-V4-Flash-Simple,Every-turn,0.74,0.447195,48
DeepSeek-V4-Flash-Simple,Every-turn,0.75,0.446655,48
DeepSeek-V4-Flash-Simple,Every-turn,0.76,0.445899,48
DeepSeek-V4-Flash-Simple,Every-turn,0.77,0.44528,48
DeepSeek-V4-Flash-Simple,Every-turn,0.78,0.444632,48
DeepSeek-V4-Flash-Simple,Every-turn,0.79,0.444081,48
DeepSeek-V4-Flash-Simple,Every-turn,0.8,0.443672,48
DeepSeek-V4-Flash-Simple,Every-turn,0.81,0.443693,48
DeepSeek-V4-Flash-Simple,Every-turn,0.82,0.44371,48
DeepSeek-V4-Flash-Simple,Every-turn,0.83,0.443755,48
DeepSeek-V4-Flash-Simple,Every-turn,0.84,0.443649,48
DeepSeek-V4-Flash-Simple,Every-turn,0.85,0.443704,48
DeepSeek-V4-Flash-Simple,Every-turn,0.86,0.444116,48
DeepSeek-V4-Flash-Simple,Every-turn,0.87,0.444612,48
DeepSeek-V4-Flash-Simple,Every-turn,0.88,0.444914,48
DeepSeek-V4-Flash-Simple,Every-turn,0.89,0.445515,48
DeepSeek-V4-Flash-Simple,Every-turn,0.9,0.446034,48
DeepSeek-V4-Flash-Simple,Every-turn,0.91,0.446577,48
DeepSeek-V4-Flash-Simple,Every-turn,0.92,0.447127,48
DeepSeek-V4-Flash-Simple,Every-turn,0.93,0.447308,48
DeepSeek-V4-Flash-Simple,Every-turn,0.94,0.447405,48
DeepSeek-V4-Flash-Simple,Every-turn,0.95,0.447558,48
DeepSeek-V4-Flash-Simple,Every-turn,0.96,0.447507,48
DeepSeek-V4-Flash-Simple,Every-turn,0.97,0.447457,48
DeepSeek-V4-Flash-Simple,Every-turn,0.98,0.447468,48
DeepSeek-V4-Flash-Simple,Every-turn,0.99,0.44756,48
DeepSeek-V4-Flash-Simple,Every-turn,1.0,0.447646,48
DeepSeek-V4-Flash-Simple,Per-5,0.21,0.482409,48
DeepSeek-V4-Flash-Simple,Per-5,0.22,0.478266,48
DeepSeek-V4-Flash-Simple,Per-5,0.23,0.476994,48
DeepSeek-V4-Flash-Simple,Per-5,0.24,0.477618,48
DeepSeek-V4-Flash-Simple,Per-5,0.25,0.479146,48
DeepSeek-V4-Flash-Simple,Per-5,0.26,0.480796,48
DeepSeek-V4-Flash-Simple,Per-5,0.27,0.48075,48
DeepSeek-V4-Flash-Simple,Per-5,0.28,0.481043,48
DeepSeek-V4-Flash-Simple,Per-5,0.29,0.481436,48
DeepSeek-V4-Flash-Simple,Per-5,0.3,0.481696,48
DeepSeek-V4-Flash-Simple,Per-5,0.31,0.48189,48
DeepSeek-V4-Flash-Simple,Per-5,0.32,0.481591,48
DeepSeek-V4-Flash-Simple,Per-5,0.33,0.481133,48
DeepSeek-V4-Flash-Simple,Per-5,0.34,0.480813,48
DeepSeek-V4-Flash-Simple,Per-5,0.35,0.48033,48
DeepSeek-V4-Flash-Simple,Per-5,0.36,0.480474,48
DeepSeek-V4-Flash-Simple,Per-5,0.37,0.480865,48
DeepSeek-V4-Flash-Simple,Per-5,0.38,0.480763,48
DeepSeek-V4-Flash-Simple,Per-5,0.39,0.480464,48
DeepSeek-V4-Flash-Simple,Per-5,0.4,0.479836,48
DeepSeek-V4-Flash-Simple,Per-5,0.41,0.479548,48
DeepSeek-V4-Flash-Simple,Per-5,0.42,0.479028,48
DeepSeek-V4-Flash-Simple,Per-5,0.43,0.478638,48
DeepSeek-V4-Flash-Simple,Per-5,0.44,0.477329,48
DeepSeek-V4-Flash-Simple,Per-5,0.45,0.47639,48
DeepSeek-V4-Flash-Simple,Per-5,0.46,0.475374,48
DeepSeek-V4-Flash-Simple,Per-5,0.47,0.474399,48
DeepSeek-V4-Flash-Simple,Per-5,0.48,0.47328,48
DeepSeek-V4-Flash-Simple,Per-5,0.49,0.472265,48
DeepSeek-V4-Flash-Simple,Per-5,0.5,0.471066,48
DeepSeek-V4-Flash-Simple,Per-5,0.51,0.470028,48
DeepSeek-V4-Flash-Simple,Per-5,0.52,0.468902,48
DeepSeek-V4-Flash-Simple,Per-5,0.53,0.467563,48
DeepSeek-V4-Flash-Simple,Per-5,0.54,0.466207,48
DeepSeek-V4-Flash-Simple,Per-5,0.55,0.464884,48
DeepSeek-V4-Flash-Simple,Per-5,0.56,0.463703,48
DeepSeek-V4-Flash-Simple,Per-5,0.57,0.462583,48
DeepSeek-V4-Flash-Simple,Per-5,0.58,0.461482,48
DeepSeek-V4-Flash-Simple,Per-5,0.59,0.46069,48
DeepSeek-V4-Flash-Simple,Per-5,0.6,0.459685,48
DeepSeek-V4-Flash-Simple,Per-5,0.61,0.458763,48
DeepSeek-V4-Flash-Simple,Per-5,0.62,0.457859,48
DeepSeek-V4-Flash-Simple,Per-5,0.63,0.457074,48
DeepSeek-V4-Flash-Simple,Per-5,0.64,0.456356,48
DeepSeek-V4-Flash-Simple,Per-5,0.65,0.455744,48
DeepSeek-V4-Flash-Simple,Per-5,0.66,0.455299,48
DeepSeek-V4-Flash-Simple,Per-5,0.67,0.454752,48
DeepSeek-V4-Flash-Simple,Per-5,0.68,0.454367,48
DeepSeek-V4-Flash-Simple,Per-5,0.69,0.454207,48
DeepSeek-V4-Flash-Simple,Per-5,0.7,0.454117,48
DeepSeek-V4-Flash-Simple,Per-5,0.71,0.453833,48
DeepSeek-V4-Flash-Simple,Per-5,0.72,0.453497,48
DeepSeek-V4-Flash-Simple,Per-5,0.73,0.45311,48
DeepSeek-V4-Flash-Simple,Per-5,0.74,0.452737,48
DeepSeek-V4-Flash-Simple,Per-5,0.75,0.45243,48
DeepSeek-V4-Flash-Simple,Per-5,0.76,0.452036,48
DeepSeek-V4-Flash-Simple,Per-5,0.77,0.451606,48
DeepSeek-V4-Flash-Simple,Per-5,0.78,0.451217,48
DeepSeek-V4-Flash-Simple,Per-5,0.79,0.45098,48
DeepSeek-V4-Flash-Simple,Per-5,0.8,0.450797,48
DeepSeek-V4-Flash-Simple,Per-5,0.81,0.450375,48
DeepSeek-V4-Flash-Simple,Per-5,0.82,0.450179,48
DeepSeek-V4-Flash-Simple,Per-5,0.83,0.450072,48
DeepSeek-V4-Flash-Simple,Per-5,0.84,0.450076,48
DeepSeek-V4-Flash-Simple,Per-5,0.85,0.450043,48
DeepSeek-V4-Flash-Simple,Per-5,0.86,0.449894,48
DeepSeek-V4-Flash-Simple,Per-5,0.87,0.449714,48
DeepSeek-V4-Flash-Simple,Per-5,0.88,0.449424,48
DeepSeek-V4-Flash-Simple,Per-5,0.89,0.449333,48
DeepSeek-V4-Flash-Simple,Per-5,0.9,0.449264,48
DeepSeek-V4-Flash-Simple,Per-5,0.91,0.4491,48
DeepSeek-V4-Flash-Simple,Per-5,0.92,0.449011,48
DeepSeek-V4-Flash-Simple,Per-5,0.93,0.449009,48
DeepSeek-V4-Flash-Simple,Per-5,0.94,0.44904,48
DeepSeek-V4-Flash-Simple,Per-5,0.95,0.449138,48
DeepSeek-V4-Flash-Simple,Per-5,0.96,0.449086,48
DeepSeek-V4-Flash-Simple,Per-5,0.97,0.449089,48
DeepSeek-V4-Flash-Simple,Per-5,0.98,0.449103,48
DeepSeek-V4-Flash-Simple,Per-5,0.99,0.44902,48
DeepSeek-V4-Flash-Simple,Per-5,1.0,0.448869,48
DeepSeek-V4.1-Flash-Simple,Per-5,0.21,0.47983,48
DeepSeek-V4.1-Flash-Simple,Per-5,0.22,0.478863,48
DeepSeek-V4.1-Flash-Simple,Per-5,0.23,0.478822,48
DeepSeek-V4.1-Flash-Simple,Per-5,0.24,0.477528,48
DeepSeek-V4.1-Flash-Simple,Per-5,0.25,0.476382,48
DeepSeek-V4.1-Flash-Simple,Per-5,0.26,0.476247,48
DeepSeek-V4.1-Flash-Simple,Per-5,0.27,0.476801,48
DeepSeek-V4.1-Flash-Simple,Per-5,0.28,0.476134,48
DeepSeek-V4.1-Flash-Simple,Per-5,0.29,0.474232,48
DeepSeek-V4.1-Flash-Simple,Per-5,0.3,0.471851,48
DeepSeek-V4.1-Flash-Simple,Per-5,0.31,0.470094,48
DeepSeek-V4.1-Flash-Simple,Per-5,0.32,0.468441,48
DeepSeek-V4.1-Flash-Simple,Per-5,0.33,0.467798,48
DeepSeek-V4.1-Flash-Simple,Per-5,0.34,0.467151,48
DeepSeek-V4.1-Flash-Simple,Per-5,0.35,0.466022,48
DeepSeek-V4.1-Flash-Simple,Per-5,0.36,0.464731,48
DeepSeek-V4.1-Flash-Simple,Per-5,0.37,0.463246,48
DeepSeek-V4.1-Flash-Simple,Per-5,0.38,0.461951,48
DeepSeek-V4.1-Flash-Simple,Per-5,0.39,0.460755,48
DeepSeek-V4.1-Flash-Simple,Per-5,0.4,0.459433,48
DeepSeek-V4.1-Flash-Simple,Per-5,0.41,0.458079,48
DeepSeek-V4.1-Flash-Simple,Per-5,0.42,0.456564,48
DeepSeek-V4.1-Flash-Simple,Per-5,0.43,0.45542,48
DeepSeek-V4.1-Flash-Simple,Per-5,0.44,0.454281,48
DeepSeek-V4.1-Flash-Simple,Per-5,0.45,0.453355,48
DeepSeek-V4.1-Flash-Simple,Per-5,0.46,0.452318,48
DeepSeek-V4.1-Flash-Simple,Per-5,0.47,0.451467,48
DeepSeek-V4.1-Flash-Simple,Per-5,0.48,0.450945,48
DeepSeek-V4.1-Flash-Simple,Per-5,0.49,0.450315,48
DeepSeek-V4.1-Flash-Simple,Per-5,0.5,0.449623,48
DeepSeek-V4.1-Flash-Simple,Per-5,0.51,0.448825,48
DeepSeek-V4.1-Flash-Simple,Per-5,0.52,0.448314,48
DeepSeek-V4.1-Flash-Simple,Per-5,0.53,0.448086,48
DeepSeek-V4.1-Flash-Simple,Per-5,0.54,0.447559,48
DeepSeek-V4.1-Flash-Simple,Per-5,0.55,0.447016,48
DeepSeek-V4.1-Flash-Simple,Per-5,0.56,0.446388,48
DeepSeek-V4.1-Flash-Simple,Per-5,0.57,0.44627,48
DeepSeek-V4.1-Flash-Simple,Per-5,0.58,0.44641,48
DeepSeek-V4.1-Flash-Simple,Per-5,0.59,0.446742,48
DeepSeek-V4.1-Flash-Simple,Per-5,0.6,0.446865,48
DeepSeek-V4.1-Flash-Simple,Per-5,0.61,0.447628,48
DeepSeek-V4.1-Flash-Simple,Per-5,0.62,0.448488,48
DeepSeek-V4.1-Flash-Simple,Per-5,0.63,0.449135,48
DeepSeek-V4.1-Flash-Simple,Per-5,0.64,0.449718,48
DeepSeek-V4.1-Flash-Simple,Per-5,0.65,0.450509,48
DeepSeek-V4.1-Flash-Simple,Per-5,0.66,0.451327,48
DeepSeek-V4.1-Flash-Simple,Per-5,0.67,0.451964,48
DeepSeek-V4.1-Flash-Simple,Per-5,0.68,0.452795,48
DeepSeek-V4.1-Flash-Simple,Per-5,0.69,0.453341,48
DeepSeek-V4.1-Flash-Simple,Per-5,0.7,0.453754,48
DeepSeek-V4.1-Flash-Simple,Per-5,0.71,0.454161,48
DeepSeek-V4.1-Flash-Simple,Per-5,0.72,0.45477,48
DeepSeek-V4.1-Flash-Simple,Per-5,0.73,0.455485,48
DeepSeek-V4.1-Flash-Simple,Per-5,0.74,0.455961,48
DeepSeek-V4.1-Flash-Simple,Per-5,0.75,0.456475,48
DeepSeek-V4.1-Flash-Simple,Per-5,0.76,0.457027,48
DeepSeek-V4.1-Flash-Simple,Per-5,0.77,0.457366,48
DeepSeek-V4.1-Flash-Simple,Per-5,0.78,0.457652,48
DeepSeek-V4.1-Flash-Simple,Per-5,0.79,0.457882,48
DeepSeek-V4.1-Flash-Simple,Per-5,0.8,0.458014,48
DeepSeek-V4.1-Flash-Simple,Per-5,0.81,0.458078,48
DeepSeek-V4.1-Flash-Simple,Per-5,0.82,0.458348,48
DeepSeek-V4.1-Flash-Simple,Per-5,0.83,0.45874,48
DeepSeek-V4.1-Flash-Simple,Per-5,0.84,0.458984,48
DeepSeek-V4.1-Flash-Simple,Per-5,0.85,0.459257,48
DeepSeek-V4.1-Flash-Simple,Per-5,0.86,0.459445,48
DeepSeek-V4.1-Flash-Simple,Per-5,0.87,0.459472,48
DeepSeek-V4.1-Flash-Simple,Per-5,0.88,0.459719,48
DeepSeek-V4.1-Flash-Simple,Per-5,0.89,0.460012,48
DeepSeek-V4.1-Flash-Simple,Per-5,0.9,0.460196,48
DeepSeek-V4.1-Flash-Simple,Per-5,0.91,0.46042,48
DeepSeek-V4.1-Flash-Simple,Per-5,0.92,0.460944,48
DeepSeek-V4.1-Flash-Simple,Per-5,0.93,0.461315,48
DeepSeek-V4.1-Flash-Simple,Per-5,0.94,0.461745,48
DeepSeek-V4.1-Flash-Simple,Per-5,0.95,0.462265,48
DeepSeek-V4.1-Flash-Simple,Per-5,0.96,0.462895,48
DeepSeek-V4.1-Flash-Simple,Per-5,0.97,0.463454,48
DeepSeek-V4.1-Flash-Simple,Per-5,0.98,0.463776,48
DeepSeek-V4.1-Flash-Simple,Per-5,0.99,0.46421,48
DeepSeek-V4.1-Flash-Simple,Per-5,1.0,0.4646,48
GLM-5.1-Simple,Every-turn,0.21,0.487791,48
GLM-5.1-Simple,Every-turn,0.22,0.487213,48
GLM-5.1-Simple,Every-turn,0.23,0.486491,48
GLM-5.1-Simple,Every-turn,0.24,0.486357,48
GLM-5.1-Simple,Every-turn,0.25,0.48565,48
GLM-5.1-Simple,Every-turn,0.26,0.485063,48
GLM-5.1-Simple,Every-turn,0.27,0.48451,48
GLM-5.1-Simple,Every-turn,0.28,0.484424,48
GLM-5.1-Simple,Every-turn,0.29,0.484072,48
GLM-5.1-Simple,Every-turn,0.3,0.484548,48
GLM-5.1-Simple,Every-turn,0.31,0.484589,48
GLM-5.1-Simple,Every-turn,0.32,0.484136,48
GLM-5.1-Simple,Every-turn,0.33,0.484214,48
GLM-5.1-Simple,Every-turn,0.34,0.484091,48
GLM-5.1-Simple,Every-turn,0.35,0.484025,48
GLM-5.1-Simple,Every-turn,0.36,0.483947,48
GLM-5.1-Simple,Every-turn,0.37,0.483543,48
GLM-5.1-Simple,Every-turn,0.38,0.482775,48
GLM-5.1-Simple,Every-turn,0.39,0.482003,48
GLM-5.1-Simple,Every-turn,0.4,0.481113,48
GLM-5.1-Simple,Every-turn,0.41,0.480083,48
GLM-5.1-Simple,Every-turn,0.42,0.479052,48
GLM-5.1-Simple,Every-turn,0.43,0.478494,48
GLM-5.1-Simple,Every-turn,0.44,0.477528,48
GLM-5.1-Simple,Every-turn,0.45,0.476502,48
GLM-5.1-Simple,Every-turn,0.46,0.475885,48
GLM-5.1-Simple,Every-turn,0.47,0.475101,48
GLM-5.1-Simple,Every-turn,0.48,0.474443,48
GLM-5.1-Simple,Every-turn,0.49,0.473737,48
GLM-5.1-Simple,Every-turn,0.5,0.472853,48
GLM-5.1-Simple,Every-turn,0.51,0.47202,48
GLM-5.1-Simple,Every-turn,0.52,0.471329,48
GLM-5.1-Simple,Every-turn,0.53,0.471056,48
GLM-5.1-Simple,Every-turn,0.54,0.470925,48
GLM-5.1-Simple,Every-turn,0.55,0.470526,48
GLM-5.1-Simple,Every-turn,0.56,0.469739,48
GLM-5.1-Simple,Every-turn,0.57,0.468974,48
GLM-5.1-Simple,Every-turn,0.58,0.468272,48
GLM-5.1-Simple,Every-turn,0.59,0.467505,48
GLM-5.1-Simple,Every-turn,0.6,0.466777,48
GLM-5.1-Simple,Every-turn,0.61,0.466544,48
GLM-5.1-Simple,Every-turn,0.62,0.466097,48
GLM-5.1-Simple,Every-turn,0.63,0.465648,48
GLM-5.1-Simple,Every-turn,0.64,0.465225,48
GLM-5.1-Simple,Every-turn,0.65,0.46493,48
GLM-5.1-Simple,Every-turn,0.66,0.464513,48
GLM-5.1-Simple,Every-turn,0.67,0.46411,48
GLM-5.1-Simple,Every-turn,0.68,0.463791,48
GLM-5.1-Simple,Every-turn,0.69,0.463321,48
GLM-5.1-Simple,Every-turn,0.7,0.462925,48
GLM-5.1-Simple,Every-turn,0.71,0.462457,48
GLM-5.1-Simple,Every-turn,0.72,0.461961,48
GLM-5.1-Simple,Every-turn,0.73,0.461417,48
GLM-5.1-Simple,Every-turn,0.74,0.460936,48
GLM-5.1-Simple,Every-turn,0.75,0.460554,48
GLM-5.1-Simple,Every-turn,0.76,0.46,48
GLM-5.1-Simple,Every-turn,0.77,0.459631,48
GLM-5.1-Simple,Every-turn,0.78,0.459096,48
GLM-5.1-Simple,Every-turn,0.79,0.45847,48
GLM-5.1-Simple,Every-turn,0.8,0.457939,48
GLM-5.1-Simple,Every-turn,0.81,0.457274,48
GLM-5.1-Simple,Every-turn,0.82,0.456883,48
GLM-5.1-Simple,Every-turn,0.83,0.456255,48
GLM-5.1-Simple,Every-turn,0.84,0.455862,48
GLM-5.1-Simple,Every-turn,0.85,0.45557,48
GLM-5.1-Simple,Every-turn,0.86,0.455264,48
GLM-5.1-Simple,Every-turn,0.87,0.455098,48
GLM-5.1-Simple,Every-turn,0.88,0.454816,48
GLM-5.1-Simple,Every-turn,0.89,0.454527,48
GLM-5.1-Simple,Every-turn,0.9,0.454098,48
GLM-5.1-Simple,Every-turn,0.91,0.453547,48
GLM-5.1-Simple,Every-turn,0.92,0.45296,48
GLM-5.1-Simple,Every-turn,0.93,0.452404,48
GLM-5.1-Simple,Every-turn,0.94,0.452026,48
GLM-5.1-Simple,Every-turn,0.95,0.45175,48
GLM-5.1-Simple,Every-turn,0.96,0.451564,48
GLM-5.1-Simple,Every-turn,0.97,0.45141,48
GLM-5.1-Simple,Every-turn,0.98,0.450993,48
GLM-5.1-Simple,Every-turn,0.99,0.450855,48
GLM-5.1-Simple,Every-turn,1.0,0.450814,48
GLM-5.2-Simple,Every-turn,0.21,0.494135,48
GLM-5.2-Simple,Every-turn,0.22,0.493038,48
GLM-5.2-Simple,Every-turn,0.23,0.48867,48
GLM-5.2-Simple,Every-turn,0.24,0.488972,48
GLM-5.2-Simple,Every-turn,0.25,0.490623,48
GLM-5.2-Simple,Every-turn,0.26,0.490836,48
GLM-5.2-Simple,Every-turn,0.27,0.491578,48
GLM-5.2-Simple,Every-turn,0.28,0.492511,48
GLM-5.2-Simple,Every-turn,0.29,0.492472,48
GLM-5.2-Simple,Every-turn,0.3,0.493238,48
GLM-5.2-Simple,Every-turn,0.31,0.493408,48
GLM-5.2-Simple,Every-turn,0.32,0.49431,48
GLM-5.2-Simple,Every-turn,0.33,0.495356,48
GLM-5.2-Simple,Every-turn,0.34,0.49622,48
GLM-5.2-Simple,Every-turn,0.35,0.496546,48
GLM-5.2-Simple,Every-turn,0.36,0.497059,48
GLM-5.2-Simple,Every-turn,0.37,0.497495,48
GLM-5.2-Simple,Every-turn,0.38,0.49844,48
GLM-5.2-Simple,Every-turn,0.39,0.49889,48
GLM-5.2-Simple,Every-turn,0.4,0.499284,48
GLM-5.2-Simple,Every-turn,0.41,0.500034,48
GLM-5.2-Simple,Every-turn,0.42,0.50024,48
GLM-5.2-Simple,Every-turn,0.43,0.500503,48
GLM-5.2-Simple,Every-turn,0.44,0.500755,48
GLM-5.2-Simple,Every-turn,0.45,0.500625,48
GLM-5.2-Simple,Every-turn,0.46,0.500686,48
GLM-5.2-Simple,Every-turn,0.47,0.500571,48
GLM-5.2-Simple,Every-turn,0.48,0.500533,48
GLM-5.2-Simple,Every-turn,0.49,0.500331,48
GLM-5.2-Simple,Every-turn,0.5,0.500244,48
GLM-5.2-Simple,Every-turn,0.51,0.49989,48
GLM-5.2-Simple,Every-turn,0.52,0.499872,48
GLM-5.2-Simple,Every-turn,0.53,0.500053,48
GLM-5.2-Simple,Every-turn,0.54,0.500494,48
GLM-5.2-Simple,Every-turn,0.55,0.500762,48
GLM-5.2-Simple,Every-turn,0.56,0.500927,48
GLM-5.2-Simple,Every-turn,0.57,0.501091,48
GLM-5.2-Simple,Every-turn,0.58,0.501511,48
GLM-5.2-Simple,Every-turn,0.59,0.501709,48
GLM-5.2-Simple,Every-turn,0.6,0.50182,48
GLM-5.2-Simple,Every-turn,0.61,0.501816,48
GLM-5.2-Simple,Every-turn,0.62,0.502026,48
GLM-5.2-Simple,Every-turn,0.63,0.501949,48
GLM-5.2-Simple,Every-turn,0.64,0.50201,48
GLM-5.2-Simple,Every-turn,0.65,0.501826,48
GLM-5.2-Simple,Every-turn,0.66,0.501652,48
GLM-5.2-Simple,Every-turn,0.67,0.501325,48
GLM-5.2-Simple,Every-turn,0.68,0.500924,48
GLM-5.2-Simple,Every-turn,0.69,0.500404,48
GLM-5.2-Simple,Every-turn,0.7,0.500159,48
GLM-5.2-Simple,Every-turn,0.71,0.499831,48
GLM-5.2-Simple,Every-turn,0.72,0.499507,48
GLM-5.2-Simple,Every-turn,0.73,0.499089,48
GLM-5.2-Simple,Every-turn,0.74,0.498655,48
GLM-5.2-Simple,Every-turn,0.75,0.498216,48
GLM-5.2-Simple,Every-turn,0.76,0.497811,48
GLM-5.2-Simple,Every-turn,0.77,0.497249,48
GLM-5.2-Simple,Every-turn,0.78,0.496766,48
GLM-5.2-Simple,Every-turn,0.79,0.496441,48
GLM-5.2-Simple,Every-turn,0.8,0.496133,48
GLM-5.2-Simple,Every-turn,0.81,0.49566,48
GLM-5.2-Simple,Every-turn,0.82,0.495253,48
GLM-5.2-Simple,Every-turn,0.83,0.494935,48
GLM-5.2-Simple,Every-turn,0.84,0.494632,48
GLM-5.2-Simple,Every-turn,0.85,0.494698,48
GLM-5.2-Simple,Every-turn,0.86,0.494753,48
GLM-5.2-Simple,Every-turn,0.87,0.494789,48
GLM-5.2-Simple,Every-turn,0.88,0.49491,48
GLM-5.2-Simple,Every-turn,0.89,0.494888,48
GLM-5.2-Simple,Every-turn,0.9,0.495071,48
GLM-5.2-Simple,Every-turn,0.91,0.495081,48
GLM-5.2-Simple,Every-turn,0.92,0.495105,48
GLM-5.2-Simple,Every-turn,0.93,0.495272,48
GLM-5.2-Simple,Every-turn,0.94,0.495248,48
GLM-5.2-Simple,Every-turn,0.95,0.495154,48
GLM-5.2-Simple,Every-turn,0.96,0.495014,48
GLM-5.2-Simple,Every-turn,0.97,0.494855,48
GLM-5.2-Simple,Every-turn,0.98,0.494668,48
GLM-5.2-Simple,Every-turn,0.99,0.494521,48
GLM-5.2-Simple,Every-turn,1.0,0.494226,48
GLM-5.2-Simple,Per-5,0.21,0.50369,48
GLM-5.2-Simple,Per-5,0.22,0.504097,48
GLM-5.2-Simple,Per-5,0.23,0.504154,48
GLM-5.2-Simple,Per-5,0.24,0.503538,48
GLM-5.2-Simple,Per-5,0.25,0.504666,48
GLM-5.2-Simple,Per-5,0.26,0.505471,48
GLM-5.2-Simple,Per-5,0.27,0.50445,48
GLM-5.2-Simple,Per-5,0.28,0.504198,48
GLM-5.2-Simple,Per-5,0.29,0.503747,48
GLM-5.2-Simple,Per-5,0.3,0.504084,48
GLM-5.2-Simple,Per-5,0.31,0.503742,48
GLM-5.2-Simple,Per-5,0.32,0.503328,48
GLM-5.2-Simple,Per-5,0.33,0.50337,48
GLM-5.2-Simple,Per-5,0.34,0.503994,48
GLM-5.2-Simple,Per-5,0.35,0.503621,48
GLM-5.2-Simple,Per-5,0.36,0.503458,48
GLM-5.2-Simple,Per-5,0.37,0.503222,48
GLM-5.2-Simple,Per-5,0.38,0.50285,48
GLM-5.2-Simple,Per-5,0.39,0.502377,48
GLM-5.2-Simple,Per-5,0.4,0.501617,48
GLM-5.2-Simple,Per-5,0.41,0.500773,48
GLM-5.2-Simple,Per-5,0.42,0.499895,48
GLM-5.2-Simple,Per-5,0.43,0.499337,48
GLM-5.2-Simple,Per-5,0.44,0.49862,48
GLM-5.2-Simple,Per-5,0.45,0.498429,48
GLM-5.2-Simple,Per-5,0.46,0.497953,48
GLM-5.2-Simple,Per-5,0.47,0.49752,48
GLM-5.2-Simple,Per-5,0.48,0.497026,48
GLM-5.2-Simple,Per-5,0.49,0.496509,48
GLM-5.2-Simple,Per-5,0.5,0.49561,48
GLM-5.2-Simple,Per-5,0.51,0.494417,48
GLM-5.2-Simple,Per-5,0.52,0.493601,48
GLM-5.2-Simple,Per-5,0.53,0.492672,48
GLM-5.2-Simple,Per-5,0.54,0.491771,48
GLM-5.2-Simple,Per-5,0.55,0.490655,48
GLM-5.2-Simple,Per-5,0.56,0.489752,48
GLM-5.2-Simple,Per-5,0.57,0.488851,48
GLM-5.2-Simple,Per-5,0.58,0.48803,48
GLM-5.2-Simple,Per-5,0.59,0.487201,48
GLM-5.2-Simple,Per-5,0.6,0.486574,48
GLM-5.2-Simple,Per-5,0.61,0.485891,48
GLM-5.2-Simple,Per-5,0.62,0.48487,48
GLM-5.2-Simple,Per-5,0.63,0.483654,48
GLM-5.2-Simple,Per-5,0.64,0.482382,48
GLM-5.2-Simple,Per-5,0.65,0.481038,48
GLM-5.2-Simple,Per-5,0.66,0.479929,48
GLM-5.2-Simple,Per-5,0.67,0.478968,48
GLM-5.2-Simple,Per-5,0.68,0.478192,48
GLM-5.2-Simple,Per-5,0.69,0.477376,48
GLM-5.2-Simple,Per-5,0.7,0.476765,48
GLM-5.2-Simple,Per-5,0.71,0.476087,48
GLM-5.2-Simple,Per-5,0.72,0.475376,48
GLM-5.2-Simple,Per-5,0.73,0.474613,48
GLM-5.2-Simple,Per-5,0.74,0.473848,48
GLM-5.2-Simple,Per-5,0.75,0.472954,48
GLM-5.2-Simple,Per-5,0.76,0.47221,48
GLM-5.2-Simple,Per-5,0.77,0.471412,48
GLM-5.2-Simple,Per-5,0.78,0.470735,48
GLM-5.2-Simple,Per-5,0.79,0.470346,48
GLM-5.2-Simple,Per-5,0.8,0.469979,48
GLM-5.2-Simple,Per-5,0.81,0.469626,48
GLM-5.2-Simple,Per-5,0.82,0.4693,48
GLM-5.2-Simple,Per-5,0.83,0.468933,48
GLM-5.2-Simple,Per-5,0.84,0.46848,48
GLM-5.2-Simple,Per-5,0.85,0.468108,48
GLM-5.2-Simple,Per-5,0.86,0.467789,48
GLM-5.2-Simple,Per-5,0.87,0.467646,48
GLM-5.2-Simple,Per-5,0.88,0.467515,48
GLM-5.2-Simple,Per-5,0.89,0.467364,48
GLM-5.2-Simple,Per-5,0.9,0.467231,48
GLM-5.2-Simple,Per-5,0.91,0.46693,48
GLM-5.2-Simple,Per-5,0.92,0.466651,48
GLM-5.2-Simple,Per-5,0.93,0.466444,48
GLM-5.2-Simple,Per-5,0.94,0.466234,48
GLM-5.2-Simple,Per-5,0.95,0.465892,48
GLM-5.2-Simple,Per-5,0.96,0.465601,48
GLM-5.2-Simple,Per-5,0.97,0.465339,48
GLM-5.2-Simple,Per-5,0.98,0.46501,48
GLM-5.2-Simple,Per-5,0.99,0.464704,48
GLM-5.2-Simple,Per-5,1.0,0.464517,48
GLM-5.3-Flash-Simple,Every-turn,0.21,0.482227,48
GLM-5.3-Flash-Simple,Every-turn,0.22,0.480159,48
GLM-5.3-Flash-Simple,Every-turn,0.23,0.480627,48
GLM-5.3-Flash-Simple,Every-turn,0.24,0.479884,48
GLM-5.3-Flash-Simple,Every-turn,0.25,0.478967,48
GLM-5.3-Flash-Simple,Every-turn,0.26,0.479933,48
GLM-5.3-Flash-Simple,Every-turn,0.27,0.479587,48
GLM-5.3-Flash-Simple,Every-turn,0.28,0.480399,48
GLM-5.3-Flash-Simple,Every-turn,0.29,0.480238,48
GLM-5.3-Flash-Simple,Every-turn,0.3,0.480719,48
GLM-5.3-Flash-Simple,Every-turn,0.31,0.480376,48
GLM-5.3-Flash-Simple,Every-turn,0.32,0.480411,48
GLM-5.3-Flash-Simple,Every-turn,0.33,0.480872,48
GLM-5.3-Flash-Simple,Every-turn,0.34,0.480861,48
GLM-5.3-Flash-Simple,Every-turn,0.35,0.481013,48
GLM-5.3-Flash-Simple,Every-turn,0.36,0.480766,48
GLM-5.3-Flash-Simple,Every-turn,0.37,0.480607,48
GLM-5.3-Flash-Simple,Every-turn,0.38,0.480004,48
GLM-5.3-Flash-Simple,Every-turn,0.39,0.479319,48
GLM-5.3-Flash-Simple,Every-turn,0.4,0.478451,48
GLM-5.3-Flash-Simple,Every-turn,0.41,0.477155,48
GLM-5.3-Flash-Simple,Every-turn,0.42,0.475765,48
GLM-5.3-Flash-Simple,Every-turn,0.43,0.474329,48
GLM-5.3-Flash-Simple,Every-turn,0.44,0.473172,48
GLM-5.3-Flash-Simple,Every-turn,0.45,0.471443,48
GLM-5.3-Flash-Simple,Every-turn,0.46,0.469856,48
GLM-5.3-Flash-Simple,Every-turn,0.47,0.468424,48
GLM-5.3-Flash-Simple,Every-turn,0.48,0.466938,48
GLM-5.3-Flash-Simple,Every-turn,0.49,0.465974,48
GLM-5.3-Flash-Simple,Every-turn,0.5,0.464705,48
GLM-5.3-Flash-Simple,Every-turn,0.51,0.463619,48
GLM-5.3-Flash-Simple,Every-turn,0.52,0.462536,48
GLM-5.3-Flash-Simple,Every-turn,0.53,0.461282,48
GLM-5.3-Flash-Simple,Every-turn,0.54,0.459991,48
GLM-5.3-Flash-Simple,Every-turn,0.55,0.458824,48
GLM-5.3-Flash-Simple,Every-turn,0.56,0.457613,48
GLM-5.3-Flash-Simple,Every-turn,0.57,0.456516,48
GLM-5.3-Flash-Simple,Every-turn,0.58,0.45589,48
GLM-5.3-Flash-Simple,Every-turn,0.59,0.455133,48
GLM-5.3-Flash-Simple,Every-turn,0.6,0.454335,48
GLM-5.3-Flash-Simple,Every-turn,0.61,0.453759,48
GLM-5.3-Flash-Simple,Every-turn,0.62,0.453246,48
GLM-5.3-Flash-Simple,Every-turn,0.63,0.452739,48
GLM-5.3-Flash-Simple,Every-turn,0.64,0.452047,48
GLM-5.3-Flash-Simple,Every-turn,0.65,0.45129,48
GLM-5.3-Flash-Simple,Every-turn,0.66,0.450651,48
GLM-5.3-Flash-Simple,Every-turn,0.67,0.45023,48
GLM-5.3-Flash-Simple,Every-turn,0.68,0.449839,48
GLM-5.3-Flash-Simple,Every-turn,0.69,0.449479,48
GLM-5.3-Flash-Simple,Every-turn,0.7,0.449213,48
GLM-5.3-Flash-Simple,Every-turn,0.71,0.449052,48
GLM-5.3-Flash-Simple,Every-turn,0.72,0.448897,48
GLM-5.3-Flash-Simple,Every-turn,0.73,0.448738,48
GLM-5.3-Flash-Simple,Every-turn,0.74,0.448847,48
GLM-5.3-Flash-Simple,Every-turn,0.75,0.448681,48
GLM-5.3-Flash-Simple,Every-turn,0.76,0.44865,48
GLM-5.3-Flash-Simple,Every-turn,0.77,0.448623,48
GLM-5.3-Flash-Simple,Every-turn,0.78,0.448628,48
GLM-5.3-Flash-Simple,Every-turn,0.79,0.448685,48
GLM-5.3-Flash-Simple,Every-turn,0.8,0.448708,48
GLM-5.3-Flash-Simple,Every-turn,0.81,0.448726,48
GLM-5.3-Flash-Simple,Every-turn,0.82,0.448497,48
GLM-5.3-Flash-Simple,Every-turn,0.83,0.448501,48
GLM-5.3-Flash-Simple,Every-turn,0.84,0.448484,48
GLM-5.3-Flash-Simple,Every-turn,0.85,0.448221,48
GLM-5.3-Flash-Simple,Every-turn,0.86,0.448059,48
GLM-5.3-Flash-Simple,Every-turn,0.87,0.44777,48
GLM-5.3-Flash-Simple,Every-turn,0.88,0.447617,48
GLM-5.3-Flash-Simple,Every-turn,0.89,0.447496,48
GLM-5.3-Flash-Simple,Every-turn,0.9,0.447515,48
GLM-5.3-Flash-Simple,Every-turn,0.91,0.447498,48
GLM-5.3-Flash-Simple,Every-turn,0.92,0.447517,48
GLM-5.3-Flash-Simple,Every-turn,0.93,0.447508,48
GLM-5.3-Flash-Simple,Every-turn,0.94,0.447423,48
GLM-5.3-Flash-Simple,Every-turn,0.95,0.44733,48
GLM-5.3-Flash-Simple,Every-turn,0.96,0.447254,48
GLM-5.3-Flash-Simple,Every-turn,0.97,0.447067,48
GLM-5.3-Flash-Simple,Every-turn,0.98,0.446761,48
GLM-5.3-Flash-Simple,Every-turn,0.99,0.446573,48
GLM-5.3-Flash-Simple,Every-turn,1.0,0.446258,48
GLM-5.3-Flash-Simple,Per-5,0.21,0.499147,48
GLM-5.3-Flash-Simple,Per-5,0.22,0.501897,48
GLM-5.3-Flash-Simple,Per-5,0.23,0.500984,48
GLM-5.3-Flash-Simple,Per-5,0.24,0.500489,48
GLM-5.3-Flash-Simple,Per-5,0.25,0.499474,48
GLM-5.3-Flash-Simple,Per-5,0.26,0.499298,48
GLM-5.3-Flash-Simple,Per-5,0.27,0.498595,48
GLM-5.3-Flash-Simple,Per-5,0.28,0.498522,48
GLM-5.3-Flash-Simple,Per-5,0.29,0.498591,48
GLM-5.3-Flash-Simple,Per-5,0.3,0.498801,48
GLM-5.3-Flash-Simple,Per-5,0.31,0.49828,48
GLM-5.3-Flash-Simple,Per-5,0.32,0.497612,48
GLM-5.3-Flash-Simple,Per-5,0.33,0.496726,48
GLM-5.3-Flash-Simple,Per-5,0.34,0.495828,48
GLM-5.3-Flash-Simple,Per-5,0.35,0.494493,48
GLM-5.3-Flash-Simple,Per-5,0.36,0.492849,48
GLM-5.3-Flash-Simple,Per-5,0.37,0.491262,48
GLM-5.3-Flash-Simple,Per-5,0.38,0.489549,48
GLM-5.3-Flash-Simple,Per-5,0.39,0.48817,48
GLM-5.3-Flash-Simple,Per-5,0.4,0.486547,48
GLM-5.3-Flash-Simple,Per-5,0.41,0.484981,48
GLM-5.3-Flash-Simple,Per-5,0.42,0.483033,48
GLM-5.3-Flash-Simple,Per-5,0.43,0.480904,48
GLM-5.3-Flash-Simple,Per-5,0.44,0.478751,48
GLM-5.3-Flash-Simple,Per-5,0.45,0.476571,48
GLM-5.3-Flash-Simple,Per-5,0.46,0.474301,48
GLM-5.3-Flash-Simple,Per-5,0.47,0.472073,48
GLM-5.3-Flash-Simple,Per-5,0.48,0.469922,48
GLM-5.3-Flash-Simple,Per-5,0.49,0.467788,48
GLM-5.3-Flash-Simple,Per-5,0.5,0.465488,48
GLM-5.3-Flash-Simple,Per-5,0.51,0.463466,48
GLM-5.3-Flash-Simple,Per-5,0.52,0.461729,48
GLM-5.3-Flash-Simple,Per-5,0.53,0.460043,48
GLM-5.3-Flash-Simple,Per-5,0.54,0.45864,48
GLM-5.3-Flash-Simple,Per-5,0.55,0.45715,48
GLM-5.3-Flash-Simple,Per-5,0.56,0.455592,48
GLM-5.3-Flash-Simple,Per-5,0.57,0.454097,48
GLM-5.3-Flash-Simple,Per-5,0.58,0.452666,48
GLM-5.3-Flash-Simple,Per-5,0.59,0.451557,48
GLM-5.3-Flash-Simple,Per-5,0.6,0.450577,48
GLM-5.3-Flash-Simple,Per-5,0.61,0.449765,48
GLM-5.3-Flash-Simple,Per-5,0.62,0.449128,48
GLM-5.3-Flash-Simple,Per-5,0.63,0.448479,48
GLM-5.3-Flash-Simple,Per-5,0.64,0.447626,48
GLM-5.3-Flash-Simple,Per-5,0.65,0.446724,48
GLM-5.3-Flash-Simple,Per-5,0.66,0.445683,48
GLM-5.3-Flash-Simple,Per-5,0.67,0.444928,48
GLM-5.3-Flash-Simple,Per-5,0.68,0.444313,48
GLM-5.3-Flash-Simple,Per-5,0.69,0.443812,48
GLM-5.3-Flash-Simple,Per-5,0.7,0.443178,48
GLM-5.3-Flash-Simple,Per-5,0.71,0.442566,48
GLM-5.3-Flash-Simple,Per-5,0.72,0.4418,48
GLM-5.3-Flash-Simple,Per-5,0.73,0.44126,48
GLM-5.3-Flash-Simple,Per-5,0.74,0.440705,48
GLM-5.3-Flash-Simple,Per-5,0.75,0.439988,48
GLM-5.3-Flash-Simple,Per-5,0.76,0.439342,48
GLM-5.3-Flash-Simple,Per-5,0.77,0.438613,48
GLM-5.3-Flash-Simple,Per-5,0.78,0.438105,48
GLM-5.3-Flash-Simple,Per-5,0.79,0.437843,48
GLM-5.3-Flash-Simple,Per-5,0.8,0.437564,48
GLM-5.3-Flash-Simple,Per-5,0.81,0.43718,48
GLM-5.3-Flash-Simple,Per-5,0.82,0.436856,48
GLM-5.3-Flash-Simple,Per-5,0.83,0.436924,48
GLM-5.3-Flash-Simple,Per-5,0.84,0.436883,48
GLM-5.3-Flash-Simple,Per-5,0.85,0.436862,48
GLM-5.3-Flash-Simple,Per-5,0.86,0.436856,48
GLM-5.3-Flash-Simple,Per-5,0.87,0.436789,48
GLM-5.3-Flash-Simple,Per-5,0.88,0.436897,48
GLM-5.3-Flash-Simple,Per-5,0.89,0.437018,48
GLM-5.3-Flash-Simple,Per-5,0.9,0.437123,48
GLM-5.3-Flash-Simple,Per-5,0.91,0.436992,48
GLM-5.3-Flash-Simple,Per-5,0.92,0.436939,48
GLM-5.3-Flash-Simple,Per-5,0.93,0.436945,48
GLM-5.3-Flash-Simple,Per-5,0.94,0.437325,48
GLM-5.3-Flash-Simple,Per-5,0.95,0.437593,48
GLM-5.3-Flash-Simple,Per-5,0.96,0.437756,48
GLM-5.3-Flash-Simple,Per-5,0.97,0.437976,48
GLM-5.3-Flash-Simple,Per-5,0.98,0.438134,48
GLM-5.3-Flash-Simple,Per-5,0.99,0.438213,48
GLM-5.3-Flash-Simple,Per-5,1.0,0.438494,48
GLM-5.3-Simple,Per-5,0.21,0.52368,48
GLM-5.3-Simple,Per-5,0.22,0.524523,48
GLM-5.3-Simple,Per-5,0.23,0.523439,48
GLM-5.3-Simple,Per-5,0.24,0.524415,48
GLM-5.3-Simple,Per-5,0.25,0.524403,48
GLM-5.3-Simple,Per-5,0.26,0.526247,48
GLM-5.3-Simple,Per-5,0.27,0.527664,48
GLM-5.3-Simple,Per-5,0.28,0.528932,48
GLM-5.3-Simple,Per-5,0.29,0.52939,48
GLM-5.3-Simple,Per-5,0.3,0.530821,48
GLM-5.3-Simple,Per-5,0.31,0.531916,48
GLM-5.3-Simple,Per-5,0.32,0.532169,48
GLM-5.3-Simple,Per-5,0.33,0.532018,48
GLM-5.3-Simple,Per-5,0.34,0.532472,48
GLM-5.3-Simple,Per-5,0.35,0.532265,48
GLM-5.3-Simple,Per-5,0.36,0.532064,48
GLM-5.3-Simple,Per-5,0.37,0.5322,48
GLM-5.3-Simple,Per-5,0.38,0.532135,48
GLM-5.3-Simple,Per-5,0.39,0.532139,48
GLM-5.3-Simple,Per-5,0.4,0.532033,48
GLM-5.3-Simple,Per-5,0.41,0.532558,48
GLM-5.3-Simple,Per-5,0.42,0.533359,48
GLM-5.3-Simple,Per-5,0.43,0.533875,48
GLM-5.3-Simple,Per-5,0.44,0.534281,48
GLM-5.3-Simple,Per-5,0.45,0.534447,48
GLM-5.3-Simple,Per-5,0.46,0.534731,48
GLM-5.3-Simple,Per-5,0.47,0.535039,48
GLM-5.3-Simple,Per-5,0.48,0.535682,48
GLM-5.3-Simple,Per-5,0.49,0.536615,48
GLM-5.3-Simple,Per-5,0.5,0.537031,48
GLM-5.3-Simple,Per-5,0.51,0.537581,48
GLM-5.3-Simple,Per-5,0.52,0.53808,48
GLM-5.3-Simple,Per-5,0.53,0.538485,48
GLM-5.3-Simple,Per-5,0.54,0.539148,48
GLM-5.3-Simple,Per-5,0.55,0.54003,48
GLM-5.3-Simple,Per-5,0.56,0.54061,48
GLM-5.3-Simple,Per-5,0.57,0.541173,48
GLM-5.3-Simple,Per-5,0.58,0.541869,48
GLM-5.3-Simple,Per-5,0.59,0.542636,48
GLM-5.3-Simple,Per-5,0.6,0.543227,48
GLM-5.3-Simple,Per-5,0.61,0.543968,48
GLM-5.3-Simple,Per-5,0.62,0.54485,48
GLM-5.3-Simple,Per-5,0.63,0.545382,48
GLM-5.3-Simple,Per-5,0.64,0.545835,48
GLM-5.3-Simple,Per-5,0.65,0.546378,48
GLM-5.3-Simple,Per-5,0.66,0.547089,48
GLM-5.3-Simple,Per-5,0.67,0.547776,48
GLM-5.3-Simple,Per-5,0.68,0.548374,48
GLM-5.3-Simple,Per-5,0.69,0.549019,48
GLM-5.3-Simple,Per-5,0.7,0.549391,48
GLM-5.3-Simple,Per-5,0.71,0.549851,48
GLM-5.3-Simple,Per-5,0.72,0.550287,48
GLM-5.3-Simple,Per-5,0.73,0.550586,48
GLM-5.3-Simple,Per-5,0.74,0.550949,48
GLM-5.3-Simple,Per-5,0.75,0.551252,48
GLM-5.3-Simple,Per-5,0.76,0.551647,48
GLM-5.3-Simple,Per-5,0.77,0.551962,48
GLM-5.3-Simple,Per-5,0.78,0.552151,48
GLM-5.3-Simple,Per-5,0.79,0.55216,48
GLM-5.3-Simple,Per-5,0.8,0.552076,48
GLM-5.3-Simple,Per-5,0.81,0.552003,48
GLM-5.3-Simple,Per-5,0.82,0.552022,48
GLM-5.3-Simple,Per-5,0.83,0.552297,48
GLM-5.3-Simple,Per-5,0.84,0.552424,48
GLM-5.3-Simple,Per-5,0.85,0.552461,48
GLM-5.3-Simple,Per-5,0.86,0.552458,48
GLM-5.3-Simple,Per-5,0.87,0.552429,48
GLM-5.3-Simple,Per-5,0.88,0.552606,48
GLM-5.3-Simple,Per-5,0.89,0.553014,48
GLM-5.3-Simple,Per-5,0.9,0.5535,48
GLM-5.3-Simple,Per-5,0.91,0.553785,48
GLM-5.3-Simple,Per-5,0.92,0.554025,48
GLM-5.3-Simple,Per-5,0.93,0.554428,48
GLM-5.3-Simple,Per-5,0.94,0.554618,48
GLM-5.3-Simple,Per-5,0.95,0.554557,48
GLM-5.3-Simple,Per-5,0.96,0.554535,48
GLM-5.3-Simple,Per-5,0.97,0.554528,48
GLM-5.3-Simple,Per-5,0.98,0.554574,48
GLM-5.3-Simple,Per-5,0.99,0.554521,48
GLM-5.3-Simple,Per-5,1.0,0.554336,48
GPT-6-Luna-Simple,Every-turn,0.21,0.51883,50
GPT-6-Luna-Simple,Every-turn,0.22,0.516731,50
GPT-6-Luna-Simple,Every-turn,0.23,0.514607,50
GPT-6-Luna-Simple,Every-turn,0.24,0.511815,50
GPT-6-Luna-Simple,Every-turn,0.25,0.509905,50
GPT-6-Luna-Simple,Every-turn,0.26,0.507992,50
GPT-6-Luna-Simple,Every-turn,0.27,0.505963,50
GPT-6-Luna-Simple,Every-turn,0.28,0.504009,50
GPT-6-Luna-Simple,Every-turn,0.29,0.501562,50
GPT-6-Luna-Simple,Every-turn,0.3,0.499494,50
GPT-6-Luna-Simple,Every-turn,0.31,0.497447,50
GPT-6-Luna-Simple,Every-turn,0.32,0.495195,50
GPT-6-Luna-Simple,Every-turn,0.33,0.493695,50
GPT-6-Luna-Simple,Every-turn,0.34,0.492907,50
GPT-6-Luna-Simple,Every-turn,0.35,0.491494,50
GPT-6-Luna-Simple,Every-turn,0.36,0.490551,50
GPT-6-Luna-Simple,Every-turn,0.37,0.489437,50
GPT-6-Luna-Simple,Every-turn,0.38,0.488787,50
GPT-6-Luna-Simple,Every-turn,0.39,0.487799,50
GPT-6-Luna-Simple,Every-turn,0.4,0.486613,50
GPT-6-Luna-Simple,Every-turn,0.41,0.485141,50
GPT-6-Luna-Simple,Every-turn,0.42,0.483745,50
GPT-6-Luna-Simple,Every-turn,0.43,0.482739,50
GPT-6-Luna-Simple,Every-turn,0.44,0.481371,50
GPT-6-Luna-Simple,Every-turn,0.45,0.480201,50
GPT-6-Luna-Simple,Every-turn,0.46,0.479027,50
GPT-6-Luna-Simple,Every-turn,0.47,0.477871,50
GPT-6-Luna-Simple,Every-turn,0.48,0.476735,50
GPT-6-Luna-Simple,Every-turn,0.49,0.475866,50
GPT-6-Luna-Simple,Every-turn,0.5,0.475066,50
GPT-6-Luna-Simple,Every-turn,0.51,0.474307,50
GPT-6-Luna-Simple,Every-turn,0.52,0.473301,50
GPT-6-Luna-Simple,Every-turn,0.53,0.472547,50
GPT-6-Luna-Simple,Every-turn,0.54,0.471895,50
GPT-6-Luna-Simple,Every-turn,0.55,0.471531,50
GPT-6-Luna-Simple,Every-turn,0.56,0.471339,50
GPT-6-Luna-Simple,Every-turn,0.57,0.470827,50
GPT-6-Luna-Simple,Every-turn,0.58,0.470525,50
GPT-6-Luna-Simple,Every-turn,0.59,0.47,50
GPT-6-Luna-Simple,Every-turn,0.6,0.469673,50
GPT-6-Luna-Simple,Every-turn,0.61,0.469475,50
GPT-6-Luna-Simple,Every-turn,0.62,0.469478,50
GPT-6-Luna-Simple,Every-turn,0.63,0.469779,50
GPT-6-Luna-Simple,Every-turn,0.64,0.469906,50
GPT-6-Luna-Simple,Every-turn,0.65,0.469906,50
GPT-6-Luna-Simple,Every-turn,0.66,0.469969,50
GPT-6-Luna-Simple,Every-turn,0.67,0.470271,50
GPT-6-Luna-Simple,Every-turn,0.68,0.470358,50
GPT-6-Luna-Simple,Every-turn,0.69,0.47057,50
GPT-6-Luna-Simple,Every-turn,0.7,0.470972,50
GPT-6-Luna-Simple,Every-turn,0.71,0.47131,50
GPT-6-Luna-Simple,Every-turn,0.72,0.47162,50
GPT-6-Luna-Simple,Every-turn,0.73,0.471917,50
GPT-6-Luna-Simple,Every-turn,0.74,0.472289,50
GPT-6-Luna-Simple,Every-turn,0.75,0.472649,50
GPT-6-Luna-Simple,Every-turn,0.76,0.47311,50
GPT-6-Luna-Simple,Every-turn,0.77,0.473411,50
GPT-6-Luna-Simple,Every-turn,0.78,0.473786,50
GPT-6-Luna-Simple,Every-turn,0.79,0.474193,50
GPT-6-Luna-Simple,Every-turn,0.8,0.474243,50
GPT-6-Luna-Simple,Every-turn,0.81,0.474292,50
GPT-6-Luna-Simple,Every-turn,0.82,0.474239,50
GPT-6-Luna-Simple,Every-turn,0.83,0.474378,50
GPT-6-Luna-Simple,Every-turn,0.84,0.474688,50
GPT-6-Luna-Simple,Every-turn,0.85,0.47489,50
GPT-6-Luna-Simple,Every-turn,0.86,0.474794,50
GPT-6-Luna-Simple,Every-turn,0.87,0.474909,50
GPT-6-Luna-Simple,Every-turn,0.88,0.475062,50
GPT-6-Luna-Simple,Every-turn,0.89,0.475046,50
GPT-6-Luna-Simple,Every-turn,0.9,0.47524,50
GPT-6-Luna-Simple,Every-turn,0.91,0.475655,50
GPT-6-Luna-Simple,Every-turn,0.92,0.476143,50
GPT-6-Luna-Simple,Every-turn,0.93,0.476479,50
GPT-6-Luna-Simple,Every-turn,0.94,0.476908,50
GPT-6-Luna-Simple,Every-turn,0.95,0.477232,50
GPT-6-Luna-Simple,Every-turn,0.96,0.477602,50
GPT-6-Luna-Simple,Every-turn,0.97,0.478027,50
GPT-6-Luna-Simple,Every-turn,0.98,0.478472,50
GPT-6-Luna-Simple,Every-turn,0.99,0.478884,50
GPT-6-Luna-Simple,Every-turn,1.0,0.479127,50
GPT-6-Luna-Simple,Per-5,0.21,0.50632,48
GPT-6-Luna-Simple,Per-5,0.22,0.502945,48
GPT-6-Luna-Simple,Per-5,0.23,0.500481,48
GPT-6-Luna-Simple,Per-5,0.24,0.500483,48
GPT-6-Luna-Simple,Per-5,0.25,0.499608,48
GPT-6-Luna-Simple,Per-5,0.26,0.500001,48
GPT-6-Luna-Simple,Per-5,0.27,0.500274,48
GPT-6-Luna-Simple,Per-5,0.28,0.49998,48
GPT-6-Luna-Simple,Per-5,0.29,0.497734,48
GPT-6-Luna-Simple,Per-5,0.3,0.495917,48
GPT-6-Luna-Simple,Per-5,0.31,0.494235,48
GPT-6-Luna-Simple,Per-5,0.32,0.492564,48
GPT-6-Luna-Simple,Per-5,0.33,0.490778,48
GPT-6-Luna-Simple,Per-5,0.34,0.488864,48
GPT-6-Luna-Simple,Per-5,0.35,0.487119,48
GPT-6-Luna-Simple,Per-5,0.36,0.485725,48
GPT-6-Luna-Simple,Per-5,0.37,0.484274,48
GPT-6-Luna-Simple,Per-5,0.38,0.482835,48
GPT-6-Luna-Simple,Per-5,0.39,0.481147,48
GPT-6-Luna-Simple,Per-5,0.4,0.479472,48
GPT-6-Luna-Simple,Per-5,0.41,0.477662,48
GPT-6-Luna-Simple,Per-5,0.42,0.475761,48
GPT-6-Luna-Simple,Per-5,0.43,0.47419,48
GPT-6-Luna-Simple,Per-5,0.44,0.472892,48
GPT-6-Luna-Simple,Per-5,0.45,0.471443,48
GPT-6-Luna-Simple,Per-5,0.46,0.469859,48
GPT-6-Luna-Simple,Per-5,0.47,0.468245,48
GPT-6-Luna-Simple,Per-5,0.48,0.466805,48
GPT-6-Luna-Simple,Per-5,0.49,0.465393,48
GPT-6-Luna-Simple,Per-5,0.5,0.464471,48
GPT-6-Luna-Simple,Per-5,0.51,0.463362,48
GPT-6-Luna-Simple,Per-5,0.52,0.46187,48
GPT-6-Luna-Simple,Per-5,0.53,0.460865,48
GPT-6-Luna-Simple,Per-5,0.54,0.459994,48
GPT-6-Luna-Simple,Per-5,0.55,0.45934,48
GPT-6-Luna-Simple,Per-5,0.56,0.458463,48
GPT-6-Luna-Simple,Per-5,0.57,0.45774,48
GPT-6-Luna-Simple,Per-5,0.58,0.457567,48
GPT-6-Luna-Simple,Per-5,0.59,0.457469,48
GPT-6-Luna-Simple,Per-5,0.6,0.457647,48
GPT-6-Luna-Simple,Per-5,0.61,0.457898,48
GPT-6-Luna-Simple,Per-5,0.62,0.458785,48
GPT-6-Luna-Simple,Per-5,0.63,0.459693,48
GPT-6-Luna-Simple,Per-5,0.64,0.460441,48
GPT-6-Luna-Simple,Per-5,0.65,0.461183,48
GPT-6-Luna-Simple,Per-5,0.66,0.461676,48
GPT-6-Luna-Simple,Per-5,0.67,0.462557,48
GPT-6-Luna-Simple,Per-5,0.68,0.46354,48
GPT-6-Luna-Simple,Per-5,0.69,0.464682,48
GPT-6-Luna-Simple,Per-5,0.7,0.465972,48
GPT-6-Luna-Simple,Per-5,0.71,0.467062,48
GPT-6-Luna-Simple,Per-5,0.72,0.468273,48
GPT-6-Luna-Simple,Per-5,0.73,0.469254,48
GPT-6-Luna-Simple,Per-5,0.74,0.470158,48
GPT-6-Luna-Simple,Per-5,0.75,0.47185,48
GPT-6-Luna-Simple,Per-5,0.76,0.473149,48
GPT-6-Luna-Simple,Per-5,0.77,0.474178,48
GPT-6-Luna-Simple,Per-5,0.78,0.475183,48
GPT-6-Luna-Simple,Per-5,0.79,0.476325,48
GPT-6-Luna-Simple,Per-5,0.8,0.477363,48
GPT-6-Luna-Simple,Per-5,0.81,0.478563,48
GPT-6-Luna-Simple,Per-5,0.82,0.479908,48
GPT-6-Luna-Simple,Per-5,0.83,0.481307,48
GPT-6-Luna-Simple,Per-5,0.84,0.482596,48
GPT-6-Luna-Simple,Per-5,0.85,0.483685,48
GPT-6-Luna-Simple,Per-5,0.86,0.484515,48
GPT-6-Luna-Simple,Per-5,0.87,0.485342,48
GPT-6-Luna-Simple,Per-5,0.88,0.485873,48
GPT-6-Luna-Simple,Per-5,0.89,0.486502,48
GPT-6-Luna-Simple,Per-5,0.9,0.487188,48
GPT-6-Luna-Simple,Per-5,0.91,0.487837,48
GPT-6-Luna-Simple,Per-5,0.92,0.488431,48
GPT-6-Luna-Simple,Per-5,0.93,0.488872,48
GPT-6-Luna-Simple,Per-5,0.94,0.489552,48
GPT-6-Luna-Simple,Per-5,0.95,0.489888,48
GPT-6-Luna-Simple,Per-5,0.96,0.490433,48
GPT-6-Luna-Simple,Per-5,0.97,0.490824,48
GPT-6-Luna-Simple,Per-5,0.98,0.490983,48
GPT-6-Luna-Simple,Per-5,0.99,0.491048,48
GPT-6-Luna-Simple,Per-5,1.0,0.491149,48
GPT-6.1-Sol-Simple,Per-5,0.21,0.495648,48
GPT-6.1-Sol-Simple,Per-5,0.22,0.49765,48
GPT-6.1-Sol-Simple,Per-5,0.23,0.497353,48
GPT-6.1-Sol-Simple,Per-5,0.24,0.497111,48
GPT-6.1-Sol-Simple,Per-5,0.25,0.497675,48
GPT-6.1-Sol-Simple,Per-5,0.26,0.497656,48
GPT-6.1-Sol-Simple,Per-5,0.27,0.497587,48
GPT-6.1-Sol-Simple,Per-5,0.28,0.4983,48
GPT-6.1-Sol-Simple,Per-5,0.29,0.498691,48
GPT-6.1-Sol-Simple,Per-5,0.3,0.498264,48
GPT-6.1-Sol-Simple,Per-5,0.31,0.497827,48
GPT-6.1-Sol-Simple,Per-5,0.32,0.497244,48
GPT-6.1-Sol-Simple,Per-5,0.33,0.496687,48
GPT-6.1-Sol-Simple,Per-5,0.34,0.495382,48
GPT-6.1-Sol-Simple,Per-5,0.35,0.494232,48
GPT-6.1-Sol-Simple,Per-5,0.36,0.493117,48
GPT-6.1-Sol-Simple,Per-5,0.37,0.492166,48
GPT-6.1-Sol-Simple,Per-5,0.38,0.491208,48
GPT-6.1-Sol-Simple,Per-5,0.39,0.490616,48
GPT-6.1-Sol-Simple,Per-5,0.4,0.490423,48
GPT-6.1-Sol-Simple,Per-5,0.41,0.490399,48
GPT-6.1-Sol-Simple,Per-5,0.42,0.490644,48
GPT-6.1-Sol-Simple,Per-5,0.43,0.490859,48
GPT-6.1-Sol-Simple,Per-5,0.44,0.491042,48
GPT-6.1-Sol-Simple,Per-5,0.45,0.490952,48
GPT-6.1-Sol-Simple,Per-5,0.46,0.490815,48
GPT-6.1-Sol-Simple,Per-5,0.47,0.490678,48
GPT-6.1-Sol-Simple,Per-5,0.48,0.490901,48
GPT-6.1-Sol-Simple,Per-5,0.49,0.490615,48
GPT-6.1-Sol-Simple,Per-5,0.5,0.490457,48
GPT-6.1-Sol-Simple,Per-5,0.51,0.490406,48
GPT-6.1-Sol-Simple,Per-5,0.52,0.490413,48
GPT-6.1-Sol-Simple,Per-5,0.53,0.49066,48
GPT-6.1-Sol-Simple,Per-5,0.54,0.491213,48
GPT-6.1-Sol-Simple,Per-5,0.55,0.491527,48
GPT-6.1-Sol-Simple,Per-5,0.56,0.491544,48
GPT-6.1-Sol-Simple,Per-5,0.57,0.491603,48
GPT-6.1-Sol-Simple,Per-5,0.58,0.491949,48
GPT-6.1-Sol-Simple,Per-5,0.59,0.492545,48
GPT-6.1-Sol-Simple,Per-5,0.6,0.493246,48
GPT-6.1-Sol-Simple,Per-5,0.61,0.493936,48
GPT-6.1-Sol-Simple,Per-5,0.62,0.494868,48
GPT-6.1-Sol-Simple,Per-5,0.63,0.495604,48
GPT-6.1-Sol-Simple,Per-5,0.64,0.496255,48
GPT-6.1-Sol-Simple,Per-5,0.65,0.497037,48
GPT-6.1-Sol-Simple,Per-5,0.66,0.498059,48
GPT-6.1-Sol-Simple,Per-5,0.67,0.498988,48
GPT-6.1-Sol-Simple,Per-5,0.68,0.500035,48
GPT-6.1-Sol-Simple,Per-5,0.69,0.50094,48
GPT-6.1-Sol-Simple,Per-5,0.7,0.501844,48
GPT-6.1-Sol-Simple,Per-5,0.71,0.502873,48
GPT-6.1-Sol-Simple,Per-5,0.72,0.504182,48
GPT-6.1-Sol-Simple,Per-5,0.73,0.505519,48
GPT-6.1-Sol-Simple,Per-5,0.74,0.5065,48
GPT-6.1-Sol-Simple,Per-5,0.75,0.507372,48
GPT-6.1-Sol-Simple,Per-5,0.76,0.50858,48
GPT-6.1-Sol-Simple,Per-5,0.77,0.509683,48
GPT-6.1-Sol-Simple,Per-5,0.78,0.510674,48
GPT-6.1-Sol-Simple,Per-5,0.79,0.511847,48
GPT-6.1-Sol-Simple,Per-5,0.8,0.513043,48
GPT-6.1-Sol-Simple,Per-5,0.81,0.514363,48
GPT-6.1-Sol-Simple,Per-5,0.82,0.515668,48
GPT-6.1-Sol-Simple,Per-5,0.83,0.517742,48
GPT-6.1-Sol-Simple,Per-5,0.84,0.518705,48
GPT-6.1-Sol-Simple,Per-5,0.85,0.519836,48
GPT-6.1-Sol-Simple,Per-5,0.86,0.520838,48
GPT-6.1-Sol-Simple,Per-5,0.87,0.521952,48
GPT-6.1-Sol-Simple,Per-5,0.88,0.522953,48
GPT-6.1-Sol-Simple,Per-5,0.89,0.524179,48
GPT-6.1-Sol-Simple,Per-5,0.9,0.525678,48
GPT-6.1-Sol-Simple,Per-5,0.91,0.527007,48
GPT-6.1-Sol-Simple,Per-5,0.92,0.528241,48
GPT-6.1-Sol-Simple,Per-5,0.93,0.529127,48
GPT-6.1-Sol-Simple,Per-5,0.94,0.529913,48
GPT-6.1-Sol-Simple,Per-5,0.95,0.530577,48
GPT-6.1-Sol-Simple,Per-5,0.96,0.53146,48
GPT-6.1-Sol-Simple,Per-5,0.97,0.532169,48
GPT-6.1-Sol-Simple,Per-5,0.98,0.532882,48
GPT-6.1-Sol-Simple,Per-5,0.99,0.533763,48
GPT-6.1-Sol-Simple,Per-5,1.0,0.534798,48
GPT-OSS-120B-Simple,Every-turn,0.21,0.533172,48
GPT-OSS-120B-Simple,Every-turn,0.22,0.531192,48
GPT-OSS-120B-Simple,Every-turn,0.23,0.528416,48
GPT-OSS-120B-Simple,Every-turn,0.24,0.52704,48
GPT-OSS-120B-Simple,Every-turn,0.25,0.526985,48
GPT-OSS-120B-Simple,Every-turn,0.26,0.527527,48
GPT-OSS-120B-Simple,Every-turn,0.27,0.527399,48
GPT-OSS-120B-Simple,Every-turn,0.28,0.527175,48
GPT-OSS-120B-Simple,Every-turn,0.29,0.526754,48
GPT-OSS-120B-Simple,Every-turn,0.3,0.526307,48
GPT-OSS-120B-Simple,Every-turn,0.31,0.525345,48
GPT-OSS-120B-Simple,Every-turn,0.32,0.52423,48
GPT-OSS-120B-Simple,Every-turn,0.33,0.523148,48
GPT-OSS-120B-Simple,Every-turn,0.34,0.521737,48
GPT-OSS-120B-Simple,Every-turn,0.35,0.520671,48
GPT-OSS-120B-Simple,Every-turn,0.36,0.519705,48
GPT-OSS-120B-Simple,Every-turn,0.37,0.518727,48
GPT-OSS-120B-Simple,Every-turn,0.38,0.517326,48
GPT-OSS-120B-Simple,Every-turn,0.39,0.515489,48
GPT-OSS-120B-Simple,Every-turn,0.4,0.513929,48
GPT-OSS-120B-Simple,Every-turn,0.41,0.51243,48
GPT-OSS-120B-Simple,Every-turn,0.42,0.510915,48
GPT-OSS-120B-Simple,Every-turn,0.43,0.509115,48
GPT-OSS-120B-Simple,Every-turn,0.44,0.507325,48
GPT-OSS-120B-Simple,Every-turn,0.45,0.505758,48
GPT-OSS-120B-Simple,Every-turn,0.46,0.504186,48
GPT-OSS-120B-Simple,Every-turn,0.47,0.5026,48
GPT-OSS-120B-Simple,Every-turn,0.48,0.501109,48
GPT-OSS-120B-Simple,Every-turn,0.49,0.499422,48
GPT-OSS-120B-Simple,Every-turn,0.5,0.497686,48
GPT-OSS-120B-Simple,Every-turn,0.51,0.495656,48
GPT-OSS-120B-Simple,Every-turn,0.52,0.493801,48
GPT-OSS-120B-Simple,Every-turn,0.53,0.492203,48
GPT-OSS-120B-Simple,Every-turn,0.54,0.490818,48
GPT-OSS-120B-Simple,Every-turn,0.55,0.489154,48
GPT-OSS-120B-Simple,Every-turn,0.56,0.487113,48
GPT-OSS-120B-Simple,Every-turn,0.57,0.485087,48
GPT-OSS-120B-Simple,Every-turn,0.58,0.483346,48
GPT-OSS-120B-Simple,Every-turn,0.59,0.482017,48
GPT-OSS-120B-Simple,Every-turn,0.6,0.480982,48
GPT-OSS-120B-Simple,Every-turn,0.61,0.479941,48
GPT-OSS-120B-Simple,Every-turn,0.62,0.47895,48
GPT-OSS-120B-Simple,Every-turn,0.63,0.477922,48
GPT-OSS-120B-Simple,Every-turn,0.64,0.476753,48
GPT-OSS-120B-Simple,Every-turn,0.65,0.475396,48
GPT-OSS-120B-Simple,Every-turn,0.66,0.47403,48
GPT-OSS-120B-Simple,Every-turn,0.67,0.47254,48
GPT-OSS-120B-Simple,Every-turn,0.68,0.471024,48
GPT-OSS-120B-Simple,Every-turn,0.69,0.469532,48
GPT-OSS-120B-Simple,Every-turn,0.7,0.468135,48
GPT-OSS-120B-Simple,Every-turn,0.71,0.466836,48
GPT-OSS-120B-Simple,Every-turn,0.72,0.465498,48
GPT-OSS-120B-Simple,Every-turn,0.73,0.463751,48
GPT-OSS-120B-Simple,Every-turn,0.74,0.461912,48
GPT-OSS-120B-Simple,Every-turn,0.75,0.460104,48
GPT-OSS-120B-Simple,Every-turn,0.76,0.458415,48
GPT-OSS-120B-Simple,Every-turn,0.77,0.456773,48
GPT-OSS-120B-Simple,Every-turn,0.78,0.455196,48
GPT-OSS-120B-Simple,Every-turn,0.79,0.453583,48
GPT-OSS-120B-Simple,Every-turn,0.8,0.451958,48
GPT-OSS-120B-Simple,Every-turn,0.81,0.450402,48
GPT-OSS-120B-Simple,Every-turn,0.82,0.448711,48
GPT-OSS-120B-Simple,Every-turn,0.83,0.447194,48
GPT-OSS-120B-Simple,Every-turn,0.84,0.445811,48
GPT-OSS-120B-Simple,Every-turn,0.85,0.444377,48
GPT-OSS-120B-Simple,Every-turn,0.86,0.442878,48
GPT-OSS-120B-Simple,Every-turn,0.87,0.441321,48
GPT-OSS-120B-Simple,Every-turn,0.88,0.439763,48
GPT-OSS-120B-Simple,Every-turn,0.89,0.438363,48
GPT-OSS-120B-Simple,Every-turn,0.9,0.436785,48
GPT-OSS-120B-Simple,Every-turn,0.91,0.435242,48
GPT-OSS-120B-Simple,Every-turn,0.92,0.433725,48
GPT-OSS-120B-Simple,Every-turn,0.93,0.43225,48
GPT-OSS-120B-Simple,Every-turn,0.94,0.430772,48
GPT-OSS-120B-Simple,Every-turn,0.95,0.429389,48
GPT-OSS-120B-Simple,Every-turn,0.96,0.42794,48
GPT-OSS-120B-Simple,Every-turn,0.97,0.426618,48
GPT-OSS-120B-Simple,Every-turn,0.98,0.425281,48
GPT-OSS-120B-Simple,Every-turn,0.99,0.424045,48
GPT-OSS-120B-Simple,Every-turn,1.0,0.42284,48
GPT-OSS-120B-Simple,Per-5,0.21,0.523152,48
GPT-OSS-120B-Simple,Per-5,0.22,0.521235,48
GPT-OSS-120B-Simple,Per-5,0.23,0.51803,48
GPT-OSS-120B-Simple,Per-5,0.24,0.513848,48
GPT-OSS-120B-Simple,Per-5,0.25,0.511361,48
GPT-OSS-120B-Simple,Per-5,0.26,0.50954,48
GPT-OSS-120B-Simple,Per-5,0.27,0.509032,48
GPT-OSS-120B-Simple,Per-5,0.28,0.508423,48
GPT-OSS-120B-Simple,Per-5,0.29,0.508242,48
GPT-OSS-120B-Simple,Per-5,0.3,0.507774,48
GPT-OSS-120B-Simple,Per-5,0.31,0.507091,48
GPT-OSS-120B-Simple,Per-5,0.32,0.506471,48
GPT-OSS-120B-Simple,Per-5,0.33,0.505016,48
GPT-OSS-120B-Simple,Per-5,0.34,0.503653,48
GPT-OSS-120B-Simple,Per-5,0.35,0.501625,48
GPT-OSS-120B-Simple,Per-5,0.36,0.499912,48
GPT-OSS-120B-Simple,Per-5,0.37,0.498466,48
GPT-OSS-120B-Simple,Per-5,0.38,0.496583,48
GPT-OSS-120B-Simple,Per-5,0.39,0.49443,48
GPT-OSS-120B-Simple,Per-5,0.4,0.49259,48
GPT-OSS-120B-Simple,Per-5,0.41,0.490705,48
GPT-OSS-120B-Simple,Per-5,0.42,0.488448,48
GPT-OSS-120B-Simple,Per-5,0.43,0.486038,48
GPT-OSS-120B-Simple,Per-5,0.44,0.483622,48
GPT-OSS-120B-Simple,Per-5,0.45,0.48094,48
GPT-OSS-120B-Simple,Per-5,0.46,0.478107,48
GPT-OSS-120B-Simple,Per-5,0.47,0.475109,48
GPT-OSS-120B-Simple,Per-5,0.48,0.472242,48
GPT-OSS-120B-Simple,Per-5,0.49,0.469255,48
GPT-OSS-120B-Simple,Per-5,0.5,0.466333,48
GPT-OSS-120B-Simple,Per-5,0.51,0.463344,48
GPT-OSS-120B-Simple,Per-5,0.52,0.460688,48
GPT-OSS-120B-Simple,Per-5,0.53,0.45795,48
GPT-OSS-120B-Simple,Per-5,0.54,0.455303,48
GPT-OSS-120B-Simple,Per-5,0.55,0.45281,48
GPT-OSS-120B-Simple,Per-5,0.56,0.450102,48
GPT-OSS-120B-Simple,Per-5,0.57,0.447537,48
GPT-OSS-120B-Simple,Per-5,0.58,0.445314,48
GPT-OSS-120B-Simple,Per-5,0.59,0.443041,48
GPT-OSS-120B-Simple,Per-5,0.6,0.440927,48
GPT-OSS-120B-Simple,Per-5,0.61,0.438909,48
GPT-OSS-120B-Simple,Per-5,0.62,0.437137,48
GPT-OSS-120B-Simple,Per-5,0.63,0.43528,48
GPT-OSS-120B-Simple,Per-5,0.64,0.433604,48
GPT-OSS-120B-Simple,Per-5,0.65,0.432016,48
GPT-OSS-120B-Simple,Per-5,0.66,0.430251,48
GPT-OSS-120B-Simple,Per-5,0.67,0.428695,48
GPT-OSS-120B-Simple,Per-5,0.68,0.426975,48
GPT-OSS-120B-Simple,Per-5,0.69,0.425472,48
GPT-OSS-120B-Simple,Per-5,0.7,0.423788,48
GPT-OSS-120B-Simple,Per-5,0.71,0.422109,48
GPT-OSS-120B-Simple,Per-5,0.72,0.420609,48
GPT-OSS-120B-Simple,Per-5,0.73,0.418969,48
GPT-OSS-120B-Simple,Per-5,0.74,0.417512,48
GPT-OSS-120B-Simple,Per-5,0.75,0.416045,48
GPT-OSS-120B-Simple,Per-5,0.76,0.414636,48
GPT-OSS-120B-Simple,Per-5,0.77,0.41322,48
GPT-OSS-120B-Simple,Per-5,0.78,0.411758,48
GPT-OSS-120B-Simple,Per-5,0.79,0.410482,48
GPT-OSS-120B-Simple,Per-5,0.8,0.409173,48
GPT-OSS-120B-Simple,Per-5,0.81,0.407906,48
GPT-OSS-120B-Simple,Per-5,0.82,0.406716,48
GPT-OSS-120B-Simple,Per-5,0.83,0.405589,48
GPT-OSS-120B-Simple,Per-5,0.84,0.4045,48
GPT-OSS-120B-Simple,Per-5,0.85,0.403291,48
GPT-OSS-120B-Simple,Per-5,0.86,0.402066,48
GPT-OSS-120B-Simple,Per-5,0.87,0.40099,48
GPT-OSS-120B-Simple,Per-5,0.88,0.400038,48
GPT-OSS-120B-Simple,Per-5,0.89,0.399104,48
GPT-OSS-120B-Simple,Per-5,0.9,0.398199,48
GPT-OSS-120B-Simple,Per-5,0.91,0.397558,48
GPT-OSS-120B-Simple,Per-5,0.92,0.396857,48
GPT-OSS-120B-Simple,Per-5,0.93,0.396239,48
GPT-OSS-120B-Simple,Per-5,0.94,0.395562,48
GPT-OSS-120B-Simple,Per-5,0.95,0.394869,48
GPT-OSS-120B-Simple,Per-5,0.96,0.394183,48
GPT-OSS-120B-Simple,Per-5,0.97,0.393413,48
GPT-OSS-120B-Simple,Per-5,0.98,0.392773,48
GPT-OSS-120B-Simple,Per-5,0.99,0.39221,48
GPT-OSS-120B-Simple,Per-5,1.0,0.391453,48
Gemma-4-Simple,Every-turn,0.21,0.474739,48
Gemma-4-Simple,Every-turn,0.22,0.473193,48
Gemma-4-Simple,Every-turn,0.23,0.475288,48
Gemma-4-Simple,Every-turn,0.24,0.475198,48
Gemma-4-Simple,Every-turn,0.25,0.476076,48
Gemma-4-Simple,Every-turn,0.26,0.477845,48
Gemma-4-Simple,Every-turn,0.27,0.479176,48
Gemma-4-Simple,Every-turn,0.28,0.479376,48
Gemma-4-Simple,Every-turn,0.29,0.479101,48
Gemma-4-Simple,Every-turn,0.3,0.478979,48
Gemma-4-Simple,Every-turn,0.31,0.478496,48
Gemma-4-Simple,Every-turn,0.32,0.477236,48
Gemma-4-Simple,Every-turn,0.33,0.476504,48
Gemma-4-Simple,Every-turn,0.34,0.47579,48
Gemma-4-Simple,Every-turn,0.35,0.474694,48
Gemma-4-Simple,Every-turn,0.36,0.472862,48
Gemma-4-Simple,Every-turn,0.37,0.470723,48
Gemma-4-Simple,Every-turn,0.38,0.469006,48
Gemma-4-Simple,Every-turn,0.39,0.4671,48
Gemma-4-Simple,Every-turn,0.4,0.465451,48
Gemma-4-Simple,Every-turn,0.41,0.464071,48
Gemma-4-Simple,Every-turn,0.42,0.462765,48
Gemma-4-Simple,Every-turn,0.43,0.461459,48
Gemma-4-Simple,Every-turn,0.44,0.459916,48
Gemma-4-Simple,Every-turn,0.45,0.458429,48
Gemma-4-Simple,Every-turn,0.46,0.45667,48
Gemma-4-Simple,Every-turn,0.47,0.45483,48
Gemma-4-Simple,Every-turn,0.48,0.453349,48
Gemma-4-Simple,Every-turn,0.49,0.451994,48
Gemma-4-Simple,Every-turn,0.5,0.45039,48
Gemma-4-Simple,Every-turn,0.51,0.44881,48
Gemma-4-Simple,Every-turn,0.52,0.447093,48
Gemma-4-Simple,Every-turn,0.53,0.445916,48
Gemma-4-Simple,Every-turn,0.54,0.44477,48
Gemma-4-Simple,Every-turn,0.55,0.443847,48
Gemma-4-Simple,Every-turn,0.56,0.442712,48
Gemma-4-Simple,Every-turn,0.57,0.441673,48
Gemma-4-Simple,Every-turn,0.58,0.44067,48
Gemma-4-Simple,Every-turn,0.59,0.439554,48
Gemma-4-Simple,Every-turn,0.6,0.438373,48
Gemma-4-Simple,Every-turn,0.61,0.437194,48
Gemma-4-Simple,Every-turn,0.62,0.436388,48
Gemma-4-Simple,Every-turn,0.63,0.43533,48
Gemma-4-Simple,Every-turn,0.64,0.43389,48
Gemma-4-Simple,Every-turn,0.65,0.432609,48
Gemma-4-Simple,Every-turn,0.66,0.431543,48
Gemma-4-Simple,Every-turn,0.67,0.430213,48
Gemma-4-Simple,Every-turn,0.68,0.42895,48
Gemma-4-Simple,Every-turn,0.69,0.427884,48
Gemma-4-Simple,Every-turn,0.7,0.426704,48
Gemma-4-Simple,Every-turn,0.71,0.425452,48
Gemma-4-Simple,Every-turn,0.72,0.424157,48
Gemma-4-Simple,Every-turn,0.73,0.422829,48
Gemma-4-Simple,Every-turn,0.74,0.421444,48
Gemma-4-Simple,Every-turn,0.75,0.420176,48
Gemma-4-Simple,Every-turn,0.76,0.418875,48
Gemma-4-Simple,Every-turn,0.77,0.417607,48
Gemma-4-Simple,Every-turn,0.78,0.41624,48
Gemma-4-Simple,Every-turn,0.79,0.415171,48
Gemma-4-Simple,Every-turn,0.8,0.413929,48
Gemma-4-Simple,Every-turn,0.81,0.412743,48
Gemma-4-Simple,Every-turn,0.82,0.411744,48
Gemma-4-Simple,Every-turn,0.83,0.410742,48
Gemma-4-Simple,Every-turn,0.84,0.409758,48
Gemma-4-Simple,Every-turn,0.85,0.408696,48
Gemma-4-Simple,Every-turn,0.86,0.407516,48
Gemma-4-Simple,Every-turn,0.87,0.406444,48
Gemma-4-Simple,Every-turn,0.88,0.405372,48
Gemma-4-Simple,Every-turn,0.89,0.404336,48
Gemma-4-Simple,Every-turn,0.9,0.403285,48
Gemma-4-Simple,Every-turn,0.91,0.402129,48
Gemma-4-Simple,Every-turn,0.92,0.400909,48
Gemma-4-Simple,Every-turn,0.93,0.399821,48
Gemma-4-Simple,Every-turn,0.94,0.398712,48
Gemma-4-Simple,Every-turn,0.95,0.397583,48
Gemma-4-Simple,Every-turn,0.96,0.396499,48
Gemma-4-Simple,Every-turn,0.97,0.395544,48
Gemma-4-Simple,Every-turn,0.98,0.394737,48
Gemma-4-Simple,Every-turn,0.99,0.393823,48
Gemma-4-Simple,Every-turn,1.0,0.392891,48
Gemma-4-Simple,Per-5,0.21,0.494464,48
Gemma-4-Simple,Per-5,0.22,0.49308,48
Gemma-4-Simple,Per-5,0.23,0.490436,48
Gemma-4-Simple,Per-5,0.24,0.492397,48
Gemma-4-Simple,Per-5,0.25,0.492365,48
Gemma-4-Simple,Per-5,0.26,0.494405,48
Gemma-4-Simple,Per-5,0.27,0.4947,48
Gemma-4-Simple,Per-5,0.28,0.495708,48
Gemma-4-Simple,Per-5,0.29,0.496357,48
Gemma-4-Simple,Per-5,0.3,0.496801,48
Gemma-4-Simple,Per-5,0.31,0.495969,48
Gemma-4-Simple,Per-5,0.32,0.495216,48
Gemma-4-Simple,Per-5,0.33,0.494658,48
Gemma-4-Simple,Per-5,0.34,0.49459,48
Gemma-4-Simple,Per-5,0.35,0.494548,48
Gemma-4-Simple,Per-5,0.36,0.493351,48
Gemma-4-Simple,Per-5,0.37,0.492192,48
Gemma-4-Simple,Per-5,0.38,0.491304,48
Gemma-4-Simple,Per-5,0.39,0.490613,48
Gemma-4-Simple,Per-5,0.4,0.49013,48
Gemma-4-Simple,Per-5,0.41,0.48966,48
Gemma-4-Simple,Per-5,0.42,0.489503,48
Gemma-4-Simple,Per-5,0.43,0.489311,48
Gemma-4-Simple,Per-5,0.44,0.489155,48
Gemma-4-Simple,Per-5,0.45,0.489319,48
Gemma-4-Simple,Per-5,0.46,0.48898,48
Gemma-4-Simple,Per-5,0.47,0.488312,48
Gemma-4-Simple,Per-5,0.48,0.487722,48
Gemma-4-Simple,Per-5,0.49,0.486936,48
Gemma-4-Simple,Per-5,0.5,0.485929,48
Gemma-4-Simple,Per-5,0.51,0.484773,48
Gemma-4-Simple,Per-5,0.52,0.483759,48
Gemma-4-Simple,Per-5,0.53,0.482714,48
Gemma-4-Simple,Per-5,0.54,0.481678,48
Gemma-4-Simple,Per-5,0.55,0.480581,48
Gemma-4-Simple,Per-5,0.56,0.479439,48
Gemma-4-Simple,Per-5,0.57,0.478317,48
Gemma-4-Simple,Per-5,0.58,0.477279,48
Gemma-4-Simple,Per-5,0.59,0.476445,48
Gemma-4-Simple,Per-5,0.6,0.475721,48
Gemma-4-Simple,Per-5,0.61,0.475073,48
Gemma-4-Simple,Per-5,0.62,0.474328,48
Gemma-4-Simple,Per-5,0.63,0.473377,48
Gemma-4-Simple,Per-5,0.64,0.472149,48
Gemma-4-Simple,Per-5,0.65,0.470826,48
Gemma-4-Simple,Per-5,0.66,0.46964,48
Gemma-4-Simple,Per-5,0.67,0.468514,48
Gemma-4-Simple,Per-5,0.68,0.467289,48
Gemma-4-Simple,Per-5,0.69,0.466264,48
Gemma-4-Simple,Per-5,0.7,0.465365,48
Gemma-4-Simple,Per-5,0.71,0.464481,48
Gemma-4-Simple,Per-5,0.72,0.46371,48
Gemma-4-Simple,Per-5,0.73,0.462754,48
Gemma-4-Simple,Per-5,0.74,0.461867,48
Gemma-4-Simple,Per-5,0.75,0.460958,48
Gemma-4-Simple,Per-5,0.76,0.460252,48
Gemma-4-Simple,Per-5,0.77,0.459542,48
Gemma-4-Simple,Per-5,0.78,0.458843,48
Gemma-4-Simple,Per-5,0.79,0.458275,48
Gemma-4-Simple,Per-5,0.8,0.457778,48
Gemma-4-Simple,Per-5,0.81,0.457097,48
Gemma-4-Simple,Per-5,0.82,0.456421,48
Gemma-4-Simple,Per-5,0.83,0.455865,48
Gemma-4-Simple,Per-5,0.84,0.455259,48
Gemma-4-Simple,Per-5,0.85,0.454672,48
Gemma-4-Simple,Per-5,0.86,0.454182,48
Gemma-4-Simple,Per-5,0.87,0.453897,48
Gemma-4-Simple,Per-5,0.88,0.453574,48
Gemma-4-Simple,Per-5,0.89,0.453248,48
Gemma-4-Simple,Per-5,0.9,0.452798,48
Gemma-4-Simple,Per-5,0.91,0.452263,48
Gemma-4-Simple,Per-5,0.92,0.451803,48
Gemma-4-Simple,Per-5,0.93,0.451252,48
Gemma-4-Simple,Per-5,0.94,0.450733,48
Gemma-4-Simple,Per-5,0.95,0.450268,48
Gemma-4-Simple,Per-5,0.96,0.449699,48
Gemma-4-Simple,Per-5,0.97,0.44921,48
Gemma-4-Simple,Per-5,0.98,0.44866,48
Gemma-4-Simple,Per-5,0.99,0.448069,48
Gemma-4-Simple,Per-5,1.0,0.447371,48
Kimi-K2.6-Simple,Every-turn,0.21,0.505587,48
Kimi-K2.6-Simple,Every-turn,0.22,0.500444,48
Kimi-K2.6-Simple,Every-turn,0.23,0.496289,48
Kimi-K2.6-Simple,Every-turn,0.24,0.496569,48
Kimi-K2.6-Simple,Every-turn,0.25,0.496726,48
Kimi-K2.6-Simple,Every-turn,0.26,0.49575,48
Kimi-K2.6-Simple,Every-turn,0.27,0.494196,48
Kimi-K2.6-Simple,Every-turn,0.28,0.493206,48
Kimi-K2.6-Simple,Every-turn,0.29,0.491529,48
Kimi-K2.6-Simple,Every-turn,0.3,0.490631,48
Kimi-K2.6-Simple,Every-turn,0.31,0.491109,48
Kimi-K2.6-Simple,Every-turn,0.32,0.492026,48
Kimi-K2.6-Simple,Every-turn,0.33,0.492515,48
Kimi-K2.6-Simple,Every-turn,0.34,0.492831,48
Kimi-K2.6-Simple,Every-turn,0.35,0.492794,48
Kimi-K2.6-Simple,Every-turn,0.36,0.49239,48
Kimi-K2.6-Simple,Every-turn,0.37,0.492078,48
Kimi-K2.6-Simple,Every-turn,0.38,0.492166,48
Kimi-K2.6-Simple,Every-turn,0.39,0.491903,48
Kimi-K2.6-Simple,Every-turn,0.4,0.491338,48
Kimi-K2.6-Simple,Every-turn,0.41,0.491089,48
Kimi-K2.6-Simple,Every-turn,0.42,0.49065,48
Kimi-K2.6-Simple,Every-turn,0.43,0.490393,48
Kimi-K2.6-Simple,Every-turn,0.44,0.490025,48
Kimi-K2.6-Simple,Every-turn,0.45,0.489528,48
Kimi-K2.6-Simple,Every-turn,0.46,0.489102,48
Kimi-K2.6-Simple,Every-turn,0.47,0.488906,48
Kimi-K2.6-Simple,Every-turn,0.48,0.488737,48
Kimi-K2.6-Simple,Every-turn,0.49,0.488817,48
Kimi-K2.6-Simple,Every-turn,0.5,0.48885,48
Kimi-K2.6-Simple,Every-turn,0.51,0.488938,48
Kimi-K2.6-Simple,Every-turn,0.52,0.489054,48
Kimi-K2.6-Simple,Every-turn,0.53,0.489205,48
Kimi-K2.6-Simple,Every-turn,0.54,0.489411,48
Kimi-K2.6-Simple,Every-turn,0.55,0.489489,48
Kimi-K2.6-Simple,Every-turn,0.56,0.489682,48
Kimi-K2.6-Simple,Every-turn,0.57,0.489441,48
Kimi-K2.6-Simple,Every-turn,0.58,0.489119,48
Kimi-K2.6-Simple,Every-turn,0.59,0.488812,48
Kimi-K2.6-Simple,Every-turn,0.6,0.488652,48
Kimi-K2.6-Simple,Every-turn,0.61,0.488807,48
Kimi-K2.6-Simple,Every-turn,0.62,0.488765,48
Kimi-K2.6-Simple,Every-turn,0.63,0.488792,48
Kimi-K2.6-Simple,Every-turn,0.64,0.489022,48
Kimi-K2.6-Simple,Every-turn,0.65,0.488762,48
Kimi-K2.6-Simple,Every-turn,0.66,0.488661,48
Kimi-K2.6-Simple,Every-turn,0.67,0.488582,48
Kimi-K2.6-Simple,Every-turn,0.68,0.4888,48
Kimi-K2.6-Simple,Every-turn,0.69,0.489348,48
Kimi-K2.6-Simple,Every-turn,0.7,0.489905,48
Kimi-K2.6-Simple,Every-turn,0.71,0.490261,48
Kimi-K2.6-Simple,Every-turn,0.72,0.490501,48
Kimi-K2.6-Simple,Every-turn,0.73,0.490328,48
Kimi-K2.6-Simple,Every-turn,0.74,0.490201,48
Kimi-K2.6-Simple,Every-turn,0.75,0.489935,48
Kimi-K2.6-Simple,Every-turn,0.76,0.489783,48
Kimi-K2.6-Simple,Every-turn,0.77,0.489468,48
Kimi-K2.6-Simple,Every-turn,0.78,0.489128,48
Kimi-K2.6-Simple,Every-turn,0.79,0.488826,48
Kimi-K2.6-Simple,Every-turn,0.8,0.488361,48
Kimi-K2.6-Simple,Every-turn,0.81,0.487896,48
Kimi-K2.6-Simple,Every-turn,0.82,0.487573,48
Kimi-K2.6-Simple,Every-turn,0.83,0.487381,48
Kimi-K2.6-Simple,Every-turn,0.84,0.487462,48
Kimi-K2.6-Simple,Every-turn,0.85,0.487187,48
Kimi-K2.6-Simple,Every-turn,0.86,0.486897,48
Kimi-K2.6-Simple,Every-turn,0.87,0.486597,48
Kimi-K2.6-Simple,Every-turn,0.88,0.486428,48
Kimi-K2.6-Simple,Every-turn,0.89,0.486259,48
Kimi-K2.6-Simple,Every-turn,0.9,0.486132,48
Kimi-K2.6-Simple,Every-turn,0.91,0.48607,48
Kimi-K2.6-Simple,Every-turn,0.92,0.486046,48
Kimi-K2.6-Simple,Every-turn,0.93,0.486069,48
Kimi-K2.6-Simple,Every-turn,0.94,0.485945,48
Kimi-K2.6-Simple,Every-turn,0.95,0.485871,48
Kimi-K2.6-Simple,Every-turn,0.96,0.485858,48
Kimi-K2.6-Simple,Every-turn,0.97,0.485758,48
Kimi-K2.6-Simple,Every-turn,0.98,0.48569,48
Kimi-K2.6-Simple,Every-turn,0.99,0.485538,48
Kimi-K2.6-Simple,Every-turn,1.0,0.485466,48
Kimi-K2.7-Simple,Every-turn,0.21,0.508837,48
Kimi-K2.7-Simple,Every-turn,0.22,0.508233,48
Kimi-K2.7-Simple,Every-turn,0.23,0.508172,48
Kimi-K2.7-Simple,Every-turn,0.24,0.509232,48
Kimi-K2.7-Simple,Every-turn,0.25,0.510634,48
Kimi-K2.7-Simple,Every-turn,0.26,0.511919,48
Kimi-K2.7-Simple,Every-turn,0.27,0.512604,48
Kimi-K2.7-Simple,Every-turn,0.28,0.51306,48
Kimi-K2.7-Simple,Every-turn,0.29,0.512918,48
Kimi-K2.7-Simple,Every-turn,0.3,0.513529,48
Kimi-K2.7-Simple,Every-turn,0.31,0.51374,48
Kimi-K2.7-Simple,Every-turn,0.32,0.514318,48
Kimi-K2.7-Simple,Every-turn,0.33,0.515092,48
Kimi-K2.7-Simple,Every-turn,0.34,0.51519,48
Kimi-K2.7-Simple,Every-turn,0.35,0.514896,48
Kimi-K2.7-Simple,Every-turn,0.36,0.514451,48
Kimi-K2.7-Simple,Every-turn,0.37,0.51412,48
Kimi-K2.7-Simple,Every-turn,0.38,0.514111,48
Kimi-K2.7-Simple,Every-turn,0.39,0.514054,48
Kimi-K2.7-Simple,Every-turn,0.4,0.51406,48
Kimi-K2.7-Simple,Every-turn,0.41,0.514045,48
Kimi-K2.7-Simple,Every-turn,0.42,0.513851,48
Kimi-K2.7-Simple,Every-turn,0.43,0.513411,48
Kimi-K2.7-Simple,Every-turn,0.44,0.512767,48
Kimi-K2.7-Simple,Every-turn,0.45,0.512059,48
Kimi-K2.7-Simple,Every-turn,0.46,0.511985,48
Kimi-K2.7-Simple,Every-turn,0.47,0.511798,48
Kimi-K2.7-Simple,Every-turn,0.48,0.511685,48
Kimi-K2.7-Simple,Every-turn,0.49,0.511493,48
Kimi-K2.7-Simple,Every-turn,0.5,0.511212,48
Kimi-K2.7-Simple,Every-turn,0.51,0.51115,48
Kimi-K2.7-Simple,Every-turn,0.52,0.510861,48
Kimi-K2.7-Simple,Every-turn,0.53,0.510699,48
Kimi-K2.7-Simple,Every-turn,0.54,0.510789,48
Kimi-K2.7-Simple,Every-turn,0.55,0.510708,48
Kimi-K2.7-Simple,Every-turn,0.56,0.510711,48
Kimi-K2.7-Simple,Every-turn,0.57,0.510719,48
Kimi-K2.7-Simple,Every-turn,0.58,0.510759,48
Kimi-K2.7-Simple,Every-turn,0.59,0.510781,48
Kimi-K2.7-Simple,Every-turn,0.6,0.510873,48
Kimi-K2.7-Simple,Every-turn,0.61,0.511034,48
Kimi-K2.7-Simple,Every-turn,0.62,0.511409,48
Kimi-K2.7-Simple,Every-turn,0.63,0.511588,48
Kimi-K2.7-Simple,Every-turn,0.64,0.511981,48
Kimi-K2.7-Simple,Every-turn,0.65,0.512547,48
Kimi-K2.7-Simple,Every-turn,0.66,0.513229,48
Kimi-K2.7-Simple,Every-turn,0.67,0.513856,48
Kimi-K2.7-Simple,Every-turn,0.68,0.514396,48
Kimi-K2.7-Simple,Every-turn,0.69,0.514822,48
Kimi-K2.7-Simple,Every-turn,0.7,0.515322,48
Kimi-K2.7-Simple,Every-turn,0.71,0.515903,48
Kimi-K2.7-Simple,Every-turn,0.72,0.516565,48
Kimi-K2.7-Simple,Every-turn,0.73,0.517249,48
Kimi-K2.7-Simple,Every-turn,0.74,0.518033,48
Kimi-K2.7-Simple,Every-turn,0.75,0.518805,48
Kimi-K2.7-Simple,Every-turn,0.76,0.519577,48
Kimi-K2.7-Simple,Every-turn,0.77,0.520143,48
Kimi-K2.7-Simple,Every-turn,0.78,0.520424,48
Kimi-K2.7-Simple,Every-turn,0.79,0.520739,48
Kimi-K2.7-Simple,Every-turn,0.8,0.520971,48
Kimi-K2.7-Simple,Every-turn,0.81,0.520935,48
Kimi-K2.7-Simple,Every-turn,0.82,0.521196,48
Kimi-K2.7-Simple,Every-turn,0.83,0.521564,48
Kimi-K2.7-Simple,Every-turn,0.84,0.521817,48
Kimi-K2.7-Simple,Every-turn,0.85,0.52196,48
Kimi-K2.7-Simple,Every-turn,0.86,0.522269,48
Kimi-K2.7-Simple,Every-turn,0.87,0.52261,48
Kimi-K2.7-Simple,Every-turn,0.88,0.522894,48
Kimi-K2.7-Simple,Every-turn,0.89,0.523239,48
Kimi-K2.7-Simple,Every-turn,0.9,0.523607,48
Kimi-K2.7-Simple,Every-turn,0.91,0.524061,48
Kimi-K2.7-Simple,Every-turn,0.92,0.524639,48
Kimi-K2.7-Simple,Every-turn,0.93,0.525186,48
Kimi-K2.7-Simple,Every-turn,0.94,0.525695,48
Kimi-K2.7-Simple,Every-turn,0.95,0.526155,48
Kimi-K2.7-Simple,Every-turn,0.96,0.526362,48
Kimi-K2.7-Simple,Every-turn,0.97,0.526546,48
Kimi-K2.7-Simple,Every-turn,0.98,0.526781,48
Kimi-K2.7-Simple,Every-turn,0.99,0.52702,48
Kimi-K2.7-Simple,Every-turn,1.0,0.52724,48
Kimi-K2.7-Simple,Per-5,0.21,0.505944,48
Kimi-K2.7-Simple,Per-5,0.22,0.503557,48
Kimi-K2.7-Simple,Per-5,0.23,0.503922,48
Kimi-K2.7-Simple,Per-5,0.24,0.503337,48
Kimi-K2.7-Simple,Per-5,0.25,0.502397,48
Kimi-K2.7-Simple,Per-5,0.26,0.501951,48
Kimi-K2.7-Simple,Per-5,0.27,0.50088,48
Kimi-K2.7-Simple,Per-5,0.28,0.500946,48
Kimi-K2.7-Simple,Per-5,0.29,0.500918,48
Kimi-K2.7-Simple,Per-5,0.3,0.501052,48
Kimi-K2.7-Simple,Per-5,0.31,0.50159,48
Kimi-K2.7-Simple,Per-5,0.32,0.501854,48
Kimi-K2.7-Simple,Per-5,0.33,0.501963,48
Kimi-K2.7-Simple,Per-5,0.34,0.502006,48
Kimi-K2.7-Simple,Per-5,0.35,0.50155,48
Kimi-K2.7-Simple,Per-5,0.36,0.500947,48
Kimi-K2.7-Simple,Per-5,0.37,0.500193,48
Kimi-K2.7-Simple,Per-5,0.38,0.499634,48
Kimi-K2.7-Simple,Per-5,0.39,0.499413,48
Kimi-K2.7-Simple,Per-5,0.4,0.49937,48
Kimi-K2.7-Simple,Per-5,0.41,0.499754,48
Kimi-K2.7-Simple,Per-5,0.42,0.499965,48
Kimi-K2.7-Simple,Per-5,0.43,0.499953,48
Kimi-K2.7-Simple,Per-5,0.44,0.499945,48
Kimi-K2.7-Simple,Per-5,0.45,0.499657,48
Kimi-K2.7-Simple,Per-5,0.46,0.499547,48
Kimi-K2.7-Simple,Per-5,0.47,0.499228,48
Kimi-K2.7-Simple,Per-5,0.48,0.499431,48
Kimi-K2.7-Simple,Per-5,0.49,0.499239,48
Kimi-K2.7-Simple,Per-5,0.5,0.498796,48
Kimi-K2.7-Simple,Per-5,0.51,0.498579,48
Kimi-K2.7-Simple,Per-5,0.52,0.498073,48
Kimi-K2.7-Simple,Per-5,0.53,0.497579,48
Kimi-K2.7-Simple,Per-5,0.54,0.49722,48
Kimi-K2.7-Simple,Per-5,0.55,0.496789,48
Kimi-K2.7-Simple,Per-5,0.56,0.496224,48
Kimi-K2.7-Simple,Per-5,0.57,0.495941,48
Kimi-K2.7-Simple,Per-5,0.58,0.49564,48
Kimi-K2.7-Simple,Per-5,0.59,0.495577,48
Kimi-K2.7-Simple,Per-5,0.6,0.495481,48
Kimi-K2.7-Simple,Per-5,0.61,0.495459,48
Kimi-K2.7-Simple,Per-5,0.62,0.495245,48
Kimi-K2.7-Simple,Per-5,0.63,0.495046,48
Kimi-K2.7-Simple,Per-5,0.64,0.494945,48
Kimi-K2.7-Simple,Per-5,0.65,0.494901,48
Kimi-K2.7-Simple,Per-5,0.66,0.494852,48
Kimi-K2.7-Simple,Per-5,0.67,0.494873,48
Kimi-K2.7-Simple,Per-5,0.68,0.494854,48
Kimi-K2.7-Simple,Per-5,0.69,0.495011,48
Kimi-K2.7-Simple,Per-5,0.7,0.495053,48
Kimi-K2.7-Simple,Per-5,0.71,0.495079,48
Kimi-K2.7-Simple,Per-5,0.72,0.49537,48
Kimi-K2.7-Simple,Per-5,0.73,0.495622,48
Kimi-K2.7-Simple,Per-5,0.74,0.495921,48
Kimi-K2.7-Simple,Per-5,0.75,0.495936,48
Kimi-K2.7-Simple,Per-5,0.76,0.496136,48
Kimi-K2.7-Simple,Per-5,0.77,0.496361,48
Kimi-K2.7-Simple,Per-5,0.78,0.496665,48
Kimi-K2.7-Simple,Per-5,0.79,0.497015,48
Kimi-K2.7-Simple,Per-5,0.8,0.49722,48
Kimi-K2.7-Simple,Per-5,0.81,0.497363,48
Kimi-K2.7-Simple,Per-5,0.82,0.497441,48
Kimi-K2.7-Simple,Per-5,0.83,0.497565,48
Kimi-K2.7-Simple,Per-5,0.84,0.497604,48
Kimi-K2.7-Simple,Per-5,0.85,0.497597,48
Kimi-K2.7-Simple,Per-5,0.86,0.497489,48
Kimi-K2.7-Simple,Per-5,0.87,0.497341,48
Kimi-K2.7-Simple,Per-5,0.88,0.497433,48
Kimi-K2.7-Simple,Per-5,0.89,0.497684,48
Kimi-K2.7-Simple,Per-5,0.9,0.497672,48
Kimi-K2.7-Simple,Per-5,0.91,0.497651,48
Kimi-K2.7-Simple,Per-5,0.92,0.497568,48
Kimi-K2.7-Simple,Per-5,0.93,0.49738,48
Kimi-K2.7-Simple,Per-5,0.94,0.497252,48
Kimi-K2.7-Simple,Per-5,0.95,0.496959,48
Kimi-K2.7-Simple,Per-5,0.96,0.49672,48
Kimi-K2.7-Simple,Per-5,0.97,0.496319,48
Kimi-K2.7-Simple,Per-5,0.98,0.495882,48
Kimi-K2.7-Simple,Per-5,0.99,0.495601,48
Kimi-K2.7-Simple,Per-5,1.0,0.495477,48
MiniMax-M2.7-Simple,Every-turn,0.21,0.506353,48
MiniMax-M2.7-Simple,Every-turn,0.22,0.502074,48
MiniMax-M2.7-Simple,Every-turn,0.23,0.49814,48
MiniMax-M2.7-Simple,Every-turn,0.24,0.498984,48
MiniMax-M2.7-Simple,Every-turn,0.25,0.498531,48
MiniMax-M2.7-Simple,Every-turn,0.26,0.499742,48
MiniMax-M2.7-Simple,Every-turn,0.27,0.50005,48
MiniMax-M2.7-Simple,Every-turn,0.28,0.50012,48
MiniMax-M2.7-Simple,Every-turn,0.29,0.500313,48
MiniMax-M2.7-Simple,Every-turn,0.3,0.500325,48
MiniMax-M2.7-Simple,Every-turn,0.31,0.499954,48
MiniMax-M2.7-Simple,Every-turn,0.32,0.499924,48
MiniMax-M2.7-Simple,Every-turn,0.33,0.499745,48
MiniMax-M2.7-Simple,Every-turn,0.34,0.499178,48
MiniMax-M2.7-Simple,Every-turn,0.35,0.498601,48
MiniMax-M2.7-Simple,Every-turn,0.36,0.497542,48
MiniMax-M2.7-Simple,Every-turn,0.37,0.496287,48
MiniMax-M2.7-Simple,Every-turn,0.38,0.494956,48
MiniMax-M2.7-Simple,Every-turn,0.39,0.493798,48
MiniMax-M2.7-Simple,Every-turn,0.4,0.492812,48
MiniMax-M2.7-Simple,Every-turn,0.41,0.492166,48
MiniMax-M2.7-Simple,Every-turn,0.42,0.491456,48
MiniMax-M2.7-Simple,Every-turn,0.43,0.490649,48
MiniMax-M2.7-Simple,Every-turn,0.44,0.489858,48
MiniMax-M2.7-Simple,Every-turn,0.45,0.488776,48
MiniMax-M2.7-Simple,Every-turn,0.46,0.487266,48
MiniMax-M2.7-Simple,Every-turn,0.47,0.485887,48
MiniMax-M2.7-Simple,Every-turn,0.48,0.48461,48
MiniMax-M2.7-Simple,Every-turn,0.49,0.483252,48
MiniMax-M2.7-Simple,Every-turn,0.5,0.481902,48
MiniMax-M2.7-Simple,Every-turn,0.51,0.48048,48
MiniMax-M2.7-Simple,Every-turn,0.52,0.478978,48
MiniMax-M2.7-Simple,Every-turn,0.53,0.477984,48
MiniMax-M2.7-Simple,Every-turn,0.54,0.477192,48
MiniMax-M2.7-Simple,Every-turn,0.55,0.476326,48
MiniMax-M2.7-Simple,Every-turn,0.56,0.475302,48
MiniMax-M2.7-Simple,Every-turn,0.57,0.474411,48
MiniMax-M2.7-Simple,Every-turn,0.58,0.473753,48
MiniMax-M2.7-Simple,Every-turn,0.59,0.472973,48
MiniMax-M2.7-Simple,Every-turn,0.6,0.472012,48
MiniMax-M2.7-Simple,Every-turn,0.61,0.471253,48
MiniMax-M2.7-Simple,Every-turn,0.62,0.470515,48
MiniMax-M2.7-Simple,Every-turn,0.63,0.469839,48
MiniMax-M2.7-Simple,Every-turn,0.64,0.469123,48
MiniMax-M2.7-Simple,Every-turn,0.65,0.468342,48
MiniMax-M2.7-Simple,Every-turn,0.66,0.467577,48
MiniMax-M2.7-Simple,Every-turn,0.67,0.466772,48
MiniMax-M2.7-Simple,Every-turn,0.68,0.466015,48
MiniMax-M2.7-Simple,Every-turn,0.69,0.465556,48
MiniMax-M2.7-Simple,Every-turn,0.7,0.464864,48
MiniMax-M2.7-Simple,Every-turn,0.71,0.464235,48
MiniMax-M2.7-Simple,Every-turn,0.72,0.463539,48
MiniMax-M2.7-Simple,Every-turn,0.73,0.462623,48
MiniMax-M2.7-Simple,Every-turn,0.74,0.461559,48
MiniMax-M2.7-Simple,Every-turn,0.75,0.460602,48
MiniMax-M2.7-Simple,Every-turn,0.76,0.459589,48
MiniMax-M2.7-Simple,Every-turn,0.77,0.458719,48
MiniMax-M2.7-Simple,Every-turn,0.78,0.4579,48
MiniMax-M2.7-Simple,Every-turn,0.79,0.457249,48
MiniMax-M2.7-Simple,Every-turn,0.8,0.456463,48
MiniMax-M2.7-Simple,Every-turn,0.81,0.455626,48
MiniMax-M2.7-Simple,Every-turn,0.82,0.454745,48
MiniMax-M2.7-Simple,Every-turn,0.83,0.454025,48
MiniMax-M2.7-Simple,Every-turn,0.84,0.453485,48
MiniMax-M2.7-Simple,Every-turn,0.85,0.452845,48
MiniMax-M2.7-Simple,Every-turn,0.86,0.452193,48
MiniMax-M2.7-Simple,Every-turn,0.87,0.451517,48
MiniMax-M2.7-Simple,Every-turn,0.88,0.450888,48
MiniMax-M2.7-Simple,Every-turn,0.89,0.450316,48
MiniMax-M2.7-Simple,Every-turn,0.9,0.449662,48
MiniMax-M2.7-Simple,Every-turn,0.91,0.448997,48
MiniMax-M2.7-Simple,Every-turn,0.92,0.448436,48
MiniMax-M2.7-Simple,Every-turn,0.93,0.448173,48
MiniMax-M2.7-Simple,Every-turn,0.94,0.447968,48
MiniMax-M2.7-Simple,Every-turn,0.95,0.44748,48
MiniMax-M2.7-Simple,Every-turn,0.96,0.446933,48
MiniMax-M2.7-Simple,Every-turn,0.97,0.446452,48
MiniMax-M2.7-Simple,Every-turn,0.98,0.445937,48
MiniMax-M2.7-Simple,Every-turn,0.99,0.445623,48
MiniMax-M2.7-Simple,Every-turn,1.0,0.445287,48
MiniMax-M2.7-Simple,Per-5,0.21,0.487422,48
MiniMax-M2.7-Simple,Per-5,0.22,0.487114,48
MiniMax-M2.7-Simple,Per-5,0.23,0.489142,48
MiniMax-M2.7-Simple,Per-5,0.24,0.489954,48
MiniMax-M2.7-Simple,Per-5,0.25,0.491406,48
MiniMax-M2.7-Simple,Per-5,0.26,0.492591,48
MiniMax-M2.7-Simple,Per-5,0.27,0.493349,48
MiniMax-M2.7-Simple,Per-5,0.28,0.494525,48
MiniMax-M2.7-Simple,Per-5,0.29,0.495262,48
MiniMax-M2.7-Simple,Per-5,0.3,0.495613,48
MiniMax-M2.7-Simple,Per-5,0.31,0.495064,48
MiniMax-M2.7-Simple,Per-5,0.32,0.49476,48
MiniMax-M2.7-Simple,Per-5,0.33,0.494941,48
MiniMax-M2.7-Simple,Per-5,0.34,0.494293,48
MiniMax-M2.7-Simple,Per-5,0.35,0.493394,48
MiniMax-M2.7-Simple,Per-5,0.36,0.492646,48
MiniMax-M2.7-Simple,Per-5,0.37,0.492104,48
MiniMax-M2.7-Simple,Per-5,0.38,0.491871,48
MiniMax-M2.7-Simple,Per-5,0.39,0.491729,48
MiniMax-M2.7-Simple,Per-5,0.4,0.491677,48
MiniMax-M2.7-Simple,Per-5,0.41,0.491965,48
MiniMax-M2.7-Simple,Per-5,0.42,0.492568,48
MiniMax-M2.7-Simple,Per-5,0.43,0.492942,48
MiniMax-M2.7-Simple,Per-5,0.44,0.493303,48
MiniMax-M2.7-Simple,Per-5,0.45,0.493659,48
MiniMax-M2.7-Simple,Per-5,0.46,0.493423,48
MiniMax-M2.7-Simple,Per-5,0.47,0.492938,48
MiniMax-M2.7-Simple,Per-5,0.48,0.492246,48
MiniMax-M2.7-Simple,Per-5,0.49,0.4917,48
MiniMax-M2.7-Simple,Per-5,0.5,0.491079,48
MiniMax-M2.7-Simple,Per-5,0.51,0.490575,48
MiniMax-M2.7-Simple,Per-5,0.52,0.489898,48
MiniMax-M2.7-Simple,Per-5,0.53,0.489379,48
MiniMax-M2.7-Simple,Per-5,0.54,0.488832,48
MiniMax-M2.7-Simple,Per-5,0.55,0.488209,48
MiniMax-M2.7-Simple,Per-5,0.56,0.487749,48
MiniMax-M2.7-Simple,Per-5,0.57,0.487143,48
MiniMax-M2.7-Simple,Per-5,0.58,0.48634,48
MiniMax-M2.7-Simple,Per-5,0.59,0.485594,48
MiniMax-M2.7-Simple,Per-5,0.6,0.484565,48
MiniMax-M2.7-Simple,Per-5,0.61,0.483563,48
MiniMax-M2.7-Simple,Per-5,0.62,0.482384,48
MiniMax-M2.7-Simple,Per-5,0.63,0.481245,48
MiniMax-M2.7-Simple,Per-5,0.64,0.48035,48
MiniMax-M2.7-Simple,Per-5,0.65,0.47929,48
MiniMax-M2.7-Simple,Per-5,0.66,0.477875,48
MiniMax-M2.7-Simple,Per-5,0.67,0.476867,48
MiniMax-M2.7-Simple,Per-5,0.68,0.475621,48
MiniMax-M2.7-Simple,Per-5,0.69,0.474363,48
MiniMax-M2.7-Simple,Per-5,0.7,0.473101,48
MiniMax-M2.7-Simple,Per-5,0.71,0.471825,48
MiniMax-M2.7-Simple,Per-5,0.72,0.470538,48
MiniMax-M2.7-Simple,Per-5,0.73,0.469202,48
MiniMax-M2.7-Simple,Per-5,0.74,0.467829,48
MiniMax-M2.7-Simple,Per-5,0.75,0.466529,48
MiniMax-M2.7-Simple,Per-5,0.76,0.465522,48
MiniMax-M2.7-Simple,Per-5,0.77,0.464682,48
MiniMax-M2.7-Simple,Per-5,0.78,0.463671,48
MiniMax-M2.7-Simple,Per-5,0.79,0.46268,48
MiniMax-M2.7-Simple,Per-5,0.8,0.461645,48
MiniMax-M2.7-Simple,Per-5,0.81,0.460798,48
MiniMax-M2.7-Simple,Per-5,0.82,0.460068,48
MiniMax-M2.7-Simple,Per-5,0.83,0.459313,48
MiniMax-M2.7-Simple,Per-5,0.84,0.458705,48
MiniMax-M2.7-Simple,Per-5,0.85,0.458022,48
MiniMax-M2.7-Simple,Per-5,0.86,0.457261,48
MiniMax-M2.7-Simple,Per-5,0.87,0.456583,48
MiniMax-M2.7-Simple,Per-5,0.88,0.455869,48
MiniMax-M2.7-Simple,Per-5,0.89,0.455215,48
MiniMax-M2.7-Simple,Per-5,0.9,0.454534,48
MiniMax-M2.7-Simple,Per-5,0.91,0.453973,48
MiniMax-M2.7-Simple,Per-5,0.92,0.45345,48
MiniMax-M2.7-Simple,Per-5,0.93,0.452756,48
MiniMax-M2.7-Simple,Per-5,0.94,0.451975,48
MiniMax-M2.7-Simple,Per-5,0.95,0.451221,48
MiniMax-M2.7-Simple,Per-5,0.96,0.450622,48
MiniMax-M2.7-Simple,Per-5,0.97,0.450066,48
MiniMax-M2.7-Simple,Per-5,0.98,0.449502,48
MiniMax-M2.7-Simple,Per-5,0.99,0.448972,48
MiniMax-M2.7-Simple,Per-5,1.0,0.448426,48
MiniMax-M3-Simple,Per-5,0.21,0.518532,48
MiniMax-M3-Simple,Per-5,0.22,0.516313,48
MiniMax-M3-Simple,Per-5,0.23,0.511762,48
MiniMax-M3-Simple,Per-5,0.24,0.509406,48
MiniMax-M3-Simple,Per-5,0.25,0.509402,48
MiniMax-M3-Simple,Per-5,0.26,0.510917,48
MiniMax-M3-Simple,Per-5,0.27,0.511871,48
MiniMax-M3-Simple,Per-5,0.28,0.512526,48
MiniMax-M3-Simple,Per-5,0.29,0.512682,48
MiniMax-M3-Simple,Per-5,0.3,0.512685,48
MiniMax-M3-Simple,Per-5,0.31,0.512804,48
MiniMax-M3-Simple,Per-5,0.32,0.51183,48
MiniMax-M3-Simple,Per-5,0.33,0.511248,48
MiniMax-M3-Simple,Per-5,0.34,0.510752,48
MiniMax-M3-Simple,Per-5,0.35,0.509944,48
MiniMax-M3-Simple,Per-5,0.36,0.509409,48
MiniMax-M3-Simple,Per-5,0.37,0.509158,48
MiniMax-M3-Simple,Per-5,0.38,0.508823,48
MiniMax-M3-Simple,Per-5,0.39,0.508243,48
MiniMax-M3-Simple,Per-5,0.4,0.507887,48
MiniMax-M3-Simple,Per-5,0.41,0.507819,48
MiniMax-M3-Simple,Per-5,0.42,0.507705,48
MiniMax-M3-Simple,Per-5,0.43,0.507248,48
MiniMax-M3-Simple,Per-5,0.44,0.506402,48
MiniMax-M3-Simple,Per-5,0.45,0.5055,48
MiniMax-M3-Simple,Per-5,0.46,0.504687,48
MiniMax-M3-Simple,Per-5,0.47,0.503708,48
MiniMax-M3-Simple,Per-5,0.48,0.502876,48
MiniMax-M3-Simple,Per-5,0.49,0.502156,48
MiniMax-M3-Simple,Per-5,0.5,0.501196,48
MiniMax-M3-Simple,Per-5,0.51,0.499781,48
MiniMax-M3-Simple,Per-5,0.52,0.498439,48
MiniMax-M3-Simple,Per-5,0.53,0.497531,48
MiniMax-M3-Simple,Per-5,0.54,0.496521,48
MiniMax-M3-Simple,Per-5,0.55,0.495438,48
MiniMax-M3-Simple,Per-5,0.56,0.494276,48
MiniMax-M3-Simple,Per-5,0.57,0.492946,48
MiniMax-M3-Simple,Per-5,0.58,0.491666,48
MiniMax-M3-Simple,Per-5,0.59,0.490355,48
MiniMax-M3-Simple,Per-5,0.6,0.488915,48
MiniMax-M3-Simple,Per-5,0.61,0.487633,48
MiniMax-M3-Simple,Per-5,0.62,0.486403,48
MiniMax-M3-Simple,Per-5,0.63,0.484988,48
MiniMax-M3-Simple,Per-5,0.64,0.483576,48
MiniMax-M3-Simple,Per-5,0.65,0.482277,48
MiniMax-M3-Simple,Per-5,0.66,0.481071,48
MiniMax-M3-Simple,Per-5,0.67,0.479983,48
MiniMax-M3-Simple,Per-5,0.68,0.478889,48
MiniMax-M3-Simple,Per-5,0.69,0.477891,48
MiniMax-M3-Simple,Per-5,0.7,0.476867,48
MiniMax-M3-Simple,Per-5,0.71,0.475786,48
MiniMax-M3-Simple,Per-5,0.72,0.474921,48
MiniMax-M3-Simple,Per-5,0.73,0.473978,48
MiniMax-M3-Simple,Per-5,0.74,0.472943,48
MiniMax-M3-Simple,Per-5,0.75,0.471823,48
MiniMax-M3-Simple,Per-5,0.76,0.471103,48
MiniMax-M3-Simple,Per-5,0.77,0.470366,48
MiniMax-M3-Simple,Per-5,0.78,0.46958,48
MiniMax-M3-Simple,Per-5,0.79,0.469071,48
MiniMax-M3-Simple,Per-5,0.8,0.468343,48
MiniMax-M3-Simple,Per-5,0.81,0.467427,48
MiniMax-M3-Simple,Per-5,0.82,0.466601,48
MiniMax-M3-Simple,Per-5,0.83,0.465718,48
MiniMax-M3-Simple,Per-5,0.84,0.464996,48
MiniMax-M3-Simple,Per-5,0.85,0.464166,48
MiniMax-M3-Simple,Per-5,0.86,0.463577,48
MiniMax-M3-Simple,Per-5,0.87,0.463031,48
MiniMax-M3-Simple,Per-5,0.88,0.462252,48
MiniMax-M3-Simple,Per-5,0.89,0.461534,48
MiniMax-M3-Simple,Per-5,0.9,0.460726,48
MiniMax-M3-Simple,Per-5,0.91,0.459936,48
MiniMax-M3-Simple,Per-5,0.92,0.459245,48
MiniMax-M3-Simple,Per-5,0.93,0.458544,48
MiniMax-M3-Simple,Per-5,0.94,0.457811,48
MiniMax-M3-Simple,Per-5,0.95,0.457065,48
MiniMax-M3-Simple,Per-5,0.96,0.456264,48
MiniMax-M3-Simple,Per-5,0.97,0.455374,48
MiniMax-M3-Simple,Per-5,0.98,0.454433,48
MiniMax-M3-Simple,Per-5,0.99,0.453542,48
MiniMax-M3-Simple,Per-5,1.0,0.452628,48
Nemotron-3-Super-Simple,Every-turn,0.21,0.520538,48
Nemotron-3-Super-Simple,Every-turn,0.22,0.515997,48
Nemotron-3-Super-Simple,Every-turn,0.23,0.514288,48
Nemotron-3-Super-Simple,Every-turn,0.24,0.511496,48
Nemotron-3-Super-Simple,Every-turn,0.25,0.510223,48
Nemotron-3-Super-Simple,Every-turn,0.26,0.51108,48
Nemotron-3-Super-Simple,Every-turn,0.27,0.511681,48
Nemotron-3-Super-Simple,Every-turn,0.28,0.51242,48
Nemotron-3-Super-Simple,Every-turn,0.29,0.512582,48
Nemotron-3-Super-Simple,Every-turn,0.3,0.513208,48
Nemotron-3-Super-Simple,Every-turn,0.31,0.514183,48
Nemotron-3-Super-Simple,Every-turn,0.32,0.514361,48
Nemotron-3-Super-Simple,Every-turn,0.33,0.513692,48
Nemotron-3-Super-Simple,Every-turn,0.34,0.512994,48
Nemotron-3-Super-Simple,Every-turn,0.35,0.5115,48
Nemotron-3-Super-Simple,Every-turn,0.36,0.509784,48
Nemotron-3-Super-Simple,Every-turn,0.37,0.508248,48
Nemotron-3-Super-Simple,Every-turn,0.38,0.506644,48
Nemotron-3-Super-Simple,Every-turn,0.39,0.505497,48
Nemotron-3-Super-Simple,Every-turn,0.4,0.504388,48
Nemotron-3-Super-Simple,Every-turn,0.41,0.503272,48
Nemotron-3-Super-Simple,Every-turn,0.42,0.501903,48
Nemotron-3-Super-Simple,Every-turn,0.43,0.501261,48
Nemotron-3-Super-Simple,Every-turn,0.44,0.499975,48
Nemotron-3-Super-Simple,Every-turn,0.45,0.498592,48
Nemotron-3-Super-Simple,Every-turn,0.46,0.49734,48
Nemotron-3-Super-Simple,Every-turn,0.47,0.495966,48
Nemotron-3-Super-Simple,Every-turn,0.48,0.494633,48
Nemotron-3-Super-Simple,Every-turn,0.49,0.493273,48
Nemotron-3-Super-Simple,Every-turn,0.5,0.49191,48
Nemotron-3-Super-Simple,Every-turn,0.51,0.490497,48
Nemotron-3-Super-Simple,Every-turn,0.52,0.489217,48
Nemotron-3-Super-Simple,Every-turn,0.53,0.487881,48
Nemotron-3-Super-Simple,Every-turn,0.54,0.486824,48
Nemotron-3-Super-Simple,Every-turn,0.55,0.485764,48
Nemotron-3-Super-Simple,Every-turn,0.56,0.484486,48
Nemotron-3-Super-Simple,Every-turn,0.57,0.483251,48
Nemotron-3-Super-Simple,Every-turn,0.58,0.482107,48
Nemotron-3-Super-Simple,Every-turn,0.59,0.481241,48
Nemotron-3-Super-Simple,Every-turn,0.6,0.480093,48
Nemotron-3-Super-Simple,Every-turn,0.61,0.478995,48
Nemotron-3-Super-Simple,Every-turn,0.62,0.477793,48
Nemotron-3-Super-Simple,Every-turn,0.63,0.476312,48
Nemotron-3-Super-Simple,Every-turn,0.64,0.474839,48
Nemotron-3-Super-Simple,Every-turn,0.65,0.473244,48
Nemotron-3-Super-Simple,Every-turn,0.66,0.471771,48
Nemotron-3-Super-Simple,Every-turn,0.67,0.470429,48
Nemotron-3-Super-Simple,Every-turn,0.68,0.469104,48
Nemotron-3-Super-Simple,Every-turn,0.69,0.467911,48
Nemotron-3-Super-Simple,Every-turn,0.7,0.46676,48
Nemotron-3-Super-Simple,Every-turn,0.71,0.465664,48
Nemotron-3-Super-Simple,Every-turn,0.72,0.464635,48
Nemotron-3-Super-Simple,Every-turn,0.73,0.463614,48
Nemotron-3-Super-Simple,Every-turn,0.74,0.462677,48
Nemotron-3-Super-Simple,Every-turn,0.75,0.461722,48
Nemotron-3-Super-Simple,Every-turn,0.76,0.460971,48
Nemotron-3-Super-Simple,Every-turn,0.77,0.460133,48
Nemotron-3-Super-Simple,Every-turn,0.78,0.459283,48
Nemotron-3-Super-Simple,Every-turn,0.79,0.458661,48
Nemotron-3-Super-Simple,Every-turn,0.8,0.45809,48
Nemotron-3-Super-Simple,Every-turn,0.81,0.457612,48
Nemotron-3-Super-Simple,Every-turn,0.82,0.457026,48
Nemotron-3-Super-Simple,Every-turn,0.83,0.456324,48
Nemotron-3-Super-Simple,Every-turn,0.84,0.455603,48
Nemotron-3-Super-Simple,Every-turn,0.85,0.454731,48
Nemotron-3-Super-Simple,Every-turn,0.86,0.453677,48
Nemotron-3-Super-Simple,Every-turn,0.87,0.452829,48
Nemotron-3-Super-Simple,Every-turn,0.88,0.452206,48
Nemotron-3-Super-Simple,Every-turn,0.89,0.451594,48
Nemotron-3-Super-Simple,Every-turn,0.9,0.45097,48
Nemotron-3-Super-Simple,Every-turn,0.91,0.450479,48
Nemotron-3-Super-Simple,Every-turn,0.92,0.45001,48
Nemotron-3-Super-Simple,Every-turn,0.93,0.449595,48
Nemotron-3-Super-Simple,Every-turn,0.94,0.44916,48
Nemotron-3-Super-Simple,Every-turn,0.95,0.448545,48
Nemotron-3-Super-Simple,Every-turn,0.96,0.447837,48
Nemotron-3-Super-Simple,Every-turn,0.97,0.447161,48
Nemotron-3-Super-Simple,Every-turn,0.98,0.446472,48
Nemotron-3-Super-Simple,Every-turn,0.99,0.445803,48
Nemotron-3-Super-Simple,Every-turn,1.0,0.445317,48
Nemotron-3-Super-Simple,Per-5,0.21,0.519296,48
Nemotron-3-Super-Simple,Per-5,0.22,0.517473,48
Nemotron-3-Super-Simple,Per-5,0.23,0.517165,48
Nemotron-3-Super-Simple,Per-5,0.24,0.51556,48
Nemotron-3-Super-Simple,Per-5,0.25,0.51404,48
Nemotron-3-Super-Simple,Per-5,0.26,0.513774,48
Nemotron-3-Super-Simple,Per-5,0.27,0.513813,48
Nemotron-3-Super-Simple,Per-5,0.28,0.513284,48
Nemotron-3-Super-Simple,Per-5,0.29,0.511975,48
Nemotron-3-Super-Simple,Per-5,0.3,0.510595,48
Nemotron-3-Super-Simple,Per-5,0.31,0.508966,48
Nemotron-3-Super-Simple,Per-5,0.32,0.50714,48
Nemotron-3-Super-Simple,Per-5,0.33,0.505623,48
Nemotron-3-Super-Simple,Per-5,0.34,0.503924,48
Nemotron-3-Super-Simple,Per-5,0.35,0.502245,48
Nemotron-3-Super-Simple,Per-5,0.36,0.500659,48
Nemotron-3-Super-Simple,Per-5,0.37,0.499476,48
Nemotron-3-Super-Simple,Per-5,0.38,0.498483,48
Nemotron-3-Super-Simple,Per-5,0.39,0.49772,48
Nemotron-3-Super-Simple,Per-5,0.4,0.497276,48
Nemotron-3-Super-Simple,Per-5,0.41,0.496558,48
Nemotron-3-Super-Simple,Per-5,0.42,0.495968,48
Nemotron-3-Super-Simple,Per-5,0.43,0.495306,48
Nemotron-3-Super-Simple,Per-5,0.44,0.494327,48
Nemotron-3-Super-Simple,Per-5,0.45,0.492779,48
Nemotron-3-Super-Simple,Per-5,0.46,0.491414,48
Nemotron-3-Super-Simple,Per-5,0.47,0.490064,48
Nemotron-3-Super-Simple,Per-5,0.48,0.48875,48
Nemotron-3-Super-Simple,Per-5,0.49,0.487463,48
Nemotron-3-Super-Simple,Per-5,0.5,0.485681,48
Nemotron-3-Super-Simple,Per-5,0.51,0.484064,48
Nemotron-3-Super-Simple,Per-5,0.52,0.482551,48
Nemotron-3-Super-Simple,Per-5,0.53,0.481313,48
Nemotron-3-Super-Simple,Per-5,0.54,0.480145,48
Nemotron-3-Super-Simple,Per-5,0.55,0.478787,48
Nemotron-3-Super-Simple,Per-5,0.56,0.477277,48
Nemotron-3-Super-Simple,Per-5,0.57,0.475559,48
Nemotron-3-Super-Simple,Per-5,0.58,0.47396,48
Nemotron-3-Super-Simple,Per-5,0.59,0.472516,48
Nemotron-3-Super-Simple,Per-5,0.6,0.470986,48
Nemotron-3-Super-Simple,Per-5,0.61,0.469474,48
Nemotron-3-Super-Simple,Per-5,0.62,0.467813,48
Nemotron-3-Super-Simple,Per-5,0.63,0.466099,48
Nemotron-3-Super-Simple,Per-5,0.64,0.464408,48
Nemotron-3-Super-Simple,Per-5,0.65,0.462622,48
Nemotron-3-Super-Simple,Per-5,0.66,0.460722,48
Nemotron-3-Super-Simple,Per-5,0.67,0.45892,48
Nemotron-3-Super-Simple,Per-5,0.68,0.457121,48
Nemotron-3-Super-Simple,Per-5,0.69,0.455455,48
Nemotron-3-Super-Simple,Per-5,0.7,0.454061,48
Nemotron-3-Super-Simple,Per-5,0.71,0.45257,48
Nemotron-3-Super-Simple,Per-5,0.72,0.451023,48
Nemotron-3-Super-Simple,Per-5,0.73,0.449626,48
Nemotron-3-Super-Simple,Per-5,0.74,0.448333,48
Nemotron-3-Super-Simple,Per-5,0.75,0.447186,48
Nemotron-3-Super-Simple,Per-5,0.76,0.445886,48
Nemotron-3-Super-Simple,Per-5,0.77,0.444642,48
Nemotron-3-Super-Simple,Per-5,0.78,0.443351,48
Nemotron-3-Super-Simple,Per-5,0.79,0.441994,48
Nemotron-3-Super-Simple,Per-5,0.8,0.440559,48
Nemotron-3-Super-Simple,Per-5,0.81,0.439216,48
Nemotron-3-Super-Simple,Per-5,0.82,0.437923,48
Nemotron-3-Super-Simple,Per-5,0.83,0.436712,48
Nemotron-3-Super-Simple,Per-5,0.84,0.435432,48
Nemotron-3-Super-Simple,Per-5,0.85,0.434088,48
Nemotron-3-Super-Simple,Per-5,0.86,0.432803,48
Nemotron-3-Super-Simple,Per-5,0.87,0.431801,48
Nemotron-3-Super-Simple,Per-5,0.88,0.430865,48
Nemotron-3-Super-Simple,Per-5,0.89,0.430082,48
Nemotron-3-Super-Simple,Per-5,0.9,0.429338,48
Nemotron-3-Super-Simple,Per-5,0.91,0.428473,48
Nemotron-3-Super-Simple,Per-5,0.92,0.427638,48
Nemotron-3-Super-Simple,Per-5,0.93,0.426863,48
Nemotron-3-Super-Simple,Per-5,0.94,0.426119,48
Nemotron-3-Super-Simple,Per-5,0.95,0.42548,48
Nemotron-3-Super-Simple,Per-5,0.96,0.424694,48
Nemotron-3-Super-Simple,Per-5,0.97,0.423946,48
Nemotron-3-Super-Simple,Per-5,0.98,0.423229,48
Nemotron-3-Super-Simple,Per-5,0.99,0.422406,48
Nemotron-3-Super-Simple,Per-5,1.0,0.421697,48
Null,Every-turn,0.21,0.471513,48
Null,Every-turn,0.22,0.470425,48
Null,Every-turn,0.23,0.468801,48
Null,Every-turn,0.24,0.468307,48
Null,Every-turn,0.25,0.467043,48
Null,Every-turn,0.26,0.464187,48
Null,Every-turn,0.27,0.461573,48
Null,Every-turn,0.28,0.459622,48
Null,Every-turn,0.29,0.458169,48
Null,Every-turn,0.3,0.456521,48
Null,Every-turn,0.31,0.455122,48
Null,Every-turn,0.32,0.453705,48
Null,Every-turn,0.33,0.452217,48
Null,Every-turn,0.34,0.450748,48
Null,Every-turn,0.35,0.4497,48
Null,Every-turn,0.36,0.448747,48
Null,Every-turn,0.37,0.446996,48
Null,Every-turn,0.38,0.445835,48
Null,Every-turn,0.39,0.44411,48
Null,Every-turn,0.4,0.442245,48
Null,Every-turn,0.41,0.440686,48
Null,Every-turn,0.42,0.438804,48
Null,Every-turn,0.43,0.437025,48
Null,Every-turn,0.44,0.435049,48
Null,Every-turn,0.45,0.433333,48
Null,Every-turn,0.46,0.431288,48
Null,Every-turn,0.47,0.429577,48
Null,Every-turn,0.48,0.427692,48
Null,Every-turn,0.49,0.425464,48
Null,Every-turn,0.5,0.42304,48
Null,Every-turn,0.51,0.420534,48
Null,Every-turn,0.52,0.418026,48
Null,Every-turn,0.53,0.415647,48
Null,Every-turn,0.54,0.413282,48
Null,Every-turn,0.55,0.410675,48
Null,Every-turn,0.56,0.408018,48
Null,Every-turn,0.57,0.405623,48
Null,Every-turn,0.58,0.40311,48
Null,Every-turn,0.59,0.40052,48
Null,Every-turn,0.6,0.397877,48
Null,Every-turn,0.61,0.395327,48
Null,Every-turn,0.62,0.392934,48
Null,Every-turn,0.63,0.390468,48
Null,Every-turn,0.64,0.388063,48
Null,Every-turn,0.65,0.385625,48
Null,Every-turn,0.66,0.383152,48
Null,Every-turn,0.67,0.380725,48
Null,Every-turn,0.68,0.378367,48
Null,Every-turn,0.69,0.376156,48
Null,Every-turn,0.7,0.374154,48
Null,Every-turn,0.71,0.372149,48
Null,Every-turn,0.72,0.370185,48
Null,Every-turn,0.73,0.368279,48
Null,Every-turn,0.74,0.366469,48
Null,Every-turn,0.75,0.364856,48
Null,Every-turn,0.76,0.363289,48
Null,Every-turn,0.77,0.361651,48
Null,Every-turn,0.78,0.359995,48
Null,Every-turn,0.79,0.35845,48
Null,Every-turn,0.8,0.356908,48
Null,Every-turn,0.81,0.355505,48
Null,Every-turn,0.82,0.354182,48
Null,Every-turn,0.83,0.352932,48
Null,Every-turn,0.84,0.351789,48
Null,Every-turn,0.85,0.350711,48
Null,Every-turn,0.86,0.349565,48
Null,Every-turn,0.87,0.34848,48
Null,Every-turn,0.88,0.347454,48
Null,Every-turn,0.89,0.34653,48
Null,Every-turn,0.9,0.345631,48
Null,Every-turn,0.91,0.344743,48
Null,Every-turn,0.92,0.343962,48
Null,Every-turn,0.93,0.343472,48
Null,Every-turn,0.94,0.34276,48
Null,Every-turn,0.95,0.342048,48
Null,Every-turn,0.96,0.341331,48
Null,Every-turn,0.97,0.34057,48
Null,Every-turn,0.98,0.339954,48
Null,Every-turn,0.99,0.339333,48
Null,Every-turn,1.0,0.338744,48
Opus-5.5-Simple,Per-5,0.21,0.504584,48
Opus-5.5-Simple,Per-5,0.22,0.502008,48
Opus-5.5-Simple,Per-5,0.23,0.50016,48
Opus-5.5-Simple,Per-5,0.24,0.498807,48
Opus-5.5-Simple,Per-5,0.25,0.497619,48
Opus-5.5-Simple,Per-5,0.26,0.49729,48
Opus-5.5-Simple,Per-5,0.27,0.496185,48
Opus-5.5-Simple,Per-5,0.28,0.495854,48
Opus-5.5-Simple,Per-5,0.29,0.494341,48
Opus-5.5-Simple,Per-5,0.3,0.493673,48
Opus-5.5-Simple,Per-5,0.31,0.493166,48
Opus-5.5-Simple,Per-5,0.32,0.492791,48
Opus-5.5-Simple,Per-5,0.33,0.49245,48
Opus-5.5-Simple,Per-5,0.34,0.49209,48
Opus-5.5-Simple,Per-5,0.35,0.491693,48
Opus-5.5-Simple,Per-5,0.36,0.491146,48
Opus-5.5-Simple,Per-5,0.37,0.490255,48
Opus-5.5-Simple,Per-5,0.38,0.489492,48
Opus-5.5-Simple,Per-5,0.39,0.488773,48
Opus-5.5-Simple,Per-5,0.4,0.48796,48
Opus-5.5-Simple,Per-5,0.41,0.486868,48
Opus-5.5-Simple,Per-5,0.42,0.486026,48
Opus-5.5-Simple,Per-5,0.43,0.485588,48
Opus-5.5-Simple,Per-5,0.44,0.48502,48
Opus-5.5-Simple,Per-5,0.45,0.484609,48
Opus-5.5-Simple,Per-5,0.46,0.484446,48
Opus-5.5-Simple,Per-5,0.47,0.484089,48
Opus-5.5-Simple,Per-5,0.48,0.483974,48
Opus-5.5-Simple,Per-5,0.49,0.483881,48
Opus-5.5-Simple,Per-5,0.5,0.483445,48
Opus-5.5-Simple,Per-5,0.51,0.483087,48
Opus-5.5-Simple,Per-5,0.52,0.482756,48
Opus-5.5-Simple,Per-5,0.53,0.482716,48
Opus-5.5-Simple,Per-5,0.54,0.482928,48
Opus-5.5-Simple,Per-5,0.55,0.483296,48
Opus-5.5-Simple,Per-5,0.56,0.483416,48
Opus-5.5-Simple,Per-5,0.57,0.483546,48
Opus-5.5-Simple,Per-5,0.58,0.484015,48
Opus-5.5-Simple,Per-5,0.59,0.484296,48
Opus-5.5-Simple,Per-5,0.6,0.484577,48
Opus-5.5-Simple,Per-5,0.61,0.48493,48
Opus-5.5-Simple,Per-5,0.62,0.485446,48
Opus-5.5-Simple,Per-5,0.63,0.4858,48
Opus-5.5-Simple,Per-5,0.64,0.485832,48
Opus-5.5-Simple,Per-5,0.65,0.48598,48
Opus-5.5-Simple,Per-5,0.66,0.48666,48
Opus-5.5-Simple,Per-5,0.67,0.487049,48
Opus-5.5-Simple,Per-5,0.68,0.487737,48
Opus-5.5-Simple,Per-5,0.69,0.48872,48
Opus-5.5-Simple,Per-5,0.7,0.489921,48
Opus-5.5-Simple,Per-5,0.71,0.49096,48
Opus-5.5-Simple,Per-5,0.72,0.491952,48
Opus-5.5-Simple,Per-5,0.73,0.492558,48
Opus-5.5-Simple,Per-5,0.74,0.493354,48
Opus-5.5-Simple,Per-5,0.75,0.494241,48
Opus-5.5-Simple,Per-5,0.76,0.495361,48
Opus-5.5-Simple,Per-5,0.77,0.496566,48
Opus-5.5-Simple,Per-5,0.78,0.497868,48
Opus-5.5-Simple,Per-5,0.79,0.498921,48
Opus-5.5-Simple,Per-5,0.8,0.499702,48
Opus-5.5-Simple,Per-5,0.81,0.500467,48
Opus-5.5-Simple,Per-5,0.82,0.501255,48
Opus-5.5-Simple,Per-5,0.83,0.501982,48
Opus-5.5-Simple,Per-5,0.84,0.503001,48
Opus-5.5-Simple,Per-5,0.85,0.503729,48
Opus-5.5-Simple,Per-5,0.86,0.504658,48
Opus-5.5-Simple,Per-5,0.87,0.50559,48
Opus-5.5-Simple,Per-5,0.88,0.506446,48
Opus-5.5-Simple,Per-5,0.89,0.507259,48
Opus-5.5-Simple,Per-5,0.9,0.508025,48
Opus-5.5-Simple,Per-5,0.91,0.508467,48
Opus-5.5-Simple,Per-5,0.92,0.509057,48
Opus-5.5-Simple,Per-5,0.93,0.509595,48
Opus-5.5-Simple,Per-5,0.94,0.510089,48
Opus-5.5-Simple,Per-5,0.95,0.510382,48
Opus-5.5-Simple,Per-5,0.96,0.510739,48
Opus-5.5-Simple,Per-5,0.97,0.511233,48
Opus-5.5-Simple,Per-5,0.98,0.511598,48
Opus-5.5-Simple,Per-5,0.99,0.512315,48
Opus-5.5-Simple,Per-5,1.0,0.512751,48
Qwen-3.5-Simple,Every-turn,0.21,0.501663,48
Qwen-3.5-Simple,Every-turn,0.22,0.503837,48
Qwen-3.5-Simple,Every-turn,0.23,0.501184,48
Qwen-3.5-Simple,Every-turn,0.24,0.498357,48
Qwen-3.5-Simple,Every-turn,0.25,0.495765,48
Qwen-3.5-Simple,Every-turn,0.26,0.495541,48
Qwen-3.5-Simple,Every-turn,0.27,0.494219,48
Qwen-3.5-Simple,Every-turn,0.28,0.493521,48
Qwen-3.5-Simple,Every-turn,0.29,0.49296,48
Qwen-3.5-Simple,Every-turn,0.3,0.491281,48
Qwen-3.5-Simple,Every-turn,0.31,0.489575,48
Qwen-3.5-Simple,Every-turn,0.32,0.488145,48
Qwen-3.5-Simple,Every-turn,0.33,0.48634,48
Qwen-3.5-Simple,Every-turn,0.34,0.484521,48
Qwen-3.5-Simple,Every-turn,0.35,0.482345,48
Qwen-3.5-Simple,Every-turn,0.36,0.480936,48
Qwen-3.5-Simple,Every-turn,0.37,0.479459,48
Qwen-3.5-Simple,Every-turn,0.38,0.478185,48
Qwen-3.5-Simple,Every-turn,0.39,0.47658,48
Qwen-3.5-Simple,Every-turn,0.4,0.475153,48
Qwen-3.5-Simple,Every-turn,0.41,0.473718,48
Qwen-3.5-Simple,Every-turn,0.42,0.47204,48
Qwen-3.5-Simple,Every-turn,0.43,0.470474,48
Qwen-3.5-Simple,Every-turn,0.44,0.46877,48
Qwen-3.5-Simple,Every-turn,0.45,0.466932,48
Qwen-3.5-Simple,Every-turn,0.46,0.465206,48
Qwen-3.5-Simple,Every-turn,0.47,0.463644,48
Qwen-3.5-Simple,Every-turn,0.48,0.462584,48
Qwen-3.5-Simple,Every-turn,0.49,0.461544,48
Qwen-3.5-Simple,Every-turn,0.5,0.460662,48
Qwen-3.5-Simple,Every-turn,0.51,0.459743,48
Qwen-3.5-Simple,Every-turn,0.52,0.459,48
Qwen-3.5-Simple,Every-turn,0.53,0.458713,48
Qwen-3.5-Simple,Every-turn,0.54,0.4584,48
Qwen-3.5-Simple,Every-turn,0.55,0.458094,48
Qwen-3.5-Simple,Every-turn,0.56,0.457741,48
Qwen-3.5-Simple,Every-turn,0.57,0.457593,48
Qwen-3.5-Simple,Every-turn,0.58,0.457623,48
Qwen-3.5-Simple,Every-turn,0.59,0.457645,48
Qwen-3.5-Simple,Every-turn,0.6,0.457533,48
Qwen-3.5-Simple,Every-turn,0.61,0.457354,48
Qwen-3.5-Simple,Every-turn,0.62,0.457409,48
Qwen-3.5-Simple,Every-turn,0.63,0.457514,48
Qwen-3.5-Simple,Every-turn,0.64,0.457753,48
Qwen-3.5-Simple,Every-turn,0.65,0.457899,48
Qwen-3.5-Simple,Every-turn,0.66,0.458091,48
Qwen-3.5-Simple,Every-turn,0.67,0.458146,48
Qwen-3.5-Simple,Every-turn,0.68,0.458366,48
Qwen-3.5-Simple,Every-turn,0.69,0.458629,48
Qwen-3.5-Simple,Every-turn,0.7,0.459022,48
Qwen-3.5-Simple,Every-turn,0.71,0.459303,48
Qwen-3.5-Simple,Every-turn,0.72,0.459907,48
Qwen-3.5-Simple,Every-turn,0.73,0.460546,48
Qwen-3.5-Simple,Every-turn,0.74,0.461002,48
Qwen-3.5-Simple,Every-turn,0.75,0.461329,48
Qwen-3.5-Simple,Every-turn,0.76,0.46165,48
Qwen-3.5-Simple,Every-turn,0.77,0.461794,48
Qwen-3.5-Simple,Every-turn,0.78,0.461894,48
Qwen-3.5-Simple,Every-turn,0.79,0.461977,48
Qwen-3.5-Simple,Every-turn,0.8,0.461999,48
Qwen-3.5-Simple,Every-turn,0.81,0.462005,48
Qwen-3.5-Simple,Every-turn,0.82,0.462056,48
Qwen-3.5-Simple,Every-turn,0.83,0.462254,48
Qwen-3.5-Simple,Every-turn,0.84,0.462393,48
Qwen-3.5-Simple,Every-turn,0.85,0.462495,48
Qwen-3.5-Simple,Every-turn,0.86,0.462699,48
Qwen-3.5-Simple,Every-turn,0.87,0.462961,48
Qwen-3.5-Simple,Every-turn,0.88,0.463317,48
Qwen-3.5-Simple,Every-turn,0.89,0.463723,48
Qwen-3.5-Simple,Every-turn,0.9,0.463838,48
Qwen-3.5-Simple,Every-turn,0.91,0.463806,48
Qwen-3.5-Simple,Every-turn,0.92,0.463683,48
Qwen-3.5-Simple,Every-turn,0.93,0.463732,48
Qwen-3.5-Simple,Every-turn,0.94,0.463833,48
Qwen-3.5-Simple,Every-turn,0.95,0.464091,48
Qwen-3.5-Simple,Every-turn,0.96,0.464279,48
Qwen-3.5-Simple,Every-turn,0.97,0.464544,48
Qwen-3.5-Simple,Every-turn,0.98,0.464889,48
Qwen-3.5-Simple,Every-turn,0.99,0.465227,48
Qwen-3.5-Simple,Every-turn,1.0,0.465479,48
Qwen-3.5-Simple,Per-5,0.21,0.489416,48
Qwen-3.5-Simple,Per-5,0.22,0.487931,48
Qwen-3.5-Simple,Per-5,0.23,0.489541,48
Qwen-3.5-Simple,Per-5,0.24,0.492408,48
Qwen-3.5-Simple,Per-5,0.25,0.494474,48
Qwen-3.5-Simple,Per-5,0.26,0.495127,48
Qwen-3.5-Simple,Per-5,0.27,0.494471,48
Qwen-3.5-Simple,Per-5,0.28,0.494203,48
Qwen-3.5-Simple,Per-5,0.29,0.493213,48
Qwen-3.5-Simple,Per-5,0.3,0.492126,48
Qwen-3.5-Simple,Per-5,0.31,0.49112,48
Qwen-3.5-Simple,Per-5,0.32,0.48997,48
Qwen-3.5-Simple,Per-5,0.33,0.488909,48
Qwen-3.5-Simple,Per-5,0.34,0.487718,48
Qwen-3.5-Simple,Per-5,0.35,0.486262,48
Qwen-3.5-Simple,Per-5,0.36,0.48494,48
Qwen-3.5-Simple,Per-5,0.37,0.483273,48
Qwen-3.5-Simple,Per-5,0.38,0.481554,48
Qwen-3.5-Simple,Per-5,0.39,0.48014,48
Qwen-3.5-Simple,Per-5,0.4,0.478622,48
Qwen-3.5-Simple,Per-5,0.41,0.477044,48
Qwen-3.5-Simple,Per-5,0.42,0.475504,48
Qwen-3.5-Simple,Per-5,0.43,0.474409,48
Qwen-3.5-Simple,Per-5,0.44,0.473459,48
Qwen-3.5-Simple,Per-5,0.45,0.471999,48
Qwen-3.5-Simple,Per-5,0.46,0.470391,48
Qwen-3.5-Simple,Per-5,0.47,0.468655,48
Qwen-3.5-Simple,Per-5,0.48,0.467181,48
Qwen-3.5-Simple,Per-5,0.49,0.465813,48
Qwen-3.5-Simple,Per-5,0.5,0.464171,48
Qwen-3.5-Simple,Per-5,0.51,0.462411,48
Qwen-3.5-Simple,Per-5,0.52,0.460632,48
Qwen-3.5-Simple,Per-5,0.53,0.459128,48
Qwen-3.5-Simple,Per-5,0.54,0.457784,48
Qwen-3.5-Simple,Per-5,0.55,0.456367,48
Qwen-3.5-Simple,Per-5,0.56,0.454779,48
Qwen-3.5-Simple,Per-5,0.57,0.453243,48
Qwen-3.5-Simple,Per-5,0.58,0.451697,48
Qwen-3.5-Simple,Per-5,0.59,0.450174,48
Qwen-3.5-Simple,Per-5,0.6,0.448718,48
Qwen-3.5-Simple,Per-5,0.61,0.44734,48
Qwen-3.5-Simple,Per-5,0.62,0.445988,48
Qwen-3.5-Simple,Per-5,0.63,0.444702,48
Qwen-3.5-Simple,Per-5,0.64,0.443524,48
Qwen-3.5-Simple,Per-5,0.65,0.442438,48
Qwen-3.5-Simple,Per-5,0.66,0.441343,48
Qwen-3.5-Simple,Per-5,0.67,0.44066,48
Qwen-3.5-Simple,Per-5,0.68,0.440058,48
Qwen-3.5-Simple,Per-5,0.69,0.439503,48
Qwen-3.5-Simple,Per-5,0.7,0.439372,48
Qwen-3.5-Simple,Per-5,0.71,0.439265,48
Qwen-3.5-Simple,Per-5,0.72,0.439021,48
Qwen-3.5-Simple,Per-5,0.73,0.438494,48
Qwen-3.5-Simple,Per-5,0.74,0.437984,48
Qwen-3.5-Simple,Per-5,0.75,0.437341,48
Qwen-3.5-Simple,Per-5,0.76,0.436816,48
Qwen-3.5-Simple,Per-5,0.77,0.436081,48
Qwen-3.5-Simple,Per-5,0.78,0.435268,48
Qwen-3.5-Simple,Per-5,0.79,0.434654,48
Qwen-3.5-Simple,Per-5,0.8,0.434072,48
Qwen-3.5-Simple,Per-5,0.81,0.433461,48
Qwen-3.5-Simple,Per-5,0.82,0.43274,48
Qwen-3.5-Simple,Per-5,0.83,0.432012,48
Qwen-3.5-Simple,Per-5,0.84,0.431224,48
Qwen-3.5-Simple,Per-5,0.85,0.430417,48
Qwen-3.5-Simple,Per-5,0.86,0.42981,48
Qwen-3.5-Simple,Per-5,0.87,0.428936,48
Qwen-3.5-Simple,Per-5,0.88,0.428073,48
Qwen-3.5-Simple,Per-5,0.89,0.427297,48
Qwen-3.5-Simple,Per-5,0.9,0.42654,48
Qwen-3.5-Simple,Per-5,0.91,0.425759,48
Qwen-3.5-Simple,Per-5,0.92,0.424753,48
Qwen-3.5-Simple,Per-5,0.93,0.42393,48
Qwen-3.5-Simple,Per-5,0.94,0.423219,48
Qwen-3.5-Simple,Per-5,0.95,0.422498,48
Qwen-3.5-Simple,Per-5,0.96,0.421819,48
Qwen-3.5-Simple,Per-5,0.97,0.421247,48
Qwen-3.5-Simple,Per-5,0.98,0.42064,48
Qwen-3.5-Simple,Per-5,0.99,0.420053,48
Qwen-3.5-Simple,Per-5,1.0,0.419441,48
Qwen-3.6-27B-Simple,Every-turn,0.21,0.529382,48
Qwen-3.6-27B-Simple,Every-turn,0.22,0.526998,48
Qwen-3.6-27B-Simple,Every-turn,0.23,0.523074,48
Qwen-3.6-27B-Simple,Every-turn,0.24,0.521341,48
Qwen-3.6-27B-Simple,Every-turn,0.25,0.52104,48
Qwen-3.6-27B-Simple,Every-turn,0.26,0.521209,48
Qwen-3.6-27B-Simple,Every-turn,0.27,0.520379,48
Qwen-3.6-27B-Simple,Every-turn,0.28,0.520169,48
Qwen-3.6-27B-Simple,Every-turn,0.29,0.518515,48
Qwen-3.6-27B-Simple,Every-turn,0.3,0.517201,48
Qwen-3.6-27B-Simple,Every-turn,0.31,0.515723,48
Qwen-3.6-27B-Simple,Every-turn,0.32,0.514463,48
Qwen-3.6-27B-Simple,Every-turn,0.33,0.512903,48
Qwen-3.6-27B-Simple,Every-turn,0.34,0.511239,48
Qwen-3.6-27B-Simple,Every-turn,0.35,0.509564,48
Qwen-3.6-27B-Simple,Every-turn,0.36,0.507263,48
Qwen-3.6-27B-Simple,Every-turn,0.37,0.504945,48
Qwen-3.6-27B-Simple,Every-turn,0.38,0.502609,48
Qwen-3.6-27B-Simple,Every-turn,0.39,0.500101,48
Qwen-3.6-27B-Simple,Every-turn,0.4,0.497939,48
Qwen-3.6-27B-Simple,Every-turn,0.41,0.495662,48
Qwen-3.6-27B-Simple,Every-turn,0.42,0.493182,48
Qwen-3.6-27B-Simple,Every-turn,0.43,0.490915,48
Qwen-3.6-27B-Simple,Every-turn,0.44,0.488671,48
Qwen-3.6-27B-Simple,Every-turn,0.45,0.486495,48
Qwen-3.6-27B-Simple,Every-turn,0.46,0.484538,48
Qwen-3.6-27B-Simple,Every-turn,0.47,0.482501,48
Qwen-3.6-27B-Simple,Every-turn,0.48,0.480693,48
Qwen-3.6-27B-Simple,Every-turn,0.49,0.479096,48
Qwen-3.6-27B-Simple,Every-turn,0.5,0.477173,48
Qwen-3.6-27B-Simple,Every-turn,0.51,0.475045,48
Qwen-3.6-27B-Simple,Every-turn,0.52,0.472763,48
Qwen-3.6-27B-Simple,Every-turn,0.53,0.47044,48
Qwen-3.6-27B-Simple,Every-turn,0.54,0.468366,48
Qwen-3.6-27B-Simple,Every-turn,0.55,0.466024,48
Qwen-3.6-27B-Simple,Every-turn,0.56,0.4638,48
Qwen-3.6-27B-Simple,Every-turn,0.57,0.461852,48
Qwen-3.6-27B-Simple,Every-turn,0.58,0.460201,48
Qwen-3.6-27B-Simple,Every-turn,0.59,0.45868,48
Qwen-3.6-27B-Simple,Every-turn,0.6,0.456896,48
Qwen-3.6-27B-Simple,Every-turn,0.61,0.455195,48
Qwen-3.6-27B-Simple,Every-turn,0.62,0.453462,48
Qwen-3.6-27B-Simple,Every-turn,0.63,0.451776,48
Qwen-3.6-27B-Simple,Every-turn,0.64,0.450317,48
Qwen-3.6-27B-Simple,Every-turn,0.65,0.449118,48
Qwen-3.6-27B-Simple,Every-turn,0.66,0.447936,48
Qwen-3.6-27B-Simple,Every-turn,0.67,0.446551,48
Qwen-3.6-27B-Simple,Every-turn,0.68,0.445307,48
Qwen-3.6-27B-Simple,Every-turn,0.69,0.444101,48
Qwen-3.6-27B-Simple,Every-turn,0.7,0.442742,48
Qwen-3.6-27B-Simple,Every-turn,0.71,0.441817,48
Qwen-3.6-27B-Simple,Every-turn,0.72,0.440723,48
Qwen-3.6-27B-Simple,Every-turn,0.73,0.439767,48
Qwen-3.6-27B-Simple,Every-turn,0.74,0.438475,48
Qwen-3.6-27B-Simple,Every-turn,0.75,0.437018,48
Qwen-3.6-27B-Simple,Every-turn,0.76,0.435578,48
Qwen-3.6-27B-Simple,Every-turn,0.77,0.434117,48
Qwen-3.6-27B-Simple,Every-turn,0.78,0.432985,48
Qwen-3.6-27B-Simple,Every-turn,0.79,0.431943,48
Qwen-3.6-27B-Simple,Every-turn,0.8,0.430747,48
Qwen-3.6-27B-Simple,Every-turn,0.81,0.429621,48
Qwen-3.6-27B-Simple,Every-turn,0.82,0.428606,48
Qwen-3.6-27B-Simple,Every-turn,0.83,0.427663,48
Qwen-3.6-27B-Simple,Every-turn,0.84,0.426673,48
Qwen-3.6-27B-Simple,Every-turn,0.85,0.425638,48
Qwen-3.6-27B-Simple,Every-turn,0.86,0.424558,48
Qwen-3.6-27B-Simple,Every-turn,0.87,0.423667,48
Qwen-3.6-27B-Simple,Every-turn,0.88,0.422721,48
Qwen-3.6-27B-Simple,Every-turn,0.89,0.421752,48
Qwen-3.6-27B-Simple,Every-turn,0.9,0.420907,48
Qwen-3.6-27B-Simple,Every-turn,0.91,0.41993,48
Qwen-3.6-27B-Simple,Every-turn,0.92,0.41897,48
Qwen-3.6-27B-Simple,Every-turn,0.93,0.418011,48
Qwen-3.6-27B-Simple,Every-turn,0.94,0.417091,48
Qwen-3.6-27B-Simple,Every-turn,0.95,0.416179,48
Qwen-3.6-27B-Simple,Every-turn,0.96,0.415176,48
Qwen-3.6-27B-Simple,Every-turn,0.97,0.414244,48
Qwen-3.6-27B-Simple,Every-turn,0.98,0.413256,48
Qwen-3.6-27B-Simple,Every-turn,0.99,0.412319,48
Qwen-3.6-27B-Simple,Every-turn,1.0,0.411293,48
Qwen-3.6-27B-Simple,Per-5,0.21,0.519116,48
Qwen-3.6-27B-Simple,Per-5,0.22,0.515664,48
Qwen-3.6-27B-Simple,Per-5,0.23,0.513616,48
Qwen-3.6-27B-Simple,Per-5,0.24,0.511303,48
Qwen-3.6-27B-Simple,Per-5,0.25,0.508833,48
Qwen-3.6-27B-Simple,Per-5,0.26,0.506834,48
Qwen-3.6-27B-Simple,Per-5,0.27,0.504855,48
Qwen-3.6-27B-Simple,Per-5,0.28,0.504859,48
Qwen-3.6-27B-Simple,Per-5,0.29,0.503832,48
Qwen-3.6-27B-Simple,Per-5,0.3,0.502989,48
Qwen-3.6-27B-Simple,Per-5,0.31,0.501804,48
Qwen-3.6-27B-Simple,Per-5,0.32,0.500686,48
Qwen-3.6-27B-Simple,Per-5,0.33,0.50031,48
Qwen-3.6-27B-Simple,Per-5,0.34,0.49928,48
Qwen-3.6-27B-Simple,Per-5,0.35,0.497874,48
Qwen-3.6-27B-Simple,Per-5,0.36,0.49657,48
Qwen-3.6-27B-Simple,Per-5,0.37,0.495321,48
Qwen-3.6-27B-Simple,Per-5,0.38,0.493652,48
Qwen-3.6-27B-Simple,Per-5,0.39,0.49186,48
Qwen-3.6-27B-Simple,Per-5,0.4,0.490194,48
Qwen-3.6-27B-Simple,Per-5,0.41,0.488828,48
Qwen-3.6-27B-Simple,Per-5,0.42,0.487295,48
Qwen-3.6-27B-Simple,Per-5,0.43,0.485486,48
Qwen-3.6-27B-Simple,Per-5,0.44,0.48353,48
Qwen-3.6-27B-Simple,Per-5,0.45,0.481635,48
Qwen-3.6-27B-Simple,Per-5,0.46,0.479831,48
Qwen-3.6-27B-Simple,Per-5,0.47,0.477657,48
Qwen-3.6-27B-Simple,Per-5,0.48,0.475597,48
Qwen-3.6-27B-Simple,Per-5,0.49,0.473628,48
Qwen-3.6-27B-Simple,Per-5,0.5,0.471762,48
Qwen-3.6-27B-Simple,Per-5,0.51,0.469542,48
Qwen-3.6-27B-Simple,Per-5,0.52,0.467377,48
Qwen-3.6-27B-Simple,Per-5,0.53,0.465331,48
Qwen-3.6-27B-Simple,Per-5,0.54,0.463098,48
Qwen-3.6-27B-Simple,Per-5,0.55,0.460698,48
Qwen-3.6-27B-Simple,Per-5,0.56,0.458607,48
Qwen-3.6-27B-Simple,Per-5,0.57,0.456545,48
Qwen-3.6-27B-Simple,Per-5,0.58,0.454657,48
Qwen-3.6-27B-Simple,Per-5,0.59,0.452772,48
Qwen-3.6-27B-Simple,Per-5,0.6,0.450805,48
Qwen-3.6-27B-Simple,Per-5,0.61,0.448899,48
Qwen-3.6-27B-Simple,Per-5,0.62,0.446915,48
Qwen-3.6-27B-Simple,Per-5,0.63,0.445188,48
Qwen-3.6-27B-Simple,Per-5,0.64,0.443584,48
Qwen-3.6-27B-Simple,Per-5,0.65,0.441898,48
Qwen-3.6-27B-Simple,Per-5,0.66,0.440443,48
Qwen-3.6-27B-Simple,Per-5,0.67,0.438933,48
Qwen-3.6-27B-Simple,Per-5,0.68,0.437529,48
Qwen-3.6-27B-Simple,Per-5,0.69,0.436238,48
Qwen-3.6-27B-Simple,Per-5,0.7,0.435058,48
Qwen-3.6-27B-Simple,Per-5,0.71,0.4338,48
Qwen-3.6-27B-Simple,Per-5,0.72,0.432528,48
Qwen-3.6-27B-Simple,Per-5,0.73,0.431334,48
Qwen-3.6-27B-Simple,Per-5,0.74,0.430218,48
Qwen-3.6-27B-Simple,Per-5,0.75,0.429077,48
Qwen-3.6-27B-Simple,Per-5,0.76,0.428071,48
Qwen-3.6-27B-Simple,Per-5,0.77,0.427019,48
Qwen-3.6-27B-Simple,Per-5,0.78,0.425885,48
Qwen-3.6-27B-Simple,Per-5,0.79,0.42502,48
Qwen-3.6-27B-Simple,Per-5,0.8,0.424065,48
Qwen-3.6-27B-Simple,Per-5,0.81,0.422979,48
Qwen-3.6-27B-Simple,Per-5,0.82,0.421985,48
Qwen-3.6-27B-Simple,Per-5,0.83,0.421082,48
Qwen-3.6-27B-Simple,Per-5,0.84,0.420271,48
Qwen-3.6-27B-Simple,Per-5,0.85,0.419422,48
Qwen-3.6-27B-Simple,Per-5,0.86,0.418602,48
Qwen-3.6-27B-Simple,Per-5,0.87,0.417795,48
Qwen-3.6-27B-Simple,Per-5,0.88,0.417006,48
Qwen-3.6-27B-Simple,Per-5,0.89,0.416304,48
Qwen-3.6-27B-Simple,Per-5,0.9,0.415588,48
Qwen-3.6-27B-Simple,Per-5,0.91,0.414802,48
Qwen-3.6-27B-Simple,Per-5,0.92,0.414188,48
Qwen-3.6-27B-Simple,Per-5,0.93,0.413578,48
Qwen-3.6-27B-Simple,Per-5,0.94,0.413032,48
Qwen-3.6-27B-Simple,Per-5,0.95,0.412488,48
Qwen-3.6-27B-Simple,Per-5,0.96,0.411843,48
Qwen-3.6-27B-Simple,Per-5,0.97,0.411182,48
Qwen-3.6-27B-Simple,Per-5,0.98,0.410531,48
Qwen-3.6-27B-Simple,Per-5,0.99,0.409961,48
Qwen-3.6-27B-Simple,Per-5,1.0,0.4094,48
Qwen-3.8-27B-Simple,Every-turn,0.21,0.525093,48
Qwen-3.8-27B-Simple,Every-turn,0.22,0.523745,48
Qwen-3.8-27B-Simple,Every-turn,0.23,0.524597,48
Qwen-3.8-27B-Simple,Every-turn,0.24,0.525163,48
Qwen-3.8-27B-Simple,Every-turn,0.25,0.524842,48
Qwen-3.8-27B-Simple,Every-turn,0.26,0.5251,48
Qwen-3.8-27B-Simple,Every-turn,0.27,0.525083,48
Qwen-3.8-27B-Simple,Every-turn,0.28,0.524992,48
Qwen-3.8-27B-Simple,Every-turn,0.29,0.525163,48
Qwen-3.8-27B-Simple,Every-turn,0.3,0.525829,48
Qwen-3.8-27B-Simple,Every-turn,0.31,0.526473,48
Qwen-3.8-27B-Simple,Every-turn,0.32,0.526904,48
Qwen-3.8-27B-Simple,Every-turn,0.33,0.527713,48
Qwen-3.8-27B-Simple,Every-turn,0.34,0.52787,48
Qwen-3.8-27B-Simple,Every-turn,0.35,0.527703,48
Qwen-3.8-27B-Simple,Every-turn,0.36,0.527335,48
Qwen-3.8-27B-Simple,Every-turn,0.37,0.52663,48
Qwen-3.8-27B-Simple,Every-turn,0.38,0.52637,48
Qwen-3.8-27B-Simple,Every-turn,0.39,0.525491,48
Qwen-3.8-27B-Simple,Every-turn,0.4,0.524475,48
Qwen-3.8-27B-Simple,Every-turn,0.41,0.524143,48
Qwen-3.8-27B-Simple,Every-turn,0.42,0.523432,48
Qwen-3.8-27B-Simple,Every-turn,0.43,0.522586,48
Qwen-3.8-27B-Simple,Every-turn,0.44,0.521996,48
Qwen-3.8-27B-Simple,Every-turn,0.45,0.521163,48
Qwen-3.8-27B-Simple,Every-turn,0.46,0.520552,48
Qwen-3.8-27B-Simple,Every-turn,0.47,0.519296,48
Qwen-3.8-27B-Simple,Every-turn,0.48,0.518137,48
Qwen-3.8-27B-Simple,Every-turn,0.49,0.516953,48
Qwen-3.8-27B-Simple,Every-turn,0.5,0.515719,48
Qwen-3.8-27B-Simple,Every-turn,0.51,0.514499,48
Qwen-3.8-27B-Simple,Every-turn,0.52,0.513116,48
Qwen-3.8-27B-Simple,Every-turn,0.53,0.511734,48
Qwen-3.8-27B-Simple,Every-turn,0.54,0.510404,48
Qwen-3.8-27B-Simple,Every-turn,0.55,0.509179,48
Qwen-3.8-27B-Simple,Every-turn,0.56,0.507717,48
Qwen-3.8-27B-Simple,Every-turn,0.57,0.506249,48
Qwen-3.8-27B-Simple,Every-turn,0.58,0.505227,48
Qwen-3.8-27B-Simple,Every-turn,0.59,0.504082,48
Qwen-3.8-27B-Simple,Every-turn,0.6,0.502795,48
Qwen-3.8-27B-Simple,Every-turn,0.61,0.501709,48
Qwen-3.8-27B-Simple,Every-turn,0.62,0.500713,48
Qwen-3.8-27B-Simple,Every-turn,0.63,0.499518,48
Qwen-3.8-27B-Simple,Every-turn,0.64,0.498476,48
Qwen-3.8-27B-Simple,Every-turn,0.65,0.497534,48
Qwen-3.8-27B-Simple,Every-turn,0.66,0.497271,48
Qwen-3.8-27B-Simple,Every-turn,0.67,0.49672,48
Qwen-3.8-27B-Simple,Every-turn,0.68,0.496077,48
Qwen-3.8-27B-Simple,Every-turn,0.69,0.495373,48
Qwen-3.8-27B-Simple,Every-turn,0.7,0.494934,48
Qwen-3.8-27B-Simple,Every-turn,0.71,0.494451,48
Qwen-3.8-27B-Simple,Every-turn,0.72,0.494369,48
Qwen-3.8-27B-Simple,Every-turn,0.73,0.494221,48
Qwen-3.8-27B-Simple,Every-turn,0.74,0.494105,48
Qwen-3.8-27B-Simple,Every-turn,0.75,0.493947,48
Qwen-3.8-27B-Simple,Every-turn,0.76,0.493702,48
Qwen-3.8-27B-Simple,Every-turn,0.77,0.493484,48
Qwen-3.8-27B-Simple,Every-turn,0.78,0.493394,48
Qwen-3.8-27B-Simple,Every-turn,0.79,0.493344,48
Qwen-3.8-27B-Simple,Every-turn,0.8,0.493147,48
Qwen-3.8-27B-Simple,Every-turn,0.81,0.492716,48
Qwen-3.8-27B-Simple,Every-turn,0.82,0.492291,48
Qwen-3.8-27B-Simple,Every-turn,0.83,0.491546,48
Qwen-3.8-27B-Simple,Every-turn,0.84,0.490803,48
Qwen-3.8-27B-Simple,Every-turn,0.85,0.490366,48
Qwen-3.8-27B-Simple,Every-turn,0.86,0.489977,48
Qwen-3.8-27B-Simple,Every-turn,0.87,0.489743,48
Qwen-3.8-27B-Simple,Every-turn,0.88,0.489496,48
Qwen-3.8-27B-Simple,Every-turn,0.89,0.489255,48
Qwen-3.8-27B-Simple,Every-turn,0.9,0.488715,48
Qwen-3.8-27B-Simple,Every-turn,0.91,0.488133,48
Qwen-3.8-27B-Simple,Every-turn,0.92,0.487578,48
Qwen-3.8-27B-Simple,Every-turn,0.93,0.487257,48
Qwen-3.8-27B-Simple,Every-turn,0.94,0.486796,48
Qwen-3.8-27B-Simple,Every-turn,0.95,0.486346,48
Qwen-3.8-27B-Simple,Every-turn,0.96,0.485832,48
Qwen-3.8-27B-Simple,Every-turn,0.97,0.485424,48
Qwen-3.8-27B-Simple,Every-turn,0.98,0.484983,48
Qwen-3.8-27B-Simple,Every-turn,0.99,0.484593,48
Qwen-3.8-27B-Simple,Every-turn,1.0,0.484689,48
Qwen-3.8-27B-Simple,Per-5,0.21,0.508909,48
Qwen-3.8-27B-Simple,Per-5,0.22,0.505914,48
Qwen-3.8-27B-Simple,Per-5,0.23,0.502264,48
Qwen-3.8-27B-Simple,Per-5,0.24,0.498837,48
Qwen-3.8-27B-Simple,Per-5,0.25,0.496768,48
Qwen-3.8-27B-Simple,Per-5,0.26,0.494835,48
Qwen-3.8-27B-Simple,Per-5,0.27,0.492808,48
Qwen-3.8-27B-Simple,Per-5,0.28,0.49291,48
Qwen-3.8-27B-Simple,Per-5,0.29,0.492703,48
Qwen-3.8-27B-Simple,Per-5,0.3,0.493571,48
Qwen-3.8-27B-Simple,Per-5,0.31,0.494572,48
Qwen-3.8-27B-Simple,Per-5,0.32,0.494754,48
Qwen-3.8-27B-Simple,Per-5,0.33,0.495226,48
Qwen-3.8-27B-Simple,Per-5,0.34,0.495096,48
Qwen-3.8-27B-Simple,Per-5,0.35,0.49509,48
Qwen-3.8-27B-Simple,Per-5,0.36,0.495299,48
Qwen-3.8-27B-Simple,Per-5,0.37,0.495714,48
Qwen-3.8-27B-Simple,Per-5,0.38,0.495949,48
Qwen-3.8-27B-Simple,Per-5,0.39,0.495733,48
Qwen-3.8-27B-Simple,Per-5,0.4,0.495516,48
Qwen-3.8-27B-Simple,Per-5,0.41,0.495068,48
Qwen-3.8-27B-Simple,Per-5,0.42,0.494421,48
Qwen-3.8-27B-Simple,Per-5,0.43,0.494182,48
Qwen-3.8-27B-Simple,Per-5,0.44,0.493776,48
Qwen-3.8-27B-Simple,Per-5,0.45,0.493136,48
Qwen-3.8-27B-Simple,Per-5,0.46,0.492657,48
Qwen-3.8-27B-Simple,Per-5,0.47,0.492477,48
Qwen-3.8-27B-Simple,Per-5,0.48,0.491817,48
Qwen-3.8-27B-Simple,Per-5,0.49,0.491068,48
Qwen-3.8-27B-Simple,Per-5,0.5,0.49017,48
Qwen-3.8-27B-Simple,Per-5,0.51,0.488936,48
Qwen-3.8-27B-Simple,Per-5,0.52,0.487751,48
Qwen-3.8-27B-Simple,Per-5,0.53,0.486371,48
Qwen-3.8-27B-Simple,Per-5,0.54,0.485007,48
Qwen-3.8-27B-Simple,Per-5,0.55,0.483351,48
Qwen-3.8-27B-Simple,Per-5,0.56,0.481616,48
Qwen-3.8-27B-Simple,Per-5,0.57,0.480205,48
Qwen-3.8-27B-Simple,Per-5,0.58,0.479091,48
Qwen-3.8-27B-Simple,Per-5,0.59,0.478362,48
Qwen-3.8-27B-Simple,Per-5,0.6,0.477803,48
Qwen-3.8-27B-Simple,Per-5,0.61,0.476998,48
Qwen-3.8-27B-Simple,Per-5,0.62,0.476131,48
Qwen-3.8-27B-Simple,Per-5,0.63,0.475301,48
Qwen-3.8-27B-Simple,Per-5,0.64,0.474822,48
Qwen-3.8-27B-Simple,Per-5,0.65,0.474269,48
Qwen-3.8-27B-Simple,Per-5,0.66,0.473564,48
Qwen-3.8-27B-Simple,Per-5,0.67,0.472794,48
Qwen-3.8-27B-Simple,Per-5,0.68,0.472084,48
Qwen-3.8-27B-Simple,Per-5,0.69,0.471546,48
Qwen-3.8-27B-Simple,Per-5,0.7,0.470701,48
Qwen-3.8-27B-Simple,Per-5,0.71,0.469899,48
Qwen-3.8-27B-Simple,Per-5,0.72,0.469005,48
Qwen-3.8-27B-Simple,Per-5,0.73,0.468049,48
Qwen-3.8-27B-Simple,Per-5,0.74,0.467146,48
Qwen-3.8-27B-Simple,Per-5,0.75,0.466293,48
Qwen-3.8-27B-Simple,Per-5,0.76,0.465178,48
Qwen-3.8-27B-Simple,Per-5,0.77,0.464098,48
Qwen-3.8-27B-Simple,Per-5,0.78,0.462941,48
Qwen-3.8-27B-Simple,Per-5,0.79,0.461767,48
Qwen-3.8-27B-Simple,Per-5,0.8,0.460401,48
Qwen-3.8-27B-Simple,Per-5,0.81,0.458929,48
Qwen-3.8-27B-Simple,Per-5,0.82,0.457663,48
Qwen-3.8-27B-Simple,Per-5,0.83,0.456463,48
Qwen-3.8-27B-Simple,Per-5,0.84,0.455273,48
Qwen-3.8-27B-Simple,Per-5,0.85,0.454091,48
Qwen-3.8-27B-Simple,Per-5,0.86,0.452893,48
Qwen-3.8-27B-Simple,Per-5,0.87,0.451566,48
Qwen-3.8-27B-Simple,Per-5,0.88,0.450333,48
Qwen-3.8-27B-Simple,Per-5,0.89,0.449078,48
Qwen-3.8-27B-Simple,Per-5,0.9,0.447807,48
Qwen-3.8-27B-Simple,Per-5,0.91,0.446661,48
Qwen-3.8-27B-Simple,Per-5,0.92,0.445519,48
Qwen-3.8-27B-Simple,Per-5,0.93,0.444369,48
Qwen-3.8-27B-Simple,Per-5,0.94,0.44332,48
Qwen-3.8-27B-Simple,Per-5,0.95,0.442476,48
Qwen-3.8-27B-Simple,Per-5,0.96,0.441672,48
Qwen-3.8-27B-Simple,Per-5,0.97,0.440938,48
Qwen-3.8-27B-Simple,Per-5,0.98,0.440071,48
Qwen-3.8-27B-Simple,Per-5,0.99,0.439139,48
Qwen-3.8-27B-Simple,Per-5,1.0,0.438122,48
Qwen-3.8-Flash-Next-Simple,Every-turn,0.21,0.520031,48
Qwen-3.8-Flash-Next-Simple,Every-turn,0.22,0.513188,48
Qwen-3.8-Flash-Next-Simple,Every-turn,0.23,0.507307,48
Qwen-3.8-Flash-Next-Simple,Every-turn,0.24,0.506176,48
Qwen-3.8-Flash-Next-Simple,Every-turn,0.25,0.504512,48
Qwen-3.8-Flash-Next-Simple,Every-turn,0.26,0.502988,48
Qwen-3.8-Flash-Next-Simple,Every-turn,0.27,0.501644,48
Qwen-3.8-Flash-Next-Simple,Every-turn,0.28,0.499515,48
Qwen-3.8-Flash-Next-Simple,Every-turn,0.29,0.498199,48
Qwen-3.8-Flash-Next-Simple,Every-turn,0.3,0.496688,48
Qwen-3.8-Flash-Next-Simple,Every-turn,0.31,0.494519,48
Qwen-3.8-Flash-Next-Simple,Every-turn,0.32,0.492872,48
Qwen-3.8-Flash-Next-Simple,Every-turn,0.33,0.49134,48
Qwen-3.8-Flash-Next-Simple,Every-turn,0.34,0.489856,48
Qwen-3.8-Flash-Next-Simple,Every-turn,0.35,0.488258,48
Qwen-3.8-Flash-Next-Simple,Every-turn,0.36,0.485973,48
Qwen-3.8-Flash-Next-Simple,Every-turn,0.37,0.48354,48
Qwen-3.8-Flash-Next-Simple,Every-turn,0.38,0.481461,48
Qwen-3.8-Flash-Next-Simple,Every-turn,0.39,0.47935,48
Qwen-3.8-Flash-Next-Simple,Every-turn,0.4,0.477565,48
Qwen-3.8-Flash-Next-Simple,Every-turn,0.41,0.475852,48
Qwen-3.8-Flash-Next-Simple,Every-turn,0.42,0.47381,48
Qwen-3.8-Flash-Next-Simple,Every-turn,0.43,0.471814,48
Qwen-3.8-Flash-Next-Simple,Every-turn,0.44,0.469852,48
Qwen-3.8-Flash-Next-Simple,Every-turn,0.45,0.468289,48
Qwen-3.8-Flash-Next-Simple,Every-turn,0.46,0.466915,48
Qwen-3.8-Flash-Next-Simple,Every-turn,0.47,0.465615,48
Qwen-3.8-Flash-Next-Simple,Every-turn,0.48,0.464314,48
Qwen-3.8-Flash-Next-Simple,Every-turn,0.49,0.462965,48
Qwen-3.8-Flash-Next-Simple,Every-turn,0.5,0.461436,48
Qwen-3.8-Flash-Next-Simple,Every-turn,0.51,0.459993,48
Qwen-3.8-Flash-Next-Simple,Every-turn,0.52,0.458614,48
Qwen-3.8-Flash-Next-Simple,Every-turn,0.53,0.456933,48
Qwen-3.8-Flash-Next-Simple,Every-turn,0.54,0.45539,48
Qwen-3.8-Flash-Next-Simple,Every-turn,0.55,0.454007,48
Qwen-3.8-Flash-Next-Simple,Every-turn,0.56,0.452382,48
Qwen-3.8-Flash-Next-Simple,Every-turn,0.57,0.45102,48
Qwen-3.8-Flash-Next-Simple,Every-turn,0.58,0.449774,48
Qwen-3.8-Flash-Next-Simple,Every-turn,0.59,0.448809,48
Qwen-3.8-Flash-Next-Simple,Every-turn,0.6,0.447818,48
Qwen-3.8-Flash-Next-Simple,Every-turn,0.61,0.446878,48
Qwen-3.8-Flash-Next-Simple,Every-turn,0.62,0.445872,48
Qwen-3.8-Flash-Next-Simple,Every-turn,0.63,0.44467,48
Qwen-3.8-Flash-Next-Simple,Every-turn,0.64,0.443445,48
Qwen-3.8-Flash-Next-Simple,Every-turn,0.65,0.44218,48
Qwen-3.8-Flash-Next-Simple,Every-turn,0.66,0.440991,48
Qwen-3.8-Flash-Next-Simple,Every-turn,0.67,0.439846,48
Qwen-3.8-Flash-Next-Simple,Every-turn,0.68,0.438831,48
Qwen-3.8-Flash-Next-Simple,Every-turn,0.69,0.437904,48
Qwen-3.8-Flash-Next-Simple,Every-turn,0.7,0.437183,48
Qwen-3.8-Flash-Next-Simple,Every-turn,0.71,0.436494,48
Qwen-3.8-Flash-Next-Simple,Every-turn,0.72,0.435708,48
Qwen-3.8-Flash-Next-Simple,Every-turn,0.73,0.435111,48
Qwen-3.8-Flash-Next-Simple,Every-turn,0.74,0.435113,48
Qwen-3.8-Flash-Next-Simple,Every-turn,0.75,0.43468,48
Qwen-3.8-Flash-Next-Simple,Every-turn,0.76,0.433992,48
Qwen-3.8-Flash-Next-Simple,Every-turn,0.77,0.433232,48
Qwen-3.8-Flash-Next-Simple,Every-turn,0.78,0.432245,48
Qwen-3.8-Flash-Next-Simple,Every-turn,0.79,0.431347,48
Qwen-3.8-Flash-Next-Simple,Every-turn,0.8,0.430424,48
Qwen-3.8-Flash-Next-Simple,Every-turn,0.81,0.429667,48
Qwen-3.8-Flash-Next-Simple,Every-turn,0.82,0.429106,48
Qwen-3.8-Flash-Next-Simple,Every-turn,0.83,0.428483,48
Qwen-3.8-Flash-Next-Simple,Every-turn,0.84,0.427903,48
Qwen-3.8-Flash-Next-Simple,Every-turn,0.85,0.427222,48
Qwen-3.8-Flash-Next-Simple,Every-turn,0.86,0.426382,48
Qwen-3.8-Flash-Next-Simple,Every-turn,0.87,0.42559,48
Qwen-3.8-Flash-Next-Simple,Every-turn,0.88,0.424864,48
Qwen-3.8-Flash-Next-Simple,Every-turn,0.89,0.424228,48
Qwen-3.8-Flash-Next-Simple,Every-turn,0.9,0.423657,48
Qwen-3.8-Flash-Next-Simple,Every-turn,0.91,0.423111,48
Qwen-3.8-Flash-Next-Simple,Every-turn,0.92,0.422413,48
Qwen-3.8-Flash-Next-Simple,Every-turn,0.93,0.421837,48
Qwen-3.8-Flash-Next-Simple,Every-turn,0.94,0.421186,48
Qwen-3.8-Flash-Next-Simple,Every-turn,0.95,0.420523,48
Qwen-3.8-Flash-Next-Simple,Every-turn,0.96,0.419914,48
Qwen-3.8-Flash-Next-Simple,Every-turn,0.97,0.419208,48
Qwen-3.8-Flash-Next-Simple,Every-turn,0.98,0.418487,48
Qwen-3.8-Flash-Next-Simple,Every-turn,0.99,0.417761,48
Qwen-3.8-Flash-Next-Simple,Every-turn,1.0,0.417105,48
Qwen-3.8-Flash-Next-Simple,Per-5,0.21,0.536177,52
Qwen-3.8-Flash-Next-Simple,Per-5,0.22,0.534225,52
Qwen-3.8-Flash-Next-Simple,Per-5,0.23,0.530517,52
Qwen-3.8-Flash-Next-Simple,Per-5,0.24,0.527459,52
Qwen-3.8-Flash-Next-Simple,Per-5,0.25,0.526921,52
Qwen-3.8-Flash-Next-Simple,Per-5,0.26,0.526392,52
Qwen-3.8-Flash-Next-Simple,Per-5,0.27,0.526075,52
Qwen-3.8-Flash-Next-Simple,Per-5,0.28,0.526006,52
Qwen-3.8-Flash-Next-Simple,Per-5,0.29,0.526162,52
Qwen-3.8-Flash-Next-Simple,Per-5,0.3,0.526393,52
Qwen-3.8-Flash-Next-Simple,Per-5,0.31,0.526324,52
Qwen-3.8-Flash-Next-Simple,Per-5,0.32,0.526164,52
Qwen-3.8-Flash-Next-Simple,Per-5,0.33,0.52534,52
Qwen-3.8-Flash-Next-Simple,Per-5,0.34,0.524382,52
Qwen-3.8-Flash-Next-Simple,Per-5,0.35,0.523152,52
Qwen-3.8-Flash-Next-Simple,Per-5,0.36,0.522203,52
Qwen-3.8-Flash-Next-Simple,Per-5,0.37,0.521244,52
Qwen-3.8-Flash-Next-Simple,Per-5,0.38,0.520068,52
Qwen-3.8-Flash-Next-Simple,Per-5,0.39,0.519073,52
Qwen-3.8-Flash-Next-Simple,Per-5,0.4,0.51792,52
Qwen-3.8-Flash-Next-Simple,Per-5,0.41,0.516439,52
Qwen-3.8-Flash-Next-Simple,Per-5,0.42,0.514729,52
Qwen-3.8-Flash-Next-Simple,Per-5,0.43,0.51319,52
Qwen-3.8-Flash-Next-Simple,Per-5,0.44,0.511653,52
Qwen-3.8-Flash-Next-Simple,Per-5,0.45,0.510434,52
Qwen-3.8-Flash-Next-Simple,Per-5,0.46,0.508818,52
Qwen-3.8-Flash-Next-Simple,Per-5,0.47,0.506877,52
Qwen-3.8-Flash-Next-Simple,Per-5,0.48,0.505084,52
Qwen-3.8-Flash-Next-Simple,Per-5,0.49,0.503463,52
Qwen-3.8-Flash-Next-Simple,Per-5,0.5,0.501561,52
Qwen-3.8-Flash-Next-Simple,Per-5,0.51,0.499606,52
Qwen-3.8-Flash-Next-Simple,Per-5,0.52,0.497801,52
Qwen-3.8-Flash-Next-Simple,Per-5,0.53,0.49624,52
Qwen-3.8-Flash-Next-Simple,Per-5,0.54,0.494921,52
Qwen-3.8-Flash-Next-Simple,Per-5,0.55,0.493834,52
Qwen-3.8-Flash-Next-Simple,Per-5,0.56,0.492634,52
Qwen-3.8-Flash-Next-Simple,Per-5,0.57,0.491403,52
Qwen-3.8-Flash-Next-Simple,Per-5,0.58,0.490309,52
Qwen-3.8-Flash-Next-Simple,Per-5,0.59,0.489125,52
Qwen-3.8-Flash-Next-Simple,Per-5,0.6,0.487866,52
Qwen-3.8-Flash-Next-Simple,Per-5,0.61,0.486708,52
Qwen-3.8-Flash-Next-Simple,Per-5,0.62,0.485827,52
Qwen-3.8-Flash-Next-Simple,Per-5,0.63,0.484966,52
Qwen-3.8-Flash-Next-Simple,Per-5,0.64,0.48376,52
Qwen-3.8-Flash-Next-Simple,Per-5,0.65,0.482613,52
Qwen-3.8-Flash-Next-Simple,Per-5,0.66,0.481522,52
Qwen-3.8-Flash-Next-Simple,Per-5,0.67,0.480321,52
Qwen-3.8-Flash-Next-Simple,Per-5,0.68,0.479434,52
Qwen-3.8-Flash-Next-Simple,Per-5,0.69,0.478561,52
Qwen-3.8-Flash-Next-Simple,Per-5,0.7,0.477601,52
Qwen-3.8-Flash-Next-Simple,Per-5,0.71,0.47681,52
Qwen-3.8-Flash-Next-Simple,Per-5,0.72,0.475988,52
Qwen-3.8-Flash-Next-Simple,Per-5,0.73,0.475158,52
Qwen-3.8-Flash-Next-Simple,Per-5,0.74,0.474467,52
Qwen-3.8-Flash-Next-Simple,Per-5,0.75,0.473805,52
Qwen-3.8-Flash-Next-Simple,Per-5,0.76,0.473306,52
Qwen-3.8-Flash-Next-Simple,Per-5,0.77,0.472707,52
Qwen-3.8-Flash-Next-Simple,Per-5,0.78,0.472015,52
Qwen-3.8-Flash-Next-Simple,Per-5,0.79,0.47148,52
Qwen-3.8-Flash-Next-Simple,Per-5,0.8,0.47087,52
Qwen-3.8-Flash-Next-Simple,Per-5,0.81,0.470047,52
Qwen-3.8-Flash-Next-Simple,Per-5,0.82,0.469316,52
Qwen-3.8-Flash-Next-Simple,Per-5,0.83,0.468718,52
Qwen-3.8-Flash-Next-Simple,Per-5,0.84,0.468121,52
Qwen-3.8-Flash-Next-Simple,Per-5,0.85,0.467481,52
Qwen-3.8-Flash-Next-Simple,Per-5,0.86,0.466759,52
Qwen-3.8-Flash-Next-Simple,Per-5,0.87,0.46614,52
Qwen-3.8-Flash-Next-Simple,Per-5,0.88,0.465632,52
Qwen-3.8-Flash-Next-Simple,Per-5,0.89,0.465072,52
Qwen-3.8-Flash-Next-Simple,Per-5,0.9,0.464369,52
Qwen-3.8-Flash-Next-Simple,Per-5,0.91,0.463716,52
Qwen-3.8-Flash-Next-Simple,Per-5,0.92,0.463118,52
Qwen-3.8-Flash-Next-Simple,Per-5,0.93,0.462548,52
Qwen-3.8-Flash-Next-Simple,Per-5,0.94,0.461934,52
Qwen-3.8-Flash-Next-Simple,Per-5,0.95,0.461388,52
Qwen-3.8-Flash-Next-Simple,Per-5,0.96,0.460844,52
Qwen-3.8-Flash-Next-Simple,Per-5,0.97,0.460267,52
Qwen-3.8-Flash-Next-Simple,Per-5,0.98,0.459629,52
Qwen-3.8-Flash-Next-Simple,Per-5,0.99,0.458952,52
Qwen-3.8-Flash-Next-Simple,Per-5,1.0,0.458265,52
Vanilla,Every-turn,0.21,0.486716,4914
Vanilla,Every-turn,0.22,0.486211,4914
Vanilla,Every-turn,0.23,0.485807,4914
Vanilla,Every-turn,0.24,0.485808,4914
Vanilla,Every-turn,0.25,0.485635,4914
Vanilla,Every-turn,0.26,0.485796,4914
Vanilla,Every-turn,0.27,0.486072,4914
Vanilla,Every-turn,0.28,0.486444,4914
Vanilla,Every-turn,0.29,0.48672,4914
Vanilla,Every-turn,0.3,0.486914,4914
Vanilla,Every-turn,0.31,0.487111,4914
Vanilla,Every-turn,0.32,0.487075,4914
Vanilla,Every-turn,0.33,0.487007,4914
Vanilla,Every-turn,0.34,0.486977,4914
Vanilla,Every-turn,0.35,0.486858,4914
Vanilla,Every-turn,0.36,0.48672,4914
Vanilla,Every-turn,0.37,0.486673,4914
Vanilla,Every-turn,0.38,0.486605,4914
Vanilla,Every-turn,0.39,0.486391,4914
Vanilla,Every-turn,0.4,0.486157,4914
Vanilla,Every-turn,0.41,0.48593,4914
Vanilla,Every-turn,0.42,0.485675,4914
Vanilla,Every-turn,0.43,0.485497,4914
Vanilla,Every-turn,0.44,0.485269,4914
Vanilla,Every-turn,0.45,0.484958,4914
Vanilla,Every-turn,0.46,0.484616,4914
Vanilla,Every-turn,0.47,0.484229,4914
Vanilla,Every-turn,0.48,0.483933,4914
Vanilla,Every-turn,0.49,0.483641,4914
Vanilla,Every-turn,0.5,0.483227,4914
Vanilla,Every-turn,0.51,0.482797,4914
Vanilla,Every-turn,0.52,0.482386,4914
Vanilla,Every-turn,0.53,0.482068,4914
Vanilla,Every-turn,0.54,0.481791,4914
Vanilla,Every-turn,0.55,0.481466,4914
Vanilla,Every-turn,0.56,0.481104,4914
Vanilla,Every-turn,0.57,0.480818,4914
Vanilla,Every-turn,0.58,0.480638,4914
Vanilla,Every-turn,0.59,0.480459,4914
Vanilla,Every-turn,0.6,0.480295,4914
Vanilla,Every-turn,0.61,0.480174,4914
Vanilla,Every-turn,0.62,0.480097,4914
Vanilla,Every-turn,0.63,0.48,4914
Vanilla,Every-turn,0.64,0.479842,4914
Vanilla,Every-turn,0.65,0.479642,4914
Vanilla,Every-turn,0.66,0.479488,4914
Vanilla,Every-turn,0.67,0.479343,4914
Vanilla,Every-turn,0.68,0.479256,4914
Vanilla,Every-turn,0.69,0.479192,4914
Vanilla,Every-turn,0.7,0.479187,4914
Vanilla,Every-turn,0.71,0.479163,4914
Vanilla,Every-turn,0.72,0.479153,4914
Vanilla,Every-turn,0.73,0.479184,4914
Vanilla,Every-turn,0.74,0.479195,4914
Vanilla,Every-turn,0.75,0.47921,4914
Vanilla,Every-turn,0.76,0.479266,4914
Vanilla,Every-turn,0.77,0.479275,4914
Vanilla,Every-turn,0.78,0.479261,4914
Vanilla,Every-turn,0.79,0.47932,4914
Vanilla,Every-turn,0.8,0.479364,4914
Vanilla,Every-turn,0.81,0.479406,4914
Vanilla,Every-turn,0.82,0.479555,4914
Vanilla,Every-turn,0.83,0.479715,4914
Vanilla,Every-turn,0.84,0.479919,4914
Vanilla,Every-turn,0.85,0.480075,4914
Vanilla,Every-turn,0.86,0.48019,4914
Vanilla,Every-turn,0.87,0.480337,4914
Vanilla,Every-turn,0.88,0.480499,4914
Vanilla,Every-turn,0.89,0.480696,4914
Vanilla,Every-turn,0.9,0.480946,4914
Vanilla,Every-turn,0.91,0.481161,4914
Vanilla,Every-turn,0.92,0.481394,4914
Vanilla,Every-turn,0.93,0.481643,4914
Vanilla,Every-turn,0.94,0.481852,4914
Vanilla,Every-turn,0.95,0.482112,4914
Vanilla,Every-turn,0.96,0.482327,4914
Vanilla,Every-turn,0.97,0.48254,4914
Vanilla,Every-turn,0.98,0.482736,4914
Vanilla,Every-turn,0.99,0.482927,4914
Vanilla,Every-turn,1.0,0.48311,4914
Vanilla,Vanilla,0.21,0.499864,192
Vanilla,Vanilla,0.22,0.499912,192
Vanilla,Vanilla,0.23,0.499927,192
Vanilla,Vanilla,0.24,0.499937,192
Vanilla,Vanilla,0.25,0.499934,192
Vanilla,Vanilla,0.26,0.499939,192
Vanilla,Vanilla,0.27,0.499952,192
Vanilla,Vanilla,0.28,0.49996,192
Vanilla,Vanilla,0.29,0.499975,192
Vanilla,Vanilla,0.3,0.499989,192
Vanilla,Vanilla,0.31,0.500009,192
Vanilla,Vanilla,0.32,0.500031,192
Vanilla,Vanilla,0.33,0.500048,192
Vanilla,Vanilla,0.34,0.500063,192
Vanilla,Vanilla,0.35,0.500077,192
Vanilla,Vanilla,0.36,0.500072,192
Vanilla,Vanilla,0.37,0.50007,192
Vanilla,Vanilla,0.38,0.500071,192
Vanilla,Vanilla,0.39,0.500073,192
Vanilla,Vanilla,0.4,0.500076,192
Vanilla,Vanilla,0.41,0.500089,192
Vanilla,Vanilla,0.42,0.5001,192
Vanilla,Vanilla,0.43,0.500114,192
Vanilla,Vanilla,0.44,0.500125,192
Vanilla,Vanilla,0.45,0.500123,192
Vanilla,Vanilla,0.46,0.500128,192
Vanilla,Vanilla,0.47,0.50013,192
Vanilla,Vanilla,0.48,0.500139,192
Vanilla,Vanilla,0.49,0.500152,192
Vanilla,Vanilla,0.5,0.500159,192
Vanilla,Vanilla,0.51,0.500173,192
Vanilla,Vanilla,0.52,0.500196,192
Vanilla,Vanilla,0.53,0.500213,192
Vanilla,Vanilla,0.54,0.500222,192
Vanilla,Vanilla,0.55,0.500216,192
Vanilla,Vanilla,0.56,0.500196,192
Vanilla,Vanilla,0.57,0.500179,192
Vanilla,Vanilla,0.58,0.50017,192
Vanilla,Vanilla,0.59,0.500168,192
Vanilla,Vanilla,0.6,0.500163,192
Vanilla,Vanilla,0.61,0.500162,192
Vanilla,Vanilla,0.62,0.500166,192
Vanilla,Vanilla,0.63,0.50017,192
Vanilla,Vanilla,0.64,0.500163,192
Vanilla,Vanilla,0.65,0.500146,192
Vanilla,Vanilla,0.66,0.500139,192
Vanilla,Vanilla,0.67,0.500137,192
Vanilla,Vanilla,0.68,0.500145,192
Vanilla,Vanilla,0.69,0.500146,192
Vanilla,Vanilla,0.7,0.500147,192
Vanilla,Vanilla,0.71,0.500146,192
Vanilla,Vanilla,0.72,0.50016,192
Vanilla,Vanilla,0.73,0.500182,192
Vanilla,Vanilla,0.74,0.500198,192
Vanilla,Vanilla,0.75,0.500203,192
Vanilla,Vanilla,0.76,0.500209,192
Vanilla,Vanilla,0.77,0.500217,192
Vanilla,Vanilla,0.78,0.500227,192
Vanilla,Vanilla,0.79,0.500235,192
Vanilla,Vanilla,0.8,0.500236,192
Vanilla,Vanilla,0.81,0.50024,192
Vanilla,Vanilla,0.82,0.500256,192
Vanilla,Vanilla,0.83,0.500272,192
Vanilla,Vanilla,0.84,0.500284,192
Vanilla,Vanilla,0.85,0.500291,192
Vanilla,Vanilla,0.86,0.500294,192
Vanilla,Vanilla,0.87,0.500298,192
Vanilla,Vanilla,0.88,0.500295,192
Vanilla,Vanilla,0.89,0.500296,192
Vanilla,Vanilla,0.9,0.500305,192
Vanilla,Vanilla,0.91,0.500308,192
Vanilla,Vanilla,0.92,0.500308,192
Vanilla,Vanilla,0.93,0.500311,192
Vanilla,Vanilla,0.94,0.500312,192
Vanilla,Vanilla,0.95,0.500317,192
Vanilla,Vanilla,0.96,0.500321,192
Vanilla,Vanilla,0.97,0.500329,192
Vanilla,Vanilla,0.98,0.500343,192
Vanilla,Vanilla,0.99,0.50036,192
Vanilla,Vanilla,1.0,0.500379,192
