row_kind,player_type,strategist,condition,row_label,metric,metric_group,mean,sd,n_players,n_games,color_position,median,ci_lower,ci_upper,mean_max,mean_min
baseline,Completed-experiment average,Completed-experiment average,,Completed-experiment average,flavor_offense_avg,Military,42.05647467948718,24.64226041052501,1248,624,0.420565,,,,,
baseline,Completed-experiment average,Completed-experiment average,,Completed-experiment average,flavor_defense_avg,Military,61.92588365384614,14.533546704529485,1248,624,0.619259,,,,,
baseline,Completed-experiment average,Completed-experiment average,,Completed-experiment average,flavor_city_defense_avg,Military,59.238487259615376,14.228838337727248,1248,624,0.592385,,,,,
baseline,Completed-experiment average,Completed-experiment average,,Completed-experiment average,flavor_mobilization_avg,Military,52.651412660256405,19.458383191756745,1248,624,0.526514,,,,,
baseline,Completed-experiment average,Completed-experiment average,,Completed-experiment average,flavor_military_training_avg,Military,60.367172836538465,18.65053346113282,1248,624,0.603672,,,,,
baseline,Completed-experiment average,Completed-experiment average,,Completed-experiment average,flavor_recon_avg,Military,46.48952139423076,13.117888409231416,1248,624,0.464895,,,,,
baseline,Completed-experiment average,Completed-experiment average,,Completed-experiment average,flavor_ranged_avg,Military,53.694142387820506,17.48945324330104,1248,624,0.536941,,,,,
baseline,Completed-experiment average,Completed-experiment average,,Completed-experiment average,flavor_mobile_avg,Military,46.92295584935897,17.840522108272157,1248,624,0.46923,,,,,
baseline,Completed-experiment average,Completed-experiment average,,Completed-experiment average,flavor_nuke_avg,Nuclear,35.206614386792445,31.868297001122894,424,306,0.352066,,,,,
baseline,Completed-experiment average,Completed-experiment average,,Completed-experiment average,flavor_use_nuke_avg,Nuclear,27.989066273584903,30.352999321462747,424,306,0.279891,,,,,
baseline,Completed-experiment average,Completed-experiment average,,Completed-experiment average,flavor_naval_avg,Naval and air,48.9743639423077,15.881281225917446,1248,624,0.489744,,,,,
baseline,Completed-experiment average,Completed-experiment average,,Completed-experiment average,flavor_naval_recon_avg,Naval and air,40.389632932692315,15.80256472874032,1248,624,0.403896,,,,,
baseline,Completed-experiment average,Completed-experiment average,,Completed-experiment average,flavor_air_avg,Naval and air,39.93229591642925,25.780115826196422,1053,599,0.399323,,,,,
baseline,Completed-experiment average,Completed-experiment average,,Completed-experiment average,flavor_antiair_avg,Naval and air,39.54870151946818,25.73983365231555,1053,599,0.395487,,,,,
baseline,Completed-experiment average,Completed-experiment average,,Completed-experiment average,flavor_air_carrier_avg,Naval and air,25.840988414055083,23.35542608507044,1053,599,0.25841,,,,,
baseline,Completed-experiment average,Completed-experiment average,,Completed-experiment average,flavor_airlift_avg,Naval and air,27.47172355175688,22.869154204536528,1053,599,0.274717,,,,,
baseline,Completed-experiment average,Completed-experiment average,,Completed-experiment average,flavor_expansion_avg,Economy,42.28723261217949,14.9277820359017,1248,624,0.422872,,,,,
baseline,Completed-experiment average,Completed-experiment average,,Completed-experiment average,flavor_growth_avg,Economy,65.86495817307691,11.933956853483226,1248,624,0.65865,,,,,
baseline,Completed-experiment average,Completed-experiment average,,Completed-experiment average,flavor_tile_improvement_avg,Economy,62.98994903846153,10.832660364961756,1248,624,0.629899,,,,,
baseline,Completed-experiment average,Completed-experiment average,,Completed-experiment average,flavor_infrastructure_avg,Economy,64.05369727564103,11.289719265249254,1248,624,0.640537,,,,,
baseline,Completed-experiment average,Completed-experiment average,,Completed-experiment average,flavor_production_avg,Economy,76.45655432692308,13.305808640739986,1248,624,0.764566,,,,,
baseline,Completed-experiment average,Completed-experiment average,,Completed-experiment average,flavor_gold_avg,Economy,70.56306225961539,12.977001774008055,1248,624,0.705631,,,,,
baseline,Completed-experiment average,Completed-experiment average,,Completed-experiment average,flavor_science_avg,Economy,76.49279767628205,12.8993923928656,1248,624,0.764928,,,,,
baseline,Completed-experiment average,Completed-experiment average,,Completed-experiment average,flavor_culture_avg,Economy,64.91585729166668,19.683701914345118,1248,624,0.649159,,,,,
baseline,Completed-experiment average,Completed-experiment average,,Completed-experiment average,flavor_happiness_avg,Economy,71.06347716346154,12.511149807055878,1248,624,0.710635,,,,,
baseline,Completed-experiment average,Completed-experiment average,,Completed-experiment average,flavor_naval_growth_avg,Economy,40.09310657051282,17.17135892437626,1248,624,0.400931,,,,,
baseline,Completed-experiment average,Completed-experiment average,,Completed-experiment average,flavor_naval_tile_improvement_avg,Economy,38.38350480769231,17.149410230019306,1248,624,0.383835,,,,,
baseline,Completed-experiment average,Completed-experiment average,,Completed-experiment average,flavor_water_connection_avg,Economy,42.86820096153846,15.37887979196159,1248,624,0.428682,,,,,
baseline,Completed-experiment average,Completed-experiment average,,Completed-experiment average,flavor_great_people_avg,Other,64.73616939102564,17.477704871850726,1248,624,0.647362,,,,,
baseline,Completed-experiment average,Completed-experiment average,,Completed-experiment average,flavor_wonder_avg,Other,43.67175929487179,24.32350787952277,1248,624,0.436718,,,,,
baseline,Completed-experiment average,Completed-experiment average,,Completed-experiment average,flavor_religion_avg,Other,45.758440625,17.787564474657696,1248,624,0.457584,,,,,
baseline,Completed-experiment average,Completed-experiment average,,Completed-experiment average,flavor_diplomacy_avg,Other,67.95065192307692,18.105901396136126,1248,624,0.679507,,,,,
baseline,Completed-experiment average,Completed-experiment average,,Completed-experiment average,flavor_espionage_avg,Other,53.85831498397436,15.601119264509869,1248,624,0.538583,,,,,
baseline,Completed-experiment average,Completed-experiment average,,Completed-experiment average,flavor_spaceship_avg,Other,41.42894286858974,23.032321573392764,1248,624,0.414289,,,,,
group,DeepSeek-V4-Flash-Simple,DeepSeek-V4-Flash-Simple,Every-turn,DeepSeek-V4-Flash-Simple | Every-turn,flavor_offense_avg,Military,50.43675833333333,,48,24,0.504368,48.0696,46.429234270833334,54.87358994791666,69.14583333333333,32.791666666666664
group,DeepSeek-V4-Flash-Simple,DeepSeek-V4-Flash-Simple,Every-turn,DeepSeek-V4-Flash-Simple | Every-turn,flavor_defense_avg,Military,63.47584791666666,,48,24,0.634758,63.054500000000004,61.814872239583345,65.29804239583333,84.10416666666667,48.1875
group,DeepSeek-V4-Flash-Simple,DeepSeek-V4-Flash-Simple,Every-turn,DeepSeek-V4-Flash-Simple | Every-turn,flavor_city_defense_avg,Military,58.47976458333334,,48,24,0.584798,58.2217,57.11433770833333,59.8883475,74.60416666666667,48.9375
group,DeepSeek-V4-Flash-Simple,DeepSeek-V4-Flash-Simple,Every-turn,DeepSeek-V4-Flash-Simple | Every-turn,flavor_mobilization_avg,Military,58.36035833333333,,48,24,0.583604,56.087050000000005,56.26280979166666,60.74432692708334,75.97916666666667,43.333333333333336
group,DeepSeek-V4-Flash-Simple,DeepSeek-V4-Flash-Simple,Every-turn,DeepSeek-V4-Flash-Simple | Every-turn,flavor_military_training_avg,Military,61.55168750000001,,48,24,0.615517,58.66465,59.66048645833334,63.63695651041667,73.45833333333333,50.520833333333336
group,DeepSeek-V4-Flash-Simple,DeepSeek-V4-Flash-Simple,Every-turn,DeepSeek-V4-Flash-Simple | Every-turn,flavor_recon_avg,Military,50.071304166666664,,48,24,0.500713,50.0,49.39224166666667,50.751659895833335,53.541666666666664,46.6875
group,DeepSeek-V4-Flash-Simple,DeepSeek-V4-Flash-Simple,Every-turn,DeepSeek-V4-Flash-Simple | Every-turn,flavor_ranged_avg,Military,55.42920833333333,,48,24,0.554292,53.414249999999996,53.89731244791667,57.13422890625,63.166666666666664,49.791666666666664
group,DeepSeek-V4-Flash-Simple,DeepSeek-V4-Flash-Simple,Every-turn,DeepSeek-V4-Flash-Simple | Every-turn,flavor_mobile_avg,Military,51.941295833333335,,48,24,0.519413,50.0,50.94915973958334,53.18257265625,55.458333333333336,49.708333333333336
group,DeepSeek-V4-Flash-Simple,DeepSeek-V4-Flash-Simple,Every-turn,DeepSeek-V4-Flash-Simple | Every-turn,flavor_nuke_avg,Nuclear,52.85926842105263,,19,11,0.528593,50.0,49.444699809210526,56.65747894736842,54.63157894736842,52.0
group,DeepSeek-V4-Flash-Simple,DeepSeek-V4-Flash-Simple,Every-turn,DeepSeek-V4-Flash-Simple | Every-turn,flavor_use_nuke_avg,Nuclear,52.37312631578948,,19,11,0.523731,50.0,48.96185789473684,55.79472843567251,54.05263157894737,51.526315789473685
group,DeepSeek-V4-Flash-Simple,DeepSeek-V4-Flash-Simple,Every-turn,DeepSeek-V4-Flash-Simple | Every-turn,flavor_naval_avg,Naval and air,53.766225,,48,24,0.537662,52.41915,52.32990760416667,55.25735958333334,63.125,49.0625
group,DeepSeek-V4-Flash-Simple,DeepSeek-V4-Flash-Simple,Every-turn,DeepSeek-V4-Flash-Simple | Every-turn,flavor_naval_recon_avg,Naval and air,50.45891458333333,,48,24,0.504589,50.0,50.00887880208333,50.94227729166668,52.604166666666664,49.145833333333336
group,DeepSeek-V4-Flash-Simple,DeepSeek-V4-Flash-Simple,Every-turn,DeepSeek-V4-Flash-Simple | Every-turn,flavor_air_avg,Naval and air,52.3995465116279,,43,23,0.523995,50.0,49.9249926744186,54.61412225332596,55.83720930232558,49.30232558139535
group,DeepSeek-V4-Flash-Simple,DeepSeek-V4-Flash-Simple,Every-turn,DeepSeek-V4-Flash-Simple | Every-turn,flavor_antiair_avg,Naval and air,51.68221860465116,,43,23,0.516822,50.0,50.64983315087918,52.95312883720931,54.41860465116279,49.53488372093023
group,DeepSeek-V4-Flash-Simple,DeepSeek-V4-Flash-Simple,Every-turn,DeepSeek-V4-Flash-Simple | Every-turn,flavor_air_carrier_avg,Naval and air,49.235062790697675,,43,23,0.492351,50.0,47.66509289939024,50.012404935253706,49.348837209302324,49.06976744186046
group,DeepSeek-V4-Flash-Simple,DeepSeek-V4-Flash-Simple,Every-turn,DeepSeek-V4-Flash-Simple | Every-turn,flavor_airlift_avg,Naval and air,49.58692558139535,,43,23,0.495869,50.0,48.57674418604652,50.16631027219873,49.651162790697676,49.41860465116279
group,DeepSeek-V4-Flash-Simple,DeepSeek-V4-Flash-Simple,Every-turn,DeepSeek-V4-Flash-Simple | Every-turn,flavor_expansion_avg,Economy,49.92507708333333,,48,24,0.499251,51.35235,47.7136559375,52.06834197916666,80.27083333333333,26.8125
group,DeepSeek-V4-Flash-Simple,DeepSeek-V4-Flash-Simple,Every-turn,DeepSeek-V4-Flash-Simple | Every-turn,flavor_growth_avg,Economy,64.03838541666666,,48,24,0.640384,63.647800000000004,62.64059333333333,65.26437458333334,72.83333333333333,55.3125
group,DeepSeek-V4-Flash-Simple,DeepSeek-V4-Flash-Simple,Every-turn,DeepSeek-V4-Flash-Simple | Every-turn,flavor_tile_improvement_avg,Economy,58.13891041666667,,48,24,0.581389,57.48745,57.19290421875,58.99948078125,63.583333333333336,50.958333333333336
group,DeepSeek-V4-Flash-Simple,DeepSeek-V4-Flash-Simple,Every-turn,DeepSeek-V4-Flash-Simple | Every-turn,flavor_infrastructure_avg,Economy,56.92872083333334,,48,24,0.569287,57.04755,56.019558124999996,57.84489401041667,62.4375,50.104166666666664
group,DeepSeek-V4-Flash-Simple,DeepSeek-V4-Flash-Simple,Every-turn,DeepSeek-V4-Flash-Simple | Every-turn,flavor_production_avg,Economy,67.96844791666668,,48,24,0.679684,68.6636,66.43599338541665,69.45224697916667,81.54166666666667,53.9375
group,DeepSeek-V4-Flash-Simple,DeepSeek-V4-Flash-Simple,Every-turn,DeepSeek-V4-Flash-Simple | Every-turn,flavor_gold_avg,Economy,58.13272083333334,,48,24,0.581327,57.79985,56.87732265625001,59.52201937499999,69.625,50.020833333333336
group,DeepSeek-V4-Flash-Simple,DeepSeek-V4-Flash-Simple,Every-turn,DeepSeek-V4-Flash-Simple | Every-turn,flavor_science_avg,Economy,77.26036875,,48,24,0.772604,75.98599999999999,75.70120005208332,78.79181072916667,92.04166666666667,55.520833333333336
group,DeepSeek-V4-Flash-Simple,DeepSeek-V4-Flash-Simple,Every-turn,DeepSeek-V4-Flash-Simple | Every-turn,flavor_culture_avg,Economy,59.070262500000005,,48,24,0.590703,52.110150000000004,56.148411875,62.03469104166666,66.0,51.416666666666664
group,DeepSeek-V4-Flash-Simple,DeepSeek-V4-Flash-Simple,Every-turn,DeepSeek-V4-Flash-Simple | Every-turn,flavor_happiness_avg,Economy,67.15528541666667,,48,24,0.671553,66.33015,66.23770984375,68.10071838541667,85.47916666666667,50.645833333333336
group,DeepSeek-V4-Flash-Simple,DeepSeek-V4-Flash-Simple,Every-turn,DeepSeek-V4-Flash-Simple | Every-turn,flavor_naval_growth_avg,Economy,50.633860416666664,,48,24,0.506339,50.0,49.92906812499999,51.32316723958332,51.333333333333336,49.166666666666664
group,DeepSeek-V4-Flash-Simple,DeepSeek-V4-Flash-Simple,Every-turn,DeepSeek-V4-Flash-Simple | Every-turn,flavor_naval_tile_improvement_avg,Economy,50.16667708333333,,48,24,0.501667,50.0,49.57470328125,50.73051473958333,50.625,49.270833333333336
group,DeepSeek-V4-Flash-Simple,DeepSeek-V4-Flash-Simple,Every-turn,DeepSeek-V4-Flash-Simple | Every-turn,flavor_water_connection_avg,Economy,50.582310416666665,,48,24,0.505823,50.0,50.13302916666667,51.19957489583334,50.854166666666664,50.0
group,DeepSeek-V4-Flash-Simple,DeepSeek-V4-Flash-Simple,Every-turn,DeepSeek-V4-Flash-Simple | Every-turn,flavor_great_people_avg,Other,57.12154583333333,,48,24,0.571215,53.85595,55.34191140624999,58.74796869791666,64.375,49.958333333333336
group,DeepSeek-V4-Flash-Simple,DeepSeek-V4-Flash-Simple,Every-turn,DeepSeek-V4-Flash-Simple | Every-turn,flavor_wonder_avg,Other,51.241212499999996,,48,24,0.512412,50.0,48.93416411458334,53.879231562499996,60.604166666666664,44.354166666666664
group,DeepSeek-V4-Flash-Simple,DeepSeek-V4-Flash-Simple,Every-turn,DeepSeek-V4-Flash-Simple | Every-turn,flavor_religion_avg,Other,54.29916458333333,,48,24,0.542992,53.161,53.00015161458334,55.888741718750005,58.145833333333336,50.416666666666664
group,DeepSeek-V4-Flash-Simple,DeepSeek-V4-Flash-Simple,Every-turn,DeepSeek-V4-Flash-Simple | Every-turn,flavor_diplomacy_avg,Other,59.50295624999999,,48,24,0.59503,56.24435,56.943508020833335,62.329905572916665,73.52083333333333,49.291666666666664
group,DeepSeek-V4-Flash-Simple,DeepSeek-V4-Flash-Simple,Every-turn,DeepSeek-V4-Flash-Simple | Every-turn,flavor_espionage_avg,Other,53.13965416666667,,48,24,0.531397,52.084500000000006,52.35276182291667,53.91872479166666,61.854166666666664,50.0
group,DeepSeek-V4-Flash-Simple,DeepSeek-V4-Flash-Simple,Every-turn,DeepSeek-V4-Flash-Simple | Every-turn,flavor_spaceship_avg,Other,53.45012916666667,,48,24,0.534501,50.39265,51.87052864583333,55.33359765625001,62.833333333333336,47.8125
group,DeepSeek-V4-Flash-Simple-Per-5,DeepSeek-V4-Flash-Simple,Per-5,DeepSeek-V4-Flash-Simple | Per-5,flavor_offense_avg,Military,49.534739583333334,,48,24,0.495347,46.4965,46.08231020833334,53.54095161458333,67.375,32.625
group,DeepSeek-V4-Flash-Simple-Per-5,DeepSeek-V4-Flash-Simple,Per-5,DeepSeek-V4-Flash-Simple | Per-5,flavor_defense_avg,Military,60.374741666666665,,48,24,0.603747,59.420649999999995,58.74458385416667,62.107685364583325,80.375,47.9375
group,DeepSeek-V4-Flash-Simple-Per-5,DeepSeek-V4-Flash-Simple,Per-5,DeepSeek-V4-Flash-Simple | Per-5,flavor_city_defense_avg,Military,56.46466458333333,,48,24,0.564647,55.3643,55.04895916666667,57.99387026041667,73.77083333333333,48.354166666666664
group,DeepSeek-V4-Flash-Simple-Per-5,DeepSeek-V4-Flash-Simple,Per-5,DeepSeek-V4-Flash-Simple | Per-5,flavor_mobilization_avg,Military,56.44108125,,48,24,0.564411,54.8288,54.17166927083334,58.5091875,74.33333333333333,42.75
group,DeepSeek-V4-Flash-Simple-Per-5,DeepSeek-V4-Flash-Simple,Per-5,DeepSeek-V4-Flash-Simple | Per-5,flavor_military_training_avg,Military,59.76946041666667,,48,24,0.597695,57.123099999999994,57.72621213541667,62.016116874999994,71.79166666666667,51.1875
group,DeepSeek-V4-Flash-Simple-Per-5,DeepSeek-V4-Flash-Simple,Per-5,DeepSeek-V4-Flash-Simple | Per-5,flavor_recon_avg,Military,50.40475625,,48,24,0.504048,50.0,49.694958229166666,51.047725625000005,54.958333333333336,45.25
group,DeepSeek-V4-Flash-Simple-Per-5,DeepSeek-V4-Flash-Simple,Per-5,DeepSeek-V4-Flash-Simple | Per-5,flavor_ranged_avg,Military,55.544543749999995,,48,24,0.555445,54.258799999999994,54.38728557291666,56.68794354166666,64.875,49.895833333333336
group,DeepSeek-V4-Flash-Simple-Per-5,DeepSeek-V4-Flash-Simple,Per-5,DeepSeek-V4-Flash-Simple | Per-5,flavor_mobile_avg,Military,51.27825625,,48,24,0.512783,50.0,50.64017765625,51.95855994791667,55.083333333333336,49.541666666666664
group,DeepSeek-V4-Flash-Simple-Per-5,DeepSeek-V4-Flash-Simple,Per-5,DeepSeek-V4-Flash-Simple | Per-5,flavor_nuke_avg,Nuclear,54.44568,,15,10,0.544457,50.5714,51.17861557692307,58.78256816666666,56.06666666666667,51.46666666666667
group,DeepSeek-V4-Flash-Simple-Per-5,DeepSeek-V4-Flash-Simple,Per-5,DeepSeek-V4-Flash-Simple | Per-5,flavor_use_nuke_avg,Nuclear,54.53733333333333,,15,10,0.545373,50.0,50.421333958333335,59.645214166666676,56.06666666666667,52.2
group,DeepSeek-V4-Flash-Simple-Per-5,DeepSeek-V4-Flash-Simple,Per-5,DeepSeek-V4-Flash-Simple | Per-5,flavor_naval_avg,Naval and air,52.92200833333333,,48,24,0.52922,52.54705,52.20121572916668,53.654714166666665,63.479166666666664,49.083333333333336
group,DeepSeek-V4-Flash-Simple-Per-5,DeepSeek-V4-Flash-Simple,Per-5,DeepSeek-V4-Flash-Simple | Per-5,flavor_naval_recon_avg,Naval and air,50.50178125,,48,24,0.505018,50.0,50.18842505208333,50.836673906250006,52.645833333333336,49.291666666666664
group,DeepSeek-V4-Flash-Simple-Per-5,DeepSeek-V4-Flash-Simple,Per-5,DeepSeek-V4-Flash-Simple | Per-5,flavor_air_avg,Naval and air,51.1236487804878,,41,23,0.511236,50.0,49.591137491694354,52.47315213942307,54.5609756097561,49.390243902439025
group,DeepSeek-V4-Flash-Simple-Per-5,DeepSeek-V4-Flash-Simple,Per-5,DeepSeek-V4-Flash-Simple | Per-5,flavor_antiair_avg,Naval and air,53.35548048780488,,41,23,0.533555,51.1143,51.86300245257038,55.12575211538462,59.1219512195122,50.0
group,DeepSeek-V4-Flash-Simple-Per-5,DeepSeek-V4-Flash-Simple,Per-5,DeepSeek-V4-Flash-Simple | Per-5,flavor_air_carrier_avg,Naval and air,49.866548780487804,,41,23,0.498665,50.0,49.548438374999996,50.06540906954887,50.048780487804876,49.58536585365854
group,DeepSeek-V4-Flash-Simple-Per-5,DeepSeek-V4-Flash-Simple,Per-5,DeepSeek-V4-Flash-Simple | Per-5,flavor_airlift_avg,Naval and air,49.9279243902439,,41,23,0.499279,50.0,49.5708446875,50.288304625,50.170731707317074,49.75609756097561
group,DeepSeek-V4-Flash-Simple-Per-5,DeepSeek-V4-Flash-Simple,Per-5,DeepSeek-V4-Flash-Simple | Per-5,flavor_expansion_avg,Economy,47.641252083333335,,48,24,0.476413,48.6597,45.76482703125,49.654197343750006,80.1875,23.354166666666668
group,DeepSeek-V4-Flash-Simple-Per-5,DeepSeek-V4-Flash-Simple,Per-5,DeepSeek-V4-Flash-Simple | Per-5,flavor_growth_avg,Economy,61.489885416666674,,48,24,0.614899,61.73515,60.480860156249996,62.48136770833333,69.02083333333333,54.541666666666664
group,DeepSeek-V4-Flash-Simple-Per-5,DeepSeek-V4-Flash-Simple,Per-5,DeepSeek-V4-Flash-Simple | Per-5,flavor_tile_improvement_avg,Economy,57.7101625,,48,24,0.577102,57.37205,56.91438041666666,58.49953822916667,63.395833333333336,50.9375
group,DeepSeek-V4-Flash-Simple-Per-5,DeepSeek-V4-Flash-Simple,Per-5,DeepSeek-V4-Flash-Simple | Per-5,flavor_infrastructure_avg,Economy,55.58317083333333,,48,24,0.555832,55.54175,54.86398458333334,56.33360026041667,60.916666666666664,50.0
group,DeepSeek-V4-Flash-Simple-Per-5,DeepSeek-V4-Flash-Simple,Per-5,DeepSeek-V4-Flash-Simple | Per-5,flavor_production_avg,Economy,65.49667708333332,,48,24,0.654967,65.9134,63.606815885416665,67.28189020833334,79.20833333333333,54.145833333333336
group,DeepSeek-V4-Flash-Simple-Per-5,DeepSeek-V4-Flash-Simple,Per-5,DeepSeek-V4-Flash-Simple | Per-5,flavor_gold_avg,Economy,57.00242291666667,,48,24,0.570024,56.284850000000006,56.130066614583335,57.94725562499999,67.375,49.791666666666664
group,DeepSeek-V4-Flash-Simple-Per-5,DeepSeek-V4-Flash-Simple,Per-5,DeepSeek-V4-Flash-Simple | Per-5,flavor_science_avg,Economy,75.21602291666666,,48,24,0.75216,75.88589999999999,73.19668739583332,77.05532119791665,91.16666666666667,55.416666666666664
group,DeepSeek-V4-Flash-Simple-Per-5,DeepSeek-V4-Flash-Simple,Per-5,DeepSeek-V4-Flash-Simple | Per-5,flavor_culture_avg,Economy,60.52323333333333,,48,24,0.605232,53.00745,56.888807656249995,64.41709317708334,68.95833333333333,50.0625
group,DeepSeek-V4-Flash-Simple-Per-5,DeepSeek-V4-Flash-Simple,Per-5,DeepSeek-V4-Flash-Simple | Per-5,flavor_happiness_avg,Economy,63.785931250000004,,48,24,0.637859,63.144549999999995,62.74469921875001,64.75939791666667,81.70833333333333,50.3125
group,DeepSeek-V4-Flash-Simple-Per-5,DeepSeek-V4-Flash-Simple,Per-5,DeepSeek-V4-Flash-Simple | Per-5,flavor_naval_growth_avg,Economy,50.87017291666667,,48,24,0.508702,50.0,50.37595489583333,51.44006666666667,51.895833333333336,49.75
group,DeepSeek-V4-Flash-Simple-Per-5,DeepSeek-V4-Flash-Simple,Per-5,DeepSeek-V4-Flash-Simple | Per-5,flavor_naval_tile_improvement_avg,Economy,50.73914166666666,,48,24,0.507391,50.0,50.22441437500001,51.32948999999999,51.583333333333336,49.708333333333336
group,DeepSeek-V4-Flash-Simple-Per-5,DeepSeek-V4-Flash-Simple,Per-5,DeepSeek-V4-Flash-Simple | Per-5,flavor_water_connection_avg,Economy,50.6106625,,48,24,0.506107,50.0,50.24310416666666,51.031241249999994,50.9375,49.958333333333336
group,DeepSeek-V4-Flash-Simple-Per-5,DeepSeek-V4-Flash-Simple,Per-5,DeepSeek-V4-Flash-Simple | Per-5,flavor_great_people_avg,Other,58.23846875,,48,24,0.582385,54.29685,56.103726145833335,60.334311093749996,67.16666666666667,49.6875
group,DeepSeek-V4-Flash-Simple-Per-5,DeepSeek-V4-Flash-Simple,Per-5,DeepSeek-V4-Flash-Simple | Per-5,flavor_wonder_avg,Other,49.857343750000005,,48,24,0.498573,49.201499999999996,47.76136692708334,52.06155708333334,58.020833333333336,42.354166666666664
group,DeepSeek-V4-Flash-Simple-Per-5,DeepSeek-V4-Flash-Simple,Per-5,DeepSeek-V4-Flash-Simple | Per-5,flavor_religion_avg,Other,54.45649791666667,,48,24,0.544565,53.136399999999995,52.989662291666676,56.08336197916667,59.270833333333336,50.083333333333336
group,DeepSeek-V4-Flash-Simple-Per-5,DeepSeek-V4-Flash-Simple,Per-5,DeepSeek-V4-Flash-Simple | Per-5,flavor_diplomacy_avg,Other,57.4985375,,48,24,0.574985,53.18405,54.359194531250004,60.52617369791666,68.0625,47.4375
group,DeepSeek-V4-Flash-Simple-Per-5,DeepSeek-V4-Flash-Simple,Per-5,DeepSeek-V4-Flash-Simple | Per-5,flavor_espionage_avg,Other,53.07612291666667,,48,24,0.530761,51.5413,52.00249661458333,54.277614375,60.708333333333336,49.791666666666664
group,DeepSeek-V4-Flash-Simple-Per-5,DeepSeek-V4-Flash-Simple,Per-5,DeepSeek-V4-Flash-Simple | Per-5,flavor_spaceship_avg,Other,53.853156250000005,,48,24,0.538532,50.849199999999996,52.10767359375,55.74864255208333,66.70833333333333,48.770833333333336
group,DeepSeek-V4.1-Flash-Simple-Per-5,DeepSeek-V4.1-Flash-Simple,Per-5,DeepSeek-V4.1-Flash-Simple | Per-5,flavor_offense_avg,Military,34.82731458333333,,48,24,0.348273,28.95015,29.00930369791667,41.18596869791667,61.979166666666664,11.0
group,DeepSeek-V4.1-Flash-Simple-Per-5,DeepSeek-V4.1-Flash-Simple,Per-5,DeepSeek-V4.1-Flash-Simple | Per-5,flavor_defense_avg,Military,65.42793541666667,,48,24,0.654279,64.69274999999999,64.04920197916667,66.9177371875,87.75,45.229166666666664
group,DeepSeek-V4.1-Flash-Simple-Per-5,DeepSeek-V4.1-Flash-Simple,Per-5,DeepSeek-V4.1-Flash-Simple | Per-5,flavor_city_defense_avg,Military,64.60466458333333,,48,24,0.646047,64.65405000000001,63.0944709375,66.33974786458333,86.04166666666667,48.625
group,DeepSeek-V4.1-Flash-Simple-Per-5,DeepSeek-V4.1-Flash-Simple,Per-5,DeepSeek-V4.1-Flash-Simple | Per-5,flavor_mobilization_avg,Military,49.986452083333326,,48,24,0.499865,46.75425,46.15803088541667,53.75459890624999,72.08333333333333,28.729166666666668
group,DeepSeek-V4.1-Flash-Simple-Per-5,DeepSeek-V4.1-Flash-Simple,Per-5,DeepSeek-V4.1-Flash-Simple | Per-5,flavor_military_training_avg,Military,61.804383333333334,,48,24,0.618044,58.19515,58.819416458333336,65.29543901041666,75.25,48.625
group,DeepSeek-V4.1-Flash-Simple-Per-5,DeepSeek-V4.1-Flash-Simple,Per-5,DeepSeek-V4.1-Flash-Simple | Per-5,flavor_recon_avg,Military,52.315820833333326,,48,24,0.523158,51.62264999999999,51.31768354166667,53.46501421875,63.8125,41.125
group,DeepSeek-V4.1-Flash-Simple-Per-5,DeepSeek-V4.1-Flash-Simple,Per-5,DeepSeek-V4.1-Flash-Simple | Per-5,flavor_ranged_avg,Military,61.48270208333333,,48,24,0.614827,59.2615,58.739421145833326,64.34807958333334,75.22916666666667,48.604166666666664
group,DeepSeek-V4.1-Flash-Simple-Per-5,DeepSeek-V4.1-Flash-Simple,Per-5,DeepSeek-V4.1-Flash-Simple | Per-5,flavor_mobile_avg,Military,53.6166625,,48,24,0.536167,50.0,51.65493843750001,56.172047187500006,57.9375,48.375
group,DeepSeek-V4.1-Flash-Simple-Per-5,DeepSeek-V4.1-Flash-Simple,Per-5,DeepSeek-V4.1-Flash-Simple | Per-5,flavor_nuke_avg,Nuclear,37.92113333333334,,12,9,0.379211,45.0,27.731140984848487,46.042210454545454,42.5,36.25
group,DeepSeek-V4.1-Flash-Simple-Per-5,DeepSeek-V4.1-Flash-Simple,Per-5,DeepSeek-V4.1-Flash-Simple | Per-5,flavor_use_nuke_avg,Nuclear,33.85466666666667,,12,9,0.338547,40.357150000000004,22.856499666666668,43.81456153846154,39.583333333333336,31.666666666666668
group,DeepSeek-V4.1-Flash-Simple-Per-5,DeepSeek-V4.1-Flash-Simple,Per-5,DeepSeek-V4.1-Flash-Simple | Per-5,flavor_naval_avg,Naval and air,54.68269999999999,,48,24,0.546827,53.17895,52.92692124999999,56.710165572916665,68.83333333333333,45.604166666666664
group,DeepSeek-V4.1-Flash-Simple-Per-5,DeepSeek-V4.1-Flash-Simple,Per-5,DeepSeek-V4.1-Flash-Simple | Per-5,flavor_naval_recon_avg,Naval and air,50.808129166666674,,48,24,0.508081,50.0,50.048866302083326,51.601681562500005,56.791666666666664,45.583333333333336
group,DeepSeek-V4.1-Flash-Simple-Per-5,DeepSeek-V4.1-Flash-Simple,Per-5,DeepSeek-V4.1-Flash-Simple | Per-5,flavor_air_avg,Naval and air,52.48726842105263,,38,24,0.524873,50.0,50.60711426470588,54.79918910714286,57.526315789473685,49.078947368421055
group,DeepSeek-V4.1-Flash-Simple-Per-5,DeepSeek-V4.1-Flash-Simple,Per-5,DeepSeek-V4.1-Flash-Simple | Per-5,flavor_antiair_avg,Naval and air,57.42472631578947,,38,24,0.574247,52.070350000000005,54.12747512199701,61.20559309576023,64.5,52.44736842105263
group,DeepSeek-V4.1-Flash-Simple-Per-5,DeepSeek-V4.1-Flash-Simple,Per-5,DeepSeek-V4.1-Flash-Simple | Per-5,flavor_air_carrier_avg,Naval and air,47.11095,,38,24,0.47111,50.0,43.895272760073254,49.85323229166667,47.23684210526316,46.31578947368421
group,DeepSeek-V4.1-Flash-Simple-Per-5,DeepSeek-V4.1-Flash-Simple,Per-5,DeepSeek-V4.1-Flash-Simple | Per-5,flavor_airlift_avg,Naval and air,48.246671052631584,,38,24,0.482467,50.0,45.0,50.18741666666667,48.68421052631579,48.1578947368421
group,DeepSeek-V4.1-Flash-Simple-Per-5,DeepSeek-V4.1-Flash-Simple,Per-5,DeepSeek-V4.1-Flash-Simple | Per-5,flavor_expansion_avg,Economy,41.52039583333333,,48,24,0.415204,40.7679,38.65303197916667,45.01295401041667,88.5625,10.1875
group,DeepSeek-V4.1-Flash-Simple-Per-5,DeepSeek-V4.1-Flash-Simple,Per-5,DeepSeek-V4.1-Flash-Simple | Per-5,flavor_growth_avg,Economy,73.80624583333334,,48,24,0.738062,76.1861,71.44209723958333,76.10829713541668,85.91666666666667,53.979166666666664
group,DeepSeek-V4.1-Flash-Simple-Per-5,DeepSeek-V4.1-Flash-Simple,Per-5,DeepSeek-V4.1-Flash-Simple | Per-5,flavor_tile_improvement_avg,Economy,73.74569375,,48,24,0.737457,74.28755000000001,72.32967640625,75.07005041666666,80.79166666666667,58.354166666666664
group,DeepSeek-V4.1-Flash-Simple-Per-5,DeepSeek-V4.1-Flash-Simple,Per-5,DeepSeek-V4.1-Flash-Simple | Per-5,flavor_infrastructure_avg,Economy,68.06956666666666,,48,24,0.680696,69.811,65.77070979166668,70.17018911458334,77.10416666666667,50.833333333333336
group,DeepSeek-V4.1-Flash-Simple-Per-5,DeepSeek-V4.1-Flash-Simple,Per-5,DeepSeek-V4.1-Flash-Simple | Per-5,flavor_production_avg,Economy,75.15106666666667,,48,24,0.751511,77.86525,72.70032291666666,77.42958348958334,91.5,56.520833333333336
group,DeepSeek-V4.1-Flash-Simple-Per-5,DeepSeek-V4.1-Flash-Simple,Per-5,DeepSeek-V4.1-Flash-Simple | Per-5,flavor_gold_avg,Economy,70.73644583333333,,48,24,0.707364,70.0506,68.61824932291667,72.81757354166666,85.77083333333333,50.041666666666664
group,DeepSeek-V4.1-Flash-Simple-Per-5,DeepSeek-V4.1-Flash-Simple,Per-5,DeepSeek-V4.1-Flash-Simple | Per-5,flavor_science_avg,Economy,89.1228875,,48,24,0.891229,88.75695,88.1683559375,90.09706786458334,98.97916666666667,60.520833333333336
group,DeepSeek-V4.1-Flash-Simple-Per-5,DeepSeek-V4.1-Flash-Simple,Per-5,DeepSeek-V4.1-Flash-Simple | Per-5,flavor_culture_avg,Economy,80.7365625,,48,24,0.807366,78.4371,77.94952567708333,83.45117588541667,95.25,55.145833333333336
group,DeepSeek-V4.1-Flash-Simple-Per-5,DeepSeek-V4.1-Flash-Simple,Per-5,DeepSeek-V4.1-Flash-Simple | Per-5,flavor_happiness_avg,Economy,78.25,,48,24,0.7825,78.42435,77.5776075,78.83681432291667,93.39583333333333,52.5
group,DeepSeek-V4.1-Flash-Simple-Per-5,DeepSeek-V4.1-Flash-Simple,Per-5,DeepSeek-V4.1-Flash-Simple | Per-5,flavor_naval_growth_avg,Economy,51.428733333333334,,48,24,0.514287,50.0,50.39421776041667,52.76598442708333,52.6875,48.75
group,DeepSeek-V4.1-Flash-Simple-Per-5,DeepSeek-V4.1-Flash-Simple,Per-5,DeepSeek-V4.1-Flash-Simple | Per-5,flavor_naval_tile_improvement_avg,Economy,51.50741875,,48,24,0.515074,50.0,50.45870374999999,52.88619213541667,52.6875,48.854166666666664
group,DeepSeek-V4.1-Flash-Simple-Per-5,DeepSeek-V4.1-Flash-Simple,Per-5,DeepSeek-V4.1-Flash-Simple | Per-5,flavor_water_connection_avg,Economy,51.81721458333334,,48,24,0.518172,50.0,50.76167520833334,53.17258557291666,52.645833333333336,49.479166666666664
group,DeepSeek-V4.1-Flash-Simple-Per-5,DeepSeek-V4.1-Flash-Simple,Per-5,DeepSeek-V4.1-Flash-Simple | Per-5,flavor_great_people_avg,Other,74.68920833333334,,48,24,0.746892,78.7712,71.13760015625,77.89788166666666,89.58333333333333,50.5
group,DeepSeek-V4.1-Flash-Simple-Per-5,DeepSeek-V4.1-Flash-Simple,Per-5,DeepSeek-V4.1-Flash-Simple | Per-5,flavor_wonder_avg,Other,49.11523333333334,,48,24,0.491152,46.5523,43.36045427083334,54.632706302083335,70.20833333333333,28.875
group,DeepSeek-V4.1-Flash-Simple-Per-5,DeepSeek-V4.1-Flash-Simple,Per-5,DeepSeek-V4.1-Flash-Simple | Per-5,flavor_religion_avg,Other,62.864160416666664,,48,24,0.628642,60.6195,60.268496875,65.32806307291666,76.9375,46.8125
group,DeepSeek-V4.1-Flash-Simple-Per-5,DeepSeek-V4.1-Flash-Simple,Per-5,DeepSeek-V4.1-Flash-Simple | Per-5,flavor_diplomacy_avg,Other,70.24585833333333,,48,24,0.702459,69.6269,66.24990322916666,74.12131994791666,91.52083333333333,46.604166666666664
group,DeepSeek-V4.1-Flash-Simple-Per-5,DeepSeek-V4.1-Flash-Simple,Per-5,DeepSeek-V4.1-Flash-Simple | Per-5,flavor_espionage_avg,Other,60.33096666666666,,48,24,0.60331,60.80935,58.605286927083334,62.06547713541666,81.16666666666667,48.958333333333336
group,DeepSeek-V4.1-Flash-Simple-Per-5,DeepSeek-V4.1-Flash-Simple,Per-5,DeepSeek-V4.1-Flash-Simple | Per-5,flavor_spaceship_avg,Other,51.931393750000005,,48,24,0.519314,50.0,49.45683151041668,54.717193177083324,64.0,39.4375
group,GLM-5.1-Simple,GLM-5.1-Simple,Every-turn,GLM-5.1-Simple | Every-turn,flavor_offense_avg,Military,58.917699999999996,,48,24,0.589177,58.1819,54.108162604166665,65.05542619791667,96.29166666666667,11.6875
group,GLM-5.1-Simple,GLM-5.1-Simple,Every-turn,GLM-5.1-Simple | Every-turn,flavor_defense_avg,Military,77.71532916666666,,48,24,0.777153,78.96385000000001,74.90977713541668,80.29018953125,98.66666666666667,36.645833333333336
group,GLM-5.1-Simple,GLM-5.1-Simple,Every-turn,GLM-5.1-Simple | Every-turn,flavor_city_defense_avg,Military,72.9338625,,48,24,0.729339,73.37,69.48585395833334,76.21596578124999,97.9375,38.416666666666664
group,GLM-5.1-Simple,GLM-5.1-Simple,Every-turn,GLM-5.1-Simple | Every-turn,flavor_mobilization_avg,Military,71.643875,,48,24,0.716439,74.9322,67.09313364583333,76.03146682291666,97.60416666666667,31.979166666666668
group,GLM-5.1-Simple,GLM-5.1-Simple,Every-turn,GLM-5.1-Simple | Every-turn,flavor_military_training_avg,Military,79.28348125000001,,48,24,0.792835,81.39840000000001,76.27015703125001,82.38093229166667,98.70833333333333,36.958333333333336
group,GLM-5.1-Simple,GLM-5.1-Simple,Every-turn,GLM-5.1-Simple | Every-turn,flavor_recon_avg,Military,51.484593749999995,,48,24,0.514846,51.933099999999996,49.58917265624999,53.46572552083333,86.85416666666667,9.833333333333334
group,GLM-5.1-Simple,GLM-5.1-Simple,Every-turn,GLM-5.1-Simple | Every-turn,flavor_ranged_avg,Military,76.28557291666667,,48,24,0.762856,78.7393,72.72851171875001,79.69040786458332,98.02083333333333,42.291666666666664
group,GLM-5.1-Simple,GLM-5.1-Simple,Every-turn,GLM-5.1-Simple | Every-turn,flavor_mobile_avg,Military,64.92353958333334,,48,24,0.649235,62.278000000000006,61.119502708333336,69.03903822916665,93.97916666666667,31.416666666666668
group,GLM-5.1-Simple,GLM-5.1-Simple,Every-turn,GLM-5.1-Simple | Every-turn,flavor_nuke_avg,Nuclear,60.41534,,10,7,0.604153,71.01055,49.230652291666665,78.001376875,75.0,41.0
group,GLM-5.1-Simple,GLM-5.1-Simple,Every-turn,GLM-5.1-Simple | Every-turn,flavor_use_nuke_avg,Nuclear,32.17342,,10,7,0.321734,35.3005,20.601334375,45.2327763125,43.5,19.2
group,GLM-5.1-Simple,GLM-5.1-Simple,Every-turn,GLM-5.1-Simple | Every-turn,flavor_naval_avg,Naval and air,61.93437291666667,,48,24,0.619344,63.943250000000006,56.98079927083333,66.72957421874999,96.27083333333333,20.0625
group,GLM-5.1-Simple,GLM-5.1-Simple,Every-turn,GLM-5.1-Simple | Every-turn,flavor_naval_recon_avg,Naval and air,43.229929166666665,,48,24,0.432299,41.8688,39.48213057291667,46.78917989583333,78.22916666666667,8.395833333333334
group,GLM-5.1-Simple,GLM-5.1-Simple,Every-turn,GLM-5.1-Simple | Every-turn,flavor_air_avg,Naval and air,59.07748205128206,,39,23,0.590775,67.234,50.802292078754576,66.45943907894737,90.25641025641026,19.871794871794872
group,GLM-5.1-Simple,GLM-5.1-Simple,Every-turn,GLM-5.1-Simple | Every-turn,flavor_antiair_avg,Naval and air,56.28640000000001,,39,23,0.562864,60.3509,47.531339366750466,65.15765606636415,86.02564102564102,18.076923076923077
group,GLM-5.1-Simple,GLM-5.1-Simple,Every-turn,GLM-5.1-Simple | Every-turn,flavor_air_carrier_avg,Naval and air,13.559487179487178,,39,23,0.135595,6.6964,8.448179329268294,19.39254853685897,27.435897435897434,4.615384615384615
group,GLM-5.1-Simple,GLM-5.1-Simple,Every-turn,GLM-5.1-Simple | Every-turn,flavor_airlift_avg,Naval and air,17.345894871794865,,39,23,0.173459,6.6964,10.735916291666666,24.67269441776315,33.333333333333336,8.333333333333334
group,GLM-5.1-Simple,GLM-5.1-Simple,Every-turn,GLM-5.1-Simple | Every-turn,flavor_expansion_avg,Economy,32.5622125,,48,24,0.325622,30.8273,29.808913489583333,35.46207916666667,94.04166666666667,0.10416666666666667
group,GLM-5.1-Simple,GLM-5.1-Simple,Every-turn,GLM-5.1-Simple | Every-turn,flavor_growth_avg,Economy,80.78123749999999,,48,24,0.807812,83.0078,77.68659234375001,83.51958822916667,97.875,38.25
group,GLM-5.1-Simple,GLM-5.1-Simple,Every-turn,GLM-5.1-Simple | Every-turn,flavor_tile_improvement_avg,Economy,76.50295416666665,,48,24,0.76503,79.25575,73.16030359374999,79.53323432291667,94.89583333333333,36.041666666666664
group,GLM-5.1-Simple,GLM-5.1-Simple,Every-turn,GLM-5.1-Simple | Every-turn,flavor_infrastructure_avg,Economy,79.40407916666668,,48,24,0.794041,80.77744999999999,77.37026911458332,81.33322864583333,95.8125,39.479166666666664
group,GLM-5.1-Simple,GLM-5.1-Simple,Every-turn,GLM-5.1-Simple | Every-turn,flavor_production_avg,Economy,93.96022708333334,,48,24,0.939602,93.96345,93.51761177083333,94.36810692708333,100.0,53.541666666666664
group,GLM-5.1-Simple,GLM-5.1-Simple,Every-turn,GLM-5.1-Simple | Every-turn,flavor_gold_avg,Economy,85.93686458333333,,48,24,0.859369,85.1151,84.5539903125,87.30942291666668,99.9375,42.645833333333336
group,GLM-5.1-Simple,GLM-5.1-Simple,Every-turn,GLM-5.1-Simple | Every-turn,flavor_science_avg,Economy,91.13117083333334,,48,24,0.911312,91.70655,90.10422015625001,92.009479375,100.0,54.270833333333336
group,GLM-5.1-Simple,GLM-5.1-Simple,Every-turn,GLM-5.1-Simple | Every-turn,flavor_culture_avg,Economy,74.61331041666666,,48,24,0.746133,75.90385,69.53351229166667,79.27745640625001,97.04166666666667,35.333333333333336
group,GLM-5.1-Simple,GLM-5.1-Simple,Every-turn,GLM-5.1-Simple | Every-turn,flavor_happiness_avg,Economy,84.90338541666667,,48,24,0.849034,85.65885,83.44631026041667,86.16052541666669,99.89583333333333,47.5
group,GLM-5.1-Simple,GLM-5.1-Simple,Every-turn,GLM-5.1-Simple | Every-turn,flavor_naval_growth_avg,Economy,44.90582916666667,,48,24,0.449058,44.43875,40.28434942708333,49.43451369791667,68.02083333333333,15.208333333333334
group,GLM-5.1-Simple,GLM-5.1-Simple,Every-turn,GLM-5.1-Simple | Every-turn,flavor_naval_tile_improvement_avg,Economy,38.73881875,,48,24,0.387388,40.22715,35.058787499999994,42.232326979166665,56.916666666666664,12.604166666666666
group,GLM-5.1-Simple,GLM-5.1-Simple,Every-turn,GLM-5.1-Simple | Every-turn,flavor_water_connection_avg,Economy,53.102737499999996,,48,24,0.531027,52.86525,49.00173046874999,56.74257005208333,70.5625,24.791666666666668
group,GLM-5.1-Simple,GLM-5.1-Simple,Every-turn,GLM-5.1-Simple | Every-turn,flavor_great_people_avg,Other,62.47430416666666,,48,24,0.624743,64.60215,56.37968385416668,69.08922583333333,87.45833333333333,27.5
group,GLM-5.1-Simple,GLM-5.1-Simple,Every-turn,GLM-5.1-Simple | Every-turn,flavor_wonder_avg,Other,30.35585416666667,,48,24,0.303559,14.800149999999999,23.696218385416675,37.86711140625,70.91666666666667,4.6875
group,GLM-5.1-Simple,GLM-5.1-Simple,Every-turn,GLM-5.1-Simple | Every-turn,flavor_religion_avg,Other,47.17342083333333,,48,24,0.471734,47.7767,43.050869375,50.971178072916665,79.66666666666667,12.291666666666666
group,GLM-5.1-Simple,GLM-5.1-Simple,Every-turn,GLM-5.1-Simple | Every-turn,flavor_diplomacy_avg,Other,81.91115624999999,,48,24,0.819112,87.94345,78.14779026041666,85.54627489583335,100.0,36.875
group,GLM-5.1-Simple,GLM-5.1-Simple,Every-turn,GLM-5.1-Simple | Every-turn,flavor_espionage_avg,Other,64.58379791666665,,48,24,0.645838,66.07185,61.00790750000001,68.19802583333332,97.29166666666667,29.395833333333332
group,GLM-5.1-Simple,GLM-5.1-Simple,Every-turn,GLM-5.1-Simple | Every-turn,flavor_spaceship_avg,Other,40.36175,,48,24,0.403618,40.78445,35.385284895833344,45.56704645833333,66.39583333333333,13.125
group,GLM-5.2-Simple,GLM-5.2-Simple,Every-turn,GLM-5.2-Simple | Every-turn,flavor_offense_avg,Military,47.44010833333332,,48,24,0.474401,44.94225,42.273099895833326,53.57443874999999,83.04166666666667,11.666666666666666
group,GLM-5.2-Simple,GLM-5.2-Simple,Every-turn,GLM-5.2-Simple | Every-turn,flavor_defense_avg,Military,70.53476875,,48,24,0.705348,71.79915,68.06983208333334,73.1810746875,95.04166666666667,37.520833333333336
group,GLM-5.2-Simple,GLM-5.2-Simple,Every-turn,GLM-5.2-Simple | Every-turn,flavor_city_defense_avg,Military,63.369724999999995,,48,24,0.633697,65.6493,60.69016229166667,66.03168276041667,90.72916666666667,36.6875
group,GLM-5.2-Simple,GLM-5.2-Simple,Every-turn,GLM-5.2-Simple | Every-turn,flavor_mobilization_avg,Military,62.18766875,,48,24,0.621877,62.883250000000004,58.88356895833333,65.87854317708334,92.75,28.979166666666668
group,GLM-5.2-Simple,GLM-5.2-Simple,Every-turn,GLM-5.2-Simple | Every-turn,flavor_military_training_avg,Military,63.95569791666667,,48,24,0.639557,63.0837,60.558274427083326,67.26625338541666,88.54166666666667,34.020833333333336
group,GLM-5.2-Simple,GLM-5.2-Simple,Every-turn,GLM-5.2-Simple | Every-turn,flavor_recon_avg,Military,48.31020833333334,,48,24,0.483102,47.7586,46.10947614583334,50.589570781249996,71.66666666666667,25.166666666666668
group,GLM-5.2-Simple,GLM-5.2-Simple,Every-turn,GLM-5.2-Simple | Every-turn,flavor_ranged_avg,Military,58.789320833333335,,48,24,0.587893,58.863749999999996,56.05290130208333,61.42564895833333,82.54166666666667,39.6875
group,GLM-5.2-Simple,GLM-5.2-Simple,Every-turn,GLM-5.2-Simple | Every-turn,flavor_mobile_avg,Military,51.02282083333333,,48,24,0.510228,50.0,47.13195359375,54.7981534375,71.1875,32.5
group,GLM-5.2-Simple,GLM-5.2-Simple,Every-turn,GLM-5.2-Simple | Every-turn,flavor_nuke_avg,Nuclear,42.165173333333335,,15,13,0.421652,36.3636,25.267417500000004,58.75055905882351,48.0,26.333333333333332
group,GLM-5.2-Simple,GLM-5.2-Simple,Every-turn,GLM-5.2-Simple | Every-turn,flavor_use_nuke_avg,Nuclear,24.33536666666667,,15,13,0.243354,15.0,10.73181263888889,41.691083846153845,28.0,14.333333333333334
group,GLM-5.2-Simple,GLM-5.2-Simple,Every-turn,GLM-5.2-Simple | Every-turn,flavor_naval_avg,Naval and air,51.19447916666667,,48,24,0.511945,50.78665,48.851988385416675,54.07429166666667,83.0,28.0
group,GLM-5.2-Simple,GLM-5.2-Simple,Every-turn,GLM-5.2-Simple | Every-turn,flavor_naval_recon_avg,Naval and air,40.077287500000004,,48,24,0.400773,39.6526,38.17260494791667,41.87198645833334,63.375,20.75
group,GLM-5.2-Simple,GLM-5.2-Simple,Every-turn,GLM-5.2-Simple | Every-turn,flavor_air_avg,Naval and air,42.873806976744184,,43,24,0.428738,45.5769,35.49519852272728,51.22855708536586,62.2093023255814,19.41860465116279
group,GLM-5.2-Simple,GLM-5.2-Simple,Every-turn,GLM-5.2-Simple | Every-turn,flavor_antiair_avg,Naval and air,45.10972558139535,,43,24,0.451097,43.2955,37.39853481382979,53.493699517857145,67.09302325581395,21.976744186046513
group,GLM-5.2-Simple,GLM-5.2-Simple,Every-turn,GLM-5.2-Simple | Every-turn,flavor_air_carrier_avg,Naval and air,16.540327906976746,,43,24,0.165403,14.6591,12.3532073241342,20.734963165188468,21.976744186046513,11.046511627906977
group,GLM-5.2-Simple,GLM-5.2-Simple,Every-turn,GLM-5.2-Simple | Every-turn,flavor_airlift_avg,Naval and air,20.953881395348837,,43,24,0.209539,16.7073,16.125957027461652,26.515770400696862,27.325581395348838,13.837209302325581
group,GLM-5.2-Simple,GLM-5.2-Simple,Every-turn,GLM-5.2-Simple | Every-turn,flavor_expansion_avg,Economy,43.991141666666664,,48,24,0.439911,43.351600000000005,40.667245625,47.59949651041668,88.58333333333333,6.354166666666667
group,GLM-5.2-Simple,GLM-5.2-Simple,Every-turn,GLM-5.2-Simple | Every-turn,flavor_growth_avg,Economy,71.14155208333334,,48,24,0.711416,71.9366,68.97774890625,73.01230369791668,87.72916666666667,36.645833333333336
group,GLM-5.2-Simple,GLM-5.2-Simple,Every-turn,GLM-5.2-Simple | Every-turn,flavor_tile_improvement_avg,Economy,72.21407708333332,,48,24,0.722141,72.91675000000001,70.49192458333333,73.923770625,85.66666666666667,47.708333333333336
group,GLM-5.2-Simple,GLM-5.2-Simple,Every-turn,GLM-5.2-Simple | Every-turn,flavor_infrastructure_avg,Economy,71.12180833333333,,48,24,0.711218,71.96315,68.90081255208332,73.16893718749999,85.29166666666667,44.583333333333336
group,GLM-5.2-Simple,GLM-5.2-Simple,Every-turn,GLM-5.2-Simple | Every-turn,flavor_production_avg,Economy,86.58068125,,48,24,0.865807,86.69319999999999,85.75208598958334,87.33211427083334,98.5,54.791666666666664
group,GLM-5.2-Simple,GLM-5.2-Simple,Every-turn,GLM-5.2-Simple | Every-turn,flavor_gold_avg,Economy,82.18069375,,48,24,0.821807,82.2634,80.81852223958333,83.59120052083334,97.04166666666667,45.9375
group,GLM-5.2-Simple,GLM-5.2-Simple,Every-turn,GLM-5.2-Simple | Every-turn,flavor_science_avg,Economy,88.24414166666666,,48,24,0.882441,88.39789999999999,87.29863114583335,89.08313010416667,99.4375,52.1875
group,GLM-5.2-Simple,GLM-5.2-Simple,Every-turn,GLM-5.2-Simple | Every-turn,flavor_culture_avg,Economy,73.19974375,,48,24,0.731997,74.4264,68.87444734375002,77.23274401041667,93.85416666666667,41.25
group,GLM-5.2-Simple,GLM-5.2-Simple,Every-turn,GLM-5.2-Simple | Every-turn,flavor_happiness_avg,Economy,81.78477708333334,,48,24,0.817848,83.04305,80.16747005208332,83.22134473958334,98.91666666666667,46.458333333333336
group,GLM-5.2-Simple,GLM-5.2-Simple,Every-turn,GLM-5.2-Simple | Every-turn,flavor_naval_growth_avg,Economy,38.20464166666667,,48,24,0.382046,40.98005,35.34670447916667,40.931055729166665,53.979166666666664,20.833333333333332
group,GLM-5.2-Simple,GLM-5.2-Simple,Every-turn,GLM-5.2-Simple | Every-turn,flavor_naval_tile_improvement_avg,Economy,37.582029166666665,,48,24,0.37582,40.51349999999999,35.081777968749996,40.0693834375,51.875,20.520833333333332
group,GLM-5.2-Simple,GLM-5.2-Simple,Every-turn,GLM-5.2-Simple | Every-turn,flavor_water_connection_avg,Economy,45.30556041666667,,48,24,0.453056,47.0464,42.49508177083333,47.87428036458332,58.375,29.520833333333332
group,GLM-5.2-Simple,GLM-5.2-Simple,Every-turn,GLM-5.2-Simple | Every-turn,flavor_great_people_avg,Other,67.57504583333333,,48,24,0.67575,71.107,62.94591552083334,72.36754671874999,86.45833333333333,39.0625
group,GLM-5.2-Simple,GLM-5.2-Simple,Every-turn,GLM-5.2-Simple | Every-turn,flavor_wonder_avg,Other,42.61157291666667,,48,24,0.426116,35.0989,34.89718375,50.46140546875,68.1875,16.791666666666668
group,GLM-5.2-Simple,GLM-5.2-Simple,Every-turn,GLM-5.2-Simple | Every-turn,flavor_religion_avg,Other,51.736702083333334,,48,24,0.517367,49.6275,48.009808593749995,55.39838567708334,70.5625,26.041666666666668
group,GLM-5.2-Simple,GLM-5.2-Simple,Every-turn,GLM-5.2-Simple | Every-turn,flavor_diplomacy_avg,Other,78.72850625,,48,24,0.787285,81.9631,74.71817630208334,82.19737369791666,98.39583333333333,38.5
group,GLM-5.2-Simple,GLM-5.2-Simple,Every-turn,GLM-5.2-Simple | Every-turn,flavor_espionage_avg,Other,53.11275625,,48,24,0.531128,56.363,47.86858697916667,57.991266510416665,89.85416666666667,28.125
group,GLM-5.2-Simple,GLM-5.2-Simple,Every-turn,GLM-5.2-Simple | Every-turn,flavor_spaceship_avg,Other,38.42230833333333,,48,24,0.384223,37.942400000000006,31.74505963541667,44.97754015625001,68.85416666666667,13.958333333333334
group,GLM-5.2-Simple-Per-5,GLM-5.2-Simple,Per-5,GLM-5.2-Simple | Per-5,flavor_offense_avg,Military,47.92104791666667,,48,24,0.47921,43.7646,42.662086510416664,53.46986968750001,74.89583333333333,21.270833333333332
group,GLM-5.2-Simple-Per-5,GLM-5.2-Simple,Per-5,GLM-5.2-Simple | Per-5,flavor_defense_avg,Military,66.41437083333334,,48,24,0.664144,69.55195,63.40072520833334,69.24948125,90.52083333333333,43.083333333333336
group,GLM-5.2-Simple-Per-5,GLM-5.2-Simple,Per-5,GLM-5.2-Simple | Per-5,flavor_city_defense_avg,Military,61.23263125,,48,24,0.612326,61.7061,58.44105588541665,64.15196703125,83.875,43.020833333333336
group,GLM-5.2-Simple-Per-5,GLM-5.2-Simple,Per-5,GLM-5.2-Simple | Per-5,flavor_mobilization_avg,Military,60.95908958333334,,48,24,0.609591,61.3652,56.99774432291666,64.58835192708334,85.875,35.791666666666664
group,GLM-5.2-Simple-Per-5,GLM-5.2-Simple,Per-5,GLM-5.2-Simple | Per-5,flavor_military_training_avg,Military,61.176087499999994,,48,24,0.611761,61.74485,57.20258520833333,64.7397496875,81.5625,38.333333333333336
group,GLM-5.2-Simple-Per-5,GLM-5.2-Simple,Per-5,GLM-5.2-Simple | Per-5,flavor_recon_avg,Military,50.142224999999996,,48,24,0.501422,51.52655,47.93133348958333,52.25062229166667,62.958333333333336,36.041666666666664
group,GLM-5.2-Simple-Per-5,GLM-5.2-Simple,Per-5,GLM-5.2-Simple | Per-5,flavor_ranged_avg,Military,59.062733333333334,,48,24,0.590627,58.53365,56.598513645833336,61.522791874999996,75.83333333333333,43.958333333333336
group,GLM-5.2-Simple-Per-5,GLM-5.2-Simple,Per-5,GLM-5.2-Simple | Per-5,flavor_mobile_avg,Military,52.52313958333334,,48,24,0.525231,50.7495,48.151551197916675,56.318531093749996,65.625,39.604166666666664
group,GLM-5.2-Simple-Per-5,GLM-5.2-Simple,Per-5,GLM-5.2-Simple | Per-5,flavor_nuke_avg,Nuclear,52.326907692307685,,13,11,0.523269,50.0,36.67547354166667,69.99289647727272,58.07692307692308,47.69230769230769
group,GLM-5.2-Simple-Per-5,GLM-5.2-Simple,Per-5,GLM-5.2-Simple | Per-5,flavor_use_nuke_avg,Nuclear,41.10103846153846,,13,11,0.41101,35.0,23.111637307692313,61.725199999999994,44.23076923076923,39.61538461538461
group,GLM-5.2-Simple-Per-5,GLM-5.2-Simple,Per-5,GLM-5.2-Simple | Per-5,flavor_naval_avg,Naval and air,51.833339583333334,,48,24,0.518333,53.22645,48.90990536458334,54.92820348958334,72.47916666666667,36.25
group,GLM-5.2-Simple-Per-5,GLM-5.2-Simple,Per-5,GLM-5.2-Simple | Per-5,flavor_naval_recon_avg,Naval and air,45.036693750000005,,48,24,0.450367,47.425650000000005,42.85812421875001,47.41443901041667,56.708333333333336,31.458333333333332
group,GLM-5.2-Simple-Per-5,GLM-5.2-Simple,Per-5,GLM-5.2-Simple | Per-5,flavor_air_avg,Naval and air,51.28111891891892,,37,22,0.512811,52.1667,46.265483108108114,57.19123101785715,66.08108108108108,39.4054054054054
group,GLM-5.2-Simple-Per-5,GLM-5.2-Simple,Per-5,GLM-5.2-Simple | Per-5,flavor_antiair_avg,Naval and air,50.14753783783784,,37,22,0.501475,50.0,45.33690828947369,55.39204498397435,61.972972972972975,39.810810810810814
group,GLM-5.2-Simple-Per-5,GLM-5.2-Simple,Per-5,GLM-5.2-Simple | Per-5,flavor_air_carrier_avg,Naval and air,37.90997837837838,,37,22,0.3791,40.5369,31.596169374999995,43.27607615637066,42.37837837837838,34.054054054054056
group,GLM-5.2-Simple-Per-5,GLM-5.2-Simple,Per-5,GLM-5.2-Simple | Per-5,flavor_airlift_avg,Naval and air,38.62941621621622,,37,22,0.386294,43.7879,32.179768417843384,44.0809367039696,43.729729729729726,35.0
group,GLM-5.2-Simple-Per-5,GLM-5.2-Simple,Per-5,GLM-5.2-Simple | Per-5,flavor_expansion_avg,Economy,48.682827083333336,,48,24,0.486828,47.18255,46.12025411458333,51.232800624999996,82.52083333333333,17.354166666666668
group,GLM-5.2-Simple-Per-5,GLM-5.2-Simple,Per-5,GLM-5.2-Simple | Per-5,flavor_growth_avg,Economy,67.510825,,48,24,0.675108,68.61425,65.39496526041667,69.39217447916666,81.27083333333333,45.479166666666664
group,GLM-5.2-Simple-Per-5,GLM-5.2-Simple,Per-5,GLM-5.2-Simple | Per-5,flavor_tile_improvement_avg,Economy,67.19715000000001,,48,24,0.671972,66.79759999999999,65.72834244791666,68.63061937500001,76.1875,49.270833333333336
group,GLM-5.2-Simple-Per-5,GLM-5.2-Simple,Per-5,GLM-5.2-Simple | Per-5,flavor_infrastructure_avg,Economy,67.22680000000001,,48,24,0.672268,67.6891,65.87927223958334,68.6557965625,79.1875,47.8125
group,GLM-5.2-Simple-Per-5,GLM-5.2-Simple,Per-5,GLM-5.2-Simple | Per-5,flavor_production_avg,Economy,82.55122916666666,,48,24,0.825512,82.1343,81.58954713541667,83.62403796875,95.58333333333333,53.229166666666664
group,GLM-5.2-Simple-Per-5,GLM-5.2-Simple,Per-5,GLM-5.2-Simple | Per-5,flavor_gold_avg,Economy,77.01378958333333,,48,24,0.770138,77.82705,75.55669557291667,78.37874015624999,92.52083333333333,48.854166666666664
group,GLM-5.2-Simple-Per-5,GLM-5.2-Simple,Per-5,GLM-5.2-Simple | Per-5,flavor_science_avg,Economy,84.08445208333333,,48,24,0.840845,83.7422,82.88265416666667,85.37205416666666,98.04166666666667,53.854166666666664
group,GLM-5.2-Simple-Per-5,GLM-5.2-Simple,Per-5,GLM-5.2-Simple | Per-5,flavor_culture_avg,Economy,68.30213125,,48,24,0.683021,66.4481,64.63944447916666,72.239569375,83.875,45.0
group,GLM-5.2-Simple-Per-5,GLM-5.2-Simple,Per-5,GLM-5.2-Simple | Per-5,flavor_happiness_avg,Economy,77.416825,,48,24,0.774168,78.3409,75.92050651041667,78.85646328125,95.27083333333333,49.791666666666664
group,GLM-5.2-Simple-Per-5,GLM-5.2-Simple,Per-5,GLM-5.2-Simple | Per-5,flavor_naval_growth_avg,Economy,44.032937499999996,,48,24,0.440329,47.4758,41.4163084375,46.3679659375,52.1875,32.833333333333336
group,GLM-5.2-Simple-Per-5,GLM-5.2-Simple,Per-5,GLM-5.2-Simple | Per-5,flavor_naval_tile_improvement_avg,Economy,44.019760416666664,,48,24,0.440198,47.084199999999996,41.882562864583335,46.053964010416664,51.291666666666664,33.25
group,GLM-5.2-Simple-Per-5,GLM-5.2-Simple,Per-5,GLM-5.2-Simple | Per-5,flavor_water_connection_avg,Economy,47.056841666666664,,48,24,0.470568,49.54555,45.00979942708334,49.18798192708332,52.25,38.020833333333336
group,GLM-5.2-Simple-Per-5,GLM-5.2-Simple,Per-5,GLM-5.2-Simple | Per-5,flavor_great_people_avg,Other,65.79313125,,48,24,0.657931,68.6943,62.08056828125,69.46990692708333,80.89583333333333,44.791666666666664
group,GLM-5.2-Simple-Per-5,GLM-5.2-Simple,Per-5,GLM-5.2-Simple | Per-5,flavor_wonder_avg,Other,50.68729999999999,,48,24,0.506873,48.31125,44.91336723958333,56.73298104166666,67.72916666666667,30.166666666666668
group,GLM-5.2-Simple-Per-5,GLM-5.2-Simple,Per-5,GLM-5.2-Simple | Per-5,flavor_religion_avg,Other,52.47776666666667,,48,24,0.524778,50.82425,48.36098625,56.21356984375,64.10416666666667,36.729166666666664
group,GLM-5.2-Simple-Per-5,GLM-5.2-Simple,Per-5,GLM-5.2-Simple | Per-5,flavor_diplomacy_avg,Other,70.98041666666667,,48,24,0.709804,71.11245,67.5981628125,74.29448161458333,94.66666666666667,43.854166666666664
group,GLM-5.2-Simple-Per-5,GLM-5.2-Simple,Per-5,GLM-5.2-Simple | Per-5,flavor_espionage_avg,Other,55.40254583333334,,48,24,0.554025,58.46165,52.521158177083336,58.28769286458333,78.72916666666667,41.770833333333336
group,GLM-5.2-Simple-Per-5,GLM-5.2-Simple,Per-5,GLM-5.2-Simple | Per-5,flavor_spaceship_avg,Other,46.929535416666674,,48,24,0.469295,46.72435,42.77282239583334,50.82257932291666,67.45833333333333,27.8125
group,GLM-5.3-Flash-Simple,GLM-5.3-Flash-Simple,Every-turn,GLM-5.3-Flash-Simple | Every-turn,flavor_offense_avg,Military,43.96727083333334,,48,24,0.439673,43.06125,40.44802036458333,47.53315859375,68.54166666666667,20.145833333333332
group,GLM-5.3-Flash-Simple,GLM-5.3-Flash-Simple,Every-turn,GLM-5.3-Flash-Simple | Every-turn,flavor_defense_avg,Military,57.56199999999999,,48,24,0.57562,56.8959,55.29092421874999,59.80109010416667,79.41666666666667,38.958333333333336
group,GLM-5.3-Flash-Simple,GLM-5.3-Flash-Simple,Every-turn,GLM-5.3-Flash-Simple | Every-turn,flavor_city_defense_avg,Military,53.954479166666665,,48,24,0.539545,53.67725,51.790160364583336,56.14362307291666,67.125,45.833333333333336
group,GLM-5.3-Flash-Simple,GLM-5.3-Flash-Simple,Every-turn,GLM-5.3-Flash-Simple | Every-turn,flavor_mobilization_avg,Military,49.85738125,,48,24,0.498574,49.877750000000006,47.180924739583325,52.49590156250001,65.64583333333333,34.458333333333336
group,GLM-5.3-Flash-Simple,GLM-5.3-Flash-Simple,Every-turn,GLM-5.3-Flash-Simple | Every-turn,flavor_military_training_avg,Military,54.31468958333334,,48,24,0.543147,54.858599999999996,52.018443489583326,56.55654901041667,63.0625,43.4375
group,GLM-5.3-Flash-Simple,GLM-5.3-Flash-Simple,Every-turn,GLM-5.3-Flash-Simple | Every-turn,flavor_recon_avg,Military,47.967324999999995,,48,24,0.479673,48.517849999999996,46.07566614583333,49.7661465625,64.0625,36.666666666666664
group,GLM-5.3-Flash-Simple,GLM-5.3-Flash-Simple,Every-turn,GLM-5.3-Flash-Simple | Every-turn,flavor_ranged_avg,Military,57.78255000000001,,48,24,0.577826,57.115700000000004,56.46566286458333,59.12834088541668,66.1875,50.0
group,GLM-5.3-Flash-Simple,GLM-5.3-Flash-Simple,Every-turn,GLM-5.3-Flash-Simple | Every-turn,flavor_mobile_avg,Military,51.43511458333333,,48,24,0.514351,50.0,50.19012338541666,52.54895838541666,54.520833333333336,48.020833333333336
group,GLM-5.3-Flash-Simple,GLM-5.3-Flash-Simple,Every-turn,GLM-5.3-Flash-Simple | Every-turn,flavor_nuke_avg,Nuclear,42.817925,,16,11,0.428179,49.90385,33.68297455882353,52.702521250000004,48.625,37.0625
group,GLM-5.3-Flash-Simple,GLM-5.3-Flash-Simple,Every-turn,GLM-5.3-Flash-Simple | Every-turn,flavor_use_nuke_avg,Nuclear,42.29475,,16,11,0.422948,48.5096,30.811376081871337,54.72600949175824,48.125,37.6875
group,GLM-5.3-Flash-Simple,GLM-5.3-Flash-Simple,Every-turn,GLM-5.3-Flash-Simple | Every-turn,flavor_naval_avg,Naval and air,56.528447916666664,,48,24,0.565284,55.0411,54.783879375,58.399566875000005,71.41666666666667,47.541666666666664
group,GLM-5.3-Flash-Simple,GLM-5.3-Flash-Simple,Every-turn,GLM-5.3-Flash-Simple | Every-turn,flavor_naval_recon_avg,Naval and air,49.9067375,,48,24,0.499067,50.0,49.025259375000005,50.75058703125001,53.020833333333336,45.625
group,GLM-5.3-Flash-Simple,GLM-5.3-Flash-Simple,Every-turn,GLM-5.3-Flash-Simple | Every-turn,flavor_air_avg,Naval and air,54.33601219512195,,41,24,0.54336,50.0,52.46656011111111,56.393218295731714,58.73170731707317,49.26829268292683
group,GLM-5.3-Flash-Simple,GLM-5.3-Flash-Simple,Every-turn,GLM-5.3-Flash-Simple | Every-turn,flavor_antiair_avg,Naval and air,53.3142024390244,,41,24,0.533142,50.0,51.95903618749999,54.885377317073186,58.26829268292683,49.63414634146341
group,GLM-5.3-Flash-Simple,GLM-5.3-Flash-Simple,Every-turn,GLM-5.3-Flash-Simple | Every-turn,flavor_air_carrier_avg,Naval and air,49.775456097560976,,41,24,0.497755,50.0,49.309084889423076,50.0,50.0,49.26829268292683
group,GLM-5.3-Flash-Simple,GLM-5.3-Flash-Simple,Every-turn,GLM-5.3-Flash-Simple | Every-turn,flavor_airlift_avg,Naval and air,50.383682926829266,,41,24,0.503837,50.0,49.72505828947368,50.995612558139534,51.21951219512195,49.390243902439025
group,GLM-5.3-Flash-Simple,GLM-5.3-Flash-Simple,Every-turn,GLM-5.3-Flash-Simple | Every-turn,flavor_expansion_avg,Economy,44.71959999999999,,48,24,0.447196,46.24375,42.41094578125,46.918310677083326,74.0,24.0625
group,GLM-5.3-Flash-Simple,GLM-5.3-Flash-Simple,Every-turn,GLM-5.3-Flash-Simple | Every-turn,flavor_growth_avg,Economy,67.48599374999999,,48,24,0.67486,68.7813,66.13983536458333,68.74220588541667,73.22916666666667,56.8125
group,GLM-5.3-Flash-Simple,GLM-5.3-Flash-Simple,Every-turn,GLM-5.3-Flash-Simple | Every-turn,flavor_tile_improvement_avg,Economy,61.45594583333334,,48,24,0.614559,60.32585,60.291980156250006,62.64966098958333,64.4375,55.166666666666664
group,GLM-5.3-Flash-Simple,GLM-5.3-Flash-Simple,Every-turn,GLM-5.3-Flash-Simple | Every-turn,flavor_infrastructure_avg,Economy,50.76055416666666,,48,24,0.507606,50.0,49.85458432291667,51.474007916666665,51.708333333333336,49.583333333333336
group,GLM-5.3-Flash-Simple,GLM-5.3-Flash-Simple,Every-turn,GLM-5.3-Flash-Simple | Every-turn,flavor_production_avg,Economy,56.997085416666664,,48,24,0.569971,56.2829,55.60747619791666,58.391142395833334,65.625,49.791666666666664
group,GLM-5.3-Flash-Simple,GLM-5.3-Flash-Simple,Every-turn,GLM-5.3-Flash-Simple | Every-turn,flavor_gold_avg,Economy,62.038835416666664,,48,24,0.620388,62.780699999999996,60.254663593749996,63.7686959375,76.8125,47.916666666666664
group,GLM-5.3-Flash-Simple,GLM-5.3-Flash-Simple,Every-turn,GLM-5.3-Flash-Simple | Every-turn,flavor_science_avg,Economy,65.16632499999999,,48,24,0.651663,64.56620000000001,63.74545072916666,66.57605192708333,75.85416666666667,52.708333333333336
group,GLM-5.3-Flash-Simple,GLM-5.3-Flash-Simple,Every-turn,GLM-5.3-Flash-Simple | Every-turn,flavor_culture_avg,Economy,60.95102083333333,,48,24,0.60951,63.28245,57.9252103125,63.7730325,73.02083333333333,46.041666666666664
group,GLM-5.3-Flash-Simple,GLM-5.3-Flash-Simple,Every-turn,GLM-5.3-Flash-Simple | Every-turn,flavor_happiness_avg,Economy,65.60738958333333,,48,24,0.656074,67.4639,63.5405503125,67.55105057291667,82.625,48.4375
group,GLM-5.3-Flash-Simple,GLM-5.3-Flash-Simple,Every-turn,GLM-5.3-Flash-Simple | Every-turn,flavor_naval_growth_avg,Economy,50.732964583333334,,48,24,0.50733,50.0,49.479604583333334,51.87400630208334,52.083333333333336,48.541666666666664
group,GLM-5.3-Flash-Simple,GLM-5.3-Flash-Simple,Every-turn,GLM-5.3-Flash-Simple | Every-turn,flavor_naval_tile_improvement_avg,Economy,50.26095,,48,24,0.50261,50.0,49.045208229166676,51.15600453125,50.729166666666664,49.166666666666664
group,GLM-5.3-Flash-Simple,GLM-5.3-Flash-Simple,Every-turn,GLM-5.3-Flash-Simple | Every-turn,flavor_water_connection_avg,Economy,51.173875,,48,24,0.511739,50.0,50.306296770833335,52.2248359375,51.666666666666664,49.895833333333336
group,GLM-5.3-Flash-Simple,GLM-5.3-Flash-Simple,Every-turn,GLM-5.3-Flash-Simple | Every-turn,flavor_great_people_avg,Other,59.58105416666666,,48,24,0.595811,60.77235,57.2468784375,61.93959822916666,67.08333333333333,49.375
group,GLM-5.3-Flash-Simple,GLM-5.3-Flash-Simple,Every-turn,GLM-5.3-Flash-Simple | Every-turn,flavor_wonder_avg,Other,46.114916666666666,,48,24,0.461149,49.29805,41.84203734375,50.01675869791667,57.541666666666664,34.375
group,GLM-5.3-Flash-Simple,GLM-5.3-Flash-Simple,Every-turn,GLM-5.3-Flash-Simple | Every-turn,flavor_religion_avg,Other,58.17315,,48,24,0.581731,58.8173,55.991557552083336,60.22439197916666,69.875,40.520833333333336
group,GLM-5.3-Flash-Simple,GLM-5.3-Flash-Simple,Every-turn,GLM-5.3-Flash-Simple | Every-turn,flavor_diplomacy_avg,Other,62.65386458333333,,48,24,0.626539,61.75985,60.59427249999999,64.58371125,81.66666666666667,46.5625
group,GLM-5.3-Flash-Simple,GLM-5.3-Flash-Simple,Every-turn,GLM-5.3-Flash-Simple | Every-turn,flavor_espionage_avg,Other,55.90322916666667,,48,24,0.559032,55.981049999999996,54.81650093750001,57.02974276041666,72.79166666666667,49.270833333333336
group,GLM-5.3-Flash-Simple,GLM-5.3-Flash-Simple,Every-turn,GLM-5.3-Flash-Simple | Every-turn,flavor_spaceship_avg,Other,51.26563541666667,,48,24,0.512656,50.0,50.47993463541666,52.11100776041667,55.479166666666664,48.541666666666664
group,GLM-5.3-Flash-Simple-Per-5,GLM-5.3-Flash-Simple,Per-5,GLM-5.3-Flash-Simple | Per-5,flavor_offense_avg,Military,44.957522916666676,,48,24,0.449575,45.038,41.09785755208333,49.01015885416667,64.83333333333333,26.770833333333332
group,GLM-5.3-Flash-Simple-Per-5,GLM-5.3-Flash-Simple,Per-5,GLM-5.3-Flash-Simple | Per-5,flavor_defense_avg,Military,55.68098333333333,,48,24,0.55681,56.493399999999994,53.51069130208332,57.75145458333333,75.20833333333333,41.520833333333336
group,GLM-5.3-Flash-Simple-Per-5,GLM-5.3-Flash-Simple,Per-5,GLM-5.3-Flash-Simple | Per-5,flavor_city_defense_avg,Military,53.83796666666667,,48,24,0.53838,53.95685,52.622419895833325,55.148223072916664,67.5,46.833333333333336
group,GLM-5.3-Flash-Simple-Per-5,GLM-5.3-Flash-Simple,Per-5,GLM-5.3-Flash-Simple | Per-5,flavor_mobilization_avg,Military,49.45979166666666,,48,24,0.494598,51.2789,46.97459229166667,51.78924338541667,62.520833333333336,36.770833333333336
group,GLM-5.3-Flash-Simple-Per-5,GLM-5.3-Flash-Simple,Per-5,GLM-5.3-Flash-Simple | Per-5,flavor_military_training_avg,Military,56.48593333333332,,48,24,0.564859,55.891149999999996,55.14537963541666,57.78982192708333,66.14583333333333,47.083333333333336
group,GLM-5.3-Flash-Simple-Per-5,GLM-5.3-Flash-Simple,Per-5,GLM-5.3-Flash-Simple | Per-5,flavor_recon_avg,Military,44.75909375,,48,24,0.447591,45.020849999999996,42.87085583333334,46.48928354166666,63.958333333333336,31.770833333333332
group,GLM-5.3-Flash-Simple-Per-5,GLM-5.3-Flash-Simple,Per-5,GLM-5.3-Flash-Simple | Per-5,flavor_ranged_avg,Military,56.3932,,48,24,0.563932,56.82145,55.22495578125,57.63725,63.770833333333336,49.895833333333336
group,GLM-5.3-Flash-Simple-Per-5,GLM-5.3-Flash-Simple,Per-5,GLM-5.3-Flash-Simple | Per-5,flavor_mobile_avg,Military,51.18720833333333,,48,24,0.511872,50.0,50.17018494791667,52.32388468750001,54.458333333333336,48.125
group,GLM-5.3-Flash-Simple-Per-5,GLM-5.3-Flash-Simple,Per-5,GLM-5.3-Flash-Simple | Per-5,flavor_nuke_avg,Nuclear,49.78747333333333,,15,10,0.497875,50.0,37.43328578296704,60.87660566666668,54.2,40.333333333333336
group,GLM-5.3-Flash-Simple-Per-5,GLM-5.3-Flash-Simple,Per-5,GLM-5.3-Flash-Simple | Per-5,flavor_use_nuke_avg,Nuclear,46.591879999999996,,15,10,0.465919,50.0,34.32714125,58.27079822916667,50.333333333333336,36.666666666666664
group,GLM-5.3-Flash-Simple-Per-5,GLM-5.3-Flash-Simple,Per-5,GLM-5.3-Flash-Simple | Per-5,flavor_naval_avg,Naval and air,54.274745833333334,,48,24,0.542747,53.5044,52.704015312500005,55.81213802083333,67.20833333333333,46.145833333333336
group,GLM-5.3-Flash-Simple-Per-5,GLM-5.3-Flash-Simple,Per-5,GLM-5.3-Flash-Simple | Per-5,flavor_naval_recon_avg,Naval and air,48.943212499999994,,48,24,0.489432,50.0,48.214712239583335,49.62747765625001,51.041666666666664,44.0625
group,GLM-5.3-Flash-Simple-Per-5,GLM-5.3-Flash-Simple,Per-5,GLM-5.3-Flash-Simple | Per-5,flavor_air_avg,Naval and air,53.83892894736843,,38,23,0.538389,50.0,51.763205854123356,56.07277157894737,58.71052631578947,48.68421052631579
group,GLM-5.3-Flash-Simple-Per-5,GLM-5.3-Flash-Simple,Per-5,GLM-5.3-Flash-Simple | Per-5,flavor_antiair_avg,Naval and air,53.17320789473685,,38,23,0.531732,50.0,51.42417710424711,54.80274464285715,59.026315789473685,49.078947368421055
group,GLM-5.3-Flash-Simple-Per-5,GLM-5.3-Flash-Simple,Per-5,GLM-5.3-Flash-Simple | Per-5,flavor_air_carrier_avg,Naval and air,49.498715789473685,,38,23,0.494987,50.0,48.94890881670131,49.931133161268555,50.526315789473685,48.026315789473685
group,GLM-5.3-Flash-Simple-Per-5,GLM-5.3-Flash-Simple,Per-5,GLM-5.3-Flash-Simple | Per-5,flavor_airlift_avg,Naval and air,49.47767368421052,,38,23,0.494777,50.0,48.92296547473868,49.97209240131579,50.526315789473685,48.28947368421053
group,GLM-5.3-Flash-Simple-Per-5,GLM-5.3-Flash-Simple,Per-5,GLM-5.3-Flash-Simple | Per-5,flavor_expansion_avg,Economy,45.84332916666667,,48,24,0.458433,46.0757,44.06132041666667,47.77064609375,72.5,24.895833333333332
group,GLM-5.3-Flash-Simple-Per-5,GLM-5.3-Flash-Simple,Per-5,GLM-5.3-Flash-Simple | Per-5,flavor_growth_avg,Economy,66.87497708333333,,48,24,0.66875,66.73605,65.43953317708335,68.46153020833333,71.35416666666667,58.666666666666664
group,GLM-5.3-Flash-Simple-Per-5,GLM-5.3-Flash-Simple,Per-5,GLM-5.3-Flash-Simple | Per-5,flavor_tile_improvement_avg,Economy,60.210602083333335,,48,24,0.602106,60.0,58.69191109375001,61.745788958333335,63.125,54.6875
group,GLM-5.3-Flash-Simple-Per-5,GLM-5.3-Flash-Simple,Per-5,GLM-5.3-Flash-Simple | Per-5,flavor_infrastructure_avg,Economy,50.01501666666667,,48,24,0.50015,50.0,48.70428682291667,50.97665786458333,51.416666666666664,48.541666666666664
group,GLM-5.3-Flash-Simple-Per-5,GLM-5.3-Flash-Simple,Per-5,GLM-5.3-Flash-Simple | Per-5,flavor_production_avg,Economy,56.44409791666667,,48,24,0.564441,56.89215,55.26155239583334,57.52816239583334,64.45833333333333,49.375
group,GLM-5.3-Flash-Simple-Per-5,GLM-5.3-Flash-Simple,Per-5,GLM-5.3-Flash-Simple | Per-5,flavor_gold_avg,Economy,58.36589999999999,,48,24,0.583659,59.520399999999995,56.17499072916667,60.49615010416667,70.41666666666667,47.083333333333336
group,GLM-5.3-Flash-Simple-Per-5,GLM-5.3-Flash-Simple,Per-5,GLM-5.3-Flash-Simple | Per-5,flavor_science_avg,Economy,63.74687291666667,,48,24,0.637469,63.3044,62.40154307291667,65.02256895833332,74.0625,52.8125
group,GLM-5.3-Flash-Simple-Per-5,GLM-5.3-Flash-Simple,Per-5,GLM-5.3-Flash-Simple | Per-5,flavor_culture_avg,Economy,58.9970625,,48,24,0.589971,58.6035,56.18791651041666,61.78568239583333,68.33333333333333,48.125
group,GLM-5.3-Flash-Simple-Per-5,GLM-5.3-Flash-Simple,Per-5,GLM-5.3-Flash-Simple | Per-5,flavor_happiness_avg,Economy,60.43990625,,48,24,0.604399,60.59654999999999,58.79615906249999,62.066699166666666,75.22916666666667,47.604166666666664
group,GLM-5.3-Flash-Simple-Per-5,GLM-5.3-Flash-Simple,Per-5,GLM-5.3-Flash-Simple | Per-5,flavor_naval_growth_avg,Economy,49.38318958333334,,48,24,0.493832,50.0,48.34874223958333,50.277967499999995,49.895833333333336,47.916666666666664
group,GLM-5.3-Flash-Simple-Per-5,GLM-5.3-Flash-Simple,Per-5,GLM-5.3-Flash-Simple | Per-5,flavor_naval_tile_improvement_avg,Economy,50.20034375,,48,24,0.502003,50.0,49.91062203125,50.50840614583333,50.833333333333336,49.166666666666664
group,GLM-5.3-Flash-Simple-Per-5,GLM-5.3-Flash-Simple,Per-5,GLM-5.3-Flash-Simple | Per-5,flavor_water_connection_avg,Economy,50.48500625,,48,24,0.50485,50.0,50.03435541666666,51.08318546875,50.729166666666664,49.479166666666664
group,GLM-5.3-Flash-Simple-Per-5,GLM-5.3-Flash-Simple,Per-5,GLM-5.3-Flash-Simple | Per-5,flavor_great_people_avg,Other,57.76436666666666,,48,24,0.577644,57.0269,56.036313229166666,59.63590145833334,64.47916666666667,49.583333333333336
group,GLM-5.3-Flash-Simple-Per-5,GLM-5.3-Flash-Simple,Per-5,GLM-5.3-Flash-Simple | Per-5,flavor_wonder_avg,Other,43.94014166666667,,48,24,0.439401,45.291650000000004,39.70815942708333,47.75403026041666,56.104166666666664,33.4375
group,GLM-5.3-Flash-Simple-Per-5,GLM-5.3-Flash-Simple,Per-5,GLM-5.3-Flash-Simple | Per-5,flavor_religion_avg,Other,52.85769166666666,,48,24,0.528577,54.5035,50.677209635416666,54.826348906250004,63.666666666666664,41.395833333333336
group,GLM-5.3-Flash-Simple-Per-5,GLM-5.3-Flash-Simple,Per-5,GLM-5.3-Flash-Simple | Per-5,flavor_diplomacy_avg,Other,58.23346041666667,,48,24,0.582335,58.96285,56.19304583333333,60.356354010416666,74.0625,47.395833333333336
group,GLM-5.3-Flash-Simple-Per-5,GLM-5.3-Flash-Simple,Per-5,GLM-5.3-Flash-Simple | Per-5,flavor_espionage_avg,Other,54.247564583333336,,48,24,0.542476,53.826,53.15798703125,55.34671947916667,68.16666666666667,49.895833333333336
group,GLM-5.3-Flash-Simple-Per-5,GLM-5.3-Flash-Simple,Per-5,GLM-5.3-Flash-Simple | Per-5,flavor_spaceship_avg,Other,49.933160416666674,,48,24,0.499332,50.0,49.362988333333334,50.48383171875,53.229166666666664,46.5625
group,GLM-5.3-Simple-Per-5,GLM-5.3-Simple,Per-5,GLM-5.3-Simple | Per-5,flavor_offense_avg,Military,59.72901363636363,,44,22,0.59729,56.7481,54.827613352272735,64.4240425568182,85.11363636363636,28.522727272727273
group,GLM-5.3-Simple-Per-5,GLM-5.3-Simple,Per-5,GLM-5.3-Simple | Per-5,flavor_defense_avg,Military,65.39883863636364,,44,22,0.653988,65.12905,64.11208778409089,66.64182551136362,85.97727272727273,46.47727272727273
group,GLM-5.3-Simple-Per-5,GLM-5.3-Simple,Per-5,GLM-5.3-Simple | Per-5,flavor_city_defense_avg,Military,59.38848409090909,,44,22,0.593885,59.81765,58.05069232954547,60.85748482954545,79.36363636363636,46.81818181818182
group,GLM-5.3-Simple-Per-5,GLM-5.3-Simple,Per-5,GLM-5.3-Simple | Per-5,flavor_mobilization_avg,Military,58.24216363636364,,44,22,0.582422,58.730149999999995,55.870919772727284,60.656805,80.56818181818181,37.15909090909091
group,GLM-5.3-Simple-Per-5,GLM-5.3-Simple,Per-5,GLM-5.3-Simple | Per-5,flavor_military_training_avg,Military,65.73110227272727,,44,22,0.657311,64.0263,63.61578176136363,67.89579522727273,81.06818181818181,45.22727272727273
group,GLM-5.3-Simple-Per-5,GLM-5.3-Simple,Per-5,GLM-5.3-Simple | Per-5,flavor_recon_avg,Military,45.626563636363635,,44,22,0.456266,48.09385,42.999438181818185,47.888870170454545,65.38636363636364,27.386363636363637
group,GLM-5.3-Simple-Per-5,GLM-5.3-Simple,Per-5,GLM-5.3-Simple | Per-5,flavor_ranged_avg,Military,64.62691363636364,,44,22,0.646269,65.1859,62.449280681818195,66.59532215909091,78.0909090909091,48.40909090909091
group,GLM-5.3-Simple-Per-5,GLM-5.3-Simple,Per-5,GLM-5.3-Simple | Per-5,flavor_mobile_avg,Military,58.00470681818181,,44,22,0.580047,57.5111,55.878474659090905,60.40114539772728,74.68181818181819,45.0
group,GLM-5.3-Simple-Per-5,GLM-5.3-Simple,Per-5,GLM-5.3-Simple | Per-5,flavor_nuke_avg,Nuclear,42.59967,,20,14,0.425997,46.0632,25.59826260620915,61.41904666666666,50.75,26.65
group,GLM-5.3-Simple-Per-5,GLM-5.3-Simple,Per-5,GLM-5.3-Simple | Per-5,flavor_use_nuke_avg,Nuclear,35.28136,,20,14,0.352814,25.237699999999997,16.129887875,54.77899002990429,47.0,14.0
group,GLM-5.3-Simple-Per-5,GLM-5.3-Simple,Per-5,GLM-5.3-Simple | Per-5,flavor_naval_avg,Naval and air,62.9624409090909,,44,22,0.629624,61.633449999999996,60.29263926136363,65.61917596590908,84.77272727272727,44.20454545454545
group,GLM-5.3-Simple-Per-5,GLM-5.3-Simple,Per-5,GLM-5.3-Simple | Per-5,flavor_naval_recon_avg,Naval and air,50.726774999999996,,44,22,0.507268,51.44715,48.86990585227274,52.475045625,73.47727272727273,29.772727272727273
group,GLM-5.3-Simple-Per-5,GLM-5.3-Simple,Per-5,GLM-5.3-Simple | Per-5,flavor_air_avg,Naval and air,55.36622894736843,,38,22,0.553662,57.7489,49.52958355628655,60.943285513937276,71.84210526315789,35.921052631578945
group,GLM-5.3-Simple-Per-5,GLM-5.3-Simple,Per-5,GLM-5.3-Simple | Per-5,flavor_antiair_avg,Naval and air,53.09990789473684,,38,22,0.530999,51.77775,48.114318580086575,58.071348586711714,65.1842105263158,36.973684210526315
group,GLM-5.3-Simple-Per-5,GLM-5.3-Simple,Per-5,GLM-5.3-Simple | Per-5,flavor_air_carrier_avg,Naval and air,31.213342105263163,,38,22,0.312133,40.2308,24.90542828465982,36.85849674671052,37.89473684210526,24.605263157894736
group,GLM-5.3-Simple-Per-5,GLM-5.3-Simple,Per-5,GLM-5.3-Simple | Per-5,flavor_airlift_avg,Naval and air,39.21559210526316,,38,22,0.392156,48.2575,32.48594739153628,45.83918715277778,51.973684210526315,31.57894736842105
group,GLM-5.3-Simple-Per-5,GLM-5.3-Simple,Per-5,GLM-5.3-Simple | Per-5,flavor_expansion_avg,Economy,47.217770454545445,,44,22,0.472178,46.945899999999995,44.77596829545455,49.79540426136364,88.97727272727273,12.386363636363637
group,GLM-5.3-Simple-Per-5,GLM-5.3-Simple,Per-5,GLM-5.3-Simple | Per-5,flavor_growth_avg,Economy,62.49958409090909,,44,22,0.624996,64.0623,61.00887704545455,63.87965551136364,73.9090909090909,48.40909090909091
group,GLM-5.3-Simple-Per-5,GLM-5.3-Simple,Per-5,GLM-5.3-Simple | Per-5,flavor_tile_improvement_avg,Economy,68.18622499999998,,44,22,0.681862,68.6685,66.84505471590907,69.43565329545456,76.02272727272727,56.70454545454545
group,GLM-5.3-Simple-Per-5,GLM-5.3-Simple,Per-5,GLM-5.3-Simple | Per-5,flavor_infrastructure_avg,Economy,61.18362727272727,,44,22,0.611836,61.33995,60.00267164772726,62.24010068181818,68.36363636363636,49.77272727272727
group,GLM-5.3-Simple-Per-5,GLM-5.3-Simple,Per-5,GLM-5.3-Simple | Per-5,flavor_production_avg,Economy,68.0478659090909,,44,22,0.680479,67.49285,66.93500363636363,69.35167443181818,81.68181818181819,53.06818181818182
group,GLM-5.3-Simple-Per-5,GLM-5.3-Simple,Per-5,GLM-5.3-Simple | Per-5,flavor_gold_avg,Economy,71.4563568181818,,44,22,0.714564,72.0036,69.91762312500002,72.9798353409091,85.93181818181819,50.34090909090909
group,GLM-5.3-Simple-Per-5,GLM-5.3-Simple,Per-5,GLM-5.3-Simple | Per-5,flavor_science_avg,Economy,76.15232272727273,,44,22,0.761523,75.94200000000001,74.98092863636363,77.16111261363636,89.93181818181819,52.61363636363637
group,GLM-5.3-Simple-Per-5,GLM-5.3-Simple,Per-5,GLM-5.3-Simple | Per-5,flavor_culture_avg,Economy,72.21220227272727,,44,22,0.722122,71.8062,70.80610272727274,73.70616982954544,85.45454545454545,51.25
group,GLM-5.3-Simple-Per-5,GLM-5.3-Simple,Per-5,GLM-5.3-Simple | Per-5,flavor_happiness_avg,Economy,71.21586136363636,,44,22,0.712159,72.02375,69.33883335227272,73.2146827840909,90.72727272727273,49.20454545454545
group,GLM-5.3-Simple-Per-5,GLM-5.3-Simple,Per-5,GLM-5.3-Simple | Per-5,flavor_naval_growth_avg,Economy,49.78055227272728,,44,22,0.497806,50.0,48.10652386363636,51.11831772727273,54.75,43.29545454545455
group,GLM-5.3-Simple-Per-5,GLM-5.3-Simple,Per-5,GLM-5.3-Simple | Per-5,flavor_naval_tile_improvement_avg,Economy,50.169345454545464,,44,22,0.501693,50.0,48.49542778409091,51.72457062499999,55.97727272727273,44.31818181818182
group,GLM-5.3-Simple-Per-5,GLM-5.3-Simple,Per-5,GLM-5.3-Simple | Per-5,flavor_water_connection_avg,Economy,52.449256818181816,,44,22,0.524493,52.77205,51.27422170454546,53.60917590909091,60.68181818181818,44.43181818181818
group,GLM-5.3-Simple-Per-5,GLM-5.3-Simple,Per-5,GLM-5.3-Simple | Per-5,flavor_great_people_avg,Other,62.253534090909085,,44,22,0.622535,62.518699999999995,60.087012670454534,64.46826482954545,73.4090909090909,49.65909090909091
group,GLM-5.3-Simple-Per-5,GLM-5.3-Simple,Per-5,GLM-5.3-Simple | Per-5,flavor_wonder_avg,Other,51.786488636363636,,44,22,0.517865,52.362300000000005,48.8121778409091,54.96448943181817,80.5,29.09090909090909
group,GLM-5.3-Simple-Per-5,GLM-5.3-Simple,Per-5,GLM-5.3-Simple | Per-5,flavor_religion_avg,Other,60.547459090909086,,44,22,0.605475,61.1952,58.84866568181818,62.300681704545454,74.0,42.88636363636363
group,GLM-5.3-Simple-Per-5,GLM-5.3-Simple,Per-5,GLM-5.3-Simple | Per-5,flavor_diplomacy_avg,Other,67.87876590909092,,44,22,0.678788,70.28275,65.07491482954545,70.73411272727273,90.0,36.36363636363637
group,GLM-5.3-Simple-Per-5,GLM-5.3-Simple,Per-5,GLM-5.3-Simple | Per-5,flavor_espionage_avg,Other,54.571681818181816,,44,22,0.545717,55.88685,52.171874204545446,56.73440511363638,73.02272727272727,41.25
group,GLM-5.3-Simple-Per-5,GLM-5.3-Simple,Per-5,GLM-5.3-Simple | Per-5,flavor_spaceship_avg,Other,41.621284090909086,,44,22,0.416213,43.1231,38.34809710227273,44.86657494318182,57.84090909090909,18.181818181818183
group,GPT-6-Luna-Simple-Per-5,GPT-6-Luna-Simple,Per-5,GPT-6-Luna-Simple | Per-5,flavor_offense_avg,Military,17.425625,,48,24,0.174256,16.2577,15.259469010416664,19.814914739583333,52.791666666666664,0.14583333333333334
group,GPT-6-Luna-Simple-Per-5,GPT-6-Luna-Simple,Per-5,GPT-6-Luna-Simple | Per-5,flavor_defense_avg,Military,74.34218333333332,,48,24,0.743422,74.00375,72.17476838541667,76.34525255208334,98.14583333333333,45.375
group,GPT-6-Luna-Simple-Per-5,GPT-6-Luna-Simple,Per-5,GPT-6-Luna-Simple | Per-5,flavor_city_defense_avg,Military,68.05159166666665,,48,24,0.680516,68.5836,65.82896598958334,70.34538567708333,95.85416666666667,47.979166666666664
group,GPT-6-Luna-Simple-Per-5,GPT-6-Luna-Simple,Per-5,GPT-6-Luna-Simple | Per-5,flavor_mobilization_avg,Military,37.15365,,48,24,0.371536,33.6951,34.27932067708334,40.41551916666667,74.20833333333333,8.270833333333334
group,GPT-6-Luna-Simple-Per-5,GPT-6-Luna-Simple,Per-5,GPT-6-Luna-Simple | Per-5,flavor_military_training_avg,Military,61.05576666666667,,48,24,0.610558,60.7458,59.03665625000001,63.24608302083333,90.8125,39.5
group,GPT-6-Luna-Simple-Per-5,GPT-6-Luna-Simple,Per-5,GPT-6-Luna-Simple | Per-5,flavor_recon_avg,Military,40.72491875,,48,24,0.407249,42.346450000000004,38.357477968750004,43.00797197916667,54.520833333333336,26.166666666666668
group,GPT-6-Luna-Simple-Per-5,GPT-6-Luna-Simple,Per-5,GPT-6-Luna-Simple | Per-5,flavor_ranged_avg,Military,63.154527083333335,,48,24,0.631545,62.29175,60.568704895833335,65.87947046875001,91.875,48.1875
group,GPT-6-Luna-Simple-Per-5,GPT-6-Luna-Simple,Per-5,GPT-6-Luna-Simple | Per-5,flavor_mobile_avg,Military,48.227179166666666,,48,24,0.482272,49.23009999999999,46.88634135416667,49.25982671875,54.6875,38.958333333333336
group,GPT-6-Luna-Simple-Per-5,GPT-6-Luna-Simple,Per-5,GPT-6-Luna-Simple | Per-5,flavor_nuke_avg,Nuclear,26.87212857142857,,28,18,0.268721,29.0393,19.480768004032264,35.5175153125,34.642857142857146,21.964285714285715
group,GPT-6-Luna-Simple-Per-5,GPT-6-Luna-Simple,Per-5,GPT-6-Luna-Simple | Per-5,flavor_use_nuke_avg,Nuclear,25.488053571428573,,28,18,0.254881,28.3814,18.07079353372434,33.61478455652174,33.57142857142857,18.214285714285715
group,GPT-6-Luna-Simple-Per-5,GPT-6-Luna-Simple,Per-5,GPT-6-Luna-Simple | Per-5,flavor_naval_avg,Naval and air,48.338643749999996,,48,24,0.483386,47.5441,46.279031822916664,50.359825,72.8125,26.895833333333332
group,GPT-6-Luna-Simple-Per-5,GPT-6-Luna-Simple,Per-5,GPT-6-Luna-Simple | Per-5,flavor_naval_recon_avg,Naval and air,45.05838333333333,,48,24,0.450584,47.03535,43.075285729166666,46.85323515625,53.9375,26.041666666666668
group,GPT-6-Luna-Simple-Per-5,GPT-6-Luna-Simple,Per-5,GPT-6-Luna-Simple | Per-5,flavor_air_avg,Naval and air,65.09949787234042,,47,24,0.650995,61.3208,60.621453527260634,69.73195902814717,83.93617021276596,51.276595744680854
group,GPT-6-Luna-Simple-Per-5,GPT-6-Luna-Simple,Per-5,GPT-6-Luna-Simple | Per-5,flavor_antiair_avg,Naval and air,66.30428936170215,,47,24,0.663043,63.5079,61.82407829787234,70.80800279587766,86.06382978723404,52.340425531914896
group,GPT-6-Luna-Simple-Per-5,GPT-6-Luna-Simple,Per-5,GPT-6-Luna-Simple | Per-5,flavor_air_carrier_avg,Naval and air,45.426404255319156,,47,24,0.454264,50.0,43.15220894917258,47.69719318570768,49.04255319148936,40.319148936170215
group,GPT-6-Luna-Simple-Per-5,GPT-6-Luna-Simple,Per-5,GPT-6-Luna-Simple | Per-5,flavor_airlift_avg,Naval and air,46.53990212765957,,47,24,0.465399,50.0,44.519910181737586,48.50067,49.361702127659576,42.234042553191486
group,GPT-6-Luna-Simple-Per-5,GPT-6-Luna-Simple,Per-5,GPT-6-Luna-Simple | Per-5,flavor_expansion_avg,Economy,22.85683958333333,,48,24,0.228568,22.63565,21.32879625,24.265575729166667,84.3125,0.08333333333333333
group,GPT-6-Luna-Simple-Per-5,GPT-6-Luna-Simple,Per-5,GPT-6-Luna-Simple | Per-5,flavor_growth_avg,Economy,63.42376458333333,,48,24,0.634238,62.49565,62.184560364583334,64.68330291666668,79.9375,46.145833333333336
group,GPT-6-Luna-Simple-Per-5,GPT-6-Luna-Simple,Per-5,GPT-6-Luna-Simple | Per-5,flavor_tile_improvement_avg,Economy,63.04017916666667,,48,24,0.630402,61.993700000000004,61.63005244791666,64.37088328125,80.9375,45.8125
group,GPT-6-Luna-Simple-Per-5,GPT-6-Luna-Simple,Per-5,GPT-6-Luna-Simple | Per-5,flavor_infrastructure_avg,Economy,58.433324999999996,,48,24,0.584333,57.47045,57.185285208333326,59.67182390624999,72.77083333333333,46.666666666666664
group,GPT-6-Luna-Simple-Per-5,GPT-6-Luna-Simple,Per-5,GPT-6-Luna-Simple | Per-5,flavor_production_avg,Economy,86.68823958333333,,48,24,0.866882,88.52335,85.71953369791666,87.78255604166668,100.0,59.333333333333336
group,GPT-6-Luna-Simple-Per-5,GPT-6-Luna-Simple,Per-5,GPT-6-Luna-Simple | Per-5,flavor_gold_avg,Economy,54.95974583333333,,48,24,0.549597,55.112049999999996,53.377720885416664,56.58014557291666,71.45833333333333,45.291666666666664
group,GPT-6-Luna-Simple-Per-5,GPT-6-Luna-Simple,Per-5,GPT-6-Luna-Simple | Per-5,flavor_science_avg,Economy,90.71308333333333,,48,24,0.907131,93.8372,89.21357927083334,92.07353078125001,99.6875,64.04166666666667
group,GPT-6-Luna-Simple-Per-5,GPT-6-Luna-Simple,Per-5,GPT-6-Luna-Simple | Per-5,flavor_culture_avg,Economy,54.57243750000001,,48,24,0.545724,50.01155,51.33567072916666,58.012689114583345,69.04166666666667,41.041666666666664
group,GPT-6-Luna-Simple-Per-5,GPT-6-Luna-Simple,Per-5,GPT-6-Luna-Simple | Per-5,flavor_happiness_avg,Economy,73.30599375,,48,24,0.73306,73.73455,71.92143921875,74.76893026041667,94.125,52.854166666666664
group,GPT-6-Luna-Simple-Per-5,GPT-6-Luna-Simple,Per-5,GPT-6-Luna-Simple | Per-5,flavor_naval_growth_avg,Economy,48.64809583333332,,48,24,0.486481,50.0,47.773551041666664,49.48167583333333,52.0625,41.041666666666664
group,GPT-6-Luna-Simple-Per-5,GPT-6-Luna-Simple,Per-5,GPT-6-Luna-Simple | Per-5,flavor_naval_tile_improvement_avg,Economy,49.45726875,,48,24,0.494573,50.0,48.63665322916667,50.208007187499994,52.666666666666664,42.8125
group,GPT-6-Luna-Simple-Per-5,GPT-6-Luna-Simple,Per-5,GPT-6-Luna-Simple | Per-5,flavor_water_connection_avg,Economy,49.34208125,,48,24,0.493421,50.0,48.53830093749999,49.93059572916666,50.208333333333336,44.0625
group,GPT-6-Luna-Simple-Per-5,GPT-6-Luna-Simple,Per-5,GPT-6-Luna-Simple | Per-5,flavor_great_people_avg,Other,75.68135833333334,,48,24,0.756814,78.1662,73.46947223958334,77.65193369791668,95.3125,50.729166666666664
group,GPT-6-Luna-Simple-Per-5,GPT-6-Luna-Simple,Per-5,GPT-6-Luna-Simple | Per-5,flavor_wonder_avg,Other,19.56929583333333,,48,24,0.195693,18.566249999999997,17.275029010416667,21.954088020833332,52.166666666666664,0.5
group,GPT-6-Luna-Simple-Per-5,GPT-6-Luna-Simple,Per-5,GPT-6-Luna-Simple | Per-5,flavor_religion_avg,Other,45.44400416666667,,48,24,0.45444,49.38635,43.38809635416666,47.28143859375,51.4375,35.0625
group,GPT-6-Luna-Simple-Per-5,GPT-6-Luna-Simple,Per-5,GPT-6-Luna-Simple | Per-5,flavor_diplomacy_avg,Other,71.50279375000001,,48,24,0.715028,72.17845,68.885590625,74.19878744791667,97.39583333333333,42.416666666666664
group,GPT-6-Luna-Simple-Per-5,GPT-6-Luna-Simple,Per-5,GPT-6-Luna-Simple | Per-5,flavor_espionage_avg,Other,61.844643749999996,,48,24,0.618446,65.23580000000001,58.511079375,64.750931875,90.625,38.75
group,GPT-6-Luna-Simple-Per-5,GPT-6-Luna-Simple,Per-5,GPT-6-Luna-Simple | Per-5,flavor_spaceship_avg,Other,77.58437708333334,,48,24,0.775844,85.93215000000001,73.10909729166667,81.594390625,95.58333333333333,40.625
group,GPT-OSS-120B-Simple,GPT-OSS-120B-Simple,Every-turn,GPT-OSS-120B-Simple | Every-turn,flavor_offense_avg,Military,22.20809375,,48,24,0.222081,6.7957,15.5299678125,28.674758645833336,73.22916666666667,0.0
group,GPT-OSS-120B-Simple,GPT-OSS-120B-Simple,Every-turn,GPT-OSS-120B-Simple | Every-turn,flavor_defense_avg,Military,38.02327291666666,,48,24,0.380233,41.16345,35.043393854166666,41.093610677083326,89.89583333333333,2.0625
group,GPT-OSS-120B-Simple,GPT-OSS-120B-Simple,Every-turn,GPT-OSS-120B-Simple | Every-turn,flavor_city_defense_avg,Military,34.719874999999995,,48,24,0.347199,35.81595,30.43016682291667,38.46052682291666,78.4375,3.75
group,GPT-OSS-120B-Simple,GPT-OSS-120B-Simple,Every-turn,GPT-OSS-120B-Simple | Every-turn,flavor_mobilization_avg,Military,32.472833333333334,,48,24,0.324728,28.09905,27.443498020833335,37.71162046875,76.5625,1.25
group,GPT-OSS-120B-Simple,GPT-OSS-120B-Simple,Every-turn,GPT-OSS-120B-Simple | Every-turn,flavor_military_training_avg,Military,38.1289875,,48,24,0.38129,30.5803,31.950330052083334,43.68153973958334,84.0625,1.1458333333333333
group,GPT-OSS-120B-Simple,GPT-OSS-120B-Simple,Every-turn,GPT-OSS-120B-Simple | Every-turn,flavor_recon_avg,Military,46.202837499999994,,48,24,0.462028,45.7495,43.08654947916668,49.040604322916664,88.02083333333333,8.4375
group,GPT-OSS-120B-Simple,GPT-OSS-120B-Simple,Every-turn,GPT-OSS-120B-Simple | Every-turn,flavor_ranged_avg,Military,25.66328333333333,,48,24,0.256633,21.056600000000003,22.40582380208334,28.949579739583335,64.47916666666667,4.895833333333333
group,GPT-OSS-120B-Simple,GPT-OSS-120B-Simple,Every-turn,GPT-OSS-120B-Simple | Every-turn,flavor_mobile_avg,Military,28.97248958333333,,48,24,0.289725,22.05855,24.07772265625,34.257537031249996,70.20833333333333,3.3333333333333335
group,GPT-OSS-120B-Simple,GPT-OSS-120B-Simple,Every-turn,GPT-OSS-120B-Simple | Every-turn,flavor_nuke_avg,Nuclear,2.7114249999999998,,16,11,0.027114,0.0,0.0,7.102847840073527,8.75,0.9375
group,GPT-OSS-120B-Simple,GPT-OSS-120B-Simple,Every-turn,GPT-OSS-120B-Simple | Every-turn,flavor_use_nuke_avg,Nuclear,0.55729375,,16,11,0.005573,0.0,0.0,1.5160739687499998,3.4375,0.0
group,GPT-OSS-120B-Simple,GPT-OSS-120B-Simple,Every-turn,GPT-OSS-120B-Simple | Every-turn,flavor_naval_avg,Naval and air,45.58456666666666,,48,24,0.455846,42.178,41.295579322916666,49.90652713541667,86.97916666666667,10.416666666666666
group,GPT-OSS-120B-Simple,GPT-OSS-120B-Simple,Every-turn,GPT-OSS-120B-Simple | Every-turn,flavor_naval_recon_avg,Naval and air,38.78132708333333,,48,24,0.387813,37.757000000000005,34.35428739583333,43.125291874999995,81.25,7.5
group,GPT-OSS-120B-Simple,GPT-OSS-120B-Simple,Every-turn,GPT-OSS-120B-Simple | Every-turn,flavor_air_avg,Naval and air,7.024923684210526,,38,23,0.070249,0.0,3.7674908197012824,11.2672942481203,15.263157894736842,2.1052631578947367
group,GPT-OSS-120B-Simple,GPT-OSS-120B-Simple,Every-turn,GPT-OSS-120B-Simple | Every-turn,flavor_antiair_avg,Naval and air,4.556050000000001,,38,23,0.045561,0.0,1.6800789583333333,7.995567216216215,10.131578947368421,0.6578947368421053
group,GPT-OSS-120B-Simple,GPT-OSS-120B-Simple,Every-turn,GPT-OSS-120B-Simple | Every-turn,flavor_air_carrier_avg,Naval and air,1.318021052631579,,38,23,0.01318,0.0,0.25020147467320275,2.6038044073359075,2.236842105263158,0.2631578947368421
group,GPT-OSS-120B-Simple,GPT-OSS-120B-Simple,Every-turn,GPT-OSS-120B-Simple | Every-turn,flavor_airlift_avg,Naval and air,3.4265105263157896,,38,23,0.034265,0.0,1.8631442355889722,5.457896678571427,4.2105263157894735,2.1052631578947367
group,GPT-OSS-120B-Simple,GPT-OSS-120B-Simple,Every-turn,GPT-OSS-120B-Simple | Every-turn,flavor_expansion_avg,Economy,56.986641666666664,,48,24,0.569866,56.469,54.16124000000001,59.95592046875,99.47916666666667,3.75
group,GPT-OSS-120B-Simple,GPT-OSS-120B-Simple,Every-turn,GPT-OSS-120B-Simple | Every-turn,flavor_growth_avg,Economy,68.55275833333333,,48,24,0.685528,70.3471,66.36787281250001,70.70689567708334,94.16666666666667,29.479166666666668
group,GPT-OSS-120B-Simple,GPT-OSS-120B-Simple,Every-turn,GPT-OSS-120B-Simple | Every-turn,flavor_tile_improvement_avg,Economy,58.07223541666667,,48,24,0.580722,58.597,55.38715171875,60.589483385416656,82.39583333333333,29.166666666666668
group,GPT-OSS-120B-Simple,GPT-OSS-120B-Simple,Every-turn,GPT-OSS-120B-Simple | Every-turn,flavor_infrastructure_avg,Economy,69.77389583333333,,48,24,0.697739,69.592,67.60892916666668,71.67411416666666,94.0625,37.916666666666664
group,GPT-OSS-120B-Simple,GPT-OSS-120B-Simple,Every-turn,GPT-OSS-120B-Simple | Every-turn,flavor_production_avg,Economy,81.67353541666667,,48,24,0.816735,83.2966,79.54640645833334,83.40388927083333,99.95833333333333,28.125
group,GPT-OSS-120B-Simple,GPT-OSS-120B-Simple,Every-turn,GPT-OSS-120B-Simple | Every-turn,flavor_gold_avg,Economy,68.58484166666666,,48,24,0.685848,70.04965,64.59317578125,72.27540135416668,97.29166666666667,33.229166666666664
group,GPT-OSS-120B-Simple,GPT-OSS-120B-Simple,Every-turn,GPT-OSS-120B-Simple | Every-turn,flavor_science_avg,Economy,71.04909791666667,,48,24,0.710491,69.9996,67.99797244791667,74.40581182291666,98.85416666666667,24.791666666666668
group,GPT-OSS-120B-Simple,GPT-OSS-120B-Simple,Every-turn,GPT-OSS-120B-Simple | Every-turn,flavor_culture_avg,Economy,71.67921041666666,,48,24,0.716792,65.65209999999999,67.07383328125,76.24093786458332,98.64583333333333,28.020833333333332
group,GPT-OSS-120B-Simple,GPT-OSS-120B-Simple,Every-turn,GPT-OSS-120B-Simple | Every-turn,flavor_happiness_avg,Economy,84.78154166666667,,48,24,0.847815,84.935,82.81858520833333,86.59272515625,99.6875,43.645833333333336
group,GPT-OSS-120B-Simple,GPT-OSS-120B-Simple,Every-turn,GPT-OSS-120B-Simple | Every-turn,flavor_naval_growth_avg,Economy,49.79145833333333,,48,24,0.497915,50.468199999999996,44.57551005208333,55.06119645833333,88.22916666666667,13.125
group,GPT-OSS-120B-Simple,GPT-OSS-120B-Simple,Every-turn,GPT-OSS-120B-Simple | Every-turn,flavor_naval_tile_improvement_avg,Economy,39.261916666666664,,48,24,0.392619,41.1503,33.70189901041667,45.16319338541666,75.0,11.458333333333334
group,GPT-OSS-120B-Simple,GPT-OSS-120B-Simple,Every-turn,GPT-OSS-120B-Simple | Every-turn,flavor_water_connection_avg,Economy,52.387654166666664,,48,24,0.523877,53.575050000000005,46.44992947916667,58.741728333333334,75.72916666666667,20.833333333333332
group,GPT-OSS-120B-Simple,GPT-OSS-120B-Simple,Every-turn,GPT-OSS-120B-Simple | Every-turn,flavor_great_people_avg,Other,83.1509625,,48,24,0.83151,88.17305,79.47964979166666,86.88730140625,99.375,39.791666666666664
group,GPT-OSS-120B-Simple,GPT-OSS-120B-Simple,Every-turn,GPT-OSS-120B-Simple | Every-turn,flavor_wonder_avg,Other,65.67975416666667,,48,24,0.656798,63.6303,60.58943473958333,70.80272651041666,99.375,9.791666666666666
group,GPT-OSS-120B-Simple,GPT-OSS-120B-Simple,Every-turn,GPT-OSS-120B-Simple | Every-turn,flavor_religion_avg,Other,47.26616875,,48,24,0.472662,43.2003,41.28687567708333,53.53156135416666,81.35416666666667,17.604166666666668
group,GPT-OSS-120B-Simple,GPT-OSS-120B-Simple,Every-turn,GPT-OSS-120B-Simple | Every-turn,flavor_diplomacy_avg,Other,89.51575625,,48,24,0.895158,90.97305,87.42260208333335,91.57764125,100.0,30.104166666666668
group,GPT-OSS-120B-Simple,GPT-OSS-120B-Simple,Every-turn,GPT-OSS-120B-Simple | Every-turn,flavor_espionage_avg,Other,74.50943333333333,,48,24,0.745094,76.03909999999999,71.89907317708332,77.11443359375,100.0,19.895833333333332
group,GPT-OSS-120B-Simple,GPT-OSS-120B-Simple,Every-turn,GPT-OSS-120B-Simple | Every-turn,flavor_spaceship_avg,Other,25.625195833333336,,48,24,0.256252,17.07365,18.40183390625,33.782866302083335,80.625,3.125
group,GPT-OSS-120B-Simple-Per-5,GPT-OSS-120B-Simple,Per-5,GPT-OSS-120B-Simple | Per-5,flavor_offense_avg,Military,29.087647916666665,,48,24,0.290876,19.00665,20.717535,37.66046562499999,74.58333333333333,1.1458333333333333
group,GPT-OSS-120B-Simple-Per-5,GPT-OSS-120B-Simple,Per-5,GPT-OSS-120B-Simple | Per-5,flavor_defense_avg,Military,38.7083875,,48,24,0.387084,37.8152,34.442364114583334,42.78692203124999,81.35416666666667,8.3125
group,GPT-OSS-120B-Simple-Per-5,GPT-OSS-120B-Simple,Per-5,GPT-OSS-120B-Simple | Per-5,flavor_city_defense_avg,Military,37.726554166666666,,48,24,0.377266,39.515249999999995,33.31564359375,42.52694046875,71.97916666666667,11.458333333333334
group,GPT-OSS-120B-Simple-Per-5,GPT-OSS-120B-Simple,Per-5,GPT-OSS-120B-Simple | Per-5,flavor_mobilization_avg,Military,42.55704375,,48,24,0.42557,39.44305,35.44647692708333,50.0103078125,77.91666666666667,10.0
group,GPT-OSS-120B-Simple-Per-5,GPT-OSS-120B-Simple,Per-5,GPT-OSS-120B-Simple | Per-5,flavor_military_training_avg,Military,43.38476458333333,,48,24,0.433848,44.9495,36.18093729166666,50.65526864583333,80.9375,5.395833333333333
group,GPT-OSS-120B-Simple-Per-5,GPT-OSS-120B-Simple,Per-5,GPT-OSS-120B-Simple | Per-5,flavor_recon_avg,Military,46.07366458333333,,48,24,0.460737,48.0458,42.11945645833333,50.488994687499996,77.39583333333333,15.729166666666666
group,GPT-OSS-120B-Simple-Per-5,GPT-OSS-120B-Simple,Per-5,GPT-OSS-120B-Simple | Per-5,flavor_ranged_avg,Military,33.66120833333333,,48,24,0.336612,30.212,29.073773229166665,38.78378713541667,59.0625,15.583333333333334
group,GPT-OSS-120B-Simple-Per-5,GPT-OSS-120B-Simple,Per-5,GPT-OSS-120B-Simple | Per-5,flavor_mobile_avg,Military,37.158795833333336,,48,24,0.371588,35.085300000000004,31.411782447916668,43.46917515625,67.08333333333333,13.5
group,GPT-OSS-120B-Simple-Per-5,GPT-OSS-120B-Simple,Per-5,GPT-OSS-120B-Simple | Per-5,flavor_nuke_avg,Nuclear,7.327288235294118,,17,12,0.073273,0.0,0.13771781250000018,21.641230687499995,12.352941176470589,5.882352941176471
group,GPT-OSS-120B-Simple-Per-5,GPT-OSS-120B-Simple,Per-5,GPT-OSS-120B-Simple | Per-5,flavor_use_nuke_avg,Nuclear,6.089964705882353,,17,12,0.0609,0.0,0.0,20.00588233333333,7.0588235294117645,5.882352941176471
group,GPT-OSS-120B-Simple-Per-5,GPT-OSS-120B-Simple,Per-5,GPT-OSS-120B-Simple | Per-5,flavor_naval_avg,Naval and air,48.90895833333334,,48,24,0.48909,46.8674,44.35124234375001,54.289044739583325,79.6875,16.979166666666668
group,GPT-OSS-120B-Simple-Per-5,GPT-OSS-120B-Simple,Per-5,GPT-OSS-120B-Simple | Per-5,flavor_naval_recon_avg,Naval and air,40.943952083333336,,48,24,0.40944,39.37715,36.136426093749996,46.71792203125,72.29166666666667,15.208333333333334
group,GPT-OSS-120B-Simple-Per-5,GPT-OSS-120B-Simple,Per-5,GPT-OSS-120B-Simple | Per-5,flavor_air_avg,Naval and air,17.673897435897437,,39,22,0.176739,11.3406,11.368152632783882,24.56140368421052,26.53846153846154,11.153846153846153
group,GPT-OSS-120B-Simple-Per-5,GPT-OSS-120B-Simple,Per-5,GPT-OSS-120B-Simple | Per-5,flavor_antiair_avg,Naval and air,9.83561282051282,,39,22,0.098356,1.0843,6.281030479729729,13.951068166666666,13.333333333333334,6.666666666666667
group,GPT-OSS-120B-Simple-Per-5,GPT-OSS-120B-Simple,Per-5,GPT-OSS-120B-Simple | Per-5,flavor_air_carrier_avg,Naval and air,8.743669230769232,,39,22,0.087437,0.0,5.135789804054054,12.699347654605264,13.58974358974359,5.0
group,GPT-OSS-120B-Simple-Per-5,GPT-OSS-120B-Simple,Per-5,GPT-OSS-120B-Simple | Per-5,flavor_airlift_avg,Naval and air,10.87152564102564,,39,22,0.108715,5.0,7.293940794807966,14.801682553158223,12.692307692307692,8.846153846153847
group,GPT-OSS-120B-Simple-Per-5,GPT-OSS-120B-Simple,Per-5,GPT-OSS-120B-Simple | Per-5,flavor_expansion_avg,Economy,56.57878125,,48,24,0.565788,57.408649999999994,53.23038338541667,59.89054296875,97.91666666666667,11.9375
group,GPT-OSS-120B-Simple-Per-5,GPT-OSS-120B-Simple,Per-5,GPT-OSS-120B-Simple | Per-5,flavor_growth_avg,Economy,66.28588958333334,,48,24,0.662859,68.34765,64.20651734375,68.16124635416666,88.54166666666667,38.333333333333336
group,GPT-OSS-120B-Simple-Per-5,GPT-OSS-120B-Simple,Per-5,GPT-OSS-120B-Simple | Per-5,flavor_tile_improvement_avg,Economy,58.6215875,,48,24,0.586216,59.943200000000004,55.88944963541667,61.32916151041667,76.45833333333333,40.0
group,GPT-OSS-120B-Simple-Per-5,GPT-OSS-120B-Simple,Per-5,GPT-OSS-120B-Simple | Per-5,flavor_infrastructure_avg,Economy,66.0681,,48,24,0.660681,66.9229,63.11775072916667,68.79500932291667,84.79166666666667,43.229166666666664
group,GPT-OSS-120B-Simple-Per-5,GPT-OSS-120B-Simple,Per-5,GPT-OSS-120B-Simple | Per-5,flavor_production_avg,Economy,79.83357500000001,,48,24,0.798336,81.14269999999999,75.84187682291667,83.61391890625,98.02083333333333,38.229166666666664
group,GPT-OSS-120B-Simple-Per-5,GPT-OSS-120B-Simple,Per-5,GPT-OSS-120B-Simple | Per-5,flavor_gold_avg,Economy,66.20562708333334,,48,24,0.662056,68.23095,62.519721927083324,69.77240416666667,90.41666666666667,37.8125
group,GPT-OSS-120B-Simple-Per-5,GPT-OSS-120B-Simple,Per-5,GPT-OSS-120B-Simple | Per-5,flavor_science_avg,Economy,66.7846375,,48,24,0.667846,62.6369,62.061740677083336,71.77907354166665,94.27083333333333,32.5
group,GPT-OSS-120B-Simple-Per-5,GPT-OSS-120B-Simple,Per-5,GPT-OSS-120B-Simple | Per-5,flavor_culture_avg,Economy,63.993541666666665,,48,24,0.639935,62.778099999999995,57.37734578125001,71.11979078124999,91.04166666666667,30.208333333333332
group,GPT-OSS-120B-Simple-Per-5,GPT-OSS-120B-Simple,Per-5,GPT-OSS-120B-Simple | Per-5,flavor_happiness_avg,Economy,79.15028333333333,,48,24,0.791503,80.25895,76.86183598958333,81.65812104166667,97.8125,43.75
group,GPT-OSS-120B-Simple-Per-5,GPT-OSS-120B-Simple,Per-5,GPT-OSS-120B-Simple | Per-5,flavor_naval_growth_avg,Economy,51.05311874999999,,48,24,0.510531,51.43775,45.63247083333334,57.644033645833346,79.58333333333333,21.041666666666668
group,GPT-OSS-120B-Simple-Per-5,GPT-OSS-120B-Simple,Per-5,GPT-OSS-120B-Simple | Per-5,flavor_naval_tile_improvement_avg,Economy,41.31498333333334,,48,24,0.41315,34.28675,35.811438125,46.865799791666674,67.70833333333333,20.416666666666668
group,GPT-OSS-120B-Simple-Per-5,GPT-OSS-120B-Simple,Per-5,GPT-OSS-120B-Simple | Per-5,flavor_water_connection_avg,Economy,47.91243541666666,,48,24,0.479124,47.78245,43.91347822916667,52.232933385416665,61.458333333333336,29.791666666666668
group,GPT-OSS-120B-Simple-Per-5,GPT-OSS-120B-Simple,Per-5,GPT-OSS-120B-Simple | Per-5,flavor_great_people_avg,Other,75.44065833333333,,48,24,0.754407,78.23875000000001,70.50776687499999,79.76171078124999,95.83333333333333,40.416666666666664
group,GPT-OSS-120B-Simple-Per-5,GPT-OSS-120B-Simple,Per-5,GPT-OSS-120B-Simple | Per-5,flavor_wonder_avg,Other,55.99480833333333,,48,24,0.559948,55.71045,48.371500572916666,63.25774963541666,92.08333333333333,14.375
group,GPT-OSS-120B-Simple-Per-5,GPT-OSS-120B-Simple,Per-5,GPT-OSS-120B-Simple | Per-5,flavor_religion_avg,Other,39.70917708333334,,48,24,0.397092,33.87325,34.59882614583333,45.240344531249995,68.4375,18.854166666666668
group,GPT-OSS-120B-Simple-Per-5,GPT-OSS-120B-Simple,Per-5,GPT-OSS-120B-Simple | Per-5,flavor_diplomacy_avg,Other,80.6857625,,48,24,0.806858,81.4514,75.76481307291667,85.07638541666667,99.79166666666667,30.833333333333332
group,GPT-OSS-120B-Simple-Per-5,GPT-OSS-120B-Simple,Per-5,GPT-OSS-120B-Simple | Per-5,flavor_espionage_avg,Other,64.67072708333333,,48,24,0.646707,66.79105,59.25297265625,69.17521010416667,98.54166666666667,17.5
group,GPT-OSS-120B-Simple-Per-5,GPT-OSS-120B-Simple,Per-5,GPT-OSS-120B-Simple | Per-5,flavor_spaceship_avg,Other,27.315427083333333,,48,24,0.273154,18.70245,18.11731760416667,37.18155927083333,68.64583333333333,6.666666666666667
group,Gemma-4-Simple,Gemma-4-Simple,Every-turn,Gemma-4-Simple | Every-turn,flavor_offense_avg,Military,64.73099166666667,,48,24,0.64731,64.18195,60.350367760416674,69.51338807291667,92.70833333333333,23.020833333333332
group,Gemma-4-Simple,Gemma-4-Simple,Every-turn,Gemma-4-Simple | Every-turn,flavor_defense_avg,Military,75.02736458333334,,48,24,0.750274,76.73795000000001,71.73043125000001,78.02598640625,98.54166666666667,43.958333333333336
group,Gemma-4-Simple,Gemma-4-Simple,Every-turn,Gemma-4-Simple | Every-turn,flavor_city_defense_avg,Military,71.46625625,,48,24,0.714663,73.28225,67.47328833333334,74.92022067708334,95.20833333333333,47.708333333333336
group,Gemma-4-Simple,Gemma-4-Simple,Every-turn,Gemma-4-Simple | Every-turn,flavor_mobilization_avg,Military,82.04822916666666,,48,24,0.820482,83.368,79.21493661458332,84.71325000000002,100.0,43.125
group,Gemma-4-Simple,Gemma-4-Simple,Every-turn,Gemma-4-Simple | Every-turn,flavor_military_training_avg,Military,79.28519375,,48,24,0.792852,80.27455,76.46355526041667,81.87535671875001,99.16666666666667,47.5
group,Gemma-4-Simple,Gemma-4-Simple,Every-turn,Gemma-4-Simple | Every-turn,flavor_recon_avg,Military,57.48068958333334,,48,24,0.574807,58.56625,55.91140848958334,59.09736229166666,68.54166666666667,51.666666666666664
group,Gemma-4-Simple,Gemma-4-Simple,Every-turn,Gemma-4-Simple | Every-turn,flavor_ranged_avg,Military,62.41272916666666,,48,24,0.624127,60.44255,58.973953645833326,66.28003494791666,77.91666666666667,50.0
group,Gemma-4-Simple,Gemma-4-Simple,Every-turn,Gemma-4-Simple | Every-turn,flavor_mobile_avg,Military,57.75298333333333,,48,24,0.57753,55.58625000000001,55.401603124999994,60.63927411458332,75.0,49.791666666666664
group,Gemma-4-Simple,Gemma-4-Simple,Every-turn,Gemma-4-Simple | Every-turn,flavor_nuke_avg,Nuclear,77.3716,,17,12,0.773716,77.6316,66.26073083333334,87.95182225232197,81.76470588235294,62.94117647058823
group,Gemma-4-Simple,Gemma-4-Simple,Every-turn,Gemma-4-Simple | Every-turn,flavor_use_nuke_avg,Nuclear,72.51222352941177,,17,12,0.725122,67.1053,62.78996822916667,83.5292701875,79.41176470588235,61.76470588235294
group,Gemma-4-Simple,Gemma-4-Simple,Every-turn,Gemma-4-Simple | Every-turn,flavor_naval_avg,Naval and air,64.96479166666667,,48,24,0.649648,64.06085,61.95055098958333,67.88355291666667,90.625,50.208333333333336
group,Gemma-4-Simple,Gemma-4-Simple,Every-turn,Gemma-4-Simple | Every-turn,flavor_naval_recon_avg,Naval and air,54.132825,,48,24,0.541328,50.0,52.03374317708334,56.68035927083332,60.0,50.833333333333336
group,Gemma-4-Simple,Gemma-4-Simple,Every-turn,Gemma-4-Simple | Every-turn,flavor_air_avg,Naval and air,65.11232380952382,,42,23,0.651123,68.3733,59.2375021590909,71.0570930681818,79.52380952380952,48.80952380952381
group,Gemma-4-Simple,Gemma-4-Simple,Every-turn,Gemma-4-Simple | Every-turn,flavor_antiair_avg,Naval and air,65.93250714285715,,42,23,0.659325,63.6833,60.44436262195122,72.28075229420733,80.47619047619048,48.80952380952381
group,Gemma-4-Simple,Gemma-4-Simple,Every-turn,Gemma-4-Simple | Every-turn,flavor_air_carrier_avg,Naval and air,52.57476428571429,,42,23,0.525748,50.0,49.48595551668806,56.69666556910568,53.80952380952381,48.80952380952381
group,Gemma-4-Simple,Gemma-4-Simple,Every-turn,Gemma-4-Simple | Every-turn,flavor_airlift_avg,Naval and air,50.63936428571428,,42,23,0.506394,50.0,47.29932142857143,54.511358139534885,51.19047619047619,48.80952380952381
group,Gemma-4-Simple,Gemma-4-Simple,Every-turn,Gemma-4-Simple | Every-turn,flavor_expansion_avg,Economy,37.905202083333336,,48,24,0.379052,35.65875,34.248726302083334,41.58870916666667,95.41666666666667,6.041666666666667
group,Gemma-4-Simple,Gemma-4-Simple,Every-turn,Gemma-4-Simple | Every-turn,flavor_growth_avg,Economy,60.806943749999995,,48,24,0.608069,62.260149999999996,57.515895781249995,63.47700484375,84.58333333333333,45.833333333333336
group,Gemma-4-Simple,Gemma-4-Simple,Every-turn,Gemma-4-Simple | Every-turn,flavor_tile_improvement_avg,Economy,62.90587708333334,,48,24,0.629059,64.17845,59.59090338541667,65.85939536458335,86.25,45.416666666666664
group,Gemma-4-Simple,Gemma-4-Simple,Every-turn,Gemma-4-Simple | Every-turn,flavor_infrastructure_avg,Economy,71.24638125,,48,24,0.712464,72.54050000000001,68.49710656250001,73.57181739583334,92.5,45.416666666666664
group,Gemma-4-Simple,Gemma-4-Simple,Every-turn,Gemma-4-Simple | Every-turn,flavor_production_avg,Economy,79.77874583333333,,48,24,0.797787,81.63284999999999,76.41489598958333,82.8947075,96.14583333333333,50.0
group,Gemma-4-Simple,Gemma-4-Simple,Every-turn,Gemma-4-Simple | Every-turn,flavor_gold_avg,Economy,81.2927375,,48,24,0.812927,83.0851,79.21372666666667,83.12699125,98.95833333333333,50.0
group,Gemma-4-Simple,Gemma-4-Simple,Every-turn,Gemma-4-Simple | Every-turn,flavor_science_avg,Economy,77.08243125,,48,24,0.770824,76.0238,75.07430609375001,79.10714729166666,97.29166666666667,51.25
group,Gemma-4-Simple,Gemma-4-Simple,Every-turn,Gemma-4-Simple | Every-turn,flavor_culture_avg,Economy,57.46562500000001,,48,24,0.574656,50.0,53.664503541666676,62.04775989583333,69.89583333333333,44.791666666666664
group,Gemma-4-Simple,Gemma-4-Simple,Every-turn,Gemma-4-Simple | Every-turn,flavor_happiness_avg,Economy,73.82627291666667,,48,24,0.738263,76.21525,71.24134093750001,76.30440744791667,94.79166666666667,48.958333333333336
group,Gemma-4-Simple,Gemma-4-Simple,Every-turn,Gemma-4-Simple | Every-turn,flavor_naval_growth_avg,Economy,50.80584166666667,,48,24,0.508058,50.0,49.49991463541666,52.536204166666664,51.875,48.958333333333336
group,Gemma-4-Simple,Gemma-4-Simple,Every-turn,Gemma-4-Simple | Every-turn,flavor_naval_tile_improvement_avg,Economy,51.807425,,48,24,0.518074,50.0,49.86047473958333,54.31763567708333,53.333333333333336,48.958333333333336
group,Gemma-4-Simple,Gemma-4-Simple,Every-turn,Gemma-4-Simple | Every-turn,flavor_water_connection_avg,Economy,50.29533333333333,,48,24,0.502953,50.0,49.213124739583336,51.354725,50.833333333333336,48.958333333333336
group,Gemma-4-Simple,Gemma-4-Simple,Every-turn,Gemma-4-Simple | Every-turn,flavor_great_people_avg,Other,52.672666666666665,,48,24,0.526727,50.0,50.30988541666667,55.677182187499994,56.875,48.958333333333336
group,Gemma-4-Simple,Gemma-4-Simple,Every-turn,Gemma-4-Simple | Every-turn,flavor_wonder_avg,Other,46.593927083333334,,48,24,0.465939,50.0,43.78548760416666,49.63457098958334,59.791666666666664,31.875
group,Gemma-4-Simple,Gemma-4-Simple,Every-turn,Gemma-4-Simple | Every-turn,flavor_religion_avg,Other,52.26813958333333,,48,24,0.522681,50.0,49.46887119791666,55.163772343750004,60.0,42.083333333333336
group,Gemma-4-Simple,Gemma-4-Simple,Every-turn,Gemma-4-Simple | Every-turn,flavor_diplomacy_avg,Other,56.682629166666665,,48,24,0.566826,53.0861,53.67374791666667,60.125681718749995,73.33333333333333,45.625
group,Gemma-4-Simple,Gemma-4-Simple,Every-turn,Gemma-4-Simple | Every-turn,flavor_espionage_avg,Other,52.4148375,,48,24,0.524148,50.0,50.7934309375,54.05933046875001,61.875,48.958333333333336
group,Gemma-4-Simple,Gemma-4-Simple,Every-turn,Gemma-4-Simple | Every-turn,flavor_spaceship_avg,Other,50.461637499999995,,48,24,0.504616,50.0,48.95405317708333,51.79013468749999,57.083333333333336,46.875
group,Gemma-4-Simple-Per-5,Gemma-4-Simple,Per-5,Gemma-4-Simple | Per-5,flavor_offense_avg,Military,62.059025,,48,24,0.62059,61.4752,57.8571515625,66.7460715625,90.72916666666667,32.083333333333336
group,Gemma-4-Simple-Per-5,Gemma-4-Simple,Per-5,Gemma-4-Simple | Per-5,flavor_defense_avg,Military,71.13373541666665,,48,24,0.711337,71.69545,68.39491723958334,73.78819822916668,94.6875,48.958333333333336
group,Gemma-4-Simple-Per-5,Gemma-4-Simple,Per-5,Gemma-4-Simple | Per-5,flavor_city_defense_avg,Military,65.86918541666667,,48,24,0.658692,65.09785,62.759539739583346,69.07877947916666,89.58333333333333,49.583333333333336
group,Gemma-4-Simple-Per-5,Gemma-4-Simple,Per-5,Gemma-4-Simple | Per-5,flavor_mobilization_avg,Military,75.00596875000001,,48,24,0.75006,74.37950000000001,72.35531348958332,77.41498463541667,98.64583333333333,44.375
group,Gemma-4-Simple-Per-5,Gemma-4-Simple,Per-5,Gemma-4-Simple | Per-5,flavor_military_training_avg,Military,75.64405208333334,,48,24,0.756441,76.72720000000001,72.86481989583332,77.99679515625,95.625,49.791666666666664
group,Gemma-4-Simple-Per-5,Gemma-4-Simple,Per-5,Gemma-4-Simple | Per-5,flavor_recon_avg,Military,58.9726375,,48,24,0.589726,59.8652,57.33020614583334,60.768606614583334,69.375,52.708333333333336
group,Gemma-4-Simple-Per-5,Gemma-4-Simple,Per-5,Gemma-4-Simple | Per-5,flavor_ranged_avg,Military,60.12946458333332,,48,24,0.601295,58.4376,57.239434583333335,62.94757421874999,74.16666666666667,49.791666666666664
group,Gemma-4-Simple-Per-5,Gemma-4-Simple,Per-5,Gemma-4-Simple | Per-5,flavor_mobile_avg,Military,55.85119375,,48,24,0.558512,50.61715,53.67025645833333,57.91818390625,66.5625,48.333333333333336
group,Gemma-4-Simple-Per-5,Gemma-4-Simple,Per-5,Gemma-4-Simple | Per-5,flavor_nuke_avg,Nuclear,74.51878235294117,,17,13,0.745188,80.0,63.43140709821429,83.51881535714284,77.6470588235294,66.47058823529412
group,Gemma-4-Simple-Per-5,Gemma-4-Simple,Per-5,Gemma-4-Simple | Per-5,flavor_use_nuke_avg,Nuclear,68.0666705882353,,17,13,0.680667,60.0,59.90171803846153,76.78453723958333,71.17647058823529,61.1764705882353
group,Gemma-4-Simple-Per-5,Gemma-4-Simple,Per-5,Gemma-4-Simple | Per-5,flavor_naval_avg,Naval and air,60.32006666666666,,48,24,0.603201,59.3245,57.611058177083336,63.64432953124999,77.91666666666667,49.583333333333336
group,Gemma-4-Simple-Per-5,Gemma-4-Simple,Per-5,Gemma-4-Simple | Per-5,flavor_naval_recon_avg,Naval and air,50.99598125,,48,24,0.50996,50.0,49.836292135416656,52.3754625,52.708333333333336,49.375
group,Gemma-4-Simple-Per-5,Gemma-4-Simple,Per-5,Gemma-4-Simple | Per-5,flavor_air_avg,Naval and air,65.5521925,,40,23,0.655522,63.13775,61.174563621049494,70.19657550348433,79.25,50.0
group,Gemma-4-Simple-Per-5,Gemma-4-Simple,Per-5,Gemma-4-Simple | Per-5,flavor_antiair_avg,Naval and air,55.783249999999995,,40,23,0.557832,50.0,52.44860167041078,59.35464656450578,66.25,49.25
group,Gemma-4-Simple-Per-5,Gemma-4-Simple,Per-5,Gemma-4-Simple | Per-5,flavor_air_carrier_avg,Naval and air,53.357884999999996,,40,23,0.533579,50.0,50.23205177337398,56.905660290697675,55.5,50.0
group,Gemma-4-Simple-Per-5,Gemma-4-Simple,Per-5,Gemma-4-Simple | Per-5,flavor_airlift_avg,Naval and air,51.103115,,40,23,0.511031,50.0,49.04761904761905,53.632793983552624,51.75,49.75
group,Gemma-4-Simple-Per-5,Gemma-4-Simple,Per-5,Gemma-4-Simple | Per-5,flavor_expansion_avg,Economy,47.18076666666667,,48,24,0.471808,47.148300000000006,43.2526934375,51.500711875,93.95833333333333,12.708333333333334
group,Gemma-4-Simple-Per-5,Gemma-4-Simple,Per-5,Gemma-4-Simple | Per-5,flavor_growth_avg,Economy,67.5828,,48,24,0.675828,67.74205,65.80135552083333,69.290060625,83.22916666666667,53.75
group,Gemma-4-Simple-Per-5,Gemma-4-Simple,Per-5,Gemma-4-Simple | Per-5,flavor_tile_improvement_avg,Economy,66.54500833333333,,48,24,0.66545,66.79060000000001,65.042885,67.86440968749999,79.79166666666667,50.625
group,Gemma-4-Simple-Per-5,Gemma-4-Simple,Per-5,Gemma-4-Simple | Per-5,flavor_infrastructure_avg,Economy,70.47044375,,48,24,0.704704,69.9517,69.11990348958334,71.98194151041666,86.66666666666667,50.0
group,Gemma-4-Simple-Per-5,Gemma-4-Simple,Per-5,Gemma-4-Simple | Per-5,flavor_production_avg,Economy,73.4498625,,48,24,0.734499,72.88865,71.19214109375,75.46034333333333,92.08333333333333,49.791666666666664
group,Gemma-4-Simple-Per-5,Gemma-4-Simple,Per-5,Gemma-4-Simple | Per-5,flavor_gold_avg,Economy,73.88289583333334,,48,24,0.738829,75.2987,71.44048385416666,76.27296005208333,94.79166666666667,49.791666666666664
group,Gemma-4-Simple-Per-5,Gemma-4-Simple,Per-5,Gemma-4-Simple | Per-5,flavor_science_avg,Economy,75.06877291666666,,48,24,0.750688,73.58924999999999,72.98870213541667,77.20277161458333,94.375,51.875
group,Gemma-4-Simple-Per-5,Gemma-4-Simple,Per-5,Gemma-4-Simple | Per-5,flavor_culture_avg,Economy,62.09793541666667,,48,24,0.620979,56.702600000000004,58.745981875000005,65.29108739583334,72.39583333333333,47.916666666666664
group,Gemma-4-Simple-Per-5,Gemma-4-Simple,Per-5,Gemma-4-Simple | Per-5,flavor_happiness_avg,Economy,70.72390416666667,,48,24,0.707239,72.227,67.39230979166666,73.66331171875,91.45833333333333,49.791666666666664
group,Gemma-4-Simple-Per-5,Gemma-4-Simple,Per-5,Gemma-4-Simple | Per-5,flavor_naval_growth_avg,Economy,50.949420833333335,,48,24,0.509494,50.0,49.68642755208333,52.51892557291667,52.083333333333336,49.375
group,Gemma-4-Simple-Per-5,Gemma-4-Simple,Per-5,Gemma-4-Simple | Per-5,flavor_naval_tile_improvement_avg,Economy,51.54116041666666,,48,24,0.515412,50.0,50.21337833333333,53.102263541666666,52.708333333333336,49.791666666666664
group,Gemma-4-Simple-Per-5,Gemma-4-Simple,Per-5,Gemma-4-Simple | Per-5,flavor_water_connection_avg,Economy,49.75491041666667,,48,24,0.497549,50.0,49.13409375,50.233383333333336,50.208333333333336,49.375
group,Gemma-4-Simple-Per-5,Gemma-4-Simple,Per-5,Gemma-4-Simple | Per-5,flavor_great_people_avg,Other,53.92655,,48,24,0.539265,50.0,51.93091958333333,56.01959666666667,61.25,49.791666666666664
group,Gemma-4-Simple-Per-5,Gemma-4-Simple,Per-5,Gemma-4-Simple | Per-5,flavor_wonder_avg,Other,51.68038958333333,,48,24,0.516804,50.0,48.41959192708334,54.821265624999995,62.291666666666664,40.0
group,Gemma-4-Simple-Per-5,Gemma-4-Simple,Per-5,Gemma-4-Simple | Per-5,flavor_religion_avg,Other,53.54957083333333,,48,24,0.535496,50.0,50.81407895833333,56.09110828125,60.625,47.083333333333336
group,Gemma-4-Simple-Per-5,Gemma-4-Simple,Per-5,Gemma-4-Simple | Per-5,flavor_diplomacy_avg,Other,57.3608875,,48,24,0.573609,50.0,54.42325833333334,60.33948223958333,65.83333333333333,49.583333333333336
group,Gemma-4-Simple-Per-5,Gemma-4-Simple,Per-5,Gemma-4-Simple | Per-5,flavor_espionage_avg,Other,51.20572083333334,,48,24,0.512057,50.0,50.414537968750004,52.037104375000006,57.5,49.791666666666664
group,Gemma-4-Simple-Per-5,Gemma-4-Simple,Per-5,Gemma-4-Simple | Per-5,flavor_spaceship_avg,Other,51.46707708333334,,48,24,0.514671,50.0,49.24807588541666,53.441384843749994,60.625,47.708333333333336
group,Kimi-K2.6-Simple,Kimi-K2.6-Simple,Every-turn,Kimi-K2.6-Simple | Every-turn,flavor_offense_avg,Military,34.69610208333333,,48,24,0.346961,25.997999999999998,28.975109166666666,41.347478124999995,86.77083333333333,2.2083333333333335
group,Kimi-K2.6-Simple,Kimi-K2.6-Simple,Every-turn,Kimi-K2.6-Simple | Every-turn,flavor_defense_avg,Military,68.21644583333334,,48,24,0.682164,69.85935,65.57913416666666,70.80253375,98.125,22.916666666666668
group,Kimi-K2.6-Simple,Kimi-K2.6-Simple,Every-turn,Kimi-K2.6-Simple | Every-turn,flavor_city_defense_avg,Military,65.16651458333332,,48,24,0.651665,67.34655,62.37745046875,68.12816546875,97.25,17.916666666666668
group,Kimi-K2.6-Simple,Kimi-K2.6-Simple,Every-turn,Kimi-K2.6-Simple | Every-turn,flavor_mobilization_avg,Military,57.13088541666667,,48,24,0.571309,57.85195,53.61954395833333,60.989163802083326,97.08333333333333,4.5
group,Kimi-K2.6-Simple,Kimi-K2.6-Simple,Every-turn,Kimi-K2.6-Simple | Every-turn,flavor_military_training_avg,Military,67.00920208333334,,48,24,0.670092,67.14760000000001,63.80089364583333,70.31200875,98.125,17.8125
group,Kimi-K2.6-Simple,Kimi-K2.6-Simple,Every-turn,Kimi-K2.6-Simple | Every-turn,flavor_recon_avg,Military,42.52172708333333,,48,24,0.425217,43.054050000000004,40.61414979166666,44.617922343749996,86.14583333333333,5.3125
group,Kimi-K2.6-Simple,Kimi-K2.6-Simple,Every-turn,Kimi-K2.6-Simple | Every-turn,flavor_ranged_avg,Military,66.438275,,48,24,0.664383,65.69300000000001,63.94796223958333,69.3171053125,96.14583333333333,22.729166666666668
group,Kimi-K2.6-Simple,Kimi-K2.6-Simple,Every-turn,Kimi-K2.6-Simple | Every-turn,flavor_mobile_avg,Military,50.016406249999996,,48,24,0.500164,45.67995,45.95107796875,55.07571572916666,87.5,12.625
group,Kimi-K2.6-Simple,Kimi-K2.6-Simple,Every-turn,Kimi-K2.6-Simple | Every-turn,flavor_nuke_avg,Nuclear,31.945562962962963,,27,18,0.319456,19.1176,18.92691055555555,43.27238927647784,50.96296296296296,13.74074074074074
group,Kimi-K2.6-Simple,Kimi-K2.6-Simple,Every-turn,Kimi-K2.6-Simple | Every-turn,flavor_use_nuke_avg,Nuclear,23.411055555555553,,27,18,0.234111,5.2597,12.018809230769229,34.38834564814814,43.0,9.481481481481481
group,Kimi-K2.6-Simple,Kimi-K2.6-Simple,Every-turn,Kimi-K2.6-Simple | Every-turn,flavor_naval_avg,Naval and air,43.92800208333333,,48,24,0.43928,44.815250000000006,38.14553927083334,49.18208010416667,88.85416666666667,7.729166666666667
group,Kimi-K2.6-Simple,Kimi-K2.6-Simple,Every-turn,Kimi-K2.6-Simple | Every-turn,flavor_naval_recon_avg,Naval and air,36.19892291666667,,48,24,0.361989,36.45015,31.471560312500003,40.7316784375,75.9375,5.645833333333333
group,Kimi-K2.6-Simple,Kimi-K2.6-Simple,Every-turn,Kimi-K2.6-Simple | Every-turn,flavor_air_avg,Naval and air,41.82372888888889,,45,24,0.418237,43.4211,33.30416970930233,50.24384385869565,71.57777777777778,8.133333333333333
group,Kimi-K2.6-Simple,Kimi-K2.6-Simple,Every-turn,Kimi-K2.6-Simple | Every-turn,flavor_antiair_avg,Naval and air,38.934846666666665,,45,24,0.389348,42.5806,31.439223180609286,46.502729270531404,66.24444444444444,9.911111111111111
group,Kimi-K2.6-Simple,Kimi-K2.6-Simple,Every-turn,Kimi-K2.6-Simple | Every-turn,flavor_air_carrier_avg,Naval and air,11.871702222222222,,45,24,0.118717,4.4578,6.667873011363638,17.197643132112812,18.91111111111111,3.688888888888889
group,Kimi-K2.6-Simple,Kimi-K2.6-Simple,Every-turn,Kimi-K2.6-Simple | Every-turn,flavor_airlift_avg,Naval and air,19.607915555555554,,45,24,0.196079,15.625,12.920909871119735,27.128461117290197,36.577777777777776,6.8
group,Kimi-K2.6-Simple,Kimi-K2.6-Simple,Every-turn,Kimi-K2.6-Simple | Every-turn,flavor_expansion_avg,Economy,26.023047916666666,,48,24,0.26023,25.34685,24.49605791666667,27.75777229166667,98.6875,0.0
group,Kimi-K2.6-Simple,Kimi-K2.6-Simple,Every-turn,Kimi-K2.6-Simple | Every-turn,flavor_growth_avg,Economy,74.596325,,48,24,0.745963,76.7936,71.81881083333333,77.15820380208334,97.66666666666667,22.708333333333332
group,Kimi-K2.6-Simple,Kimi-K2.6-Simple,Every-turn,Kimi-K2.6-Simple | Every-turn,flavor_tile_improvement_avg,Economy,68.70725,,48,24,0.687072,69.7588,66.74331744791667,70.53492729166666,96.35416666666667,21.666666666666668
group,Kimi-K2.6-Simple,Kimi-K2.6-Simple,Every-turn,Kimi-K2.6-Simple | Every-turn,flavor_infrastructure_avg,Economy,74.26014583333334,,48,24,0.742601,75.77475000000001,72.31918625,76.21920947916666,97.02083333333333,25.208333333333332
group,Kimi-K2.6-Simple,Kimi-K2.6-Simple,Every-turn,Kimi-K2.6-Simple | Every-turn,flavor_production_avg,Economy,88.34507708333332,,48,24,0.883451,88.64160000000001,87.46153770833332,89.15763171875001,100.0,48.020833333333336
group,Kimi-K2.6-Simple,Kimi-K2.6-Simple,Every-turn,Kimi-K2.6-Simple | Every-turn,flavor_gold_avg,Economy,75.0809625,,48,24,0.75081,74.82765,73.63789885416666,76.52350177083333,98.85416666666667,34.270833333333336
group,Kimi-K2.6-Simple,Kimi-K2.6-Simple,Every-turn,Kimi-K2.6-Simple | Every-turn,flavor_science_avg,Economy,86.50961875,,48,24,0.865096,86.5454,85.001135625,87.97126182291667,100.0,34.895833333333336
group,Kimi-K2.6-Simple,Kimi-K2.6-Simple,Every-turn,Kimi-K2.6-Simple | Every-turn,flavor_culture_avg,Economy,56.83736458333334,,48,24,0.568374,52.4621,51.89985812500001,62.15542213541667,94.625,10.833333333333334
group,Kimi-K2.6-Simple,Kimi-K2.6-Simple,Every-turn,Kimi-K2.6-Simple | Every-turn,flavor_happiness_avg,Economy,79.21752916666667,,48,24,0.792175,79.1422,77.51467760416665,80.93082796875,99.89583333333333,27.1875
group,Kimi-K2.6-Simple,Kimi-K2.6-Simple,Every-turn,Kimi-K2.6-Simple | Every-turn,flavor_naval_growth_avg,Economy,32.71605208333333,,48,24,0.327161,33.371750000000006,28.298982708333334,37.24686776041667,63.333333333333336,6.166666666666667
group,Kimi-K2.6-Simple,Kimi-K2.6-Simple,Every-turn,Kimi-K2.6-Simple | Every-turn,flavor_naval_tile_improvement_avg,Economy,30.116835416666664,,48,24,0.301168,30.0205,26.171046250000003,34.09658541666667,57.083333333333336,5.854166666666667
group,Kimi-K2.6-Simple,Kimi-K2.6-Simple,Every-turn,Kimi-K2.6-Simple | Every-turn,flavor_water_connection_avg,Economy,42.766062500000004,,48,24,0.427661,42.4096,38.69643526041666,46.67816588541667,73.22916666666667,12.395833333333334
group,Kimi-K2.6-Simple,Kimi-K2.6-Simple,Every-turn,Kimi-K2.6-Simple | Every-turn,flavor_great_people_avg,Other,63.96420416666666,,48,24,0.639642,65.7262,59.02685364583334,68.64726494791665,91.66666666666667,24.895833333333332
group,Kimi-K2.6-Simple,Kimi-K2.6-Simple,Every-turn,Kimi-K2.6-Simple | Every-turn,flavor_wonder_avg,Other,23.630399999999998,,48,24,0.236304,15.29965,17.97627375,29.55090833333333,73.02083333333333,0.3125
group,Kimi-K2.6-Simple,Kimi-K2.6-Simple,Every-turn,Kimi-K2.6-Simple | Every-turn,flavor_religion_avg,Other,36.687487499999996,,48,24,0.366875,38.08075,33.301343124999995,40.27571729166666,74.375,5.416666666666667
group,Kimi-K2.6-Simple,Kimi-K2.6-Simple,Every-turn,Kimi-K2.6-Simple | Every-turn,flavor_diplomacy_avg,Other,56.61319791666667,,48,24,0.566132,59.077600000000004,50.787785989583334,61.811931666666666,91.875,9.270833333333334
group,Kimi-K2.6-Simple,Kimi-K2.6-Simple,Every-turn,Kimi-K2.6-Simple | Every-turn,flavor_espionage_avg,Other,54.01298125,,48,24,0.54013,56.1977,50.1842003125,57.706896614583336,93.85416666666667,15.104166666666666
group,Kimi-K2.6-Simple,Kimi-K2.6-Simple,Every-turn,Kimi-K2.6-Simple | Every-turn,flavor_spaceship_avg,Other,51.25083958333334,,48,24,0.512508,49.1734,43.52414,58.69468526041666,89.0625,12.104166666666666
group,Kimi-K2.7-Simple,Kimi-K2.7-Simple,Every-turn,Kimi-K2.7-Simple | Every-turn,flavor_offense_avg,Military,32.367635416666666,,48,24,0.323676,28.9925,26.460124427083333,39.43841661458333,90.72916666666667,1.25
group,Kimi-K2.7-Simple,Kimi-K2.7-Simple,Every-turn,Kimi-K2.7-Simple | Every-turn,flavor_defense_avg,Military,68.86863333333334,,48,24,0.688686,69.4136,66.37954958333333,71.01933989583333,97.91666666666667,23.020833333333332
group,Kimi-K2.7-Simple,Kimi-K2.7-Simple,Every-turn,Kimi-K2.7-Simple | Every-turn,flavor_city_defense_avg,Military,66.19924791666666,,48,24,0.661992,66.41525,63.887881770833324,68.37092604166666,97.39583333333333,20.625
group,Kimi-K2.7-Simple,Kimi-K2.7-Simple,Every-turn,Kimi-K2.7-Simple | Every-turn,flavor_mobilization_avg,Military,54.48010625,,48,24,0.544801,56.873900000000006,51.33923192708333,57.957081718750004,97.29166666666667,3.0208333333333335
group,Kimi-K2.7-Simple,Kimi-K2.7-Simple,Every-turn,Kimi-K2.7-Simple | Every-turn,flavor_military_training_avg,Military,68.24814583333334,,48,24,0.682481,68.59334999999999,65.21766161458333,70.89578229166666,98.64583333333333,18.4375
group,Kimi-K2.7-Simple,Kimi-K2.7-Simple,Every-turn,Kimi-K2.7-Simple | Every-turn,flavor_recon_avg,Military,42.63518333333334,,48,24,0.426352,42.53985,41.28439921875,44.3119765625,86.45833333333333,2.7083333333333335
group,Kimi-K2.7-Simple,Kimi-K2.7-Simple,Every-turn,Kimi-K2.7-Simple | Every-turn,flavor_ranged_avg,Military,64.65429375000001,,48,24,0.646543,64.71785,61.420239427083324,67.47765614583334,97.8125,20.625
group,Kimi-K2.7-Simple,Kimi-K2.7-Simple,Every-turn,Kimi-K2.7-Simple | Every-turn,flavor_mobile_avg,Military,46.049704166666665,,48,24,0.460497,41.7474,41.80093182291666,51.010952239583325,92.91666666666667,8.020833333333334
group,Kimi-K2.7-Simple,Kimi-K2.7-Simple,Every-turn,Kimi-K2.7-Simple | Every-turn,flavor_nuke_avg,Nuclear,33.39568076923077,,26,15,0.333957,29.41865,22.89234852678572,44.57599276785714,70.96153846153847,3.8461538461538463
group,Kimi-K2.7-Simple,Kimi-K2.7-Simple,Every-turn,Kimi-K2.7-Simple | Every-turn,flavor_use_nuke_avg,Nuclear,20.731457692307693,,26,15,0.207315,8.75875,12.360637637987011,29.367463125000004,55.96153846153846,0.0
group,Kimi-K2.7-Simple,Kimi-K2.7-Simple,Every-turn,Kimi-K2.7-Simple | Every-turn,flavor_naval_avg,Naval and air,44.67590416666667,,48,24,0.446759,42.254850000000005,40.43675098958333,49.26797072916666,93.33333333333333,5.9375
group,Kimi-K2.7-Simple,Kimi-K2.7-Simple,Every-turn,Kimi-K2.7-Simple | Every-turn,flavor_naval_recon_avg,Naval and air,34.75519791666667,,48,24,0.347552,33.214,31.37213890625,38.710375104166665,86.35416666666667,2.5
group,Kimi-K2.7-Simple,Kimi-K2.7-Simple,Every-turn,Kimi-K2.7-Simple | Every-turn,flavor_air_avg,Naval and air,50.07007954545454,,44,24,0.500701,50.6173,41.71162716208134,56.97323570652174,87.8409090909091,5.568181818181818
group,Kimi-K2.7-Simple,Kimi-K2.7-Simple,Every-turn,Kimi-K2.7-Simple | Every-turn,flavor_antiair_avg,Naval and air,52.40268181818181,,44,24,0.524027,57.2195,44.31563475145349,59.445859366784624,85.79545454545455,8.295454545454545
group,Kimi-K2.7-Simple,Kimi-K2.7-Simple,Every-turn,Kimi-K2.7-Simple | Every-turn,flavor_air_carrier_avg,Naval and air,7.312486363636364,,44,24,0.073125,0.0,3.3435476993355486,12.091798747357293,25.795454545454547,0.0
group,Kimi-K2.7-Simple,Kimi-K2.7-Simple,Every-turn,Kimi-K2.7-Simple | Every-turn,flavor_airlift_avg,Naval and air,20.904738636363636,,44,24,0.209047,9.9042,13.213596977134145,28.840132771739125,44.88636363636363,2.3863636363636362
group,Kimi-K2.7-Simple,Kimi-K2.7-Simple,Every-turn,Kimi-K2.7-Simple | Every-turn,flavor_expansion_avg,Economy,30.08762916666667,,48,24,0.300876,29.31815,28.275560885416667,31.91906979166667,98.75,0.0
group,Kimi-K2.7-Simple,Kimi-K2.7-Simple,Every-turn,Kimi-K2.7-Simple | Every-turn,flavor_growth_avg,Economy,73.00047500000001,,48,24,0.730005,73.08,71.46915421875,74.48299953125,97.29166666666667,19.791666666666668
group,Kimi-K2.7-Simple,Kimi-K2.7-Simple,Every-turn,Kimi-K2.7-Simple | Every-turn,flavor_tile_improvement_avg,Economy,68.52547500000001,,48,24,0.685255,68.36455000000001,66.98326473958332,69.93967796875,97.08333333333333,19.166666666666668
group,Kimi-K2.7-Simple,Kimi-K2.7-Simple,Every-turn,Kimi-K2.7-Simple | Every-turn,flavor_infrastructure_avg,Economy,72.74215,,48,24,0.727421,72.14025000000001,71.34188333333333,74.13456760416666,97.8125,25.3125
group,Kimi-K2.7-Simple,Kimi-K2.7-Simple,Every-turn,Kimi-K2.7-Simple | Every-turn,flavor_production_avg,Economy,89.01058958333333,,48,24,0.890106,89.38755,87.94868390625001,89.98572838541666,99.89583333333333,49.479166666666664
group,Kimi-K2.7-Simple,Kimi-K2.7-Simple,Every-turn,Kimi-K2.7-Simple | Every-turn,flavor_gold_avg,Economy,74.38919375,,48,24,0.743892,73.33585,73.05420036458332,75.87436463541667,99.375,36.875
group,Kimi-K2.7-Simple,Kimi-K2.7-Simple,Every-turn,Kimi-K2.7-Simple | Every-turn,flavor_science_avg,Economy,88.10546041666667,,48,24,0.881055,87.62685,87.16874598958334,89.07704625000001,100.0,37.708333333333336
group,Kimi-K2.7-Simple,Kimi-K2.7-Simple,Every-turn,Kimi-K2.7-Simple | Every-turn,flavor_culture_avg,Economy,57.36436041666667,,48,24,0.573644,52.6054,53.54504546875,61.048578750000004,97.08333333333333,9.166666666666666
group,Kimi-K2.7-Simple,Kimi-K2.7-Simple,Every-turn,Kimi-K2.7-Simple | Every-turn,flavor_happiness_avg,Economy,79.62543958333333,,48,24,0.796254,80.47265,77.84315927083333,81.02522890625,100.0,24.895833333333332
group,Kimi-K2.7-Simple,Kimi-K2.7-Simple,Every-turn,Kimi-K2.7-Simple | Every-turn,flavor_naval_growth_avg,Economy,28.18287083333333,,48,24,0.281829,26.61,24.56901307291667,32.19671197916666,67.60416666666667,2.0833333333333335
group,Kimi-K2.7-Simple,Kimi-K2.7-Simple,Every-turn,Kimi-K2.7-Simple | Every-turn,flavor_naval_tile_improvement_avg,Economy,24.674420833333333,,48,24,0.246744,24.22485,21.41414125,28.304368385416662,65.3125,1.875
group,Kimi-K2.7-Simple,Kimi-K2.7-Simple,Every-turn,Kimi-K2.7-Simple | Every-turn,flavor_water_connection_avg,Economy,37.748158333333336,,48,24,0.377482,38.15935,34.67043380208334,40.82357953125,78.75,4.583333333333333
group,Kimi-K2.7-Simple,Kimi-K2.7-Simple,Every-turn,Kimi-K2.7-Simple | Every-turn,flavor_great_people_avg,Other,64.98881041666668,,48,24,0.649888,67.4065,61.83867807291667,67.83596375,96.45833333333333,23.020833333333332
group,Kimi-K2.7-Simple,Kimi-K2.7-Simple,Every-turn,Kimi-K2.7-Simple | Every-turn,flavor_wonder_avg,Other,25.077047916666668,,48,24,0.25077,17.517400000000002,19.782168489583334,30.236077552083334,80.3125,1.0416666666666667
group,Kimi-K2.7-Simple,Kimi-K2.7-Simple,Every-turn,Kimi-K2.7-Simple | Every-turn,flavor_religion_avg,Other,33.82898541666667,,48,24,0.33829,34.0111,29.75046588541667,37.85131505208333,80.72916666666667,1.9791666666666667
group,Kimi-K2.7-Simple,Kimi-K2.7-Simple,Every-turn,Kimi-K2.7-Simple | Every-turn,flavor_diplomacy_avg,Other,65.46002499999999,,48,24,0.6546,66.67945,61.78774859375,69.40050645833333,98.95833333333333,10.104166666666666
group,Kimi-K2.7-Simple,Kimi-K2.7-Simple,Every-turn,Kimi-K2.7-Simple | Every-turn,flavor_espionage_avg,Other,56.05636666666666,,48,24,0.560564,55.7585,54.091426875,57.91046651041667,98.64583333333333,11.354166666666666
group,Kimi-K2.7-Simple,Kimi-K2.7-Simple,Every-turn,Kimi-K2.7-Simple | Every-turn,flavor_spaceship_avg,Other,52.164106249999996,,48,24,0.521641,56.6906,45.243716718749994,59.499088593749995,89.16666666666667,9.375
group,Kimi-K2.7-Simple-Per-5,Kimi-K2.7-Simple,Per-5,Kimi-K2.7-Simple | Per-5,flavor_offense_avg,Military,37.304906249999995,,48,24,0.373049,30.92755,30.51969291666667,43.38807692708333,84.79166666666667,4.479166666666667
group,Kimi-K2.7-Simple-Per-5,Kimi-K2.7-Simple,Per-5,Kimi-K2.7-Simple | Per-5,flavor_defense_avg,Military,68.43604375,,48,24,0.68436,71.5541,66.77190046874999,69.94719489583333,94.47916666666667,38.75
group,Kimi-K2.7-Simple-Per-5,Kimi-K2.7-Simple,Per-5,Kimi-K2.7-Simple | Per-5,flavor_city_defense_avg,Military,65.943,,48,24,0.65943,67.9878,64.06551885416667,67.79488286458333,93.54166666666667,35.833333333333336
group,Kimi-K2.7-Simple-Per-5,Kimi-K2.7-Simple,Per-5,Kimi-K2.7-Simple | Per-5,flavor_mobilization_avg,Military,56.95884375,,48,24,0.569588,55.491749999999996,52.598107708333345,60.965006197916665,93.4375,11.875
group,Kimi-K2.7-Simple-Per-5,Kimi-K2.7-Simple,Per-5,Kimi-K2.7-Simple | Per-5,flavor_military_training_avg,Military,67.89088125,,48,24,0.678909,66.58019999999999,64.56532588541667,71.4963040625,93.64583333333333,31.145833333333332
group,Kimi-K2.7-Simple-Per-5,Kimi-K2.7-Simple,Per-5,Kimi-K2.7-Simple | Per-5,flavor_recon_avg,Military,45.68725416666666,,48,24,0.456873,46.4354,43.35281239583333,48.05056328124999,78.64583333333333,13.4375
group,Kimi-K2.7-Simple-Per-5,Kimi-K2.7-Simple,Per-5,Kimi-K2.7-Simple | Per-5,flavor_ranged_avg,Military,65.06037916666666,,48,24,0.650604,64.588,61.6260775,68.22173723958333,91.875,34.583333333333336
group,Kimi-K2.7-Simple-Per-5,Kimi-K2.7-Simple,Per-5,Kimi-K2.7-Simple | Per-5,flavor_mobile_avg,Military,50.63398333333333,,48,24,0.50634,48.6842,46.68375666666667,54.62233927083333,85.625,21.770833333333332
group,Kimi-K2.7-Simple-Per-5,Kimi-K2.7-Simple,Per-5,Kimi-K2.7-Simple | Per-5,flavor_nuke_avg,Nuclear,40.71944,,25,16,0.407194,37.2581,27.35066035714286,54.471086444805195,59.4,22.4
group,Kimi-K2.7-Simple-Per-5,Kimi-K2.7-Simple,Per-5,Kimi-K2.7-Simple | Per-5,flavor_use_nuke_avg,Nuclear,21.631608,,25,16,0.216316,0.0,12.083284027777777,33.33173725,35.8,7.4
group,Kimi-K2.7-Simple-Per-5,Kimi-K2.7-Simple,Per-5,Kimi-K2.7-Simple | Per-5,flavor_naval_avg,Naval and air,52.44219999999999,,48,24,0.524422,52.39845,47.82005416666666,56.44297677083333,90.10416666666667,17.604166666666668
group,Kimi-K2.7-Simple-Per-5,Kimi-K2.7-Simple,Per-5,Kimi-K2.7-Simple | Per-5,flavor_naval_recon_avg,Naval and air,43.596262499999995,,48,24,0.435963,42.91025,40.075906249999996,47.74601911458333,76.875,13.4375
group,Kimi-K2.7-Simple-Per-5,Kimi-K2.7-Simple,Per-5,Kimi-K2.7-Simple | Per-5,flavor_air_avg,Naval and air,52.050042222222224,,45,24,0.5205,59.9254,44.62476197674419,57.79645749074931,85.66666666666667,13.88888888888889
group,Kimi-K2.7-Simple-Per-5,Kimi-K2.7-Simple,Per-5,Kimi-K2.7-Simple | Per-5,flavor_antiair_avg,Naval and air,54.37247777777779,,45,24,0.543725,59.9231,47.037777500000004,61.64971683712121,82.22222222222223,20.333333333333332
group,Kimi-K2.7-Simple-Per-5,Kimi-K2.7-Simple,Per-5,Kimi-K2.7-Simple | Per-5,flavor_air_carrier_avg,Naval and air,11.749413333333331,,45,24,0.117494,4.0,7.863828538647343,16.572966763144592,22.333333333333332,3.4444444444444446
group,Kimi-K2.7-Simple-Per-5,Kimi-K2.7-Simple,Per-5,Kimi-K2.7-Simple | Per-5,flavor_airlift_avg,Naval and air,19.25604888888889,,45,24,0.19256,14.6897,15.870049580039526,22.81819947938689,36.0,8.88888888888889
group,Kimi-K2.7-Simple-Per-5,Kimi-K2.7-Simple,Per-5,Kimi-K2.7-Simple | Per-5,flavor_expansion_avg,Economy,32.481791666666666,,48,24,0.324818,32.03695,29.396664166666664,35.80922494791667,95.9375,0.0
group,Kimi-K2.7-Simple-Per-5,Kimi-K2.7-Simple,Per-5,Kimi-K2.7-Simple | Per-5,flavor_growth_avg,Economy,76.50169375,,48,24,0.765017,76.1242,74.75194546875,78.3227096875,94.58333333333333,44.791666666666664
group,Kimi-K2.7-Simple-Per-5,Kimi-K2.7-Simple,Per-5,Kimi-K2.7-Simple | Per-5,flavor_tile_improvement_avg,Economy,71.9704,,48,24,0.719704,73.098,70.26609473958334,73.64054447916666,92.60416666666667,37.395833333333336
group,Kimi-K2.7-Simple-Per-5,Kimi-K2.7-Simple,Per-5,Kimi-K2.7-Simple | Per-5,flavor_infrastructure_avg,Economy,74.51565208333334,,48,24,0.745157,74.9904,72.7619371875,76.08939338541667,94.89583333333333,39.6875
group,Kimi-K2.7-Simple-Per-5,Kimi-K2.7-Simple,Per-5,Kimi-K2.7-Simple | Per-5,flavor_production_avg,Economy,87.35993125,,48,24,0.873599,87.0714,86.49895333333333,88.37741833333332,99.79166666666667,50.104166666666664
group,Kimi-K2.7-Simple-Per-5,Kimi-K2.7-Simple,Per-5,Kimi-K2.7-Simple | Per-5,flavor_gold_avg,Economy,73.44399166666666,,48,24,0.73444,72.7971,72.10229125000001,74.89997031249999,96.45833333333333,46.458333333333336
group,Kimi-K2.7-Simple-Per-5,Kimi-K2.7-Simple,Per-5,Kimi-K2.7-Simple | Per-5,flavor_science_avg,Economy,86.67659375,,48,24,0.866766,86.4346,85.70751885416668,87.74539911458334,99.89583333333333,46.875
group,Kimi-K2.7-Simple-Per-5,Kimi-K2.7-Simple,Per-5,Kimi-K2.7-Simple | Per-5,flavor_culture_avg,Economy,61.792397916666665,,48,24,0.617924,57.649699999999996,58.377266197916654,65.66096229166666,90.83333333333333,19.791666666666668
group,Kimi-K2.7-Simple-Per-5,Kimi-K2.7-Simple,Per-5,Kimi-K2.7-Simple | Per-5,flavor_happiness_avg,Economy,78.49888333333332,,48,24,0.784989,78.10285,76.77797864583333,80.24783182291667,99.375,35.208333333333336
group,Kimi-K2.7-Simple-Per-5,Kimi-K2.7-Simple,Per-5,Kimi-K2.7-Simple | Per-5,flavor_naval_growth_avg,Economy,40.56608958333333,,48,24,0.405661,41.00935,37.44228432291667,44.10941411458333,65.10416666666667,11.979166666666666
group,Kimi-K2.7-Simple-Per-5,Kimi-K2.7-Simple,Per-5,Kimi-K2.7-Simple | Per-5,flavor_naval_tile_improvement_avg,Economy,37.39646875,,48,24,0.373965,36.20415,34.268880260416665,40.62815953125,59.479166666666664,10.208333333333334
group,Kimi-K2.7-Simple-Per-5,Kimi-K2.7-Simple,Per-5,Kimi-K2.7-Simple | Per-5,flavor_water_connection_avg,Economy,47.60445625,,48,24,0.476045,47.857699999999994,45.322180625,49.607122187499996,68.85416666666667,18.75
group,Kimi-K2.7-Simple-Per-5,Kimi-K2.7-Simple,Per-5,Kimi-K2.7-Simple | Per-5,flavor_great_people_avg,Other,69.111125,,48,24,0.691111,71.16069999999999,66.23489395833333,72.06242734375,94.16666666666667,40.208333333333336
group,Kimi-K2.7-Simple-Per-5,Kimi-K2.7-Simple,Per-5,Kimi-K2.7-Simple | Per-5,flavor_wonder_avg,Other,33.014470833333334,,48,24,0.330145,27.91555,26.752563906250003,39.49828458333333,73.4375,3.3333333333333335
group,Kimi-K2.7-Simple-Per-5,Kimi-K2.7-Simple,Per-5,Kimi-K2.7-Simple | Per-5,flavor_religion_avg,Other,40.05119375,,48,24,0.400512,40.1152,36.541239166666664,43.54805744791666,76.45833333333333,5.416666666666667
group,Kimi-K2.7-Simple-Per-5,Kimi-K2.7-Simple,Per-5,Kimi-K2.7-Simple | Per-5,flavor_diplomacy_avg,Other,64.17241041666666,,48,24,0.641724,61.0232,59.15164489583334,69.51170604166667,93.22916666666667,20.625
group,Kimi-K2.7-Simple-Per-5,Kimi-K2.7-Simple,Per-5,Kimi-K2.7-Simple | Per-5,flavor_espionage_avg,Other,60.644754166666665,,48,24,0.606448,61.457,58.62688645833333,62.795197968749996,95.3125,30.520833333333332
group,Kimi-K2.7-Simple-Per-5,Kimi-K2.7-Simple,Per-5,Kimi-K2.7-Simple | Per-5,flavor_spaceship_avg,Other,52.550974999999994,,48,24,0.52551,52.39875,46.49062786458334,58.48214119791667,86.875,14.583333333333334
group,MiniMax-M2.7-Simple,MiniMax-M2.7-Simple,Every-turn,MiniMax-M2.7-Simple | Every-turn,flavor_offense_avg,Military,64.80530833333333,,48,24,0.648053,60.0742,57.629350260416665,72.27509937500001,87.1875,36.041666666666664
group,MiniMax-M2.7-Simple,MiniMax-M2.7-Simple,Every-turn,MiniMax-M2.7-Simple | Every-turn,flavor_defense_avg,Military,63.46898541666667,,48,24,0.63469,65.71145,58.681318645833336,67.93187692708334,88.85416666666667,40.104166666666664
group,MiniMax-M2.7-Simple,MiniMax-M2.7-Simple,Every-turn,MiniMax-M2.7-Simple | Every-turn,flavor_city_defense_avg,Military,65.37691875,,48,24,0.653769,64.30645,62.26501348958333,68.70780390624999,79.89583333333333,49.583333333333336
group,MiniMax-M2.7-Simple,MiniMax-M2.7-Simple,Every-turn,MiniMax-M2.7-Simple | Every-turn,flavor_mobilization_avg,Military,53.17976458333334,,48,24,0.531798,50.0,51.09339067708333,55.30108677083334,59.895833333333336,47.5
group,MiniMax-M2.7-Simple,MiniMax-M2.7-Simple,Every-turn,MiniMax-M2.7-Simple | Every-turn,flavor_military_training_avg,Military,73.36172499999999,,48,24,0.733617,73.605,67.79890588541667,78.97554239583333,90.72916666666667,49.166666666666664
group,MiniMax-M2.7-Simple,MiniMax-M2.7-Simple,Every-turn,MiniMax-M2.7-Simple | Every-turn,flavor_recon_avg,Military,51.78372083333333,,48,24,0.517837,50.375299999999996,45.706651041666674,57.85537765625,66.14583333333333,36.979166666666664
group,MiniMax-M2.7-Simple,MiniMax-M2.7-Simple,Every-turn,MiniMax-M2.7-Simple | Every-turn,flavor_ranged_avg,Military,59.63504791666666,,48,24,0.59635,50.7882,55.500719843750005,63.876671718749996,67.5,46.666666666666664
group,MiniMax-M2.7-Simple,MiniMax-M2.7-Simple,Every-turn,MiniMax-M2.7-Simple | Every-turn,flavor_mobile_avg,Military,60.72429791666667,,48,24,0.607243,53.52405,55.88197338541667,65.98776213541667,68.85416666666667,49.375
group,MiniMax-M2.7-Simple,MiniMax-M2.7-Simple,Every-turn,MiniMax-M2.7-Simple | Every-turn,flavor_nuke_avg,Nuclear,45.023649999999996,,14,10,0.450236,50.0,31.655714285714293,56.929541666666665,50.714285714285715,40.0
group,MiniMax-M2.7-Simple,MiniMax-M2.7-Simple,Every-turn,MiniMax-M2.7-Simple | Every-turn,flavor_use_nuke_avg,Nuclear,38.55757857142857,,14,10,0.385576,49.6,22.781684230769233,52.68299725183823,43.214285714285715,33.214285714285715
group,MiniMax-M2.7-Simple,MiniMax-M2.7-Simple,Every-turn,MiniMax-M2.7-Simple | Every-turn,flavor_naval_avg,Naval and air,54.14328958333334,,48,24,0.541433,50.5088,50.25212249999999,58.792735625000006,66.77083333333333,41.979166666666664
group,MiniMax-M2.7-Simple,MiniMax-M2.7-Simple,Every-turn,MiniMax-M2.7-Simple | Every-turn,flavor_naval_recon_avg,Naval and air,51.6965875,,48,24,0.516966,50.0,48.66716317708333,54.395249375000006,59.375,44.166666666666664
group,MiniMax-M2.7-Simple,MiniMax-M2.7-Simple,Every-turn,MiniMax-M2.7-Simple | Every-turn,flavor_air_avg,Naval and air,46.929881081081085,,37,21,0.469299,50.0,42.75901604166667,51.569450975302416,48.108108108108105,45.54054054054054
group,MiniMax-M2.7-Simple,MiniMax-M2.7-Simple,Every-turn,MiniMax-M2.7-Simple | Every-turn,flavor_antiair_avg,Naval and air,50.085921621621615,,37,21,0.500859,50.0,48.51233727272727,51.05076891666666,53.513513513513516,49.729729729729726
group,MiniMax-M2.7-Simple,MiniMax-M2.7-Simple,Every-turn,MiniMax-M2.7-Simple | Every-turn,flavor_air_carrier_avg,Naval and air,48.92327837837838,,37,21,0.489233,50.0,47.295532434309315,50.008718918918916,49.189189189189186,48.91891891891892
group,MiniMax-M2.7-Simple,MiniMax-M2.7-Simple,Every-turn,MiniMax-M2.7-Simple | Every-turn,flavor_airlift_avg,Naval and air,48.11246756756757,,37,21,0.481125,50.0,45.714285714285715,50.00413861842105,48.37837837837838,48.108108108108105
group,MiniMax-M2.7-Simple,MiniMax-M2.7-Simple,Every-turn,MiniMax-M2.7-Simple | Every-turn,flavor_expansion_avg,Economy,54.97386875000001,,48,24,0.549739,55.51105,50.917140781250005,58.53453848958333,78.85416666666667,33.125
group,MiniMax-M2.7-Simple,MiniMax-M2.7-Simple,Every-turn,MiniMax-M2.7-Simple | Every-turn,flavor_growth_avg,Economy,51.4164625,,48,24,0.514165,54.41755,47.001018489583345,55.7929575,65.41666666666667,39.0
group,MiniMax-M2.7-Simple,MiniMax-M2.7-Simple,Every-turn,MiniMax-M2.7-Simple | Every-turn,flavor_tile_improvement_avg,Economy,50.01016875,,48,24,0.500102,50.0,47.6570434375,52.17729281249999,53.645833333333336,44.208333333333336
group,MiniMax-M2.7-Simple,MiniMax-M2.7-Simple,Every-turn,MiniMax-M2.7-Simple | Every-turn,flavor_infrastructure_avg,Economy,50.29217916666666,,48,24,0.502922,50.0,49.16677177083333,51.30243421875001,52.083333333333336,48.020833333333336
group,MiniMax-M2.7-Simple,MiniMax-M2.7-Simple,Every-turn,MiniMax-M2.7-Simple | Every-turn,flavor_production_avg,Economy,64.19460416666668,,48,24,0.641946,59.151250000000005,60.02928786458334,68.63002947916667,72.29166666666667,51.770833333333336
group,MiniMax-M2.7-Simple,MiniMax-M2.7-Simple,Every-turn,MiniMax-M2.7-Simple | Every-turn,flavor_gold_avg,Economy,59.204245833333324,,48,24,0.592042,60.4477,55.229734218749996,62.28302369791667,74.16666666666667,43.229166666666664
group,MiniMax-M2.7-Simple,MiniMax-M2.7-Simple,Every-turn,MiniMax-M2.7-Simple | Every-turn,flavor_science_avg,Economy,67.71281666666667,,48,24,0.677128,66.20904999999999,64.30889078125,71.08695541666667,82.60416666666667,48.854166666666664
group,MiniMax-M2.7-Simple,MiniMax-M2.7-Simple,Every-turn,MiniMax-M2.7-Simple | Every-turn,flavor_culture_avg,Economy,71.89129791666666,,48,24,0.718913,85.1023,64.31292786458333,78.74482322916666,82.39583333333333,45.729166666666664
group,MiniMax-M2.7-Simple,MiniMax-M2.7-Simple,Every-turn,MiniMax-M2.7-Simple | Every-turn,flavor_happiness_avg,Economy,63.15861666666666,,48,24,0.631586,61.2548,60.031406822916665,66.27612062499999,75.83333333333333,48.854166666666664
group,MiniMax-M2.7-Simple,MiniMax-M2.7-Simple,Every-turn,MiniMax-M2.7-Simple | Every-turn,flavor_naval_growth_avg,Economy,51.03574791666667,,48,24,0.510357,50.0,47.65827947916667,54.086061822916676,54.791666666666664,46.458333333333336
group,MiniMax-M2.7-Simple,MiniMax-M2.7-Simple,Every-turn,MiniMax-M2.7-Simple | Every-turn,flavor_naval_tile_improvement_avg,Economy,49.63585416666666,,48,24,0.496359,50.0,47.172113177083325,52.15448817708333,51.979166666666664,46.875
group,MiniMax-M2.7-Simple,MiniMax-M2.7-Simple,Every-turn,MiniMax-M2.7-Simple | Every-turn,flavor_water_connection_avg,Economy,52.361670833333335,,48,24,0.523617,50.0,51.080789166666676,53.798296354166666,53.333333333333336,50.0
group,MiniMax-M2.7-Simple,MiniMax-M2.7-Simple,Every-turn,MiniMax-M2.7-Simple | Every-turn,flavor_great_people_avg,Other,67.21737291666666,,48,24,0.672174,75.49934999999999,61.48215062500001,72.651164375,78.33333333333333,45.520833333333336
group,MiniMax-M2.7-Simple,MiniMax-M2.7-Simple,Every-turn,MiniMax-M2.7-Simple | Every-turn,flavor_wonder_avg,Other,51.466447916666674,,48,24,0.514664,50.0,46.80279932291667,56.22707984374999,63.958333333333336,40.208333333333336
group,MiniMax-M2.7-Simple,MiniMax-M2.7-Simple,Every-turn,MiniMax-M2.7-Simple | Every-turn,flavor_religion_avg,Other,55.62800625,,48,24,0.55628,53.177800000000005,51.38670197916667,59.601092395833334,66.35416666666667,46.5625
group,MiniMax-M2.7-Simple,MiniMax-M2.7-Simple,Every-turn,MiniMax-M2.7-Simple | Every-turn,flavor_diplomacy_avg,Other,70.32715416666666,,48,24,0.703272,73.30305,65.74989286458333,74.64173322916668,92.39583333333333,47.395833333333336
group,MiniMax-M2.7-Simple,MiniMax-M2.7-Simple,Every-turn,MiniMax-M2.7-Simple | Every-turn,flavor_espionage_avg,Other,74.88443541666668,,48,24,0.748844,77.11484999999999,70.16798723958334,79.195210625,94.79166666666667,47.708333333333336
group,MiniMax-M2.7-Simple,MiniMax-M2.7-Simple,Every-turn,MiniMax-M2.7-Simple | Every-turn,flavor_spaceship_avg,Other,50.73539375000001,,48,24,0.507354,50.0,47.928797395833335,53.252387239583335,56.041666666666664,46.875
group,MiniMax-M2.7-Simple-Per-5,MiniMax-M2.7-Simple,Per-5,MiniMax-M2.7-Simple | Per-5,flavor_offense_avg,Military,62.3949375,,48,24,0.623949,53.3194,55.76522192708334,69.17325562500001,77.70833333333333,40.0
group,MiniMax-M2.7-Simple-Per-5,MiniMax-M2.7-Simple,Per-5,MiniMax-M2.7-Simple | Per-5,flavor_defense_avg,Military,57.67430625,,48,24,0.576743,57.95555,54.25075005208334,60.96047651041667,78.85416666666667,41.25
group,MiniMax-M2.7-Simple-Per-5,MiniMax-M2.7-Simple,Per-5,MiniMax-M2.7-Simple | Per-5,flavor_city_defense_avg,Military,54.804168749999995,,48,24,0.548042,50.0,51.939851875,57.96871598958332,65.72916666666667,48.020833333333336
group,MiniMax-M2.7-Simple-Per-5,MiniMax-M2.7-Simple,Per-5,MiniMax-M2.7-Simple | Per-5,flavor_mobilization_avg,Military,51.72378333333334,,48,24,0.517238,50.0,50.39658119791667,53.08491666666666,56.041666666666664,48.229166666666664
group,MiniMax-M2.7-Simple-Per-5,MiniMax-M2.7-Simple,Per-5,MiniMax-M2.7-Simple | Per-5,flavor_military_training_avg,Military,66.5660875,,48,24,0.665661,57.85945,60.78960151041667,72.71385307291666,79.79166666666667,45.104166666666664
group,MiniMax-M2.7-Simple-Per-5,MiniMax-M2.7-Simple,Per-5,MiniMax-M2.7-Simple | Per-5,flavor_recon_avg,Military,49.27030208333334,,48,24,0.492703,50.0,45.37944963541666,53.15211739583333,58.333333333333336,41.25
group,MiniMax-M2.7-Simple-Per-5,MiniMax-M2.7-Simple,Per-5,MiniMax-M2.7-Simple | Per-5,flavor_ranged_avg,Military,54.08241458333333,,48,24,0.540824,50.0,50.04995567708334,58.09386921875,60.3125,46.041666666666664
group,MiniMax-M2.7-Simple-Per-5,MiniMax-M2.7-Simple,Per-5,MiniMax-M2.7-Simple | Per-5,flavor_mobile_avg,Military,57.71706458333333,,48,24,0.577171,50.0,53.51123526041667,62.590464791666676,63.958333333333336,49.270833333333336
group,MiniMax-M2.7-Simple-Per-5,MiniMax-M2.7-Simple,Per-5,MiniMax-M2.7-Simple | Per-5,flavor_nuke_avg,Nuclear,43.52338888888889,,9,8,0.435234,50.0,31.25,50.0,44.44444444444444,40.0
group,MiniMax-M2.7-Simple-Per-5,MiniMax-M2.7-Simple,Per-5,MiniMax-M2.7-Simple | Per-5,flavor_use_nuke_avg,Nuclear,29.978744444444445,,9,8,0.299787,35.2632,13.0681875,42.96174,35.55555555555556,21.11111111111111
group,MiniMax-M2.7-Simple-Per-5,MiniMax-M2.7-Simple,Per-5,MiniMax-M2.7-Simple | Per-5,flavor_naval_avg,Naval and air,53.97958541666666,,48,24,0.539796,50.883799999999994,50.65533619791667,58.454887343749995,67.70833333333333,44.791666666666664
group,MiniMax-M2.7-Simple-Per-5,MiniMax-M2.7-Simple,Per-5,MiniMax-M2.7-Simple | Per-5,flavor_naval_recon_avg,Naval and air,50.90258541666666,,48,24,0.509026,50.0,48.560871770833344,53.27897885416666,57.291666666666664,47.5
group,MiniMax-M2.7-Simple-Per-5,MiniMax-M2.7-Simple,Per-5,MiniMax-M2.7-Simple | Per-5,flavor_air_avg,Naval and air,48.48195263157895,,38,23,0.48482,50.0,46.052877375,50.69864570412518,50.526315789473685,47.63157894736842
group,MiniMax-M2.7-Simple-Per-5,MiniMax-M2.7-Simple,Per-5,MiniMax-M2.7-Simple | Per-5,flavor_antiair_avg,Naval and air,50.44048684210526,,38,23,0.504405,50.0,48.758353806722695,52.481089937499995,50.526315789473685,50.0
group,MiniMax-M2.7-Simple-Per-5,MiniMax-M2.7-Simple,Per-5,MiniMax-M2.7-Simple | Per-5,flavor_air_carrier_avg,Naval and air,49.445176315789475,,38,23,0.494452,50.0,48.242864227941176,50.0,49.473684210526315,49.21052631578947
group,MiniMax-M2.7-Simple-Per-5,MiniMax-M2.7-Simple,Per-5,MiniMax-M2.7-Simple | Per-5,flavor_airlift_avg,Naval and air,49.502192105263155,,38,23,0.495022,50.0,48.28525032563025,50.0812475,49.73684210526316,49.473684210526315
group,MiniMax-M2.7-Simple-Per-5,MiniMax-M2.7-Simple,Per-5,MiniMax-M2.7-Simple | Per-5,flavor_expansion_avg,Economy,58.81776666666667,,48,24,0.588178,58.628150000000005,56.309121510416674,61.69787682291666,76.04166666666667,42.8125
group,MiniMax-M2.7-Simple-Per-5,MiniMax-M2.7-Simple,Per-5,MiniMax-M2.7-Simple | Per-5,flavor_growth_avg,Economy,52.512391666666666,,48,24,0.525124,54.35855,48.695416510416656,56.05597770833334,61.875,42.916666666666664
group,MiniMax-M2.7-Simple-Per-5,MiniMax-M2.7-Simple,Per-5,MiniMax-M2.7-Simple | Per-5,flavor_tile_improvement_avg,Economy,50.181675000000006,,48,24,0.501817,50.0,48.58224864583334,51.75654604166667,53.229166666666664,47.708333333333336
group,MiniMax-M2.7-Simple-Per-5,MiniMax-M2.7-Simple,Per-5,MiniMax-M2.7-Simple | Per-5,flavor_infrastructure_avg,Economy,50.36663333333333,,48,24,0.503666,50.0,49.19276364583333,51.725614218749996,52.083333333333336,49.270833333333336
group,MiniMax-M2.7-Simple-Per-5,MiniMax-M2.7-Simple,Per-5,MiniMax-M2.7-Simple | Per-5,flavor_production_avg,Economy,59.53945208333332,,48,24,0.595395,52.16315,56.562118125000005,63.08825645833333,66.35416666666667,50.729166666666664
group,MiniMax-M2.7-Simple-Per-5,MiniMax-M2.7-Simple,Per-5,MiniMax-M2.7-Simple | Per-5,flavor_gold_avg,Economy,54.027047916666675,,48,24,0.54027,51.87495,50.975185416666676,57.12795776041668,63.854166666666664,45.0
group,MiniMax-M2.7-Simple-Per-5,MiniMax-M2.7-Simple,Per-5,MiniMax-M2.7-Simple | Per-5,flavor_science_avg,Economy,61.120918749999994,,48,24,0.611209,57.735699999999994,57.73002119791666,64.75153802083332,71.875,49.895833333333336
group,MiniMax-M2.7-Simple-Per-5,MiniMax-M2.7-Simple,Per-5,MiniMax-M2.7-Simple | Per-5,flavor_culture_avg,Economy,69.27751666666667,,48,24,0.692775,74.94845000000001,62.23950645833334,76.47650947916667,77.29166666666667,48.541666666666664
group,MiniMax-M2.7-Simple-Per-5,MiniMax-M2.7-Simple,Per-5,MiniMax-M2.7-Simple | Per-5,flavor_happiness_avg,Economy,59.296627083333334,,48,24,0.592966,57.876400000000004,56.906413020833334,61.94892432291667,70.83333333333333,47.8125
group,MiniMax-M2.7-Simple-Per-5,MiniMax-M2.7-Simple,Per-5,MiniMax-M2.7-Simple | Per-5,flavor_naval_growth_avg,Economy,48.97679791666667,,48,24,0.489768,50.0,46.70164854166667,50.86231802083334,52.291666666666664,45.833333333333336
group,MiniMax-M2.7-Simple-Per-5,MiniMax-M2.7-Simple,Per-5,MiniMax-M2.7-Simple | Per-5,flavor_naval_tile_improvement_avg,Economy,48.46651666666667,,48,24,0.484665,50.0,46.76087270833333,49.85784151041666,50.104166666666664,46.666666666666664
group,MiniMax-M2.7-Simple-Per-5,MiniMax-M2.7-Simple,Per-5,MiniMax-M2.7-Simple | Per-5,flavor_water_connection_avg,Economy,50.404589583333326,,48,24,0.504046,50.0,49.84617083333333,51.28842458333333,50.729166666666664,49.791666666666664
group,MiniMax-M2.7-Simple-Per-5,MiniMax-M2.7-Simple,Per-5,MiniMax-M2.7-Simple | Per-5,flavor_great_people_avg,Other,66.42846458333334,,48,24,0.664285,67.06264999999999,61.36788307291667,71.17153692708334,77.39583333333333,47.708333333333336
group,MiniMax-M2.7-Simple-Per-5,MiniMax-M2.7-Simple,Per-5,MiniMax-M2.7-Simple | Per-5,flavor_wonder_avg,Other,49.647889583333345,,48,24,0.496479,50.0,43.80642208333334,55.251772968750004,60.416666666666664,41.583333333333336
group,MiniMax-M2.7-Simple-Per-5,MiniMax-M2.7-Simple,Per-5,MiniMax-M2.7-Simple | Per-5,flavor_religion_avg,Other,50.50975625,,48,24,0.505098,50.0,47.00101583333333,53.668940104166666,57.916666666666664,44.166666666666664
group,MiniMax-M2.7-Simple-Per-5,MiniMax-M2.7-Simple,Per-5,MiniMax-M2.7-Simple | Per-5,flavor_diplomacy_avg,Other,64.91134166666667,,48,24,0.649113,67.08525,59.07501208333333,69.84530557291667,85.625,46.875
group,MiniMax-M2.7-Simple-Per-5,MiniMax-M2.7-Simple,Per-5,MiniMax-M2.7-Simple | Per-5,flavor_espionage_avg,Other,71.26143541666666,,48,24,0.712614,71.65729999999999,67.31317947916668,74.98917927083332,93.85416666666667,49.0625
group,MiniMax-M2.7-Simple-Per-5,MiniMax-M2.7-Simple,Per-5,MiniMax-M2.7-Simple | Per-5,flavor_spaceship_avg,Other,51.56494375,,48,24,0.515649,50.0,49.843172135416665,53.58929213541667,54.791666666666664,48.333333333333336
group,MiniMax-M3-Simple-Per-5,MiniMax-M3-Simple,Per-5,MiniMax-M3-Simple | Per-5,flavor_offense_avg,Military,51.87237083333333,,48,24,0.518724,44.223200000000006,44.12645385416666,61.340030677083334,71.08333333333333,33.645833333333336
group,MiniMax-M3-Simple-Per-5,MiniMax-M3-Simple,Per-5,MiniMax-M3-Simple | Per-5,flavor_defense_avg,Military,59.928318749999995,,48,24,0.599283,63.164,54.533409010416676,64.20184671875,78.95833333333333,37.8125
group,MiniMax-M3-Simple-Per-5,MiniMax-M3-Simple,Per-5,MiniMax-M3-Simple | Per-5,flavor_city_defense_avg,Military,59.610318750000005,,48,24,0.596103,61.95685,54.61224807291667,64.1254328125,75.9375,40.208333333333336
group,MiniMax-M3-Simple-Per-5,MiniMax-M3-Simple,Per-5,MiniMax-M3-Simple | Per-5,flavor_mobilization_avg,Military,53.48049375,,48,24,0.534805,50.0,47.82535302083333,58.779781875,66.39583333333333,41.020833333333336
group,MiniMax-M3-Simple-Per-5,MiniMax-M3-Simple,Per-5,MiniMax-M3-Simple | Per-5,flavor_military_training_avg,Military,62.153577083333325,,48,24,0.621536,56.5547,55.23205317708333,69.23739447916667,78.39583333333333,39.958333333333336
group,MiniMax-M3-Simple-Per-5,MiniMax-M3-Simple,Per-5,MiniMax-M3-Simple | Per-5,flavor_recon_avg,Military,53.165237499999996,,48,24,0.531652,54.725899999999996,48.7931384375,57.06235984375,62.395833333333336,42.395833333333336
group,MiniMax-M3-Simple-Per-5,MiniMax-M3-Simple,Per-5,MiniMax-M3-Simple | Per-5,flavor_ranged_avg,Military,60.92226250000001,,48,24,0.609223,60.44565,55.28380447916667,66.65870833333334,72.75,41.520833333333336
group,MiniMax-M3-Simple-Per-5,MiniMax-M3-Simple,Per-5,MiniMax-M3-Simple | Per-5,flavor_mobile_avg,Military,53.13104166666667,,48,24,0.53131,52.30585,46.96660697916667,59.35132302083334,64.64583333333333,40.625
group,MiniMax-M3-Simple-Per-5,MiniMax-M3-Simple,Per-5,MiniMax-M3-Simple | Per-5,flavor_nuke_avg,Nuclear,52.97348,,15,12,0.529735,63.6957,39.315772611607144,67.78183723076921,55.0,46.0
group,MiniMax-M3-Simple-Per-5,MiniMax-M3-Simple,Per-5,MiniMax-M3-Simple | Per-5,flavor_use_nuke_avg,Nuclear,47.81351333333334,,15,12,0.478135,50.0,35.153243130952376,62.62051067307692,51.0,41.666666666666664
group,MiniMax-M3-Simple-Per-5,MiniMax-M3-Simple,Per-5,MiniMax-M3-Simple | Per-5,flavor_naval_avg,Naval and air,43.57919375,,48,24,0.435792,45.15904999999999,39.14986734375,48.261030364583334,57.395833333333336,38.333333333333336
group,MiniMax-M3-Simple-Per-5,MiniMax-M3-Simple,Per-5,MiniMax-M3-Simple | Per-5,flavor_naval_recon_avg,Naval and air,42.86937291666667,,48,24,0.428694,50.0,39.696858489583335,46.14566484374999,50.0,40.520833333333336
group,MiniMax-M3-Simple-Per-5,MiniMax-M3-Simple,Per-5,MiniMax-M3-Simple | Per-5,flavor_air_avg,Naval and air,37.715373529411764,,34,21,0.377154,50.0,33.51286430023923,42.26442967187499,40.294117647058826,36.3235294117647
group,MiniMax-M3-Simple-Per-5,MiniMax-M3-Simple,Per-5,MiniMax-M3-Simple | Per-5,flavor_antiair_avg,Naval and air,41.080667647058824,,34,21,0.410807,50.0,36.42389596428572,45.084689022988506,44.411764705882355,39.55882352941177
group,MiniMax-M3-Simple-Per-5,MiniMax-M3-Simple,Per-5,MiniMax-M3-Simple | Per-5,flavor_air_carrier_avg,Naval and air,37.205882352941174,,34,21,0.372059,50.0,33.12408088235294,42.05882352941177,37.205882352941174,37.205882352941174
group,MiniMax-M3-Simple-Per-5,MiniMax-M3-Simple,Per-5,MiniMax-M3-Simple | Per-5,flavor_airlift_avg,Naval and air,37.05882352941177,,34,21,0.370588,50.0,32.7921218487395,41.29139784946236,37.05882352941177,37.05882352941177
group,MiniMax-M3-Simple-Per-5,MiniMax-M3-Simple,Per-5,MiniMax-M3-Simple | Per-5,flavor_expansion_avg,Economy,58.74104166666666,,48,24,0.58741,59.3935,53.18049536458334,64.38038140625,78.52083333333333,38.020833333333336
group,MiniMax-M3-Simple-Per-5,MiniMax-M3-Simple,Per-5,MiniMax-M3-Simple | Per-5,flavor_growth_avg,Economy,65.6435125,,48,24,0.656435,70.97875,59.96632567708333,71.20870807291666,74.35416666666667,45.520833333333336
group,MiniMax-M3-Simple-Per-5,MiniMax-M3-Simple,Per-5,MiniMax-M3-Simple | Per-5,flavor_tile_improvement_avg,Economy,62.01032708333333,,48,24,0.620103,63.82325,57.667570833333336,65.93880182291667,71.14583333333333,45.9375
group,MiniMax-M3-Simple-Per-5,MiniMax-M3-Simple,Per-5,MiniMax-M3-Simple | Per-5,flavor_infrastructure_avg,Economy,52.8002,,48,24,0.528002,52.0707,47.55236723958333,57.599700416666664,58.375,44.791666666666664
group,MiniMax-M3-Simple-Per-5,MiniMax-M3-Simple,Per-5,MiniMax-M3-Simple | Per-5,flavor_production_avg,Economy,77.7761,,48,24,0.777761,78.1887,74.72449583333334,80.61211744791666,88.54166666666667,52.083333333333336
group,MiniMax-M3-Simple-Per-5,MiniMax-M3-Simple,Per-5,MiniMax-M3-Simple | Per-5,flavor_gold_avg,Economy,55.933747916666675,,48,24,0.559337,54.93745,50.617027656249995,60.9656271875,63.75,43.895833333333336
group,MiniMax-M3-Simple-Per-5,MiniMax-M3-Simple,Per-5,MiniMax-M3-Simple | Per-5,flavor_science_avg,Economy,68.19735625,,48,24,0.681974,70.00095,62.80823682291667,73.41469348958334,77.29166666666667,48.541666666666664
group,MiniMax-M3-Simple-Per-5,MiniMax-M3-Simple,Per-5,MiniMax-M3-Simple | Per-5,flavor_culture_avg,Economy,63.340635416666665,,48,24,0.633406,74.49775,53.27702953125,72.0489396875,74.95833333333333,39.416666666666664
group,MiniMax-M3-Simple-Per-5,MiniMax-M3-Simple,Per-5,MiniMax-M3-Simple | Per-5,flavor_happiness_avg,Economy,59.76532708333334,,48,24,0.597653,59.87165,55.86422328124999,63.55392776041667,69.79166666666667,46.0625
group,MiniMax-M3-Simple-Per-5,MiniMax-M3-Simple,Per-5,MiniMax-M3-Simple | Per-5,flavor_naval_growth_avg,Economy,41.16471666666666,,48,24,0.411647,49.8475,37.45520630208334,44.8413665625,50.625,39.6875
group,MiniMax-M3-Simple-Per-5,MiniMax-M3-Simple,Per-5,MiniMax-M3-Simple | Per-5,flavor_naval_tile_improvement_avg,Economy,41.46774583333333,,48,24,0.414677,50.0,37.83220505208334,45.37150140625,50.9375,40.104166666666664
group,MiniMax-M3-Simple-Per-5,MiniMax-M3-Simple,Per-5,MiniMax-M3-Simple | Per-5,flavor_water_connection_avg,Economy,42.7251125,,48,24,0.427251,50.0,39.5568134375,46.25762151041667,50.520833333333336,41.5625
group,MiniMax-M3-Simple-Per-5,MiniMax-M3-Simple,Per-5,MiniMax-M3-Simple | Per-5,flavor_great_people_avg,Other,65.44459166666667,,48,24,0.654446,71.2234,58.96317,71.39936151041667,75.16666666666667,44.791666666666664
group,MiniMax-M3-Simple-Per-5,MiniMax-M3-Simple,Per-5,MiniMax-M3-Simple | Per-5,flavor_wonder_avg,Other,56.26315625000001,,48,24,0.562632,63.21815,45.84957473958334,66.45097114583332,72.29166666666667,33.958333333333336
group,MiniMax-M3-Simple-Per-5,MiniMax-M3-Simple,Per-5,MiniMax-M3-Simple | Per-5,flavor_religion_avg,Other,53.99042083333334,,48,24,0.539904,53.51005,47.49747244791667,59.63381718749999,64.6875,39.104166666666664
group,MiniMax-M3-Simple-Per-5,MiniMax-M3-Simple,Per-5,MiniMax-M3-Simple | Per-5,flavor_diplomacy_avg,Other,49.73898541666667,,48,24,0.49739,50.0,43.34783854166666,56.05930927083334,62.104166666666664,38.875
group,MiniMax-M3-Simple-Per-5,MiniMax-M3-Simple,Per-5,MiniMax-M3-Simple | Per-5,flavor_espionage_avg,Other,45.18382916666667,,48,24,0.451838,50.0,42.35845640625,48.12633645833334,60.979166666666664,40.625
group,MiniMax-M3-Simple-Per-5,MiniMax-M3-Simple,Per-5,MiniMax-M3-Simple | Per-5,flavor_spaceship_avg,Other,38.47776875,,48,24,0.384778,47.388400000000004,33.57986661458334,43.357697916666666,52.5,34.541666666666664
group,Nemotron-3-Super-Simple,Nemotron-3-Super-Simple,Every-turn,Nemotron-3-Super-Simple | Every-turn,flavor_offense_avg,Military,38.68190833333333,,48,24,0.386819,27.516199999999998,31.001958072916675,46.83533671875,82.91666666666667,5.520833333333333
group,Nemotron-3-Super-Simple,Nemotron-3-Super-Simple,Every-turn,Nemotron-3-Super-Simple | Every-turn,flavor_defense_avg,Military,58.48481458333333,,48,24,0.584848,58.168549999999996,54.44633838541668,62.89344473958332,96.875,12.3125
group,Nemotron-3-Super-Simple,Nemotron-3-Super-Simple,Every-turn,Nemotron-3-Super-Simple | Every-turn,flavor_city_defense_avg,Military,59.479554166666674,,48,24,0.594796,61.96045,55.05447703125001,64.14385531250001,96.77083333333333,14.4375
group,Nemotron-3-Super-Simple,Nemotron-3-Super-Simple,Every-turn,Nemotron-3-Super-Simple | Every-turn,flavor_mobilization_avg,Military,51.466718750000005,,48,24,0.514667,45.688,45.15870088541667,57.92457078125,93.75,9.125
group,Nemotron-3-Super-Simple,Nemotron-3-Super-Simple,Every-turn,Nemotron-3-Super-Simple | Every-turn,flavor_military_training_avg,Military,62.582095833333334,,48,24,0.625821,59.18295,57.524043541666664,67.43197,96.875,12.395833333333334
group,Nemotron-3-Super-Simple,Nemotron-3-Super-Simple,Every-turn,Nemotron-3-Super-Simple | Every-turn,flavor_recon_avg,Military,59.31824791666666,,48,24,0.593182,56.0957,54.68266203125001,64.6140940625,95.9375,12.729166666666666
group,Nemotron-3-Super-Simple,Nemotron-3-Super-Simple,Every-turn,Nemotron-3-Super-Simple | Every-turn,flavor_ranged_avg,Military,41.81510833333333,,48,24,0.418151,37.3564,36.41587833333333,47.96835885416667,78.4375,8.645833333333334
group,Nemotron-3-Super-Simple,Nemotron-3-Super-Simple,Every-turn,Nemotron-3-Super-Simple | Every-turn,flavor_mobile_avg,Military,38.60324166666667,,48,24,0.386032,33.88035,33.04960979166667,44.96594010416667,75.41666666666667,7.8125
group,Nemotron-3-Super-Simple,Nemotron-3-Super-Simple,Every-turn,Nemotron-3-Super-Simple | Every-turn,flavor_nuke_avg,Nuclear,4.77222,,15,12,0.047722,0.0,0.0,11.857111911764699,9.333333333333334,0.0
group,Nemotron-3-Super-Simple,Nemotron-3-Super-Simple,Every-turn,Nemotron-3-Super-Simple | Every-turn,flavor_use_nuke_avg,Nuclear,3.0833333333333335,,15,12,0.030833,0.0,0.0,8.671875,5.333333333333333,0.0
group,Nemotron-3-Super-Simple,Nemotron-3-Super-Simple,Every-turn,Nemotron-3-Super-Simple | Every-turn,flavor_naval_avg,Naval and air,37.65419791666667,,48,24,0.376542,36.99805,30.94562260416667,44.71752421875,83.125,4.916666666666667
group,Nemotron-3-Super-Simple,Nemotron-3-Super-Simple,Every-turn,Nemotron-3-Super-Simple | Every-turn,flavor_naval_recon_avg,Naval and air,28.461264583333335,,48,24,0.284613,25.3831,21.804184947916667,34.88460442708333,74.47916666666667,3.6875
group,Nemotron-3-Super-Simple,Nemotron-3-Super-Simple,Every-turn,Nemotron-3-Super-Simple | Every-turn,flavor_air_avg,Naval and air,19.333721052631578,,38,23,0.193337,12.245000000000001,13.197705337837842,25.8534547368421,43.55263157894737,2.4210526315789473
group,Nemotron-3-Super-Simple,Nemotron-3-Super-Simple,Every-turn,Nemotron-3-Super-Simple | Every-turn,flavor_antiair_avg,Naval and air,10.09876052631579,,38,23,0.100988,3.9622,6.256384256756756,14.265901501689186,29.736842105263158,0.9210526315789473
group,Nemotron-3-Super-Simple,Nemotron-3-Super-Simple,Every-turn,Nemotron-3-Super-Simple | Every-turn,flavor_air_carrier_avg,Naval and air,6.616507894736842,,38,23,0.066165,0.10415,3.2236899774774783,10.258811521341462,15.526315789473685,1.0526315789473684
group,Nemotron-3-Super-Simple,Nemotron-3-Super-Simple,Every-turn,Nemotron-3-Super-Simple | Every-turn,flavor_airlift_avg,Naval and air,4.072781578947368,,38,23,0.040728,0.0,1.3028958421052639,7.167537520270271,10.394736842105264,0.39473684210526316
group,Nemotron-3-Super-Simple,Nemotron-3-Super-Simple,Every-turn,Nemotron-3-Super-Simple | Every-turn,flavor_expansion_avg,Economy,47.31256875,,48,24,0.473126,47.16715,43.08051578125,51.465302135416664,98.4375,3.6458333333333335
group,Nemotron-3-Super-Simple,Nemotron-3-Super-Simple,Every-turn,Nemotron-3-Super-Simple | Every-turn,flavor_growth_avg,Economy,71.67204791666667,,48,24,0.71672,71.20665,69.97868828124999,73.42395546875,98.64583333333333,25.9375
group,Nemotron-3-Super-Simple,Nemotron-3-Super-Simple,Every-turn,Nemotron-3-Super-Simple | Every-turn,flavor_tile_improvement_avg,Economy,70.68081666666667,,48,24,0.706808,71.45215,67.99182072916666,73.62833244791666,98.95833333333333,27.458333333333332
group,Nemotron-3-Super-Simple,Nemotron-3-Super-Simple,Every-turn,Nemotron-3-Super-Simple | Every-turn,flavor_infrastructure_avg,Economy,72.84659166666667,,48,24,0.728466,73.8718,70.31507437500001,75.48266666666666,99.16666666666667,32.083333333333336
group,Nemotron-3-Super-Simple,Nemotron-3-Super-Simple,Every-turn,Nemotron-3-Super-Simple | Every-turn,flavor_production_avg,Economy,85.97580208333333,,48,24,0.859758,86.44239999999999,84.42387000000001,87.69814567708335,99.58333333333333,46.104166666666664
group,Nemotron-3-Super-Simple,Nemotron-3-Super-Simple,Every-turn,Nemotron-3-Super-Simple | Every-turn,flavor_gold_avg,Economy,82.91116041666666,,48,24,0.829112,82.40545,81.25548,84.63193630208333,100.0,36.770833333333336
group,Nemotron-3-Super-Simple,Nemotron-3-Super-Simple,Every-turn,Nemotron-3-Super-Simple | Every-turn,flavor_science_avg,Economy,84.13384375,,48,24,0.841338,85.9119,82.18482817708333,86.00015609375001,100.0,41.5625
group,Nemotron-3-Super-Simple,Nemotron-3-Super-Simple,Every-turn,Nemotron-3-Super-Simple | Every-turn,flavor_culture_avg,Economy,79.95461458333334,,48,24,0.799546,82.01985,76.47500130208333,83.46256958333333,99.6875,32.083333333333336
group,Nemotron-3-Super-Simple,Nemotron-3-Super-Simple,Every-turn,Nemotron-3-Super-Simple | Every-turn,flavor_happiness_avg,Economy,81.66629791666666,,48,24,0.816663,82.3039,79.661458125,83.763755,99.79166666666667,39.270833333333336
group,Nemotron-3-Super-Simple,Nemotron-3-Super-Simple,Every-turn,Nemotron-3-Super-Simple | Every-turn,flavor_naval_growth_avg,Economy,26.433862500000004,,48,24,0.264339,23.1313,20.293548541666667,32.62565354166667,70.41666666666667,4.375
group,Nemotron-3-Super-Simple,Nemotron-3-Super-Simple,Every-turn,Nemotron-3-Super-Simple | Every-turn,flavor_naval_tile_improvement_avg,Economy,27.356235416666664,,48,24,0.273562,20.4617,19.993089635416666,34.94301296875,68.54166666666667,4.479166666666667
group,Nemotron-3-Super-Simple,Nemotron-3-Super-Simple,Every-turn,Nemotron-3-Super-Simple | Every-turn,flavor_water_connection_avg,Economy,32.37670625,,48,24,0.323767,33.4373,26.009861718750003,38.44342067708333,63.4375,7.708333333333333
group,Nemotron-3-Super-Simple,Nemotron-3-Super-Simple,Every-turn,Nemotron-3-Super-Simple | Every-turn,flavor_great_people_avg,Other,79.43156666666667,,48,24,0.794316,82.71889999999999,75.773780625,82.82082822916666,99.375,34.166666666666664
group,Nemotron-3-Super-Simple,Nemotron-3-Super-Simple,Every-turn,Nemotron-3-Super-Simple | Every-turn,flavor_wonder_avg,Other,67.53604583333333,,48,24,0.67536,77.1245,58.21118989583333,75.26720005208333,93.95833333333333,17.604166666666668
group,Nemotron-3-Super-Simple,Nemotron-3-Super-Simple,Every-turn,Nemotron-3-Super-Simple | Every-turn,flavor_religion_avg,Other,45.07649791666666,,48,24,0.450765,49.19915,38.95098208333334,50.75975557291666,82.39583333333333,11.666666666666666
group,Nemotron-3-Super-Simple,Nemotron-3-Super-Simple,Every-turn,Nemotron-3-Super-Simple | Every-turn,flavor_diplomacy_avg,Other,75.84793541666666,,48,24,0.758479,77.42635000000001,71.35974484375,80.093571875,99.0625,23.541666666666668
group,Nemotron-3-Super-Simple,Nemotron-3-Super-Simple,Every-turn,Nemotron-3-Super-Simple | Every-turn,flavor_espionage_avg,Other,43.290079166666665,,48,24,0.432901,44.39535,37.125782552083336,49.047535,92.60416666666667,4.479166666666667
group,Nemotron-3-Super-Simple,Nemotron-3-Super-Simple,Every-turn,Nemotron-3-Super-Simple | Every-turn,flavor_spaceship_avg,Other,21.97381041666667,,48,24,0.219738,15.45295,17.11948630208333,27.853466145833327,69.58333333333333,1.5625
group,Nemotron-3-Super-Simple-Per-5,Nemotron-3-Super-Simple,Per-5,Nemotron-3-Super-Simple | Per-5,flavor_offense_avg,Military,38.89427916666667,,48,24,0.388943,29.883049999999997,32.52896354166667,45.30843572916666,74.47916666666667,6.875
group,Nemotron-3-Super-Simple-Per-5,Nemotron-3-Super-Simple,Per-5,Nemotron-3-Super-Simple | Per-5,flavor_defense_avg,Military,55.24508958333333,,48,24,0.552451,56.503,51.00274911458334,59.09819807291667,89.27083333333333,24.0625
group,Nemotron-3-Super-Simple-Per-5,Nemotron-3-Super-Simple,Per-5,Nemotron-3-Super-Simple | Per-5,flavor_city_defense_avg,Military,57.114402083333324,,48,24,0.571144,57.188649999999996,53.10501583333334,61.367154687500005,87.1875,27.395833333333332
group,Nemotron-3-Super-Simple-Per-5,Nemotron-3-Super-Simple,Per-5,Nemotron-3-Super-Simple | Per-5,flavor_mobilization_avg,Military,50.46037083333334,,48,24,0.504604,49.9717,44.55357218750001,56.266869687500005,86.66666666666667,13.270833333333334
group,Nemotron-3-Super-Simple-Per-5,Nemotron-3-Super-Simple,Per-5,Nemotron-3-Super-Simple | Per-5,flavor_military_training_avg,Military,61.3720875,,48,24,0.613721,62.6694,56.229843593750005,66.95953234375,89.89583333333333,25.208333333333332
group,Nemotron-3-Super-Simple-Per-5,Nemotron-3-Super-Simple,Per-5,Nemotron-3-Super-Simple | Per-5,flavor_recon_avg,Military,57.0627,,48,24,0.570627,57.278800000000004,53.628727968750006,60.32977729166667,88.33333333333333,21.145833333333332
group,Nemotron-3-Super-Simple-Per-5,Nemotron-3-Super-Simple,Per-5,Nemotron-3-Super-Simple | Per-5,flavor_ranged_avg,Military,42.162960416666664,,48,24,0.42163,43.3929,38.308670625,46.06478989583333,67.39583333333333,17.5625
group,Nemotron-3-Super-Simple-Per-5,Nemotron-3-Super-Simple,Per-5,Nemotron-3-Super-Simple | Per-5,flavor_mobile_avg,Military,41.29795,,48,24,0.412979,39.693200000000004,37.906649270833334,45.23671348958334,66.5625,16.625
group,Nemotron-3-Super-Simple-Per-5,Nemotron-3-Super-Simple,Per-5,Nemotron-3-Super-Simple | Per-5,flavor_nuke_avg,Nuclear,13.31472,,10,9,0.133147,0.0,2.5833297222222305,25.203585416666662,14.5,10.3
group,Nemotron-3-Super-Simple-Per-5,Nemotron-3-Super-Simple,Per-5,Nemotron-3-Super-Simple | Per-5,flavor_use_nuke_avg,Nuclear,12.31472,,10,9,0.123147,0.0,1.1111111111111112,25.30195,13.5,9.3
group,Nemotron-3-Super-Simple-Per-5,Nemotron-3-Super-Simple,Per-5,Nemotron-3-Super-Simple | Per-5,flavor_naval_avg,Naval and air,41.41109791666667,,48,24,0.414111,39.96185,33.790060885416665,49.0556984375,74.58333333333333,14.75
group,Nemotron-3-Super-Simple-Per-5,Nemotron-3-Super-Simple,Per-5,Nemotron-3-Super-Simple | Per-5,flavor_naval_recon_avg,Naval and air,33.786618749999995,,48,24,0.337866,31.832900000000002,27.39907145833333,40.26635182291667,65.9375,11.208333333333334
group,Nemotron-3-Super-Simple-Per-5,Nemotron-3-Super-Simple,Per-5,Nemotron-3-Super-Simple | Per-5,flavor_air_avg,Naval and air,10.530635,,40,23,0.105306,6.54205,6.989091014381888,14.202664423076923,18.75,4.45
group,Nemotron-3-Super-Simple-Per-5,Nemotron-3-Super-Simple,Per-5,Nemotron-3-Super-Simple | Per-5,flavor_antiair_avg,Naval and air,5.210425,,40,23,0.052104,0.0,2.8588345457317073,7.5516917826825125,8.75,2.95
group,Nemotron-3-Super-Simple-Per-5,Nemotron-3-Super-Simple,Per-5,Nemotron-3-Super-Simple | Per-5,flavor_air_carrier_avg,Naval and air,4.429049999999999,,40,23,0.04429,0.0,2.411645826923078,6.679156552631579,6.75,2.075
group,Nemotron-3-Super-Simple-Per-5,Nemotron-3-Super-Simple,Per-5,Nemotron-3-Super-Simple | Per-5,flavor_airlift_avg,Naval and air,4.3057425,,40,23,0.043057,0.0,2.221000467479675,6.702716824324325,5.875,2.075
group,Nemotron-3-Super-Simple-Per-5,Nemotron-3-Super-Simple,Per-5,Nemotron-3-Super-Simple | Per-5,flavor_expansion_avg,Economy,47.733704166666676,,48,24,0.477337,48.0681,44.24256265625001,51.12168916666666,93.125,6.625
group,Nemotron-3-Super-Simple-Per-5,Nemotron-3-Super-Simple,Per-5,Nemotron-3-Super-Simple | Per-5,flavor_growth_avg,Economy,70.30716249999999,,48,24,0.703072,69.91165000000001,67.80729776041667,72.85451958333333,94.89583333333333,38.958333333333336
group,Nemotron-3-Super-Simple-Per-5,Nemotron-3-Super-Simple,Per-5,Nemotron-3-Super-Simple | Per-5,flavor_tile_improvement_avg,Economy,71.7518,,48,24,0.717518,72.73750000000001,69.08255078124999,74.24820552083334,94.6875,41.25
group,Nemotron-3-Super-Simple-Per-5,Nemotron-3-Super-Simple,Per-5,Nemotron-3-Super-Simple | Per-5,flavor_infrastructure_avg,Economy,70.23094999999999,,48,24,0.702309,71.62455,67.75083255208334,72.75847520833334,92.91666666666667,40.0
group,Nemotron-3-Super-Simple-Per-5,Nemotron-3-Super-Simple,Per-5,Nemotron-3-Super-Simple | Per-5,flavor_production_avg,Economy,83.50222916666667,,48,24,0.835022,85.049,81.01414453125,85.56680010416667,98.22916666666667,53.4375
group,Nemotron-3-Super-Simple-Per-5,Nemotron-3-Super-Simple,Per-5,Nemotron-3-Super-Simple | Per-5,flavor_gold_avg,Economy,78.44189583333333,,48,24,0.784419,79.71600000000001,75.238179375,81.55316182291668,98.64583333333333,45.104166666666664
group,Nemotron-3-Super-Simple-Per-5,Nemotron-3-Super-Simple,Per-5,Nemotron-3-Super-Simple | Per-5,flavor_science_avg,Economy,81.55178541666668,,48,24,0.815518,81.5133,78.69090421874999,84.50890604166666,99.47916666666667,45.729166666666664
group,Nemotron-3-Super-Simple-Per-5,Nemotron-3-Super-Simple,Per-5,Nemotron-3-Super-Simple | Per-5,flavor_culture_avg,Economy,69.57084791666666,,48,24,0.695708,68.8897,65.80893166666668,73.42622812500001,91.875,35.0
group,Nemotron-3-Super-Simple-Per-5,Nemotron-3-Super-Simple,Per-5,Nemotron-3-Super-Simple | Per-5,flavor_happiness_avg,Economy,75.88196041666667,,48,24,0.75882,77.22265,73.49409333333334,78.11876036458332,98.95833333333333,42.1875
group,Nemotron-3-Super-Simple-Per-5,Nemotron-3-Super-Simple,Per-5,Nemotron-3-Super-Simple | Per-5,flavor_naval_growth_avg,Economy,32.34122083333333,,48,24,0.323412,24.3841,25.706788333333332,39.02170171875,65.10416666666667,12.770833333333334
group,Nemotron-3-Super-Simple-Per-5,Nemotron-3-Super-Simple,Per-5,Nemotron-3-Super-Simple | Per-5,flavor_naval_tile_improvement_avg,Economy,32.272702083333336,,48,24,0.322727,23.8593,25.469389270833336,39.4027009375,64.47916666666667,12.979166666666666
group,Nemotron-3-Super-Simple-Per-5,Nemotron-3-Super-Simple,Per-5,Nemotron-3-Super-Simple | Per-5,flavor_water_connection_avg,Economy,39.38907291666666,,48,24,0.393891,39.69585,34.71314796875001,43.912871718750004,57.5,21.3125
group,Nemotron-3-Super-Simple-Per-5,Nemotron-3-Super-Simple,Per-5,Nemotron-3-Super-Simple | Per-5,flavor_great_people_avg,Other,75.28999791666666,,48,24,0.7529,76.29679999999999,71.65042515625,78.96510078125,97.1875,42.291666666666664
group,Nemotron-3-Super-Simple-Per-5,Nemotron-3-Super-Simple,Per-5,Nemotron-3-Super-Simple | Per-5,flavor_wonder_avg,Other,62.64932083333334,,48,24,0.626493,62.90365,56.85451828125,68.73533484375001,89.375,24.895833333333332
group,Nemotron-3-Super-Simple-Per-5,Nemotron-3-Super-Simple,Per-5,Nemotron-3-Super-Simple | Per-5,flavor_religion_avg,Other,41.03862708333333,,48,24,0.410386,35.992549999999994,35.842824427083336,46.21548395833334,67.29166666666667,15.729166666666666
group,Nemotron-3-Super-Simple-Per-5,Nemotron-3-Super-Simple,Per-5,Nemotron-3-Super-Simple | Per-5,flavor_diplomacy_avg,Other,67.97339375,,48,24,0.679734,68.7804,63.36704380208334,71.67404963541668,95.20833333333333,31.770833333333332
group,Nemotron-3-Super-Simple-Per-5,Nemotron-3-Super-Simple,Per-5,Nemotron-3-Super-Simple | Per-5,flavor_espionage_avg,Other,44.02450625,,48,24,0.440245,44.9829,39.865024166666664,47.56986109375,83.75,13.229166666666666
group,Nemotron-3-Super-Simple-Per-5,Nemotron-3-Super-Simple,Per-5,Nemotron-3-Super-Simple | Per-5,flavor_spaceship_avg,Other,31.871770833333333,,48,24,0.318718,23.999299999999998,25.392574583333335,38.73741984375,70.3125,10.416666666666666
group,Qwen-3.5-Simple,Qwen-3.5-Simple,Every-turn,Qwen-3.5-Simple | Every-turn,flavor_offense_avg,Military,39.820212500000004,,48,24,0.398202,24.1571,32.69555026041667,47.24000973958333,81.5625,8.520833333333334
group,Qwen-3.5-Simple,Qwen-3.5-Simple,Every-turn,Qwen-3.5-Simple | Every-turn,flavor_defense_avg,Military,63.3000625,,48,24,0.633001,67.20904999999999,59.77186776041667,66.48014062499999,94.16666666666667,31.9375
group,Qwen-3.5-Simple,Qwen-3.5-Simple,Every-turn,Qwen-3.5-Simple | Every-turn,flavor_city_defense_avg,Military,60.68947708333334,,48,24,0.606895,63.31685,57.127314739583326,63.946633281249994,90.41666666666667,36.208333333333336
group,Qwen-3.5-Simple,Qwen-3.5-Simple,Every-turn,Qwen-3.5-Simple | Every-turn,flavor_mobilization_avg,Military,42.237937499999994,,48,24,0.422379,31.875,35.88823145833334,49.12709515625,78.22916666666667,11.979166666666666
group,Qwen-3.5-Simple,Qwen-3.5-Simple,Every-turn,Qwen-3.5-Simple | Every-turn,flavor_military_training_avg,Military,58.35700624999999,,48,24,0.58357,54.33735,53.36790645833333,62.775250416666665,81.77083333333333,31.979166666666668
group,Qwen-3.5-Simple,Qwen-3.5-Simple,Every-turn,Qwen-3.5-Simple | Every-turn,flavor_recon_avg,Military,44.54382499999999,,48,24,0.445438,44.68315,42.55091333333333,46.82666328124999,87.8125,15.729166666666666
group,Qwen-3.5-Simple,Qwen-3.5-Simple,Every-turn,Qwen-3.5-Simple | Every-turn,flavor_ranged_avg,Military,51.492252083333334,,48,24,0.514923,50.63485,47.30120088541667,55.10491453125,75.10416666666667,32.395833333333336
group,Qwen-3.5-Simple,Qwen-3.5-Simple,Every-turn,Qwen-3.5-Simple | Every-turn,flavor_mobile_avg,Military,51.306275,,48,24,0.513063,46.29905,46.11716671875,56.50914953125,74.375,27.1875
group,Qwen-3.5-Simple,Qwen-3.5-Simple,Every-turn,Qwen-3.5-Simple | Every-turn,flavor_nuke_avg,Nuclear,30.687570588235296,,17,14,0.306876,22.6293,15.195371,44.92837383333334,42.94117647058823,18.529411764705884
group,Qwen-3.5-Simple,Qwen-3.5-Simple,Every-turn,Qwen-3.5-Simple | Every-turn,flavor_use_nuke_avg,Nuclear,16.241747058823528,,17,14,0.162417,1.2069,3.6317559375000017,31.014071374999993,23.235294117647058,9.117647058823529
group,Qwen-3.5-Simple,Qwen-3.5-Simple,Every-turn,Qwen-3.5-Simple | Every-turn,flavor_naval_avg,Naval and air,50.072116666666666,,48,24,0.500721,51.3524,46.433961249999996,53.984146562499994,79.89583333333333,28.333333333333332
group,Qwen-3.5-Simple,Qwen-3.5-Simple,Every-turn,Qwen-3.5-Simple | Every-turn,flavor_naval_recon_avg,Naval and air,42.874910416666665,,48,24,0.428749,43.599500000000006,40.27056203125,45.761844375,65.41666666666667,24.0625
group,Qwen-3.5-Simple,Qwen-3.5-Simple,Every-turn,Qwen-3.5-Simple | Every-turn,flavor_air_avg,Naval and air,42.55963571428571,,42,24,0.425596,41.845749999999995,36.54711095673636,48.417484226190474,61.30952380952381,25.357142857142858
group,Qwen-3.5-Simple,Qwen-3.5-Simple,Every-turn,Qwen-3.5-Simple | Every-turn,flavor_antiair_avg,Naval and air,40.566592857142865,,42,24,0.405666,39.363550000000004,35.013034984143765,46.240710523255814,64.04761904761905,25.476190476190474
group,Qwen-3.5-Simple,Qwen-3.5-Simple,Every-turn,Qwen-3.5-Simple | Every-turn,flavor_air_carrier_avg,Naval and air,19.74715476190476,,42,24,0.197472,19.4165,15.755459657335908,23.515749908536588,26.428571428571427,16.904761904761905
group,Qwen-3.5-Simple,Qwen-3.5-Simple,Every-turn,Qwen-3.5-Simple | Every-turn,flavor_airlift_avg,Naval and air,21.263080952380953,,42,24,0.212631,15.90325,17.54718457859175,25.021534164244184,25.833333333333332,17.857142857142858
group,Qwen-3.5-Simple,Qwen-3.5-Simple,Every-turn,Qwen-3.5-Simple | Every-turn,flavor_expansion_avg,Economy,40.70107083333333,,48,24,0.407011,39.4828,38.322923385416665,43.26930661458334,96.25,3.4375
group,Qwen-3.5-Simple,Qwen-3.5-Simple,Every-turn,Qwen-3.5-Simple | Every-turn,flavor_growth_avg,Economy,68.59751250000001,,48,24,0.685975,68.5239,66.99826411458334,70.15730755208332,87.5,46.875
group,Qwen-3.5-Simple,Qwen-3.5-Simple,Every-turn,Qwen-3.5-Simple | Every-turn,flavor_tile_improvement_avg,Economy,67.67964583333334,,48,24,0.676796,67.3184,65.77721072916665,69.4992528125,91.35416666666667,43.4375
group,Qwen-3.5-Simple,Qwen-3.5-Simple,Every-turn,Qwen-3.5-Simple | Every-turn,flavor_infrastructure_avg,Economy,69.79881458333334,,48,24,0.697988,70.3522,68.29116854166668,71.47454161458334,91.77083333333333,46.875
group,Qwen-3.5-Simple,Qwen-3.5-Simple,Every-turn,Qwen-3.5-Simple | Every-turn,flavor_production_avg,Economy,71.30244166666667,,48,24,0.713024,69.8613,68.09217895833334,74.78573661458333,90.41666666666667,48.4375
group,Qwen-3.5-Simple,Qwen-3.5-Simple,Every-turn,Qwen-3.5-Simple | Every-turn,flavor_gold_avg,Economy,83.09859166666666,,48,24,0.830986,83.6576,81.56625197916667,84.72960270833335,99.27083333333333,50.9375
group,Qwen-3.5-Simple,Qwen-3.5-Simple,Every-turn,Qwen-3.5-Simple | Every-turn,flavor_science_avg,Economy,71.43054583333333,,48,24,0.714305,70.02055,69.18710291666667,73.70571572916667,90.77083333333333,47.083333333333336
group,Qwen-3.5-Simple,Qwen-3.5-Simple,Every-turn,Qwen-3.5-Simple | Every-turn,flavor_culture_avg,Economy,67.59106458333333,,48,24,0.675911,66.5541,61.18761817708333,74.2639871875,91.25,38.125
group,Qwen-3.5-Simple,Qwen-3.5-Simple,Every-turn,Qwen-3.5-Simple | Every-turn,flavor_happiness_avg,Economy,79.59770833333333,,48,24,0.795977,80.39265,78.35165911458334,80.72258500000001,97.70833333333333,51.041666666666664
group,Qwen-3.5-Simple,Qwen-3.5-Simple,Every-turn,Qwen-3.5-Simple | Every-turn,flavor_naval_growth_avg,Economy,44.01395416666667,,48,24,0.44014,42.60875,40.896907552083334,47.2287878125,59.270833333333336,29.375
group,Qwen-3.5-Simple,Qwen-3.5-Simple,Every-turn,Qwen-3.5-Simple | Every-turn,flavor_naval_tile_improvement_avg,Economy,40.545158333333326,,48,24,0.405452,39.6161,37.52890921875001,43.91796031249999,55.3125,25.9375
group,Qwen-3.5-Simple,Qwen-3.5-Simple,Every-turn,Qwen-3.5-Simple | Every-turn,flavor_water_connection_avg,Economy,45.28911666666667,,48,24,0.452891,44.8831,42.62490041666667,47.98030197916667,57.5,31.875
group,Qwen-3.5-Simple,Qwen-3.5-Simple,Every-turn,Qwen-3.5-Simple | Every-turn,flavor_great_people_avg,Other,74.68142916666666,,48,24,0.746814,78.07294999999999,70.77564890625,78.55068645833333,93.125,46.666666666666664
group,Qwen-3.5-Simple,Qwen-3.5-Simple,Every-turn,Qwen-3.5-Simple | Every-turn,flavor_wonder_avg,Other,44.92773333333334,,48,24,0.449277,39.2843,37.83412494791666,51.6142496875,80.3125,15.416666666666666
group,Qwen-3.5-Simple,Qwen-3.5-Simple,Every-turn,Qwen-3.5-Simple | Every-turn,flavor_religion_avg,Other,46.26882708333333,,48,24,0.462688,42.510000000000005,42.198482500000004,50.76975692708333,81.04166666666667,20.416666666666668
group,Qwen-3.5-Simple,Qwen-3.5-Simple,Every-turn,Qwen-3.5-Simple | Every-turn,flavor_diplomacy_avg,Other,77.88737916666668,,48,24,0.778874,82.97325000000001,72.20818583333335,82.88496255208334,98.4375,36.458333333333336
group,Qwen-3.5-Simple,Qwen-3.5-Simple,Every-turn,Qwen-3.5-Simple | Every-turn,flavor_espionage_avg,Other,56.66557708333334,,48,24,0.566656,56.952200000000005,54.00591114583333,59.13661177083334,91.04166666666667,30.3125
group,Qwen-3.5-Simple,Qwen-3.5-Simple,Every-turn,Qwen-3.5-Simple | Every-turn,flavor_spaceship_avg,Other,27.9640375,,48,24,0.27964,23.79505,23.804232343749998,32.23367526041667,59.895833333333336,4.166666666666667
group,Qwen-3.5-Simple-Per-5,Qwen-3.5-Simple,Per-5,Qwen-3.5-Simple | Per-5,flavor_offense_avg,Military,43.03381086956522,,46,23,0.430338,27.024050000000003,35.32361956521739,51.20531472826087,70.43478260869566,14.456521739130435
group,Qwen-3.5-Simple-Per-5,Qwen-3.5-Simple,Per-5,Qwen-3.5-Simple | Per-5,flavor_defense_avg,Military,62.05390652173914,,46,23,0.620539,64.9819,58.46736826086956,65.6162458152174,89.23913043478261,37.391304347826086
group,Qwen-3.5-Simple-Per-5,Qwen-3.5-Simple,Per-5,Qwen-3.5-Simple | Per-5,flavor_city_defense_avg,Military,60.907508695652176,,46,23,0.609075,62.888149999999996,58.50688554347826,63.26145027173913,84.78260869565217,43.369565217391305
group,Qwen-3.5-Simple-Per-5,Qwen-3.5-Simple,Per-5,Qwen-3.5-Simple | Per-5,flavor_mobilization_avg,Military,45.169302173913046,,46,23,0.451693,33.5535,38.32041505434782,51.457576847826076,70.76086956521739,19.565217391304348
group,Qwen-3.5-Simple-Per-5,Qwen-3.5-Simple,Per-5,Qwen-3.5-Simple | Per-5,flavor_military_training_avg,Military,60.747060869565225,,46,23,0.607471,55.906549999999996,56.691744021739126,65.1293081521739,75.32608695652173,44.02173913043478
group,Qwen-3.5-Simple-Per-5,Qwen-3.5-Simple,Per-5,Qwen-3.5-Simple | Per-5,flavor_recon_avg,Military,42.39268260869565,,46,23,0.423927,41.422799999999995,40.45467081521739,44.22167717391304,73.80434782608695,20.869565217391305
group,Qwen-3.5-Simple-Per-5,Qwen-3.5-Simple,Per-5,Qwen-3.5-Simple | Per-5,flavor_ranged_avg,Military,56.25272826086957,,46,23,0.562527,55.0529,53.32417989130435,59.54591739130434,72.93478260869566,42.93478260869565
group,Qwen-3.5-Simple-Per-5,Qwen-3.5-Simple,Per-5,Qwen-3.5-Simple | Per-5,flavor_mobile_avg,Military,52.978267391304364,,46,23,0.529783,45.93775,48.40440380434783,58.14262336956521,68.26086956521739,36.84782608695652
group,Qwen-3.5-Simple-Per-5,Qwen-3.5-Simple,Per-5,Qwen-3.5-Simple | Per-5,flavor_nuke_avg,Nuclear,43.281216666666666,,12,11,0.432812,45.0,29.061326250000004,59.629502499999994,48.75,40.0
group,Qwen-3.5-Simple-Per-5,Qwen-3.5-Simple,Per-5,Qwen-3.5-Simple | Per-5,flavor_use_nuke_avg,Nuclear,32.022283333333334,,12,11,0.320223,21.288449999999997,16.26855785714286,52.274111590909094,37.5,26.666666666666668
group,Qwen-3.5-Simple-Per-5,Qwen-3.5-Simple,Per-5,Qwen-3.5-Simple | Per-5,flavor_naval_avg,Naval and air,53.56711739130436,,46,23,0.535671,52.97325,50.52280739130435,57.13786195652174,75.0,38.369565217391305
group,Qwen-3.5-Simple-Per-5,Qwen-3.5-Simple,Per-5,Qwen-3.5-Simple | Per-5,flavor_naval_recon_avg,Naval and air,47.042817391304354,,46,23,0.470428,47.28685,44.16653211956522,49.77378646739131,57.608695652173914,35.21739130434783
group,Qwen-3.5-Simple-Per-5,Qwen-3.5-Simple,Per-5,Qwen-3.5-Simple | Per-5,flavor_air_avg,Naval and air,46.42219512195122,,41,23,0.464222,48.0224,42.26392559699376,50.53952319040699,60.1219512195122,36.707317073170735
group,Qwen-3.5-Simple-Per-5,Qwen-3.5-Simple,Per-5,Qwen-3.5-Simple | Per-5,flavor_antiair_avg,Naval and air,50.107036585365854,,41,23,0.50107,50.0,46.32318202380953,54.37029298780488,63.78048780487805,42.4390243902439
group,Qwen-3.5-Simple-Per-5,Qwen-3.5-Simple,Per-5,Qwen-3.5-Simple | Per-5,flavor_air_carrier_avg,Naval and air,37.66882682926829,,41,23,0.376688,40.0,33.97628604166667,41.101686442567576,40.0,35.24390243902439
group,Qwen-3.5-Simple-Per-5,Qwen-3.5-Simple,Per-5,Qwen-3.5-Simple | Per-5,flavor_airlift_avg,Naval and air,38.92607073170732,,41,23,0.389261,40.4938,34.98701423780488,42.318408095238084,42.19512195121951,36.09756097560975
group,Qwen-3.5-Simple-Per-5,Qwen-3.5-Simple,Per-5,Qwen-3.5-Simple | Per-5,flavor_expansion_avg,Economy,42.863436956521745,,46,23,0.428634,41.0668,40.08869141304347,45.861134945652175,91.08695652173913,5.869565217391305
group,Qwen-3.5-Simple-Per-5,Qwen-3.5-Simple,Per-5,Qwen-3.5-Simple | Per-5,flavor_growth_avg,Economy,66.86858043478261,,46,23,0.668686,67.1253,65.58228956521738,68.14629125,82.3913043478261,50.869565217391305
group,Qwen-3.5-Simple-Per-5,Qwen-3.5-Simple,Per-5,Qwen-3.5-Simple | Per-5,flavor_tile_improvement_avg,Economy,65.8969652173913,,46,23,0.65897,66.71375,64.04560472826087,67.39270597826086,82.28260869565217,45.97826086956522
group,Qwen-3.5-Simple-Per-5,Qwen-3.5-Simple,Per-5,Qwen-3.5-Simple | Per-5,flavor_infrastructure_avg,Economy,66.3005347826087,,46,23,0.663005,65.87315000000001,64.90769983695652,67.80608157608697,81.52173913043478,48.80434782608695
group,Qwen-3.5-Simple-Per-5,Qwen-3.5-Simple,Per-5,Qwen-3.5-Simple | Per-5,flavor_production_avg,Economy,68.24147391304348,,46,23,0.682415,66.46085,65.24083255434782,71.47356451086955,82.17391304347827,50.21739130434783
group,Qwen-3.5-Simple-Per-5,Qwen-3.5-Simple,Per-5,Qwen-3.5-Simple | Per-5,flavor_gold_avg,Economy,77.03355869565218,,46,23,0.770336,76.57335,74.95582983695653,78.97957597826085,95.0,51.73913043478261
group,Qwen-3.5-Simple-Per-5,Qwen-3.5-Simple,Per-5,Qwen-3.5-Simple | Per-5,flavor_science_avg,Economy,68.4719347826087,,46,23,0.684719,66.7276,66.35024184782608,70.65950864130436,85.54347826086956,49.891304347826086
group,Qwen-3.5-Simple-Per-5,Qwen-3.5-Simple,Per-5,Qwen-3.5-Simple | Per-5,flavor_culture_avg,Economy,68.10806956521739,,46,23,0.681081,66.61245,61.512490543478265,73.92183092391305,85.8695652173913,42.17391304347826
group,Qwen-3.5-Simple-Per-5,Qwen-3.5-Simple,Per-5,Qwen-3.5-Simple | Per-5,flavor_happiness_avg,Economy,76.94787173913043,,46,23,0.769479,76.94409999999999,76.14814429347828,77.78708684782609,94.8913043478261,50.43478260869565
group,Qwen-3.5-Simple-Per-5,Qwen-3.5-Simple,Per-5,Qwen-3.5-Simple | Per-5,flavor_naval_growth_avg,Economy,49.36580652173913,,46,23,0.493658,48.2856,47.06927168478261,51.64773521739131,55.108695652173914,40.869565217391305
group,Qwen-3.5-Simple-Per-5,Qwen-3.5-Simple,Per-5,Qwen-3.5-Simple | Per-5,flavor_naval_tile_improvement_avg,Economy,47.68454782608695,,46,23,0.476845,48.194599999999994,45.85812505434782,50.001521576086965,53.58695652173913,40.21739130434783
group,Qwen-3.5-Simple-Per-5,Qwen-3.5-Simple,Per-5,Qwen-3.5-Simple | Per-5,flavor_water_connection_avg,Economy,49.115043478260866,,46,23,0.49115,49.4167,47.42239108695653,50.697467554347824,53.69565217391305,42.71739130434783
group,Qwen-3.5-Simple-Per-5,Qwen-3.5-Simple,Per-5,Qwen-3.5-Simple | Per-5,flavor_great_people_avg,Other,72.79524782608696,,46,23,0.727952,78.1095,68.52382396739131,76.48909706521736,87.28260869565217,49.130434782608695
group,Qwen-3.5-Simple-Per-5,Qwen-3.5-Simple,Per-5,Qwen-3.5-Simple | Per-5,flavor_wonder_avg,Other,52.059643478260874,,46,23,0.520596,49.212149999999994,45.099186249999995,59.6094555978261,77.17391304347827,23.47826086956522
group,Qwen-3.5-Simple-Per-5,Qwen-3.5-Simple,Per-5,Qwen-3.5-Simple | Per-5,flavor_religion_avg,Other,49.08672391304347,,46,23,0.490867,48.06145,46.165890760869566,52.289206630434784,72.3913043478261,28.369565217391305
group,Qwen-3.5-Simple-Per-5,Qwen-3.5-Simple,Per-5,Qwen-3.5-Simple | Per-5,flavor_diplomacy_avg,Other,69.2164260869565,,46,23,0.692164,74.65350000000001,63.83956885869567,74.21531576086957,94.56521739130434,39.23913043478261
group,Qwen-3.5-Simple-Per-5,Qwen-3.5-Simple,Per-5,Qwen-3.5-Simple | Per-5,flavor_espionage_avg,Other,57.47616086956521,,46,23,0.574762,57.66235,54.91263793478261,59.81775092391305,82.82608695652173,42.82608695652174
group,Qwen-3.5-Simple-Per-5,Qwen-3.5-Simple,Per-5,Qwen-3.5-Simple | Per-5,flavor_spaceship_avg,Other,35.50350434782608,,46,23,0.355035,33.5068,32.05397445652175,39.270444293478256,55.97826086956522,13.152173913043478
group,Qwen-3.6-27B-Simple,Qwen-3.6-27B-Simple,Every-turn,Qwen-3.6-27B-Simple | Every-turn,flavor_offense_avg,Military,34.896177083333335,,48,24,0.348962,21.7723,27.389129270833337,42.71250083333333,87.29166666666667,4.0
group,Qwen-3.6-27B-Simple,Qwen-3.6-27B-Simple,Every-turn,Qwen-3.6-27B-Simple | Every-turn,flavor_defense_avg,Military,61.021085416666665,,48,24,0.610211,64.77099999999999,57.45896781249999,64.87256869791666,96.77083333333333,17.354166666666668
group,Qwen-3.6-27B-Simple,Qwen-3.6-27B-Simple,Every-turn,Qwen-3.6-27B-Simple | Every-turn,flavor_city_defense_avg,Military,57.97601875,,48,24,0.57976,61.98835,54.14143119791667,61.997072760416664,95.3125,14.166666666666666
group,Qwen-3.6-27B-Simple,Qwen-3.6-27B-Simple,Every-turn,Qwen-3.6-27B-Simple | Every-turn,flavor_mobilization_avg,Military,50.519020833333336,,48,24,0.50519,45.53525,43.578174895833335,57.95083401041666,96.77083333333333,8.229166666666666
group,Qwen-3.6-27B-Simple,Qwen-3.6-27B-Simple,Every-turn,Qwen-3.6-27B-Simple | Every-turn,flavor_military_training_avg,Military,49.811395833333336,,48,24,0.498114,49.060249999999996,43.31506947916667,56.54321760416667,90.0,12.791666666666666
group,Qwen-3.6-27B-Simple,Qwen-3.6-27B-Simple,Every-turn,Qwen-3.6-27B-Simple | Every-turn,flavor_recon_avg,Military,24.559625,,48,24,0.245596,25.0,22.676028177083335,26.396559374999995,84.58333333333333,3.7083333333333335
group,Qwen-3.6-27B-Simple,Qwen-3.6-27B-Simple,Every-turn,Qwen-3.6-27B-Simple | Every-turn,flavor_ranged_avg,Military,41.267260416666666,,48,24,0.412673,36.442499999999995,35.06710161458334,48.26914541666667,84.27083333333333,8.208333333333334
group,Qwen-3.6-27B-Simple,Qwen-3.6-27B-Simple,Every-turn,Qwen-3.6-27B-Simple | Every-turn,flavor_mobile_avg,Military,28.965279166666665,,48,24,0.289653,19.65915,22.907631666666667,36.13135604166666,68.64583333333333,5.645833333333333
group,Qwen-3.6-27B-Simple,Qwen-3.6-27B-Simple,Every-turn,Qwen-3.6-27B-Simple | Every-turn,flavor_nuke_avg,Nuclear,17.15089,,10,8,0.171509,3.4804000000000004,4.406188888888888,33.634433333333334,27.5,7.5
group,Qwen-3.6-27B-Simple,Qwen-3.6-27B-Simple,Every-turn,Qwen-3.6-27B-Simple | Every-turn,flavor_use_nuke_avg,Nuclear,6.40325,,10,8,0.064032,0.43055,0.70164,18.492055555555552,9.6,3.0
group,Qwen-3.6-27B-Simple,Qwen-3.6-27B-Simple,Every-turn,Qwen-3.6-27B-Simple | Every-turn,flavor_naval_avg,Naval and air,37.007302083333336,,48,24,0.370073,37.215,31.023667447916665,43.60677958333333,83.4375,5.041666666666667
group,Qwen-3.6-27B-Simple,Qwen-3.6-27B-Simple,Every-turn,Qwen-3.6-27B-Simple | Every-turn,flavor_naval_recon_avg,Naval and air,19.68303125,,48,24,0.19683,16.448999999999998,15.89922380208333,24.056189687500005,62.8125,2.875
group,Qwen-3.6-27B-Simple,Qwen-3.6-27B-Simple,Every-turn,Qwen-3.6-27B-Simple | Every-turn,flavor_air_avg,Naval and air,14.201743902439025,,41,22,0.142017,5.878,8.937161488095242,19.970972782894737,37.68292682926829,1.3170731707317074
group,Qwen-3.6-27B-Simple,Qwen-3.6-27B-Simple,Every-turn,Qwen-3.6-27B-Simple | Every-turn,flavor_antiair_avg,Naval and air,15.746168292682926,,41,22,0.157462,8.4804,9.618399932915922,23.158260973214283,39.63414634146341,1.4878048780487805
group,Qwen-3.6-27B-Simple,Qwen-3.6-27B-Simple,Every-turn,Qwen-3.6-27B-Simple | Every-turn,flavor_air_carrier_avg,Naval and air,1.3368658536585367,,41,22,0.013369,0.0,0.5477628601815088,2.2867465560897435,1.7560975609756098,0.8780487804878049
group,Qwen-3.6-27B-Simple,Qwen-3.6-27B-Simple,Every-turn,Qwen-3.6-27B-Simple | Every-turn,flavor_airlift_avg,Naval and air,1.6455731707317074,,41,22,0.016456,0.0,0.6702724142441866,2.745813477214377,3.4634146341463414,0.8536585365853658
group,Qwen-3.6-27B-Simple,Qwen-3.6-27B-Simple,Every-turn,Qwen-3.6-27B-Simple | Every-turn,flavor_expansion_avg,Economy,26.680183333333332,,48,24,0.266802,26.19735,25.103290625000003,28.2837115625,99.16666666666667,0.3958333333333333
group,Qwen-3.6-27B-Simple,Qwen-3.6-27B-Simple,Every-turn,Qwen-3.6-27B-Simple | Every-turn,flavor_growth_avg,Economy,46.825039583333336,,48,24,0.46825,46.9634,44.92262786458333,48.528796822916675,90.9375,11.3125
group,Qwen-3.6-27B-Simple,Qwen-3.6-27B-Simple,Every-turn,Qwen-3.6-27B-Simple | Every-turn,flavor_tile_improvement_avg,Economy,47.79555208333333,,48,24,0.477956,46.287,46.38854104166667,49.13790036458334,94.58333333333333,11.166666666666666
group,Qwen-3.6-27B-Simple,Qwen-3.6-27B-Simple,Every-turn,Qwen-3.6-27B-Simple | Every-turn,flavor_infrastructure_avg,Economy,60.24902291666666,,48,24,0.60249,61.729749999999996,57.735109322916664,62.70346421875,92.5,26.645833333333332
group,Qwen-3.6-27B-Simple,Qwen-3.6-27B-Simple,Every-turn,Qwen-3.6-27B-Simple | Every-turn,flavor_production_avg,Economy,69.24789791666666,,48,24,0.692479,68.2377,64.578978125,73.42285182291667,96.5625,33.583333333333336
group,Qwen-3.6-27B-Simple,Qwen-3.6-27B-Simple,Every-turn,Qwen-3.6-27B-Simple | Every-turn,flavor_gold_avg,Economy,78.67662083333333,,48,24,0.786766,78.77525,77.32596911458332,79.94369812500001,99.6875,38.75
group,Qwen-3.6-27B-Simple,Qwen-3.6-27B-Simple,Every-turn,Qwen-3.6-27B-Simple | Every-turn,flavor_science_avg,Economy,67.94536875,,48,24,0.679454,68.84135,64.45196973958333,71.95417526041666,93.4375,35.520833333333336
group,Qwen-3.6-27B-Simple,Qwen-3.6-27B-Simple,Every-turn,Qwen-3.6-27B-Simple | Every-turn,flavor_culture_avg,Economy,61.270943749999994,,48,24,0.612709,69.9674,52.1391946875,69.78589822916668,92.1875,23.145833333333332
group,Qwen-3.6-27B-Simple,Qwen-3.6-27B-Simple,Every-turn,Qwen-3.6-27B-Simple | Every-turn,flavor_happiness_avg,Economy,55.2752625,,48,24,0.552753,56.1519,52.156371614583335,58.45900927083334,91.66666666666667,23.5625
group,Qwen-3.6-27B-Simple,Qwen-3.6-27B-Simple,Every-turn,Qwen-3.6-27B-Simple | Every-turn,flavor_naval_growth_avg,Economy,11.22888125,,48,24,0.112289,9.5626,8.827350989583334,13.616462864583335,52.916666666666664,2.2083333333333335
group,Qwen-3.6-27B-Simple,Qwen-3.6-27B-Simple,Every-turn,Qwen-3.6-27B-Simple | Every-turn,flavor_naval_tile_improvement_avg,Economy,10.486452083333333,,48,24,0.104865,8.817499999999999,8.705500833333334,12.443463958333336,51.5625,1.8958333333333333
group,Qwen-3.6-27B-Simple,Qwen-3.6-27B-Simple,Every-turn,Qwen-3.6-27B-Simple | Every-turn,flavor_water_connection_avg,Economy,12.49295625,,48,24,0.12493,10.135349999999999,9.716740833333334,15.407234947916665,52.708333333333336,2.0625
group,Qwen-3.6-27B-Simple,Qwen-3.6-27B-Simple,Every-turn,Qwen-3.6-27B-Simple | Every-turn,flavor_great_people_avg,Other,50.08125208333333,,48,24,0.500813,50.1178,43.173772968749994,57.74767270833333,87.29166666666667,14.958333333333334
group,Qwen-3.6-27B-Simple,Qwen-3.6-27B-Simple,Every-turn,Qwen-3.6-27B-Simple | Every-turn,flavor_wonder_avg,Other,27.595066666666668,,48,24,0.275951,22.3511,22.393778854166662,32.57144203125,77.91666666666667,2.5
group,Qwen-3.6-27B-Simple,Qwen-3.6-27B-Simple,Every-turn,Qwen-3.6-27B-Simple | Every-turn,flavor_religion_avg,Other,21.514810416666666,,48,24,0.215148,18.189700000000002,18.269848020833336,25.08614526041666,73.95833333333333,2.7916666666666665
group,Qwen-3.6-27B-Simple,Qwen-3.6-27B-Simple,Every-turn,Qwen-3.6-27B-Simple | Every-turn,flavor_diplomacy_avg,Other,60.17509583333333,,48,24,0.601751,65.47295,53.49304250000001,66.34884057291666,98.125,15.3125
group,Qwen-3.6-27B-Simple,Qwen-3.6-27B-Simple,Every-turn,Qwen-3.6-27B-Simple | Every-turn,flavor_espionage_avg,Other,41.12453333333334,,48,24,0.411245,40.759100000000004,37.900419427083335,44.45835880208333,92.8125,4.104166666666667
group,Qwen-3.6-27B-Simple,Qwen-3.6-27B-Simple,Every-turn,Qwen-3.6-27B-Simple | Every-turn,flavor_spaceship_avg,Other,15.918660416666667,,48,24,0.159187,6.88,9.855709218750006,23.56179161458333,64.58333333333333,2.7916666666666665
group,Qwen-3.6-27B-Simple-Per-5,Qwen-3.6-27B-Simple,Per-5,Qwen-3.6-27B-Simple | Per-5,flavor_offense_avg,Military,36.0971625,,48,24,0.360972,29.11675,28.688199427083337,44.08235833333333,79.27083333333333,5.791666666666667
group,Qwen-3.6-27B-Simple-Per-5,Qwen-3.6-27B-Simple,Per-5,Qwen-3.6-27B-Simple | Per-5,flavor_defense_avg,Military,62.064964583333335,,48,24,0.62065,62.667550000000006,59.04101473958334,65.10356302083335,95.625,25.208333333333332
group,Qwen-3.6-27B-Simple-Per-5,Qwen-3.6-27B-Simple,Per-5,Qwen-3.6-27B-Simple | Per-5,flavor_city_defense_avg,Military,59.70591458333333,,48,24,0.597059,61.6322,56.30878869791667,62.9342965625,93.75,24.0625
group,Qwen-3.6-27B-Simple-Per-5,Qwen-3.6-27B-Simple,Per-5,Qwen-3.6-27B-Simple | Per-5,flavor_mobilization_avg,Military,49.88169791666667,,48,24,0.498817,43.633449999999996,43.46419234375,56.475298020833335,88.85416666666667,12.479166666666666
group,Qwen-3.6-27B-Simple-Per-5,Qwen-3.6-27B-Simple,Per-5,Qwen-3.6-27B-Simple | Per-5,flavor_military_training_avg,Military,51.53085000000001,,48,24,0.515309,49.05645,46.05211588541666,57.28822187499999,83.22916666666667,19.375
group,Qwen-3.6-27B-Simple-Per-5,Qwen-3.6-27B-Simple,Per-5,Qwen-3.6-27B-Simple | Per-5,flavor_recon_avg,Military,26.9929125,,48,24,0.269929,25.6943,24.891714114583337,29.257869583333335,76.45833333333333,5.458333333333333
group,Qwen-3.6-27B-Simple-Per-5,Qwen-3.6-27B-Simple,Per-5,Qwen-3.6-27B-Simple | Per-5,flavor_ranged_avg,Military,45.12946458333334,,48,24,0.451295,44.4782,40.439051927083334,50.33548578125001,79.375,16.604166666666668
group,Qwen-3.6-27B-Simple-Per-5,Qwen-3.6-27B-Simple,Per-5,Qwen-3.6-27B-Simple | Per-5,flavor_mobile_avg,Military,33.36457291666667,,48,24,0.333646,26.4897,27.551609531249998,39.329090729166666,66.66666666666667,10.375
group,Qwen-3.6-27B-Simple-Per-5,Qwen-3.6-27B-Simple,Per-5,Qwen-3.6-27B-Simple | Per-5,flavor_nuke_avg,Nuclear,10.964007142857142,,14,12,0.10964,2.7439,4.11432,19.436106249999998,15.071428571428571,6.785714285714286
group,Qwen-3.6-27B-Simple-Per-5,Qwen-3.6-27B-Simple,Per-5,Qwen-3.6-27B-Simple | Per-5,flavor_use_nuke_avg,Nuclear,4.208521428571428,,14,12,0.042085,2.09575,1.5496232894736848,8.502983541666664,7.142857142857143,2.0714285714285716
group,Qwen-3.6-27B-Simple-Per-5,Qwen-3.6-27B-Simple,Per-5,Qwen-3.6-27B-Simple | Per-5,flavor_naval_avg,Naval and air,38.635420833333335,,48,24,0.386354,34.5372,34.08569088541667,44.10520885416666,80.41666666666667,12.395833333333334
group,Qwen-3.6-27B-Simple-Per-5,Qwen-3.6-27B-Simple,Per-5,Qwen-3.6-27B-Simple | Per-5,flavor_naval_recon_avg,Naval and air,21.988085416666667,,48,24,0.219881,19.3086,19.195337395833334,24.755104010416662,56.875,6.833333333333333
group,Qwen-3.6-27B-Simple-Per-5,Qwen-3.6-27B-Simple,Per-5,Qwen-3.6-27B-Simple | Per-5,flavor_air_avg,Naval and air,12.446625641025642,,39,23,0.124466,6.5753,7.307139433554817,18.073307285714282,32.0,1.7179487179487178
group,Qwen-3.6-27B-Simple-Per-5,Qwen-3.6-27B-Simple,Per-5,Qwen-3.6-27B-Simple | Per-5,flavor_antiair_avg,Naval and air,14.798051282051283,,39,23,0.147981,9.3077,9.583585950292399,20.839379107254533,37.256410256410255,1.7179487179487178
group,Qwen-3.6-27B-Simple-Per-5,Qwen-3.6-27B-Simple,Per-5,Qwen-3.6-27B-Simple | Per-5,flavor_air_carrier_avg,Naval and air,2.2012205128205133,,39,23,0.022012,1.0432,1.406823289473684,3.061691875,3.1538461538461537,1.5384615384615385
group,Qwen-3.6-27B-Simple-Per-5,Qwen-3.6-27B-Simple,Per-5,Qwen-3.6-27B-Simple | Per-5,flavor_airlift_avg,Naval and air,2.0304307692307693,,39,23,0.020304,0.0,1.1740433564946122,2.9927508004385963,2.769230769230769,1.5384615384615385
group,Qwen-3.6-27B-Simple-Per-5,Qwen-3.6-27B-Simple,Per-5,Qwen-3.6-27B-Simple | Per-5,flavor_expansion_avg,Economy,29.823295833333333,,48,24,0.298233,29.39705,27.820681614583332,31.953477604166665,97.8125,1.375
group,Qwen-3.6-27B-Simple-Per-5,Qwen-3.6-27B-Simple,Per-5,Qwen-3.6-27B-Simple | Per-5,flavor_growth_avg,Economy,52.739179166666666,,48,24,0.527392,52.25975,50.54653354166667,54.81879359375,88.22916666666667,20.208333333333332
group,Qwen-3.6-27B-Simple-Per-5,Qwen-3.6-27B-Simple,Per-5,Qwen-3.6-27B-Simple | Per-5,flavor_tile_improvement_avg,Economy,53.91832291666666,,48,24,0.539183,54.6666,52.04860567708333,55.893089687499995,90.41666666666667,20.0
group,Qwen-3.6-27B-Simple-Per-5,Qwen-3.6-27B-Simple,Per-5,Qwen-3.6-27B-Simple | Per-5,flavor_infrastructure_avg,Economy,62.31207708333333,,48,24,0.623121,62.5535,60.674478750000006,64.18175036458334,87.875,35.9375
group,Qwen-3.6-27B-Simple-Per-5,Qwen-3.6-27B-Simple,Per-5,Qwen-3.6-27B-Simple | Per-5,flavor_production_avg,Economy,68.80947916666666,,48,24,0.688095,67.8274,65.00107739583335,72.76136010416666,90.72916666666667,42.5
group,Qwen-3.6-27B-Simple-Per-5,Qwen-3.6-27B-Simple,Per-5,Qwen-3.6-27B-Simple | Per-5,flavor_gold_avg,Economy,78.76359166666667,,48,24,0.787636,77.85955,77.76634807291668,79.94498651041667,98.22916666666667,45.729166666666664
group,Qwen-3.6-27B-Simple-Per-5,Qwen-3.6-27B-Simple,Per-5,Qwen-3.6-27B-Simple | Per-5,flavor_science_avg,Economy,70.24455,,48,24,0.702446,71.5299,66.81120651041665,73.2819778125,91.25,41.875
group,Qwen-3.6-27B-Simple-Per-5,Qwen-3.6-27B-Simple,Per-5,Qwen-3.6-27B-Simple | Per-5,flavor_culture_avg,Economy,61.84132916666667,,48,24,0.618413,69.3969,54.11176203125,69.33044244791667,87.5,24.479166666666668
group,Qwen-3.6-27B-Simple-Per-5,Qwen-3.6-27B-Simple,Per-5,Qwen-3.6-27B-Simple | Per-5,flavor_happiness_avg,Economy,57.52162916666666,,48,24,0.575216,58.98845,55.029802708333335,59.777504375,86.97916666666667,32.8125
group,Qwen-3.6-27B-Simple-Per-5,Qwen-3.6-27B-Simple,Per-5,Qwen-3.6-27B-Simple | Per-5,flavor_naval_growth_avg,Economy,17.916854166666663,,48,24,0.179169,14.81145,14.790170989583332,20.98858442708333,53.645833333333336,6.75
group,Qwen-3.6-27B-Simple-Per-5,Qwen-3.6-27B-Simple,Per-5,Qwen-3.6-27B-Simple | Per-5,flavor_naval_tile_improvement_avg,Economy,15.396268749999999,,48,24,0.153963,12.9925,13.373382291666667,17.339742760416662,51.354166666666664,5.666666666666667
group,Qwen-3.6-27B-Simple-Per-5,Qwen-3.6-27B-Simple,Per-5,Qwen-3.6-27B-Simple | Per-5,flavor_water_connection_avg,Economy,18.668735416666667,,48,24,0.186687,15.883,15.739718177083333,21.929296979166665,53.020833333333336,6.645833333333333
group,Qwen-3.6-27B-Simple-Per-5,Qwen-3.6-27B-Simple,Per-5,Qwen-3.6-27B-Simple | Per-5,flavor_great_people_avg,Other,51.08330833333333,,48,24,0.510833,54.017700000000005,44.39792036458333,57.73557708333333,81.97916666666667,20.625
group,Qwen-3.6-27B-Simple-Per-5,Qwen-3.6-27B-Simple,Per-5,Qwen-3.6-27B-Simple | Per-5,flavor_wonder_avg,Other,29.04479375,,48,24,0.290448,21.45115,24.57931875,33.1140615625,69.27083333333333,6.208333333333333
group,Qwen-3.6-27B-Simple-Per-5,Qwen-3.6-27B-Simple,Per-5,Qwen-3.6-27B-Simple | Per-5,flavor_religion_avg,Other,24.67898333333333,,48,24,0.24679,21.823999999999998,21.833556718749996,27.94681192708333,65.20833333333333,4.875
group,Qwen-3.6-27B-Simple-Per-5,Qwen-3.6-27B-Simple,Per-5,Qwen-3.6-27B-Simple | Per-5,flavor_diplomacy_avg,Other,52.80716666666666,,48,24,0.528072,53.2147,47.1749621875,58.665760677083334,91.45833333333333,16.833333333333332
group,Qwen-3.6-27B-Simple-Per-5,Qwen-3.6-27B-Simple,Per-5,Qwen-3.6-27B-Simple | Per-5,flavor_espionage_avg,Other,36.51922083333333,,48,24,0.365192,35.9743,33.27731609375,39.57404427083333,78.4375,8.854166666666666
group,Qwen-3.6-27B-Simple-Per-5,Qwen-3.6-27B-Simple,Per-5,Qwen-3.6-27B-Simple | Per-5,flavor_spaceship_avg,Other,22.315327083333333,,48,24,0.223153,13.45495,17.553755416666668,27.467932604166663,62.604166666666664,5.020833333333333
group,Qwen-3.8-27B-Simple,Qwen-3.8-27B-Simple,Every-turn,Qwen-3.8-27B-Simple | Every-turn,flavor_offense_avg,Military,24.4208125,,48,24,0.244208,23.2147,21.2754996875,27.865125572916664,82.95833333333333,0.2708333333333333
group,Qwen-3.8-27B-Simple,Qwen-3.8-27B-Simple,Every-turn,Qwen-3.8-27B-Simple | Every-turn,flavor_defense_avg,Military,54.220729166666665,,48,24,0.542207,52.9953,50.35006265625001,58.047630156249994,97.4375,8.541666666666666
group,Qwen-3.8-27B-Simple,Qwen-3.8-27B-Simple,Every-turn,Qwen-3.8-27B-Simple | Every-turn,flavor_city_defense_avg,Military,51.101785416666665,,48,24,0.511018,50.9119,47.11102057291666,55.32554208333333,96.16666666666667,9.5
group,Qwen-3.8-27B-Simple,Qwen-3.8-27B-Simple,Every-turn,Qwen-3.8-27B-Simple | Every-turn,flavor_mobilization_avg,Military,33.05747291666666,,48,24,0.330575,28.439799999999998,28.83602822916667,37.88449921875,89.0,2.4166666666666665
group,Qwen-3.8-27B-Simple,Qwen-3.8-27B-Simple,Every-turn,Qwen-3.8-27B-Simple | Every-turn,flavor_military_training_avg,Military,40.77968333333333,,48,24,0.407797,36.74895,36.47882869791667,45.70668911458334,87.22916666666667,4.9375
group,Qwen-3.8-27B-Simple,Qwen-3.8-27B-Simple,Every-turn,Qwen-3.8-27B-Simple | Every-turn,flavor_recon_avg,Military,35.92408125,,48,24,0.359241,35.43755,32.826333437500004,38.81824833333333,88.16666666666667,1.7291666666666667
group,Qwen-3.8-27B-Simple,Qwen-3.8-27B-Simple,Every-turn,Qwen-3.8-27B-Simple | Every-turn,flavor_ranged_avg,Military,35.943410416666666,,48,24,0.359434,32.2227,31.20287802083333,40.89506166666667,83.08333333333333,4.5625
group,Qwen-3.8-27B-Simple,Qwen-3.8-27B-Simple,Every-turn,Qwen-3.8-27B-Simple | Every-turn,flavor_mobile_avg,Military,26.480577083333333,,48,24,0.264806,24.98305,23.15179458333333,30.23744119791667,80.6875,1.7291666666666667
group,Qwen-3.8-27B-Simple,Qwen-3.8-27B-Simple,Every-turn,Qwen-3.8-27B-Simple | Every-turn,flavor_nuke_avg,Nuclear,7.73035,,18,12,0.077303,0.0,0.4455474479166668,20.945837107843133,12.277777777777779,5.333333333333333
group,Qwen-3.8-27B-Simple,Qwen-3.8-27B-Simple,Every-turn,Qwen-3.8-27B-Simple | Every-turn,flavor_use_nuke_avg,Nuclear,0.9583333333333334,,18,12,0.009583,0.0,0.0,2.5961805555555557,1.1666666666666667,0.8888888888888888
group,Qwen-3.8-27B-Simple,Qwen-3.8-27B-Simple,Every-turn,Qwen-3.8-27B-Simple | Every-turn,flavor_naval_avg,Naval and air,35.850864583333326,,48,24,0.358509,36.67085,31.311074270833334,40.14393265625,89.45833333333333,3.5416666666666665
group,Qwen-3.8-27B-Simple,Qwen-3.8-27B-Simple,Every-turn,Qwen-3.8-27B-Simple | Every-turn,flavor_naval_recon_avg,Naval and air,17.520385416666667,,48,24,0.175204,16.2724,14.95170265625,20.3723725,59.791666666666664,1.0833333333333333
group,Qwen-3.8-27B-Simple,Qwen-3.8-27B-Simple,Every-turn,Qwen-3.8-27B-Simple | Every-turn,flavor_air_avg,Naval and air,9.627093023255812,,43,23,0.096271,4.292,5.911110334656836,13.826847220930231,33.41860465116279,0.6046511627906976
group,Qwen-3.8-27B-Simple,Qwen-3.8-27B-Simple,Every-turn,Qwen-3.8-27B-Simple | Every-turn,flavor_antiair_avg,Naval and air,10.876246511627908,,43,23,0.108762,3.55,6.1757647560975615,16.014856321982283,35.53488372093023,0.9534883720930233
group,Qwen-3.8-27B-Simple,Qwen-3.8-27B-Simple,Every-turn,Qwen-3.8-27B-Simple | Every-turn,flavor_air_carrier_avg,Naval and air,0.7925581395348836,,43,23,0.007926,0.0,0.2784123682170543,1.4546700555555556,1.744186046511628,0.4418604651162791
group,Qwen-3.8-27B-Simple,Qwen-3.8-27B-Simple,Every-turn,Qwen-3.8-27B-Simple | Every-turn,flavor_airlift_avg,Naval and air,1.1722651162790696,,43,23,0.011723,0.0,0.43763690687361423,2.082193364341085,3.13953488372093,0.4418604651162791
group,Qwen-3.8-27B-Simple,Qwen-3.8-27B-Simple,Every-turn,Qwen-3.8-27B-Simple | Every-turn,flavor_expansion_avg,Economy,35.90586666666667,,48,24,0.359059,35.019149999999996,32.61848760416667,39.49311229166667,99.54166666666667,1.0208333333333333
group,Qwen-3.8-27B-Simple,Qwen-3.8-27B-Simple,Every-turn,Qwen-3.8-27B-Simple | Every-turn,flavor_growth_avg,Economy,64.86183125000001,,48,24,0.648618,66.8959,61.61037072916666,67.99573307291666,97.125,18.958333333333332
group,Qwen-3.8-27B-Simple,Qwen-3.8-27B-Simple,Every-turn,Qwen-3.8-27B-Simple | Every-turn,flavor_tile_improvement_avg,Economy,59.59164166666667,,48,24,0.595916,61.315650000000005,56.0791159375,63.039382968750004,96.35416666666667,15.3125
group,Qwen-3.8-27B-Simple,Qwen-3.8-27B-Simple,Every-turn,Qwen-3.8-27B-Simple | Every-turn,flavor_infrastructure_avg,Economy,60.81039375,,48,24,0.608104,61.0637,57.69491369791666,63.565532968750006,95.83333333333333,19.895833333333332
group,Qwen-3.8-27B-Simple,Qwen-3.8-27B-Simple,Every-turn,Qwen-3.8-27B-Simple | Every-turn,flavor_production_avg,Economy,79.04457916666667,,48,24,0.790446,79.79675,76.81626119791666,80.7724678125,99.375,34.791666666666664
group,Qwen-3.8-27B-Simple,Qwen-3.8-27B-Simple,Every-turn,Qwen-3.8-27B-Simple | Every-turn,flavor_gold_avg,Economy,72.77577291666667,,48,24,0.727758,73.0994,70.39967130208335,74.8531584375,98.60416666666667,35.416666666666664
group,Qwen-3.8-27B-Simple,Qwen-3.8-27B-Simple,Every-turn,Qwen-3.8-27B-Simple | Every-turn,flavor_science_avg,Economy,70.29964791666667,,48,24,0.702996,72.66544999999999,67.08075807291667,73.56187052083332,96.14583333333333,27.1875
group,Qwen-3.8-27B-Simple,Qwen-3.8-27B-Simple,Every-turn,Qwen-3.8-27B-Simple | Every-turn,flavor_culture_avg,Economy,61.74733749999999,,48,24,0.617473,61.6172,57.03272135416667,66.83264874999999,93.79166666666667,18.645833333333332
group,Qwen-3.8-27B-Simple,Qwen-3.8-27B-Simple,Every-turn,Qwen-3.8-27B-Simple | Every-turn,flavor_happiness_avg,Economy,58.187318749999996,,48,24,0.581873,56.00005,55.42589479166667,60.56690463541667,90.95833333333333,25.3125
group,Qwen-3.8-27B-Simple,Qwen-3.8-27B-Simple,Every-turn,Qwen-3.8-27B-Simple | Every-turn,flavor_naval_growth_avg,Economy,17.45594375,,48,24,0.174559,15.036100000000001,14.343167135416666,20.4428771875,51.458333333333336,2.1041666666666665
group,Qwen-3.8-27B-Simple,Qwen-3.8-27B-Simple,Every-turn,Qwen-3.8-27B-Simple | Every-turn,flavor_naval_tile_improvement_avg,Economy,16.170235416666667,,48,24,0.161702,13.722750000000001,13.406800156250002,19.266568645833335,51.458333333333336,1.6458333333333333
group,Qwen-3.8-27B-Simple,Qwen-3.8-27B-Simple,Every-turn,Qwen-3.8-27B-Simple | Every-turn,flavor_water_connection_avg,Economy,22.58148125,,48,24,0.225815,23.1907,19.35409447916667,25.566615937499996,60.520833333333336,2.3541666666666665
group,Qwen-3.8-27B-Simple,Qwen-3.8-27B-Simple,Every-turn,Qwen-3.8-27B-Simple | Every-turn,flavor_great_people_avg,Other,56.011693750000006,,48,24,0.560117,55.86895,51.746181666666665,59.78439499999999,94.79166666666667,14.166666666666666
group,Qwen-3.8-27B-Simple,Qwen-3.8-27B-Simple,Every-turn,Qwen-3.8-27B-Simple | Every-turn,flavor_wonder_avg,Other,32.3105,,48,24,0.323105,26.82495,26.8855940625,37.562727708333334,81.08333333333333,3.9583333333333335
group,Qwen-3.8-27B-Simple,Qwen-3.8-27B-Simple,Every-turn,Qwen-3.8-27B-Simple | Every-turn,flavor_religion_avg,Other,35.028733333333335,,48,24,0.350287,33.253150000000005,31.466655885416667,38.736318697916666,86.77083333333333,3.1875
group,Qwen-3.8-27B-Simple,Qwen-3.8-27B-Simple,Every-turn,Qwen-3.8-27B-Simple | Every-turn,flavor_diplomacy_avg,Other,85.23021875,,48,24,0.852302,85.8284,82.97357473958334,87.50113973958332,100.0,29.020833333333332
group,Qwen-3.8-27B-Simple,Qwen-3.8-27B-Simple,Every-turn,Qwen-3.8-27B-Simple | Every-turn,flavor_espionage_avg,Other,32.399525000000004,,48,24,0.323995,32.56895,28.580948645833338,36.12710651041667,86.10416666666667,5.166666666666667
group,Qwen-3.8-27B-Simple,Qwen-3.8-27B-Simple,Every-turn,Qwen-3.8-27B-Simple | Every-turn,flavor_spaceship_avg,Other,20.41934375,,48,24,0.204193,18.39285,16.591690625000002,24.568411458333333,66.14583333333333,1.8958333333333333
group,Qwen-3.8-27B-Simple-Per-5,Qwen-3.8-27B-Simple,Per-5,Qwen-3.8-27B-Simple | Per-5,flavor_offense_avg,Military,23.70268333333333,,48,24,0.237027,24.0226,20.4126475,27.06142140625,78.47916666666667,0.9583333333333334
group,Qwen-3.8-27B-Simple-Per-5,Qwen-3.8-27B-Simple,Per-5,Qwen-3.8-27B-Simple | Per-5,flavor_defense_avg,Military,54.722575000000006,,48,24,0.547226,52.8737,50.35024807291666,58.78308463541666,94.54166666666667,13.541666666666666
group,Qwen-3.8-27B-Simple-Per-5,Qwen-3.8-27B-Simple,Per-5,Qwen-3.8-27B-Simple | Per-5,flavor_city_defense_avg,Military,54.32212708333333,,48,24,0.543221,53.15645000000001,50.06557197916666,58.74004562500001,93.91666666666667,14.5
group,Qwen-3.8-27B-Simple-Per-5,Qwen-3.8-27B-Simple,Per-5,Qwen-3.8-27B-Simple | Per-5,flavor_mobilization_avg,Military,36.22621041666667,,48,24,0.362262,36.5085,31.655817135416665,40.89871114583333,86.875,3.0625
group,Qwen-3.8-27B-Simple-Per-5,Qwen-3.8-27B-Simple,Per-5,Qwen-3.8-27B-Simple | Per-5,flavor_military_training_avg,Military,44.04357083333334,,48,24,0.440436,43.435,39.55348640625,48.34507604166666,86.91666666666667,5.708333333333333
group,Qwen-3.8-27B-Simple-Per-5,Qwen-3.8-27B-Simple,Per-5,Qwen-3.8-27B-Simple | Per-5,flavor_recon_avg,Military,30.352664583333336,,48,24,0.303527,29.89725,28.225799635416667,32.526214322916665,74.5625,2.75
group,Qwen-3.8-27B-Simple-Per-5,Qwen-3.8-27B-Simple,Per-5,Qwen-3.8-27B-Simple | Per-5,flavor_ranged_avg,Military,41.653529166666665,,48,24,0.416535,43.04405,37.63640427083333,45.97475984375,84.79166666666667,6.375
group,Qwen-3.8-27B-Simple-Per-5,Qwen-3.8-27B-Simple,Per-5,Qwen-3.8-27B-Simple | Per-5,flavor_mobile_avg,Military,25.81577916666667,,48,24,0.258158,24.0718,23.040897604166663,28.480492083333335,69.60416666666667,2.3958333333333335
group,Qwen-3.8-27B-Simple-Per-5,Qwen-3.8-27B-Simple,Per-5,Qwen-3.8-27B-Simple | Per-5,flavor_nuke_avg,Nuclear,3.1599214285714288,,14,12,0.031599,0.0,0.2777709375,7.693208749999999,6.785714285714286,1.7857142857142858
group,Qwen-3.8-27B-Simple-Per-5,Qwen-3.8-27B-Simple,Per-5,Qwen-3.8-27B-Simple | Per-5,flavor_use_nuke_avg,Nuclear,0.7786214285714286,,14,12,0.007786,0.0,0.0,1.8381390384615381,3.5714285714285716,0.35714285714285715
group,Qwen-3.8-27B-Simple-Per-5,Qwen-3.8-27B-Simple,Per-5,Qwen-3.8-27B-Simple | Per-5,flavor_naval_avg,Naval and air,34.700941666666665,,48,24,0.347009,34.7292,31.18435369791667,38.42914348958333,84.0625,4.520833333333333
group,Qwen-3.8-27B-Simple-Per-5,Qwen-3.8-27B-Simple,Per-5,Qwen-3.8-27B-Simple | Per-5,flavor_naval_recon_avg,Naval and air,16.922077083333335,,48,24,0.169221,16.288600000000002,15.109265885416667,18.98518255208333,54.166666666666664,1.3958333333333333
group,Qwen-3.8-27B-Simple-Per-5,Qwen-3.8-27B-Simple,Per-5,Qwen-3.8-27B-Simple | Per-5,flavor_air_avg,Naval and air,7.318675609756097,,41,23,0.073187,2.5641,4.962005737179489,10.113112111280488,21.121951219512194,0.5121951219512195
group,Qwen-3.8-27B-Simple-Per-5,Qwen-3.8-27B-Simple,Per-5,Qwen-3.8-27B-Simple | Per-5,flavor_antiair_avg,Naval and air,12.800882926829267,,41,23,0.128009,5.9821,8.172803841463413,18.698148766087517,32.951219512195124,1.1219512195121952
group,Qwen-3.8-27B-Simple-Per-5,Qwen-3.8-27B-Simple,Per-5,Qwen-3.8-27B-Simple | Per-5,flavor_air_carrier_avg,Naval and air,1.3212048780487804,,41,23,0.013212,0.0,0.6925081228223003,2.0228563428814517,2.5853658536585367,0.3902439024390244
group,Qwen-3.8-27B-Simple-Per-5,Qwen-3.8-27B-Simple,Per-5,Qwen-3.8-27B-Simple | Per-5,flavor_airlift_avg,Naval and air,1.0439439024390242,,41,23,0.010439,0.0,0.5695924969400246,1.5421465770348834,1.5609756097560976,0.3902439024390244
group,Qwen-3.8-27B-Simple-Per-5,Qwen-3.8-27B-Simple,Per-5,Qwen-3.8-27B-Simple | Per-5,flavor_expansion_avg,Economy,33.792145833333336,,48,24,0.337921,33.38055,31.79083041666667,35.842063124999996,98.54166666666667,1.0416666666666667
group,Qwen-3.8-27B-Simple-Per-5,Qwen-3.8-27B-Simple,Per-5,Qwen-3.8-27B-Simple | Per-5,flavor_growth_avg,Economy,64.03402083333333,,48,24,0.64034,63.5232,62.10386239583333,66.10341791666666,91.16666666666667,27.604166666666668
group,Qwen-3.8-27B-Simple-Per-5,Qwen-3.8-27B-Simple,Per-5,Qwen-3.8-27B-Simple | Per-5,flavor_tile_improvement_avg,Economy,58.55521666666667,,48,24,0.585552,58.964349999999996,56.503821770833326,60.770032656249995,92.02083333333333,19.0625
group,Qwen-3.8-27B-Simple-Per-5,Qwen-3.8-27B-Simple,Per-5,Qwen-3.8-27B-Simple | Per-5,flavor_infrastructure_avg,Economy,59.06945625,,48,24,0.590695,59.8525,56.98290333333334,61.10891859375,88.04166666666667,25.9375
group,Qwen-3.8-27B-Simple-Per-5,Qwen-3.8-27B-Simple,Per-5,Qwen-3.8-27B-Simple | Per-5,flavor_production_avg,Economy,77.18875833333333,,48,24,0.771888,78.518,75.37021291666666,79.18878854166665,97.375,43.333333333333336
group,Qwen-3.8-27B-Simple-Per-5,Qwen-3.8-27B-Simple,Per-5,Qwen-3.8-27B-Simple | Per-5,flavor_gold_avg,Economy,71.559275,,48,24,0.715593,72.72525,70.15412447916667,72.99219911458333,96.08333333333333,38.125
group,Qwen-3.8-27B-Simple-Per-5,Qwen-3.8-27B-Simple,Per-5,Qwen-3.8-27B-Simple | Per-5,flavor_science_avg,Economy,70.21396874999999,,48,24,0.70214,71.10795,67.73748645833332,72.69617869791666,94.375,31.145833333333332
group,Qwen-3.8-27B-Simple-Per-5,Qwen-3.8-27B-Simple,Per-5,Qwen-3.8-27B-Simple | Per-5,flavor_culture_avg,Economy,59.13050208333333,,48,24,0.591305,57.9035,54.943844739583334,63.20226526041667,91.10416666666667,24.458333333333332
group,Qwen-3.8-27B-Simple-Per-5,Qwen-3.8-27B-Simple,Per-5,Qwen-3.8-27B-Simple | Per-5,flavor_happiness_avg,Economy,58.82631041666667,,48,24,0.588263,58.8902,56.244985833333345,60.995354791666664,89.0,29.895833333333332
group,Qwen-3.8-27B-Simple-Per-5,Qwen-3.8-27B-Simple,Per-5,Qwen-3.8-27B-Simple | Per-5,flavor_naval_growth_avg,Economy,18.947514583333334,,48,24,0.189475,16.6677,16.341577395833333,21.705013750000003,52.395833333333336,2.8333333333333335
group,Qwen-3.8-27B-Simple-Per-5,Qwen-3.8-27B-Simple,Per-5,Qwen-3.8-27B-Simple | Per-5,flavor_naval_tile_improvement_avg,Economy,17.3883375,,48,24,0.173883,14.71605,14.850660729166666,20.192605,52.145833333333336,2.4375
group,Qwen-3.8-27B-Simple-Per-5,Qwen-3.8-27B-Simple,Per-5,Qwen-3.8-27B-Simple | Per-5,flavor_water_connection_avg,Economy,20.338483333333333,,48,24,0.203385,17.92145,17.780819427083337,22.944610052083334,55.6875,3.2708333333333335
group,Qwen-3.8-27B-Simple-Per-5,Qwen-3.8-27B-Simple,Per-5,Qwen-3.8-27B-Simple | Per-5,flavor_great_people_avg,Other,55.29726666666667,,48,24,0.552973,53.6811,52.06222802083333,58.132148854166665,93.27083333333333,19.6875
group,Qwen-3.8-27B-Simple-Per-5,Qwen-3.8-27B-Simple,Per-5,Qwen-3.8-27B-Simple | Per-5,flavor_wonder_avg,Other,28.86111875,,48,24,0.288611,26.533,24.57170635416667,33.28692854166667,75.625,5.625
group,Qwen-3.8-27B-Simple-Per-5,Qwen-3.8-27B-Simple,Per-5,Qwen-3.8-27B-Simple | Per-5,flavor_religion_avg,Other,33.1415125,,48,24,0.331415,33.80515,29.78381817708334,36.440566770833335,78.5,5.104166666666667
group,Qwen-3.8-27B-Simple-Per-5,Qwen-3.8-27B-Simple,Per-5,Qwen-3.8-27B-Simple | Per-5,flavor_diplomacy_avg,Other,80.07006041666666,,48,24,0.800701,80.8381,78.33675682291667,81.74117046875,100.0,31.041666666666668
group,Qwen-3.8-27B-Simple-Per-5,Qwen-3.8-27B-Simple,Per-5,Qwen-3.8-27B-Simple | Per-5,flavor_espionage_avg,Other,29.806945833333334,,48,24,0.298069,30.24925,26.977414947916667,32.686609114583334,75.64583333333333,3.8125
group,Qwen-3.8-27B-Simple-Per-5,Qwen-3.8-27B-Simple,Per-5,Qwen-3.8-27B-Simple | Per-5,flavor_spaceship_avg,Other,21.344754166666664,,48,24,0.213448,18.20655,16.580718489583333,26.43665786458333,62.6875,2.0625
group,Qwen-3.8-Flash-Next-Simple-Per-5,Qwen-3.8-Flash-Next-Simple,Per-5,Qwen-3.8-Flash-Next-Simple | Per-5,flavor_offense_avg,Military,17.187849999999997,,46,23,0.171878,10.3918,13.021617663043477,21.7100527173913,65.06521739130434,1.0
group,Qwen-3.8-Flash-Next-Simple-Per-5,Qwen-3.8-Flash-Next-Simple,Per-5,Qwen-3.8-Flash-Next-Simple | Per-5,flavor_defense_avg,Military,45.88529999999999,,46,23,0.458853,44.759,42.778941684782616,49.11671739130435,88.23913043478261,10.695652173913043
group,Qwen-3.8-Flash-Next-Simple-Per-5,Qwen-3.8-Flash-Next-Simple,Per-5,Qwen-3.8-Flash-Next-Simple | Per-5,flavor_city_defense_avg,Military,46.49120652173913,,46,23,0.464912,44.714650000000006,43.143477554347825,49.96997423913044,89.28260869565217,11.065217391304348
group,Qwen-3.8-Flash-Next-Simple-Per-5,Qwen-3.8-Flash-Next-Simple,Per-5,Qwen-3.8-Flash-Next-Simple | Per-5,flavor_mobilization_avg,Military,28.91964782608695,,46,23,0.289196,23.72645,23.255332445652176,35.03221103260869,74.8695652173913,2.891304347826087
group,Qwen-3.8-Flash-Next-Simple-Per-5,Qwen-3.8-Flash-Next-Simple,Per-5,Qwen-3.8-Flash-Next-Simple | Per-5,flavor_military_training_avg,Military,34.604765217391304,,46,23,0.346048,28.48395,29.73895152173914,39.58726130434783,72.65217391304348,6.0
group,Qwen-3.8-Flash-Next-Simple-Per-5,Qwen-3.8-Flash-Next-Simple,Per-5,Qwen-3.8-Flash-Next-Simple | Per-5,flavor_recon_avg,Military,20.43313260869565,,46,23,0.204331,19.9648,18.636883750000003,22.223632391304346,70.95652173913044,1.6521739130434783
group,Qwen-3.8-Flash-Next-Simple-Per-5,Qwen-3.8-Flash-Next-Simple,Per-5,Qwen-3.8-Flash-Next-Simple | Per-5,flavor_ranged_avg,Military,35.58242391304348,,46,23,0.355824,30.646500000000003,31.28110668478261,39.97311994565217,74.84782608695652,8.173913043478262
group,Qwen-3.8-Flash-Next-Simple-Per-5,Qwen-3.8-Flash-Next-Simple,Per-5,Qwen-3.8-Flash-Next-Simple | Per-5,flavor_mobile_avg,Military,21.471736956521738,,46,23,0.214717,15.650949999999998,17.720462065217387,25.95091994565217,61.17391304347826,4.043478260869565
group,Qwen-3.8-Flash-Next-Simple-Per-5,Qwen-3.8-Flash-Next-Simple,Per-5,Qwen-3.8-Flash-Next-Simple | Per-5,flavor_nuke_avg,Nuclear,24.9226,,19,12,0.249226,12.0,12.531984060457518,36.527882724458195,37.36842105263158,16.105263157894736
group,Qwen-3.8-Flash-Next-Simple-Per-5,Qwen-3.8-Flash-Next-Simple,Per-5,Qwen-3.8-Flash-Next-Simple | Per-5,flavor_use_nuke_avg,Nuclear,9.322515789473684,,19,12,0.093225,0.0,4.490509631578949,13.942593214285715,19.57894736842105,4.473684210526316
group,Qwen-3.8-Flash-Next-Simple-Per-5,Qwen-3.8-Flash-Next-Simple,Per-5,Qwen-3.8-Flash-Next-Simple | Per-5,flavor_naval_avg,Naval and air,29.920269565217392,,46,23,0.299203,27.3694,26.40408717391304,33.729566304347834,71.6304347826087,2.9782608695652173
group,Qwen-3.8-Flash-Next-Simple-Per-5,Qwen-3.8-Flash-Next-Simple,Per-5,Qwen-3.8-Flash-Next-Simple | Per-5,flavor_naval_recon_avg,Naval and air,18.069702173913043,,46,23,0.180697,16.40835,16.278271902173913,19.96798135869565,54.45652173913044,1.3695652173913044
group,Qwen-3.8-Flash-Next-Simple-Per-5,Qwen-3.8-Flash-Next-Simple,Per-5,Qwen-3.8-Flash-Next-Simple | Per-5,flavor_air_avg,Naval and air,22.51852105263158,,38,21,0.225185,17.0805,16.77442569157393,28.822969736842104,40.1578947368421,9.68421052631579
group,Qwen-3.8-Flash-Next-Simple-Per-5,Qwen-3.8-Flash-Next-Simple,Per-5,Qwen-3.8-Flash-Next-Simple | Per-5,flavor_antiair_avg,Naval and air,26.021842105263158,,38,21,0.260218,17.86525,19.93763915830116,33.08746694407894,46.36842105263158,12.078947368421053
group,Qwen-3.8-Flash-Next-Simple-Per-5,Qwen-3.8-Flash-Next-Simple,Per-5,Qwen-3.8-Flash-Next-Simple | Per-5,flavor_air_carrier_avg,Naval and air,15.31277368421053,,38,21,0.153128,7.34075,10.91259256097561,19.792926736111113,27.342105263157894,4.684210526315789
group,Qwen-3.8-Flash-Next-Simple-Per-5,Qwen-3.8-Flash-Next-Simple,Per-5,Qwen-3.8-Flash-Next-Simple | Per-5,flavor_airlift_avg,Naval and air,17.309397368421052,,38,21,0.173094,9.8615,12.400478610533614,22.452760629084963,29.289473684210527,7.2105263157894735
group,Qwen-3.8-Flash-Next-Simple-Per-5,Qwen-3.8-Flash-Next-Simple,Per-5,Qwen-3.8-Flash-Next-Simple | Per-5,flavor_expansion_avg,Economy,34.01130652173914,,46,23,0.340113,32.8834,31.173385760869568,37.21945706521739,99.19565217391305,0.10869565217391304
group,Qwen-3.8-Flash-Next-Simple-Per-5,Qwen-3.8-Flash-Next-Simple,Per-5,Qwen-3.8-Flash-Next-Simple | Per-5,flavor_growth_avg,Economy,68.64441739130436,,46,23,0.686444,69.14545000000001,66.00186445652174,71.28016467391305,94.58695652173913,29.17391304347826
group,Qwen-3.8-Flash-Next-Simple-Per-5,Qwen-3.8-Flash-Next-Simple,Per-5,Qwen-3.8-Flash-Next-Simple | Per-5,flavor_tile_improvement_avg,Economy,61.01889130434782,,46,23,0.610189,59.926,58.20497788043477,63.85121282608697,92.15217391304348,18.956521739130434
group,Qwen-3.8-Flash-Next-Simple-Per-5,Qwen-3.8-Flash-Next-Simple,Per-5,Qwen-3.8-Flash-Next-Simple | Per-5,flavor_infrastructure_avg,Economy,63.0569152173913,,46,23,0.630569,65.2752,60.7139385326087,65.3540291304348,88.43478260869566,25.02173913043478
group,Qwen-3.8-Flash-Next-Simple-Per-5,Qwen-3.8-Flash-Next-Simple,Per-5,Qwen-3.8-Flash-Next-Simple | Per-5,flavor_production_avg,Economy,79.07469782608696,,46,23,0.790747,79.8151,77.46864956521739,80.6555016304348,95.8913043478261,52.93478260869565
group,Qwen-3.8-Flash-Next-Simple-Per-5,Qwen-3.8-Flash-Next-Simple,Per-5,Qwen-3.8-Flash-Next-Simple | Per-5,flavor_gold_avg,Economy,70.15890652173911,,46,23,0.701589,71.5195,68.25408853260869,72.01414929347825,94.45652173913044,39.93478260869565
group,Qwen-3.8-Flash-Next-Simple-Per-5,Qwen-3.8-Flash-Next-Simple,Per-5,Qwen-3.8-Flash-Next-Simple | Per-5,flavor_science_avg,Economy,70.33267391304346,,46,23,0.703327,69.00655,66.76197597826088,73.84903233695651,91.41304347826087,40.54347826086956
group,Qwen-3.8-Flash-Next-Simple-Per-5,Qwen-3.8-Flash-Next-Simple,Per-5,Qwen-3.8-Flash-Next-Simple | Per-5,flavor_culture_avg,Economy,60.303445652173906,,46,23,0.603034,69.98425,52.03604483695652,67.92712336956524,84.56521739130434,23.804347826086957
group,Qwen-3.8-Flash-Next-Simple-Per-5,Qwen-3.8-Flash-Next-Simple,Per-5,Qwen-3.8-Flash-Next-Simple | Per-5,flavor_happiness_avg,Economy,61.25223913043478,,46,23,0.612522,61.946299999999994,58.13169913043479,64.35334076086956,93.71739130434783,28.456521739130434
group,Qwen-3.8-Flash-Next-Simple-Per-5,Qwen-3.8-Flash-Next-Simple,Per-5,Qwen-3.8-Flash-Next-Simple | Per-5,flavor_naval_growth_avg,Economy,28.24663043478261,,46,23,0.282466,27.46565,24.232892228260873,32.2577079347826,55.43478260869565,5.804347826086956
group,Qwen-3.8-Flash-Next-Simple-Per-5,Qwen-3.8-Flash-Next-Simple,Per-5,Qwen-3.8-Flash-Next-Simple | Per-5,flavor_naval_tile_improvement_avg,Economy,27.151173913043483,,46,23,0.271512,25.474899999999998,22.85718989130435,31.86304804347826,54.67391304347826,5.630434782608695
group,Qwen-3.8-Flash-Next-Simple-Per-5,Qwen-3.8-Flash-Next-Simple,Per-5,Qwen-3.8-Flash-Next-Simple | Per-5,flavor_water_connection_avg,Economy,36.79211086956522,,46,23,0.367921,34.73165,32.12153788043479,41.489825706521735,60.91304347826087,9.695652173913043
group,Qwen-3.8-Flash-Next-Simple-Per-5,Qwen-3.8-Flash-Next-Simple,Per-5,Qwen-3.8-Flash-Next-Simple | Per-5,flavor_great_people_avg,Other,65.73005652173914,,46,23,0.657301,69.76285,59.526189293478275,71.32654586956522,90.32608695652173,30.17391304347826
group,Qwen-3.8-Flash-Next-Simple-Per-5,Qwen-3.8-Flash-Next-Simple,Per-5,Qwen-3.8-Flash-Next-Simple | Per-5,flavor_wonder_avg,Other,27.375539130434785,,46,23,0.273755,20.540950000000002,21.947216521739133,32.82344891304348,66.32608695652173,2.891304347826087
group,Qwen-3.8-Flash-Next-Simple-Per-5,Qwen-3.8-Flash-Next-Simple,Per-5,Qwen-3.8-Flash-Next-Simple | Per-5,flavor_religion_avg,Other,37.163354347826086,,46,23,0.371634,37.26945,31.907454673913037,42.57436418478261,78.65217391304348,7.739130434782608
group,Qwen-3.8-Flash-Next-Simple-Per-5,Qwen-3.8-Flash-Next-Simple,Per-5,Qwen-3.8-Flash-Next-Simple | Per-5,flavor_diplomacy_avg,Other,75.56901521739131,,46,23,0.75569,76.8046,72.30928097826087,78.39033184782609,99.5,36.67391304347826
group,Qwen-3.8-Flash-Next-Simple-Per-5,Qwen-3.8-Flash-Next-Simple,Per-5,Qwen-3.8-Flash-Next-Simple | Per-5,flavor_espionage_avg,Other,31.052808695652175,,46,23,0.310528,32.11635,26.67766532608696,35.238936467391305,66.34782608695652,7.521739130434782
group,Qwen-3.8-Flash-Next-Simple-Per-5,Qwen-3.8-Flash-Next-Simple,Per-5,Qwen-3.8-Flash-Next-Simple | Per-5,flavor_spaceship_avg,Other,28.208782608695657,,46,23,0.282088,15.2141,21.198102336956524,35.144381413043476,61.67391304347826,4.956521739130435
