row_kind,player_type,strategist,condition,row_label,metric,metric_group,mean,sd,n_players,n_games,color_position,median,ci_lower,ci_upper,mean_max,mean_min
baseline,Completed-experiment average,Completed-experiment average,,Completed-experiment average,flavor_offense_avg,Military,39.02258798742139,24.94454762324868,1590,795,0.390226,,,,,
baseline,Completed-experiment average,Completed-experiment average,,Completed-experiment average,flavor_defense_avg,Military,61.182161635220126,14.450656144938357,1590,795,0.611822,,,,,
baseline,Completed-experiment average,Completed-experiment average,,Completed-experiment average,flavor_city_defense_avg,Military,58.75990647798742,13.969011989990667,1590,795,0.587599,,,,,
baseline,Completed-experiment average,Completed-experiment average,,Completed-experiment average,flavor_mobilization_avg,Military,49.31299547169811,20.288621394052853,1590,795,0.49313,,,,,
baseline,Completed-experiment average,Completed-experiment average,,Completed-experiment average,flavor_military_training_avg,Military,58.52332685534592,18.784139457867138,1590,795,0.585233,,,,,
baseline,Completed-experiment average,Completed-experiment average,,Completed-experiment average,flavor_recon_avg,Military,42.96368383647798,14.751834380839547,1590,795,0.429637,,,,,
baseline,Completed-experiment average,Completed-experiment average,,Completed-experiment average,flavor_ranged_avg,Military,53.413509999999995,17.12407278080731,1590,795,0.534135,,,,,
baseline,Completed-experiment average,Completed-experiment average,,Completed-experiment average,flavor_mobile_avg,Military,45.28876836477988,18.06743274318329,1590,795,0.452888,,,,,
baseline,Completed-experiment average,Completed-experiment average,,Completed-experiment average,flavor_nuke_avg,Nuclear,31.46822639138241,31.707820436509987,557,395,0.314682,,,,,
baseline,Completed-experiment average,Completed-experiment average,,Completed-experiment average,flavor_use_nuke_avg,Nuclear,24.291742908438064,29.643075709232356,557,395,0.242917,,,,,
baseline,Completed-experiment average,Completed-experiment average,,Completed-experiment average,flavor_naval_avg,Naval and air,47.89883339622642,15.842872076143744,1590,795,0.478988,,,,,
baseline,Completed-experiment average,Completed-experiment average,,Completed-experiment average,flavor_naval_recon_avg,Naval and air,39.38560352201258,15.652050558377775,1590,795,0.393856,,,,,
baseline,Completed-experiment average,Completed-experiment average,,Completed-experiment average,flavor_air_avg,Naval and air,40.35937463126844,25.464991341245682,1356,765,0.403594,,,,,
baseline,Completed-experiment average,Completed-experiment average,,Completed-experiment average,flavor_antiair_avg,Naval and air,40.78196769911504,25.330545372887848,1356,765,0.40782,,,,,
baseline,Completed-experiment average,Completed-experiment average,,Completed-experiment average,flavor_air_carrier_avg,Naval and air,26.21805921828909,22.489477032276234,1356,765,0.262181,,,,,
baseline,Completed-experiment average,Completed-experiment average,,Completed-experiment average,flavor_airlift_avg,Naval and air,28.64268414454277,22.20584813625451,1356,765,0.286427,,,,,
baseline,Completed-experiment average,Completed-experiment average,,Completed-experiment average,flavor_expansion_avg,Economy,40.756568930817615,14.737762868869687,1590,795,0.407566,,,,,
baseline,Completed-experiment average,Completed-experiment average,,Completed-experiment average,flavor_growth_avg,Economy,65.65535729559748,11.297624675457584,1590,795,0.656554,,,,,
baseline,Completed-experiment average,Completed-experiment average,,Completed-experiment average,flavor_tile_improvement_avg,Economy,62.98171905660378,10.253519469880327,1590,795,0.629817,,,,,
baseline,Completed-experiment average,Completed-experiment average,,Completed-experiment average,flavor_infrastructure_avg,Economy,63.3399579245283,10.83157377483914,1590,795,0.6334,,,,,
baseline,Completed-experiment average,Completed-experiment average,,Completed-experiment average,flavor_production_avg,Economy,76.43821578616352,12.752795378519567,1590,795,0.764382,,,,,
baseline,Completed-experiment average,Completed-experiment average,,Completed-experiment average,flavor_gold_avg,Economy,69.96958880503145,12.657491602414206,1590,795,0.699696,,,,,
baseline,Completed-experiment average,Completed-experiment average,,Completed-experiment average,flavor_science_avg,Economy,76.37703050314465,12.683897202372743,1590,795,0.76377,,,,,
baseline,Completed-experiment average,Completed-experiment average,,Completed-experiment average,flavor_culture_avg,Economy,65.04232949685534,19.807079491852605,1590,795,0.650423,,,,,
baseline,Completed-experiment average,Completed-experiment average,,Completed-experiment average,flavor_happiness_avg,Economy,70.15363396226415,12.34513846235146,1590,795,0.701536,,,,,
baseline,Completed-experiment average,Completed-experiment average,,Completed-experiment average,flavor_naval_growth_avg,Economy,40.59117245283019,16.50735820726064,1590,795,0.405912,,,,,
baseline,Completed-experiment average,Completed-experiment average,,Completed-experiment average,flavor_naval_tile_improvement_avg,Economy,39.19131320754717,16.695644696816675,1590,795,0.391913,,,,,
baseline,Completed-experiment average,Completed-experiment average,,Completed-experiment average,flavor_water_connection_avg,Economy,43.435750440251574,14.683170211997265,1590,795,0.434358,,,,,
baseline,Completed-experiment average,Completed-experiment average,,Completed-experiment average,flavor_great_people_avg,Other,65.27800748427673,17.01385644431818,1590,795,0.65278,,,,,
baseline,Completed-experiment average,Completed-experiment average,,Completed-experiment average,flavor_wonder_avg,Other,41.4339806918239,24.400499089312188,1590,795,0.41434,,,,,
baseline,Completed-experiment average,Completed-experiment average,,Completed-experiment average,flavor_religion_avg,Other,44.98949132075472,17.685862142491732,1590,795,0.449895,,,,,
baseline,Completed-experiment average,Completed-experiment average,,Completed-experiment average,flavor_diplomacy_avg,Other,67.74462842767295,17.80635062416307,1590,795,0.677446,,,,,
baseline,Completed-experiment average,Completed-experiment average,,Completed-experiment average,flavor_espionage_avg,Other,53.06041735849056,15.688859442294993,1590,795,0.530604,,,,,
baseline,Completed-experiment average,Completed-experiment average,,Completed-experiment average,flavor_spaceship_avg,Other,41.9059165408805,22.831433790862583,1590,795,0.419059,,,,,
group,DeepSeek-V4-Flash-Simple,DeepSeek-V4-Flash-Simple,Every-turn,DeepSeek-V4-Flash-Simple | Every-turn,flavor_offense_avg,Military,11.374253145987607,,48,24,0.613995,12.697372047511312,8.914005152411194,13.836029372270199,30.083328145987608,-6.27083852067906
group,DeepSeek-V4-Flash-Simple,DeepSeek-V4-Flash-Simple,Every-turn,DeepSeek-V4-Flash-Simple | Every-turn,flavor_defense_avg,Military,2.2905600482718773,,48,24,0.539627,1.845144549977384,1.3429674778329277,3.229554463946733,22.918878798271876,-12.99778786839479
group,DeepSeek-V4-Flash-Simple,DeepSeek-V4-Flash-Simple,Every-turn,DeepSeek-V4-Flash-Simple | Every-turn,flavor_city_defense_avg,Military,-0.28353857682058,,48,24,0.494926,0.4777484848484832,-1.1124430885620082,0.49591175218557026,15.840863506512754,-9.825803160153912
group,DeepSeek-V4-Flash-Simple,DeepSeek-V4-Flash-Simple,Every-turn,DeepSeek-V4-Flash-Simple | Every-turn,flavor_mobilization_avg,Military,9.010806648736976,,48,24,0.611033,9.898481897331521,7.228979316711919,10.567189414882,26.629614982070308,-6.016218351263024
group,DeepSeek-V4-Flash-Simple,DeepSeek-V4-Flash-Simple,Every-turn,DeepSeek-V4-Flash-Simple | Every-turn,flavor_military_training_avg,Military,2.996463427826902,,48,24,0.53988,3.3506151515151537,1.653704947038227,4.175059268743525,14.903109261160237,-8.034390738839763
group,DeepSeek-V4-Flash-Simple,DeepSeek-V4-Flash-Simple,Every-turn,DeepSeek-V4-Flash-Simple | Every-turn,flavor_recon_avg,Military,7.1050310929942215,,48,24,0.620409,7.6686416666666695,6.258886288362495,7.969564130777711,10.57539359299422,3.7212269263275544
group,DeepSeek-V4-Flash-Simple,DeepSeek-V4-Flash-Simple,Every-turn,DeepSeek-V4-Flash-Simple | Every-turn,flavor_ranged_avg,Military,1.9913231064056383,,48,24,0.529072,2.6319816622103396,0.6900151076192221,3.2981664455217845,9.728781439738972,-3.6462185602610284
group,DeepSeek-V4-Flash-Simple,DeepSeek-V4-Flash-Simple,Every-turn,DeepSeek-V4-Flash-Simple | Every-turn,flavor_mobile_avg,Military,6.6073943035025735,,48,24,0.591427,7.802760182709449,4.7070520429735945,8.36160991014766,10.124431803502574,4.374431803502573
group,DeepSeek-V4-Flash-Simple,DeepSeek-V4-Flash-Simple,Every-turn,DeepSeek-V4-Flash-Simple | Every-turn,flavor_nuke_avg,Nuclear,21.356542535747657,,19,11,0.668385,21.299421874999997,17.407340040833393,25.576531853620292,23.128853062063445,20.497274114695028
group,DeepSeek-V4-Flash-Simple,DeepSeek-V4-Flash-Simple,Every-turn,DeepSeek-V4-Flash-Simple | Every-turn,flavor_use_nuke_avg,Nuclear,28.518926630080422,,19,11,0.740519,28.15728064516129,24.53436900748723,32.54493893057985,30.19843189323832,27.672116103764637
group,DeepSeek-V4-Flash-Simple,DeepSeek-V4-Flash-Simple,Every-turn,DeepSeek-V4-Flash-Simple | Every-turn,flavor_naval_avg,Naval and air,5.892327259648802,,48,24,0.592981,5.679781662210338,3.8998957084413917,7.545088894579398,15.251102259648802,1.1886022596488006
group,DeepSeek-V4-Flash-Simple,DeepSeek-V4-Flash-Simple,Every-turn,DeepSeek-V4-Flash-Simple | Every-turn,flavor_naval_recon_avg,Naval and air,11.088073211400113,,48,24,0.677103,11.250347218453193,9.974720778553737,12.179043695826904,13.233325294733447,9.774991961400113
group,DeepSeek-V4-Flash-Simple,DeepSeek-V4-Flash-Simple,Every-turn,DeepSeek-V4-Flash-Simple | Every-turn,flavor_air_avg,Naval and air,12.130100804465135,,43,23,0.619086,11.366315254237286,9.948234809497896,14.369146318577204,15.56776359516281,9.032879874232577
group,DeepSeek-V4-Flash-Simple,DeepSeek-V4-Flash-Simple,Every-turn,DeepSeek-V4-Flash-Simple | Every-turn,flavor_antiair_avg,Naval and air,11.166811279151267,,43,23,0.610211,12.113293548387098,9.894689688693552,12.405395804183796,13.903197325662893,9.019476395430337
group,DeepSeek-V4-Flash-Simple,DeepSeek-V4-Flash-Simple,Every-turn,DeepSeek-V4-Flash-Simple | Every-turn,flavor_air_carrier_avg,Naval and air,22.829496884682918,,43,23,0.75378,23.41958225806452,21.22238449070165,23.919819047827477,22.94327130328757,22.66420153584571
group,DeepSeek-V4-Flash-Simple,DeepSeek-V4-Flash-Simple,Every-turn,DeepSeek-V4-Flash-Simple | Every-turn,flavor_airlift_avg,Naval and air,20.751013244361754,,43,23,0.733621,21.690107407407407,19.603714558229647,21.68127673143518,20.81525045366408,20.582692314129197
group,DeepSeek-V4-Flash-Simple,DeepSeek-V4-Flash-Simple,Every-turn,DeepSeek-V4-Flash-Simple | Every-turn,flavor_expansion_avg,Economy,9.161221838664533,,48,24,0.655404,11.062982491389207,6.84388537299534,11.377271911380504,39.50697808866453,-13.951355244668799
group,DeepSeek-V4-Flash-Simple,DeepSeek-V4-Flash-Simple,Every-turn,DeepSeek-V4-Flash-Simple | Every-turn,flavor_growth_avg,Economy,-1.6077597920148972,,48,24,0.464423,-2.2849715174129273,-2.7905041084410502,-0.4243205473815724,7.187188124651769,-10.333645208681565
group,DeepSeek-V4-Flash-Simple,DeepSeek-V4-Flash-Simple,Every-turn,DeepSeek-V4-Flash-Simple | Every-turn,flavor_tile_improvement_avg,Economy,-4.840524436445585,,48,24,0.381979,-4.441082219251335,-5.823570398391736,-3.940299475931063,0.6038984802210813,-12.021101519778918
group,DeepSeek-V4-Flash-Simple,DeepSeek-V4-Flash-Simple,Every-turn,DeepSeek-V4-Flash-Simple | Every-turn,flavor_infrastructure_avg,Economy,-6.415447949858465,,48,24,0.351927,-6.244298181818177,-7.392676349705815,-5.462443467365689,-0.9066687831917983,-13.240002116525131
group,DeepSeek-V4-Flash-Simple,DeepSeek-V4-Flash-Simple,Every-turn,DeepSeek-V4-Flash-Simple | Every-turn,flavor_production_avg,Economy,-8.485423668598175,,48,24,0.333656,-8.81147082767978,-9.919323549921728,-6.963890305214735,5.087795081401825,-22.51637158526484
group,DeepSeek-V4-Flash-Simple,DeepSeek-V4-Flash-Simple,Every-turn,DeepSeek-V4-Flash-Simple | Every-turn,flavor_gold_avg,Economy,-11.836744495616855,,48,24,0.266211,-12.490594380370872,-13.123042062205057,-10.636979760806168,-0.3444653289501905,-19.948631995616857
group,DeepSeek-V4-Flash-Simple,DeepSeek-V4-Flash-Simple,Every-turn,DeepSeek-V4-Flash-Simple | Every-turn,flavor_science_avg,Economy,0.886334046380932,,48,24,0.51747,0.8856120098039142,-0.2747663100469307,2.24301963475689,15.667631963047597,-20.853201370285735
group,DeepSeek-V4-Flash-Simple,DeepSeek-V4-Flash-Simple,Every-turn,DeepSeek-V4-Flash-Simple | Every-turn,flavor_culture_avg,Economy,-5.919532608173157,,48,24,0.425285,-6.624253787878789,-8.527804757848504,-3.5106591367749878,1.0102048918268418,-13.57312844150649
group,DeepSeek-V4-Flash-Simple,DeepSeek-V4-Flash-Simple,Every-turn,DeepSeek-V4-Flash-Simple | Every-turn,flavor_happiness_avg,Economy,-3.0135227675531016,,48,24,0.438973,-3.4556414215686218,-3.8149879341363637,-2.2364326119150526,15.3103584824469,-19.522974850886435
group,DeepSeek-V4-Flash-Simple,DeepSeek-V4-Flash-Simple,Every-turn,DeepSeek-V4-Flash-Simple | Every-turn,flavor_naval_growth_avg,Economy,10.071210253939121,,48,24,0.652526,11.67262725011307,8.728184658348876,11.320464648378994,10.770683170605787,8.60401650393912
group,DeepSeek-V4-Flash-Simple,DeepSeek-V4-Flash-Simple,Every-turn,DeepSeek-V4-Flash-Simple | Every-turn,flavor_naval_tile_improvement_avg,Economy,11.002404221230195,,48,24,0.66475,12.912445454545455,9.659005150977556,12.286537851890234,11.460727137896862,10.106560471230196
group,DeepSeek-V4-Flash-Simple,DeepSeek-V4-Flash-Simple,Every-turn,DeepSeek-V4-Flash-Simple | Every-turn,flavor_water_connection_avg,Economy,7.166589369617161,,48,24,0.62202,8.042939434389144,5.807923158840826,8.346102767607,7.438445619617163,6.584278952950496
group,DeepSeek-V4-Flash-Simple,DeepSeek-V4-Flash-Simple,Every-turn,DeepSeek-V4-Flash-Simple | Every-turn,flavor_great_people_avg,Other,-8.116677255247422,,48,24,0.380734,-7.8738576689976725,-10.158029040311712,-5.994837080290523,-0.8632230885807545,-15.279889755247423
group,DeepSeek-V4-Flash-Simple,DeepSeek-V4-Flash-Simple,Every-turn,DeepSeek-V4-Flash-Simple | Every-turn,flavor_wonder_avg,Other,9.86097868734501,,48,24,0.601033,9.382001247771832,6.919962511933988,12.561883187901508,19.22393285401168,2.9739328540116787
group,DeepSeek-V4-Flash-Simple,DeepSeek-V4-Flash-Simple,Every-turn,DeepSeek-V4-Flash-Simple | Every-turn,flavor_religion_avg,Other,9.314683927670444,,48,24,0.631669,9.178557352941176,7.638507426327481,10.883962443266652,13.161352677670443,5.432186011003776
group,DeepSeek-V4-Flash-Simple,DeepSeek-V4-Flash-Simple,Every-turn,DeepSeek-V4-Flash-Simple | Every-turn,flavor_diplomacy_avg,Other,-8.198322795232688,,48,24,0.384896,-7.957275022624437,-9.913164271648167,-6.522742519624966,5.819554288100645,-18.40961237856602
group,DeepSeek-V4-Flash-Simple,DeepSeek-V4-Flash-Simple,Every-turn,DeepSeek-V4-Flash-Simple | Every-turn,flavor_espionage_avg,Other,0.09698960628198912,,48,24,0.501546,-0.147557575757574,-0.9327296707206016,1.2648858495465607,8.81150210628199,-3.0426645603846776
group,DeepSeek-V4-Flash-Simple,DeepSeek-V4-Flash-Simple,Every-turn,DeepSeek-V4-Flash-Simple | Every-turn,flavor_spaceship_avg,Other,11.542575831832224,,48,24,0.626389,11.703687313432837,9.776633743153903,13.272007445514824,20.92577999849889,5.904946665165556
group,DeepSeek-V4-Flash-Simple-Per-5,DeepSeek-V4-Flash-Simple,Per-5,DeepSeek-V4-Flash-Simple | Per-5,flavor_offense_avg,Military,10.472234395987607,,48,24,0.604955,10.60103863636364,7.868201788761535,13.097706244212981,28.312494812654275,-6.437505187345725
group,DeepSeek-V4-Flash-Simple-Per-5,DeepSeek-V4-Flash-Simple,Per-5,DeepSeek-V4-Flash-Simple | Per-5,flavor_defense_avg,Military,-0.8105462017281225,,48,24,0.485977,-1.409145454545456,-2.1863258884345695,0.8144468569858443,19.18971213160521,-13.24778786839479
group,DeepSeek-V4-Flash-Simple-Per-5,DeepSeek-V4-Flash-Simple,Per-5,DeepSeek-V4-Flash-Simple | Per-5,flavor_city_defense_avg,Military,-2.2986385768205797,,48,24,0.458862,-2.345515049751242,-3.675915130925098,-0.9805071715633742,15.00753017317942,-10.409136493487246
group,DeepSeek-V4-Flash-Simple-Per-5,DeepSeek-V4-Flash-Simple,Per-5,DeepSeek-V4-Flash-Simple | Per-5,flavor_mobilization_avg,Military,7.0915295654036425,,48,24,0.587383,8.193664860139865,4.980402138797371,9.257208569820571,24.983781648736976,-6.599551684596357
group,DeepSeek-V4-Flash-Simple-Per-5,DeepSeek-V4-Flash-Simple,Per-5,DeepSeek-V4-Flash-Simple | Per-5,flavor_military_training_avg,Military,1.214236344493569,,48,24,0.51616,1.3343749999999979,-0.600812048715791,2.8888218564855177,13.23644259449357,-7.367724072173097
group,DeepSeek-V4-Flash-Simple-Per-5,DeepSeek-V4-Flash-Simple,Per-5,DeepSeek-V4-Flash-Simple | Per-5,flavor_recon_avg,Military,7.438483176327554,,48,24,0.62606,7.831751849376111,6.787004403102348,8.118682131592276,11.992060259660889,2.2837269263275544
group,DeepSeek-V4-Flash-Simple-Per-5,DeepSeek-V4-Flash-Simple,Per-5,DeepSeek-V4-Flash-Simple | Per-5,flavor_ranged_avg,Military,2.1066585230723045,,48,24,0.530756,3.107323880597015,0.5290950515459099,3.4804951464002927,11.437114773072304,-3.542051893594362
group,DeepSeek-V4-Flash-Simple-Per-5,DeepSeek-V4-Flash-Simple,Per-5,DeepSeek-V4-Flash-Simple | Per-5,flavor_mobile_avg,Military,5.94435472016924,,48,24,0.582252,8.13108465034965,3.950226456957131,7.823509912208188,9.749431803502574,4.207765136835907
group,DeepSeek-V4-Flash-Simple-Per-5,DeepSeek-V4-Flash-Simple,Per-5,DeepSeek-V4-Flash-Simple | Per-5,flavor_nuke_avg,Nuclear,24.523511160242233,,15,10,0.693355,24.025902439024392,20.618027778811737,29.31442018700257,26.144497826908903,21.544497826908906
group,DeepSeek-V4-Flash-Simple-Per-5,DeepSeek-V4-Flash-Simple,Per-5,DeepSeek-V4-Flash-Simple | Per-5,flavor_use_nuke_avg,Nuclear,31.846567893699184,,15,10,0.768584,30.470424390243906,27.480536096080026,37.986397377286586,33.37590122703252,29.50923456036585
group,DeepSeek-V4-Flash-Simple-Per-5,DeepSeek-V4-Flash-Simple,Per-5,DeepSeek-V4-Flash-Simple | Per-5,flavor_naval_avg,Naval and air,5.048110592982134,,48,24,0.579659,7.028117424242424,3.134166091386176,6.979046498892833,15.605268926315468,1.2094355929821339
group,DeepSeek-V4-Flash-Simple-Per-5,DeepSeek-V4-Flash-Simple,Per-5,DeepSeek-V4-Flash-Simple | Per-5,flavor_naval_recon_avg,Naval and air,11.130939878066778,,48,24,0.677787,11.959906280137773,9.883688441100773,12.260705232485257,13.274991961400113,9.920825294733445
group,DeepSeek-V4-Flash-Simple-Per-5,DeepSeek-V4-Flash-Simple,Per-5,DeepSeek-V4-Flash-Simple | Per-5,flavor_air_avg,Naval and air,10.437322152583052,,41,23,0.602467,10.569398412698412,8.944768199211984,11.985859247312176,13.874648981851346,8.703917274534271
group,DeepSeek-V4-Flash-Simple-Per-5,DeepSeek-V4-Flash-Simple,Per-5,DeepSeek-V4-Flash-Simple | Per-5,flavor_antiair_avg,Naval and air,12.475608151409709,,41,23,0.623128,12.093600000000002,10.889520436154125,14.36179087626024,18.242078883117028,9.12012766360483
group,DeepSeek-V4-Flash-Simple-Per-5,DeepSeek-V4-Flash-Simple,Per-5,DeepSeek-V4-Flash-Simple | Per-5,flavor_air_carrier_avg,Naval and air,23.37641325831326,,41,23,0.759859,23.41958225806452,22.870313298421117,23.87563743757175,23.558644965630332,23.09523033148399
group,DeepSeek-V4-Flash-Simple-Per-5,DeepSeek-V4-Flash-Simple,Per-5,DeepSeek-V4-Flash-Simple | Per-5,flavor_airlift_avg,Naval and air,21.0084563198261,,41,23,0.736519,21.141909523809524,20.3237204997926,21.734020167419704,21.251263636899267,20.836629490557804
group,DeepSeek-V4-Flash-Simple-Per-5,DeepSeek-V4-Flash-Simple,Per-5,DeepSeek-V4-Flash-Simple | Per-5,flavor_expansion_avg,Economy,6.877396838664533,,48,24,0.616663,7.393856795567618,5.116196574739203,8.687498862583867,39.4236447553312,-17.409688578002132
group,DeepSeek-V4-Flash-Simple-Per-5,DeepSeek-V4-Flash-Simple,Per-5,DeepSeek-V4-Flash-Simple | Per-5,flavor_growth_avg,Economy,-4.156259792014898,,48,24,0.408028,-4.044627524143994,-4.965145510054571,-3.3150112651356043,3.374688124651769,-11.104478542014897
group,DeepSeek-V4-Flash-Simple-Per-5,DeepSeek-V4-Flash-Simple,Per-5,DeepSeek-V4-Flash-Simple | Per-5,flavor_tile_improvement_avg,Economy,-5.269272353112252,,48,24,0.371525,-5.599140056818175,-5.947285402376587,-4.5852184416995465,0.41639848022108134,-12.041934853112252
group,DeepSeek-V4-Flash-Simple-Per-5,DeepSeek-V4-Flash-Simple,Per-5,DeepSeek-V4-Flash-Simple | Per-5,flavor_infrastructure_avg,Economy,-7.760997949858466,,48,24,0.320871,-7.42867840909091,-8.447959400889205,-7.069248544332656,-2.427502116525132,-13.344168783191797
group,DeepSeek-V4-Flash-Simple-Per-5,DeepSeek-V4-Flash-Simple,Per-5,DeepSeek-V4-Flash-Simple | Per-5,flavor_production_avg,Economy,-10.95719450193151,,48,24,0.2852,-11.925380551090704,-12.154385787962203,-9.645836779914399,2.7544617480684916,-22.308038251931507
group,DeepSeek-V4-Flash-Simple-Per-5,DeepSeek-V4-Flash-Simple,Per-5,DeepSeek-V4-Flash-Simple | Per-5,flavor_gold_avg,Economy,-12.967042412283524,,48,24,0.243886,-13.049014099954771,-14.034225581789041,-11.963611361146192,-2.5944653289501907,-20.177798662283525
group,DeepSeek-V4-Flash-Simple-Per-5,DeepSeek-V4-Flash-Simple,Per-5,DeepSeek-V4-Flash-Simple | Per-5,flavor_science_avg,Economy,-1.158011786952401,,48,24,0.477176,-0.8396696969697004,-2.6429290890872132,0.2676798721372989,14.792631963047597,-20.957368036952403
group,DeepSeek-V4-Flash-Simple-Per-5,DeepSeek-V4-Flash-Simple,Per-5,DeepSeek-V4-Flash-Simple | Per-5,flavor_culture_avg,Economy,-4.466561774839825,,48,24,0.443624,-1.4917288331071887,-7.448886351427069,-1.4695411938477696,3.968538225160175,-14.927295108173157
group,DeepSeek-V4-Flash-Simple-Per-5,DeepSeek-V4-Flash-Simple,Per-5,DeepSeek-V4-Flash-Simple | Per-5,flavor_happiness_avg,Economy,-6.382876934219769,,48,24,0.370741,-6.844176515151517,-7.497962766128949,-5.2463823244736085,11.539525149113565,-19.856308184219767
group,DeepSeek-V4-Flash-Simple-Per-5,DeepSeek-V4-Flash-Simple,Per-5,DeepSeek-V4-Flash-Simple | Per-5,flavor_naval_growth_avg,Economy,10.30752275393912,,48,24,0.656105,11.44839848484849,9.085068902488976,11.427643575816486,11.333183170605787,9.187349837272453
group,DeepSeek-V4-Flash-Simple-Per-5,DeepSeek-V4-Flash-Simple,Per-5,DeepSeek-V4-Flash-Simple | Per-5,flavor_naval_tile_improvement_avg,Economy,11.574868804563529,,48,24,0.673322,12.904939393939394,10.337393842788611,12.671060660876755,12.419060471230196,10.544060471230196
group,DeepSeek-V4-Flash-Simple-Per-5,DeepSeek-V4-Flash-Simple,Per-5,DeepSeek-V4-Flash-Simple | Per-5,flavor_water_connection_avg,Economy,7.194941452950495,,48,24,0.622503,7.789372860962569,6.120748949151747,8.31486219380726,7.521778952950496,6.54261228628383
group,DeepSeek-V4-Flash-Simple-Per-5,DeepSeek-V4-Flash-Simple,Per-5,DeepSeek-V4-Flash-Simple | Per-5,flavor_great_people_avg,Other,-6.999754338580755,,48,24,0.397146,-6.830973100407057,-9.171716396200289,-4.768399677831707,1.9284435780859122,-15.550723088580755
group,DeepSeek-V4-Flash-Simple-Per-5,DeepSeek-V4-Flash-Simple,Per-5,DeepSeek-V4-Flash-Simple | Per-5,flavor_wonder_avg,Other,8.477109937345011,,48,24,0.586854,9.101961853832442,5.086017692040797,11.995492536546005,16.640599520678347,0.9739328540116787
group,DeepSeek-V4-Flash-Simple-Per-5,DeepSeek-V4-Flash-Simple,Per-5,DeepSeek-V4-Flash-Simple | Per-5,flavor_religion_avg,Other,9.472017261003778,,48,24,0.633893,9.366904999999996,7.972253414549238,10.921558770207156,14.286352677670443,5.098852677670443
group,DeepSeek-V4-Flash-Simple-Per-5,DeepSeek-V4-Flash-Simple,Per-5,DeepSeek-V4-Flash-Simple | Per-5,flavor_diplomacy_avg,Other,-10.202741545232689,,48,24,0.356754,-9.958032440072365,-12.420531105251447,-8.202972289371997,0.36122095476731175,-20.26377904523269
group,DeepSeek-V4-Flash-Simple-Per-5,DeepSeek-V4-Flash-Simple,Per-5,DeepSeek-V4-Flash-Simple | Per-5,flavor_espionage_avg,Other,0.03345835628198864,,48,24,0.500533,-0.46866390374331246,-1.130164372308456,1.0445113299785516,7.665668772948656,-3.250997893718011
group,DeepSeek-V4-Flash-Simple-Per-5,DeepSeek-V4-Flash-Simple,Per-5,DeepSeek-V4-Flash-Simple | Per-5,flavor_spaceship_avg,Other,11.945602915165557,,48,24,0.630802,13.594707575757575,9.803766961530384,13.976979417391078,24.800779998498893,6.863279998498889
group,DeepSeek-V4.1-Flash-Simple-Per-5,DeepSeek-V4.1-Flash-Simple,Per-5,DeepSeek-V4.1-Flash-Simple | Per-5,flavor_offense_avg,Military,-4.235190604012392,,48,24,0.457554,-4.548789081996434,-7.560928628829661,-0.6894285835972853,22.91666147932094,-28.062505187345725
group,DeepSeek-V4.1-Flash-Simple-Per-5,DeepSeek-V4.1-Flash-Simple,Per-5,DeepSeek-V4.1-Flash-Simple | Per-5,flavor_defense_avg,Military,4.242647548271878,,48,24,0.573399,3.202741666666668,2.534607447227339,6.010316627538001,26.56471213160521,-15.956121201728124
group,DeepSeek-V4.1-Flash-Simple-Per-5,DeepSeek-V4.1-Flash-Simple,Per-5,DeepSeek-V4.1-Flash-Simple | Per-5,flavor_city_defense_avg,Military,5.841361423179421,,48,24,0.604541,6.1780378989667035,3.8788182482982276,7.683472069418991,27.27836350651275,-10.138303160153912
group,DeepSeek-V4.1-Flash-Simple-Per-5,DeepSeek-V4.1-Flash-Simple,Per-5,DeepSeek-V4.1-Flash-Simple | Per-5,flavor_mobilization_avg,Military,0.6369003987369751,,48,24,0.507848,0.193538636363634,-1.847510294241617,3.138399964885271,22.733781648736976,-20.620385017929692
group,DeepSeek-V4.1-Flash-Simple-Per-5,DeepSeek-V4.1-Flash-Simple,Per-5,DeepSeek-V4.1-Flash-Simple | Per-5,flavor_military_training_avg,Military,3.2491592611602353,,48,24,0.543243,2.8076040928171615,1.2683271757629375,5.174809074060185,16.694775927826903,-9.930224072173097
group,DeepSeek-V4.1-Flash-Simple-Per-5,DeepSeek-V4.1-Flash-Simple,Per-5,DeepSeek-V4.1-Flash-Simple | Per-5,flavor_recon_avg,Military,9.349547759660888,,48,24,0.658447,9.078331365232657,8.081714369642597,10.47912830602495,20.846226926327557,-1.8412730736724454
group,DeepSeek-V4.1-Flash-Simple-Per-5,DeepSeek-V4.1-Flash-Simple,Per-5,DeepSeek-V4.1-Flash-Simple | Per-5,flavor_ranged_avg,Military,8.044816856405637,,48,24,0.617449,7.032576538461541,6.291246357155805,9.855802349778452,21.79128143973897,-4.833718560261029
group,DeepSeek-V4.1-Flash-Simple-Per-5,DeepSeek-V4.1-Flash-Simple,Per-5,DeepSeek-V4.1-Flash-Simple | Per-5,flavor_mobile_avg,Military,8.28276097016924,,48,24,0.614609,10.079207575757579,7.092090130045146,9.556273441068287,12.60359847016924,3.0410984701692403
group,DeepSeek-V4.1-Flash-Simple-Per-5,DeepSeek-V4.1-Flash-Simple,Per-5,DeepSeek-V4.1-Flash-Simple | Per-5,flavor_nuke_avg,Nuclear,6.053586557309838,,12,9,0.547729,11.934687916666668,-5.446173808436664,15.487632936022578,10.632453223976505,4.382453223976505
group,DeepSeek-V4.1-Flash-Simple-Per-5,DeepSeek-V4.1-Flash-Simple,Per-5,DeepSeek-V4.1-Flash-Simple | Per-5,flavor_use_nuke_avg,Nuclear,11.009444732058343,,12,9,0.59285,18.246741999999998,0.5167780894546493,21.074794173570517,16.73811139872501,8.821444732058344
group,DeepSeek-V4.1-Flash-Simple-Per-5,DeepSeek-V4.1-Flash-Simple,Per-5,DeepSeek-V4.1-Flash-Simple | Per-5,flavor_naval_avg,Naval and air,6.8088022596488,,48,24,0.607443,7.446572388059696,5.379854095923067,8.185997419595214,20.959435592982135,-2.269731073684533
group,DeepSeek-V4.1-Flash-Simple-Per-5,DeepSeek-V4.1-Flash-Simple,Per-5,DeepSeek-V4.1-Flash-Simple | Per-5,flavor_naval_recon_avg,Naval and air,11.437287794733445,,48,24,0.68268,12.094807741477272,10.13500587786033,12.560526580092084,17.420825294733447,6.212491961400112
group,DeepSeek-V4.1-Flash-Simple-Per-5,DeepSeek-V4.1-Flash-Simple,Per-5,DeepSeek-V4.1-Flash-Simple | Per-5,flavor_air_avg,Naval and air,11.968826261081928,,38,24,0.617503,11.624718738229753,10.066240063879972,14.07216426619204,17.007873629502978,8.560505208450348
group,DeepSeek-V4.1-Flash-Simple-Per-5,DeepSeek-V4.1-Flash-Simple,Per-5,DeepSeek-V4.1-Flash-Simple | Per-5,flavor_antiair_avg,Naval and air,16.42297493034829,,38,24,0.662087,14.550168202764976,13.651804560829303,19.552865567758644,23.498248614558815,11.445617035611447
group,DeepSeek-V4.1-Flash-Simple-Per-5,DeepSeek-V4.1-Flash-Simple,Per-5,DeepSeek-V4.1-Flash-Simple | Per-5,flavor_air_carrier_avg,Naval and air,20.950232815936392,,38,24,0.732889,23.365038095238095,18.051572985162935,23.670997244799022,21.076124921199543,20.1550722896206
group,DeepSeek-V4.1-Flash-Simple-Per-5,DeepSeek-V4.1-Flash-Simple,Per-5,DeepSeek-V4.1-Flash-Simple | Per-5,flavor_airlift_avg,Naval and air,19.637383462809613,,38,24,0.721083,21.141909523809524,16.96305407866486,21.6010374037191,20.074922936493827,19.548607147020142
group,DeepSeek-V4.1-Flash-Simple-Per-5,DeepSeek-V4.1-Flash-Simple,Per-5,DeepSeek-V4.1-Flash-Simple | Per-5,flavor_expansion_avg,Economy,0.7565405886645333,,48,24,0.512833,0.19284480837789886,-2.182501849018992,3.6365173844041747,47.798644755331196,-30.5763552446688
group,DeepSeek-V4.1-Flash-Simple-Per-5,DeepSeek-V4.1-Flash-Simple,Per-5,DeepSeek-V4.1-Flash-Simple | Per-5,flavor_growth_avg,Economy,8.160100624651768,,48,24,0.680571,9.668275802804164,6.29625117568345,10.000915300926213,20.2705214579851,-11.666978542014897
group,DeepSeek-V4.1-Flash-Simple-Per-5,DeepSeek-V4.1-Flash-Simple,Per-5,DeepSeek-V4.1-Flash-Simple | Per-5,flavor_tile_improvement_avg,Economy,10.766258896887747,,48,24,0.762502,10.95482805258467,9.344705781158327,12.245069688570256,17.812231813554416,-4.625268186445585
group,DeepSeek-V4.1-Flash-Simple-Per-5,DeepSeek-V4.1-Flash-Simple,Per-5,DeepSeek-V4.1-Flash-Simple | Per-5,flavor_infrastructure_avg,Economy,4.725397883474868,,48,24,0.609065,6.142304684270954,2.8324072048102726,6.599696340243502,13.759997883474869,-12.510835449858464
group,DeepSeek-V4.1-Flash-Simple-Per-5,DeepSeek-V4.1-Flash-Simple,Per-5,DeepSeek-V4.1-Flash-Simple | Per-5,flavor_production_avg,Economy,-1.3028049185981747,,48,24,0.47446,-0.24895655811850048,-3.1444811711382625,0.39333522111096636,15.046128414735158,-19.93303825193151
group,DeepSeek-V4.1-Flash-Simple-Per-5,DeepSeek-V4.1-Flash-Simple,Per-5,DeepSeek-V4.1-Flash-Simple | Per-5,flavor_gold_avg,Economy,0.7669805043831436,,48,24,0.515149,-0.27016439393939606,-0.9869525669384762,2.531092847986648,15.801368004383143,-19.927798662283525
group,DeepSeek-V4.1-Flash-Simple-Per-5,DeepSeek-V4.1-Flash-Simple,Per-5,DeepSeek-V4.1-Flash-Simple | Per-5,flavor_science_avg,Economy,12.748852796380932,,48,24,0.75128,12.545400678426056,11.928770201624053,13.710369525624085,22.605131963047597,-15.853201370285737
group,DeepSeek-V4.1-Flash-Simple-Per-5,DeepSeek-V4.1-Flash-Simple,Per-5,DeepSeek-V4.1-Flash-Simple | Per-5,flavor_culture_avg,Economy,15.746767391826841,,48,24,0.698752,13.563170284938941,13.796587455667634,17.72396633996534,30.26020489182684,-9.843961774839824
group,DeepSeek-V4.1-Flash-Simple-Per-5,DeepSeek-V4.1-Flash-Simple,Per-5,DeepSeek-V4.1-Flash-Simple | Per-5,flavor_happiness_avg,Economy,8.081191815780231,,48,24,0.663651,7.989390384615383,7.341437340934305,8.815722288012205,23.22702514911357,-17.668808184219767
group,DeepSeek-V4.1-Flash-Simple-Per-5,DeepSeek-V4.1-Flash-Simple,Per-5,DeepSeek-V4.1-Flash-Simple | Per-5,flavor_naval_growth_avg,Economy,10.866083170605785,,48,24,0.664564,11.886202985074625,9.990454540032177,11.683211460485074,12.124849837272455,8.187349837272453
group,DeepSeek-V4.1-Flash-Simple-Per-5,DeepSeek-V4.1-Flash-Simple,Per-5,DeepSeek-V4.1-Flash-Simple | Per-5,flavor_naval_tile_improvement_avg,Economy,12.343145887896862,,48,24,0.684826,13.086019696969693,11.366698366608372,13.218196367228684,13.523227137896862,9.68989380456353
group,DeepSeek-V4.1-Flash-Simple-Per-5,DeepSeek-V4.1-Flash-Simple,Per-5,DeepSeek-V4.1-Flash-Simple | Per-5,flavor_water_connection_avg,Economy,8.401493536283828,,48,24,0.643046,8.483810606060608,7.494521278380439,9.301521919505628,9.230112286283829,6.063445619617163
group,DeepSeek-V4.1-Flash-Simple-Per-5,DeepSeek-V4.1-Flash-Simple,Per-5,DeepSeek-V4.1-Flash-Simple | Per-5,flavor_great_people_avg,Other,9.450985244752578,,48,24,0.638872,11.18848078071182,7.764521817933942,11.20767317386106,24.34511024475258,-14.738223088580755
group,DeepSeek-V4.1-Flash-Simple-Per-5,DeepSeek-V4.1-Flash-Simple,Per-5,DeepSeek-V4.1-Flash-Simple | Per-5,flavor_wonder_avg,Other,7.734999520678346,,48,24,0.57925,8.568196358173077,4.610738878730408,11.085497972565616,28.828099520678347,-12.505233812654987
group,DeepSeek-V4.1-Flash-Simple-Per-5,DeepSeek-V4.1-Flash-Simple,Per-5,DeepSeek-V4.1-Flash-Simple | Per-5,flavor_religion_avg,Other,17.87967976100378,,48,24,0.75274,17.465065151515155,15.40133193367755,20.156341998716815,31.95301934433711,1.8280193443371102
group,DeepSeek-V4.1-Flash-Simple-Per-5,DeepSeek-V4.1-Flash-Simple,Per-5,DeepSeek-V4.1-Flash-Simple | Per-5,flavor_diplomacy_avg,Other,2.5445792881006444,,48,24,0.535726,2.957487449118048,0.5131341610761964,4.676910003057811,23.819554288100647,-21.09711237856602
group,DeepSeek-V4.1-Flash-Simple-Per-5,DeepSeek-V4.1-Flash-Simple,Per-5,DeepSeek-V4.1-Flash-Simple | Per-5,flavor_espionage_avg,Other,7.288302106281989,,48,24,0.616138,7.2384742424242425,5.7766861250192125,8.635428382509142,28.12400210628199,-4.0843312270513445
group,DeepSeek-V4.1-Flash-Simple-Per-5,DeepSeek-V4.1-Flash-Simple,Per-5,DeepSeek-V4.1-Flash-Simple | Per-5,flavor_spaceship_avg,Other,10.023840415165557,,48,24,0.609759,9.99894810606061,8.180954378724575,12.040333071394903,22.092446665165557,-2.470053334834444
group,GLM-5.1-Simple,GLM-5.1-Simple,Every-turn,GLM-5.1-Simple | Every-turn,flavor_offense_avg,Military,19.855194812654272,,48,24,0.698993,21.350979545454546,15.891935078396822,24.22028613717095,57.229161479320936,-27.375005187345725
group,GLM-5.1-Simple,GLM-5.1-Simple,Every-turn,GLM-5.1-Simple | Every-turn,flavor_defense_avg,Military,16.53004129827188,,48,24,0.785974,16.784166176470592,14.007540175639045,18.745256524718297,37.48137879827188,-24.539454535061456
group,GLM-5.1-Simple,GLM-5.1-Simple,Every-turn,GLM-5.1-Simple | Every-turn,flavor_city_defense_avg,Military,14.170559339846086,,48,24,0.753607,15.228447421980999,11.197380257778015,16.965101205365748,39.17419683984608,-20.346636493487246
group,GLM-5.1-Simple,GLM-5.1-Simple,Every-turn,GLM-5.1-Simple | Every-turn,flavor_mobilization_avg,Military,22.29432331540364,,48,24,0.774715,23.07644131155303,18.38520516326014,25.942897186934943,48.25461498207031,-17.370385017929692
group,GLM-5.1-Simple,GLM-5.1-Simple,Every-turn,GLM-5.1-Simple | Every-turn,flavor_military_training_avg,Military,20.7282571778269,,48,24,0.775874,20.267573880597013,17.872394192910228,23.57944772112155,40.15310926116023,-21.596890738839765
group,GLM-5.1-Simple,GLM-5.1-Simple,Every-turn,GLM-5.1-Simple | Every-turn,flavor_recon_avg,Military,8.518320676327555,,48,24,0.64436,8.961008333333336,6.526629151781505,10.495503031554481,43.887893592994224,-33.13293974033911
group,GLM-5.1-Simple,GLM-5.1-Simple,Every-turn,GLM-5.1-Simple | Every-turn,flavor_ranged_avg,Military,22.847687689738972,,48,24,0.833561,23.17735816372682,19.80388423344387,25.638120443379762,44.58294810640564,-11.146218560261028
group,GLM-5.1-Simple,GLM-5.1-Simple,Every-turn,GLM-5.1-Simple | Every-turn,flavor_mobile_avg,Military,19.589638053502572,,48,24,0.771063,19.369668181818184,16.45787944190162,22.56754815413905,48.64526513683591,-13.917234863164092
group,GLM-5.1-Simple,GLM-5.1-Simple,Every-turn,GLM-5.1-Simple | Every-turn,flavor_nuke_avg,Nuclear,26.51025791738291,,10,7,0.70902,35.335141219512195,15.535682768370355,46.20246911116574,41.094917917382915,7.094917917382917
group,GLM-5.1-Simple,GLM-5.1-Simple,Every-turn,GLM-5.1-Simple | Every-turn,flavor_use_nuke_avg,Nuclear,5.824537572110364,,10,7,0.549122,1.6638771951219535,-6.0195243706071775,18.27930872497767,17.151117572110365,-7.148882427889637
group,GLM-5.1-Simple,GLM-5.1-Simple,Every-turn,GLM-5.1-Simple | Every-turn,flavor_naval_avg,Naval and air,14.06047517631547,,48,24,0.721874,14.464782078071185,10.550692003132433,17.12429502231116,48.39693559298214,-27.8113977403512
group,GLM-5.1-Simple,GLM-5.1-Simple,Every-turn,GLM-5.1-Simple | Every-turn,flavor_naval_recon_avg,Naval and air,3.859087794733446,,48,24,0.561639,1.778849020979024,0.8544269922153254,7.013233322041233,38.85832529473345,-30.975008038599885
group,GLM-5.1-Simple,GLM-5.1-Simple,Every-turn,GLM-5.1-Simple | Every-turn,flavor_air_avg,Naval and air,18.863561252510756,,39,23,0.685191,23.328072727272726,10.530584274235418,26.424208856808246,50.042489457638965,-20.34212592697642
group,GLM-5.1-Simple,GLM-5.1-Simple,Every-turn,GLM-5.1-Simple | Every-turn,flavor_antiair_avg,Naval and air,15.85436198663501,,39,23,0.656475,18.4839507936508,7.338774541813652,23.713569263118224,45.59360301227604,-22.35511493644191
group,GLM-5.1-Simple,GLM-5.1-Simple,Every-turn,GLM-5.1-Simple | Every-turn,flavor_air_carrier_avg,Naval and air,-12.773600115836954,,39,23,0.358005,-20.674838983050847,-17.644891151498545,-7.404366090102922,1.1028101405733024,-21.717702679939517
group,GLM-5.1-Simple,GLM-5.1-Simple,Every-turn,GLM-5.1-Simple | Every-turn,flavor_airlift_avg,Naval and air,-11.435291662672872,,39,23,0.371258,-23.502627118644067,-17.974313547374283,-4.1546029334395405,4.5521467988655875,-20.447853201134414
group,GLM-5.1-Simple,GLM-5.1-Simple,Every-turn,GLM-5.1-Simple | Every-turn,flavor_expansion_avg,Economy,-8.201642744668801,,48,24,0.360874,-8.47747555147059,-10.771473558298627,-5.360341298674219,53.27781142199786,-40.65968857800213
group,GLM-5.1-Simple,GLM-5.1-Simple,Every-turn,GLM-5.1-Simple | Every-turn,flavor_growth_avg,Economy,15.135092291318434,,48,24,0.834918,16.752343905472642,12.932219339930642,17.2208972501571,32.22885479131843,-27.396145208681563
group,GLM-5.1-Simple,GLM-5.1-Simple,Every-turn,GLM-5.1-Simple | Every-turn,flavor_tile_improvement_avg,Economy,13.523519313554415,,48,24,0.829729,15.645758333333333,10.591571858348576,16.261710436592484,31.91639848022108,-26.937768186445584
group,GLM-5.1-Simple,GLM-5.1-Simple,Every-turn,GLM-5.1-Simple | Every-turn,flavor_infrastructure_avg,Economy,16.059910383474868,,48,24,0.870674,17.021726222732482,14.167919563255378,17.806150228450917,32.4683312168082,-23.865002116525133
group,GLM-5.1-Simple,GLM-5.1-Simple,Every-turn,GLM-5.1-Simple | Every-turn,flavor_production_avg,Economy,17.50635549806849,,48,24,0.843187,17.435693939393936,16.640871546671203,18.42753638422427,23.54612841473516,-22.912204918598174
group,GLM-5.1-Simple,GLM-5.1-Simple,Every-turn,GLM-5.1-Simple | Every-turn,flavor_gold_avg,Economy,15.967399254383144,,48,24,0.815374,16.953789871794868,14.845378978463193,17.063973862066355,29.96803467104981,-27.323631995616854
group,GLM-5.1-Simple,GLM-5.1-Simple,Every-turn,GLM-5.1-Simple | Every-turn,flavor_science_avg,Economy,14.757136129714263,,48,24,0.790864,15.301099999999998,13.89966828066816,15.64462945077296,23.62596529638093,-22.103201370285735
group,GLM-5.1-Simple,GLM-5.1-Simple,Every-turn,GLM-5.1-Simple | Every-turn,flavor_culture_avg,Economy,9.62351530849351,,48,24,0.621466,12.551576799824403,6.5516437376699965,12.535920973284188,32.05187155849351,-29.656461774839826
group,GLM-5.1-Simple,GLM-5.1-Simple,Every-turn,GLM-5.1-Simple | Every-turn,flavor_happiness_avg,Economy,14.734577232446897,,48,24,0.798388,14.946770454545458,13.268619861849247,16.13116277310114,29.72702514911357,-22.668808184219767
group,GLM-5.1-Simple,GLM-5.1-Simple,Every-turn,GLM-5.1-Simple | Every-turn,flavor_naval_growth_avg,Economy,4.34317900393912,,48,24,0.565776,5.207391550116554,0.9093563693565374,8.044838095030977,27.45818317060579,-25.35431682939421
group,GLM-5.1-Simple,GLM-5.1-Simple,Every-turn,GLM-5.1-Simple | Every-turn,flavor_naval_tile_improvement_avg,Economy,-0.4254541121031368,,48,24,0.493629,-1.379649242424243,-3.3603800540511237,2.6248654559740725,17.75239380456353,-26.56010619543647
group,GLM-5.1-Simple,GLM-5.1-Simple,Every-turn,GLM-5.1-Simple | Every-turn,flavor_water_connection_avg,Economy,9.687016452950495,,48,24,0.664934,10.78064914918415,6.625418248634945,12.620598545663038,27.146778952950495,-18.624054380382837
group,GLM-5.1-Simple,GLM-5.1-Simple,Every-turn,GLM-5.1-Simple | Every-turn,flavor_great_people_avg,Other,-2.763918921914087,,48,24,0.459387,-0.42181083220261684,-7.423289320358675,1.4253385612038538,22.22011024475258,-37.73822308858075
group,GLM-5.1-Simple,GLM-5.1-Simple,Every-turn,GLM-5.1-Simple | Every-turn,flavor_wonder_avg,Other,-11.02437964598832,,48,24,0.387048,-17.586712969244687,-16.711667232696335,-4.700139314086702,29.53643285401168,-36.692733812654986
group,GLM-5.1-Simple,GLM-5.1-Simple,Every-turn,GLM-5.1-Simple | Every-turn,flavor_religion_avg,Other,2.188940177670444,,48,24,0.530942,1.8169876865671633,-0.8146964036251221,4.9113794923738086,34.68218601100378,-32.69281398899622
group,GLM-5.1-Simple,GLM-5.1-Simple,Every-turn,GLM-5.1-Simple | Every-turn,flavor_diplomacy_avg,Other,14.20987720476731,,48,24,0.699506,16.315847105382183,12.094206296312521,16.198504378717978,32.29872095476731,-30.826279045232685
group,GLM-5.1-Simple,GLM-5.1-Simple,Every-turn,GLM-5.1-Simple | Every-turn,flavor_espionage_avg,Other,11.541133356281989,,48,24,0.683907,13.726351359180036,8.98778474711394,14.089566876667586,44.249002106281985,-23.646831227051347
group,GLM-5.1-Simple,GLM-5.1-Simple,Every-turn,GLM-5.1-Simple | Every-turn,flavor_spaceship_avg,Other,-1.5458033348344433,,48,24,0.483074,-1.7222993800229602,-6.1823972625002375,3.0138011189907585,24.488279998498893,-28.782553334834443
group,GLM-5.2-Simple,GLM-5.2-Simple,Every-turn,GLM-5.2-Simple | Every-turn,flavor_offense_avg,Military,8.377603145987607,,48,24,0.583962,8.836187788331074,5.705338735607952,10.73892551844153,43.979161479320936,-27.39583852067906
group,GLM-5.2-Simple,GLM-5.2-Simple,Every-turn,GLM-5.2-Simple | Every-turn,flavor_defense_avg,Military,9.349480881605212,,48,24,0.661748,9.988865287200362,7.001548804673564,11.474074061340367,33.85637879827188,-23.664454535061456
group,GLM-5.2-Simple,GLM-5.2-Simple,Every-turn,GLM-5.2-Simple | Every-turn,flavor_city_defense_avg,Military,4.606421839846087,,48,24,0.58244,5.97800490196078,1.9421287661123634,6.9427205410328146,31.96586350651275,-22.075803160153914
group,GLM-5.2-Simple,GLM-5.2-Simple,Every-turn,GLM-5.2-Simple | Every-turn,flavor_mobilization_avg,Military,12.838117065403642,,48,24,0.658194,13.13997691761363,10.11801940506267,15.533559651799361,43.400448315403644,-20.370385017929692
group,GLM-5.2-Simple,GLM-5.2-Simple,Every-turn,GLM-5.2-Simple | Every-turn,flavor_military_training_avg,Military,5.400473844493568,,48,24,0.571875,7.037445075757571,2.9388703379216397,7.637595382236783,29.986442594493568,-24.534390738839765
group,GLM-5.2-Simple,GLM-5.2-Simple,Every-turn,GLM-5.2-Simple | Every-turn,flavor_recon_avg,Military,5.3439352596608884,,48,24,0.590564,5.466282948891905,3.316617153093304,7.383857118072908,28.70039359299422,-17.79960640700578
group,GLM-5.2-Simple,GLM-5.2-Simple,Every-turn,GLM-5.2-Simple | Every-turn,flavor_ranged_avg,Military,5.351435606405637,,48,24,0.578127,5.6049460312076,2.895552731391184,7.823054324174203,29.10378143973897,-13.750385226927696
group,GLM-5.2-Simple,GLM-5.2-Simple,Every-turn,GLM-5.2-Simple | Every-turn,flavor_mobile_avg,Military,5.688919303502573,,48,24,0.578718,7.661237224264703,3.05204827523382,8.17635271848898,25.853598470169242,-12.83390152983076
group,GLM-5.2-Simple,GLM-5.2-Simple,Every-turn,GLM-5.2-Simple | Every-turn,flavor_nuke_avg,Nuclear,9.825496475947771,,15,13,0.577469,-1.0207041666666683,-7.735910803324502,27.24627282451548,15.660323142614436,-6.00634352405223
group,GLM-5.2-Simple,GLM-5.2-Simple,Every-turn,GLM-5.2-Simple | Every-turn,flavor_use_nuke_avg,Nuclear,0.4672722691075393,,15,13,0.503941,-7.263078125,-13.572022488523848,16.96275750466865,4.131905602440872,-9.534761064225794
group,GLM-5.2-Simple,GLM-5.2-Simple,Every-turn,GLM-5.2-Simple | Every-turn,flavor_naval_avg,Naval and air,3.320581426315467,,48,24,0.552399,5.322395000000004,1.2822043289301028,5.522292319257371,35.126102259648796,-19.8738977403512
group,GLM-5.2-Simple,GLM-5.2-Simple,Every-turn,GLM-5.2-Simple | Every-turn,flavor_naval_recon_avg,Naval and air,0.7064461280667796,,48,24,0.511284,0.49529480904302403,-1.7018704252327195,2.8632097680982613,24.00415862806678,-18.62084137193322
group,GLM-5.2-Simple,GLM-5.2-Simple,Every-turn,GLM-5.2-Simple | Every-turn,flavor_air_avg,Naval and air,2.5350540241221755,,43,24,0.524888,2.467498387096775,-5.047156647039624,9.40901527244808,21.870549372959385,-20.92014830145922
group,GLM-5.2-Simple,GLM-5.2-Simple,Every-turn,GLM-5.2-Simple | Every-turn,flavor_antiair_avg,Naval and air,4.035938106461033,,43,24,0.539833,5.597993548387095,-3.4283693929772947,12.331497807101936,26.019235780879637,-19.097043288887804
group,GLM-5.2-Simple,GLM-5.2-Simple,Every-turn,GLM-5.2-Simple | Every-turn,flavor_air_carrier_avg,Naval and air,-9.374165291413876,,43,24,0.395794,-12.803296610169493,-13.750708761494467,-5.02921480406861,-3.9377490123441095,-14.867981570483645
group,GLM-5.2-Simple,GLM-5.2-Simple,Every-turn,GLM-5.2-Simple | Every-turn,flavor_airlift_avg,Naval and air,-7.427104043536656,,43,24,0.416383,-11.601327118644068,-12.529789939196844,-2.394727721096143,-1.0554040435366567,-14.543776136559911
group,GLM-5.2-Simple,GLM-5.2-Simple,Every-turn,GLM-5.2-Simple | Every-turn,flavor_expansion_avg,Economy,3.227286421997867,,48,24,0.554745,1.847680373303163,-0.005709428067914713,6.3595559553219125,47.81947808866453,-34.40968857800213
group,GLM-5.2-Simple,GLM-5.2-Simple,Every-turn,GLM-5.2-Simple | Every-turn,flavor_growth_avg,Economy,5.495406874651768,,48,24,0.621605,5.879603030303024,3.7031917905039102,7.06408127938212,22.0830214579851,-29.00031187534823
group,GLM-5.2-Simple,GLM-5.2-Simple,Every-turn,GLM-5.2-Simple | Every-turn,flavor_tile_improvement_avg,Economy,9.234642230221082,,48,24,0.725158,9.873745454545457,7.441782627944222,10.937342929211798,22.687231813554416,-15.271101519778918
group,GLM-5.2-Simple,GLM-5.2-Simple,Every-turn,GLM-5.2-Simple | Every-turn,flavor_infrastructure_avg,Economy,7.7776395501415365,,48,24,0.679513,8.799565151515147,5.63472586729788,9.62780207686991,21.947497883474867,-18.760835449858465
group,GLM-5.2-Simple,GLM-5.2-Simple,Every-turn,GLM-5.2-Simple | Every-turn,flavor_production_avg,Economy,10.126809664735157,,48,24,0.698521,10.940779568764562,8.68234286041087,11.222412021642604,22.04612841473516,-21.662204918598174
group,GLM-5.2-Simple,GLM-5.2-Simple,Every-turn,GLM-5.2-Simple | Every-turn,flavor_gold_avg,Economy,12.21122842104981,,48,24,0.741186,12.829674593942059,11.0666480555732,13.382254210156407,27.07220133771648,-24.03196532895019
group,GLM-5.2-Simple,GLM-5.2-Simple,Every-turn,GLM-5.2-Simple | Every-turn,flavor_science_avg,Economy,11.870106963047599,,48,24,0.73396,12.191644286380601,10.837700238931525,12.996542961133333,23.06346529638093,-24.18653470361907
group,GLM-5.2-Simple,GLM-5.2-Simple,Every-turn,GLM-5.2-Simple | Every-turn,flavor_culture_avg,Economy,8.209948641826843,,48,24,0.603624,8.392219563279852,5.422252174201247,11.058220661539902,28.864371558493506,-23.73979510817316
group,GLM-5.2-Simple,GLM-5.2-Simple,Every-turn,GLM-5.2-Simple | Every-turn,flavor_happiness_avg,Economy,11.615968899113563,,48,24,0.735234,12.750896874999995,10.218724058579069,12.981061402438211,28.7478584824469,-23.71047485088643
group,GLM-5.2-Simple,GLM-5.2-Simple,Every-turn,GLM-5.2-Simple | Every-turn,flavor_naval_growth_avg,Economy,-2.35800849606088,,48,24,0.464289,-1.2553402640642979,-4.819546277077057,0.3894930258860716,13.416516503939121,-19.72931682939421
group,GLM-5.2-Simple,GLM-5.2-Simple,Every-turn,GLM-5.2-Simple | Every-turn,flavor_naval_tile_improvement_avg,Economy,-1.5822436954364705,,48,24,0.476308,-1.4580624777183608,-3.9559213233858714,0.9204164450637207,12.710727137896862,-18.643439528769804
group,GLM-5.2-Simple,GLM-5.2-Simple,Every-turn,GLM-5.2-Simple | Every-turn,flavor_water_connection_avg,Economy,1.8898393696171618,,48,24,0.532177,3.360015909090908,-0.5244983073643263,4.221585599380693,14.959278952950497,-13.894887713716171
group,GLM-5.2-Simple,GLM-5.2-Simple,Every-turn,GLM-5.2-Simple | Every-turn,flavor_great_people_avg,Other,2.336822744752579,,48,24,0.534337,3.2184679214223024,-0.42098465095893106,5.094130552132257,21.22011024475258,-26.175723088580753
group,GLM-5.2-Simple,GLM-5.2-Simple,Every-turn,GLM-5.2-Simple | Every-turn,flavor_wonder_avg,Other,1.2313391040116788,,48,24,0.512616,-1.7662611374943467,-4.468830842255947,6.9012183143211,26.80726618734501,-24.58856714598832
group,GLM-5.2-Simple,GLM-5.2-Simple,Every-turn,GLM-5.2-Simple | Every-turn,flavor_religion_avg,Other,6.752221427670444,,48,24,0.595447,8.638401933514242,2.9455352288206647,10.585729968738564,25.57801934433711,-18.942813988996225
group,GLM-5.2-Simple,GLM-5.2-Simple,Every-turn,GLM-5.2-Simple | Every-turn,flavor_diplomacy_avg,Other,11.027227204767312,,48,24,0.654822,11.123584870766486,8.825521668380985,13.230472562549835,30.694554288100647,-29.201279045232692
group,GLM-5.2-Simple,GLM-5.2-Simple,Every-turn,GLM-5.2-Simple | Every-turn,flavor_espionage_avg,Other,0.07009168961532304,,48,24,0.501117,4.033377182270463,-4.539290258680946,4.598074774330946,36.811502106281985,-24.91766456038468
group,GLM-5.2-Simple,GLM-5.2-Simple,Every-turn,GLM-5.2-Simple | Every-turn,flavor_spaceship_avg,Other,-3.4852450015011094,,48,24,0.461837,-5.439920454545458,-8.630099299186345,1.7350154389667094,26.946613331832225,-27.949220001501107
group,GLM-5.2-Simple-Per-5,GLM-5.2-Simple,Per-5,GLM-5.2-Simple | Per-5,flavor_offense_avg,Military,8.85854272932094,,48,24,0.588782,10.899093939393941,4.97680300562036,12.416902843115757,35.83332814598761,-17.791671854012392
group,GLM-5.2-Simple-Per-5,GLM-5.2-Simple,Per-5,GLM-5.2-Simple | Per-5,flavor_defense_avg,Military,5.229082964938544,,48,24,0.590464,4.862575891265603,2.5857992403274173,7.833163320580429,29.335545464938544,-18.101954535061456
group,GLM-5.2-Simple-Per-5,GLM-5.2-Simple,Per-5,GLM-5.2-Simple | Per-5,flavor_city_defense_avg,Military,2.469328089846087,,48,24,0.544193,1.6587683823529424,-0.39625314916736004,5.038930151533191,25.111696839846086,-15.74246982682058
group,GLM-5.2-Simple-Per-5,GLM-5.2-Simple,Per-5,GLM-5.2-Simple | Per-5,flavor_mobilization_avg,Military,11.609537898736974,,48,24,0.643055,13.0172747761194,8.537131562519441,14.470654818832754,36.525448315403644,-13.557885017929692
group,GLM-5.2-Simple-Per-5,GLM-5.2-Simple,Per-5,GLM-5.2-Simple | Per-5,flavor_military_training_avg,Military,2.6208634278269023,,48,24,0.534881,3.7079717548620543,-0.8190633143086257,5.468494594375838,23.0072759278269,-20.221890738839765
group,GLM-5.2-Simple-Per-5,GLM-5.2-Simple,Per-5,GLM-5.2-Simple | Per-5,flavor_recon_avg,Military,7.175951926327554,,48,24,0.621611,8.484929114219113,4.835067829396098,9.249185925234567,19.99206025966089,-6.924606407005779
group,GLM-5.2-Simple-Per-5,GLM-5.2-Simple,Per-5,GLM-5.2-Simple | Per-5,flavor_ranged_avg,Military,5.624848106405639,,48,24,0.582119,5.529720454545451,3.308859875232702,7.81899097919484,22.395448106405638,-9.479551893594362
group,GLM-5.2-Simple-Per-5,GLM-5.2-Simple,Per-5,GLM-5.2-Simple | Per-5,flavor_mobile_avg,Military,7.1892380535025735,,48,24,0.599478,9.616308135198139,4.0515551909021115,9.787905027478798,20.291098470169242,-5.729734863164093
group,GLM-5.2-Simple-Per-5,GLM-5.2-Simple,Per-5,GLM-5.2-Simple | Per-5,flavor_nuke_avg,Nuclear,19.148091263550516,,13,11,0.650973,11.253680000000003,4.802161033317046,34.58499583884147,24.8981066481659,14.513491263550518
group,GLM-5.2-Simple-Per-5,GLM-5.2-Simple,Per-5,GLM-5.2-Simple | Per-5,flavor_use_nuke_avg,Nuclear,15.37126157176918,,13,11,0.629636,16.56798787878788,0.14514461467760048,34.449113090000026,18.50099234099995,13.885607725615333
group,GLM-5.2-Simple-Per-5,GLM-5.2-Simple,Per-5,GLM-5.2-Simple | Per-5,flavor_naval_avg,Naval and air,3.959441842982134,,48,24,0.56248,7.102519540998216,0.4735951138904936,6.754497533781518,24.605268926315464,-11.623897740351198
group,GLM-5.2-Simple-Per-5,GLM-5.2-Simple,Per-5,GLM-5.2-Simple | Per-5,flavor_naval_recon_avg,Naval and air,5.66585237806678,,48,24,0.590497,7.15860625565611,3.101813020352908,7.84141801827264,17.337491961400115,-7.912508038599888
group,GLM-5.2-Simple-Per-5,GLM-5.2-Simple,Per-5,GLM-5.2-Simple | Per-5,flavor_air_avg,Naval and air,10.979507562769246,,37,22,0.60779,13.906716326530614,6.229702622110648,15.938965312345292,25.779469724931406,-0.8962059507442675
group,GLM-5.2-Simple-Per-5,GLM-5.2-Simple,Per-5,GLM-5.2-Simple | Per-5,flavor_antiair_avg,Naval and air,9.715646931452358,,37,22,0.595889,11.251606779661017,5.573288701044715,14.417117761513191,21.541082066587492,-0.6210800955746697
group,GLM-5.2-Simple-Per-5,GLM-5.2-Simple,Per-5,GLM-5.2-Simple | Per-5,flavor_air_carrier_avg,Naval and air,11.480815506466465,,37,22,0.627624,15.237710204081633,5.424942730503182,17.117614206877484,15.949215506466464,7.6248911821421395
group,GLM-5.2-Simple-Per-5,GLM-5.2-Simple,Per-5,GLM-5.2-Simple | Per-5,flavor_airlift_avg,Naval and air,9.808116222126154,,37,22,0.610423,14.740972881355933,3.4874312569341277,15.258037767763902,14.908429735639666,6.178700005909937
group,GLM-5.2-Simple-Per-5,GLM-5.2-Simple,Per-5,GLM-5.2-Simple | Per-5,flavor_expansion_avg,Economy,7.918971838664535,,48,24,0.634331,6.183531060606061,5.28215036316158,10.582897366420209,41.75697808866453,-23.409688578002132
group,GLM-5.2-Simple-Per-5,GLM-5.2-Simple,Per-5,GLM-5.2-Simple | Per-5,flavor_growth_avg,Economy,1.8646797913184352,,48,24,0.541263,3.9492993415276487,0.44091212429475385,3.4239290093035253,15.624688124651769,-20.1669785420149
group,GLM-5.2-Simple-Per-5,GLM-5.2-Simple,Per-5,GLM-5.2-Simple | Per-5,flavor_tile_improvement_avg,Economy,4.217715146887747,,48,24,0.602836,4.735391780070234,2.924453447284293,5.370900436236693,13.208065146887748,-13.708601519778918
group,GLM-5.2-Simple-Per-5,GLM-5.2-Simple,Per-5,GLM-5.2-Simple | Per-5,flavor_infrastructure_avg,Economy,3.8826312168082016,,48,24,0.589614,4.362136397557663,2.594371588097143,5.122004123296185,15.843331216808203,-15.531668783191797
group,GLM-5.2-Simple-Per-5,GLM-5.2-Simple,Per-5,GLM-5.2-Simple | Per-5,flavor_production_avg,Economy,6.097357581401826,,48,24,0.61953,5.934827910447758,5.029648618232316,7.1804352036023245,19.12946174806849,-23.224704918598174
group,GLM-5.2-Simple-Per-5,GLM-5.2-Simple,Per-5,GLM-5.2-Simple | Per-5,flavor_gold_avg,Economy,7.044324254383144,,48,24,0.639133,7.159042135476469,5.582619841952577,8.487390409154877,22.551368004383146,-21.115298662283525
group,GLM-5.2-Simple-Per-5,GLM-5.2-Simple,Per-5,GLM-5.2-Simple | Per-5,flavor_science_avg,Economy,7.710417379714265,,48,24,0.651973,8.133167447552445,6.432486546389039,9.001257305947592,21.667631963047597,-22.519868036952403
group,GLM-5.2-Simple-Per-5,GLM-5.2-Simple,Per-5,GLM-5.2-Simple | Per-5,flavor_culture_avg,Economy,3.3123361418268416,,48,24,0.541807,2.8307201467802976,1.071000779680191,5.642275501174133,18.88520489182684,-19.98979510817316
group,GLM-5.2-Simple-Per-5,GLM-5.2-Simple,Per-5,GLM-5.2-Simple | Per-5,flavor_happiness_avg,Economy,7.24801681578023,,48,24,0.646779,7.406484848484858,5.866708203492058,8.787702090019128,25.10202514911357,-20.377141517553103
group,GLM-5.2-Simple-Per-5,GLM-5.2-Simple,Per-5,GLM-5.2-Simple | Per-5,flavor_naval_growth_avg,Economy,3.470287337272453,,48,24,0.552557,5.263190140208046,0.9686833401873439,5.876256587912531,11.624849837272455,-7.729316829394214
group,GLM-5.2-Simple-Per-5,GLM-5.2-Simple,Per-5,GLM-5.2-Simple | Per-5,flavor_naval_tile_improvement_avg,Economy,4.8554875545635285,,48,24,0.572706,7.254016188811189,2.1570490285657207,7.169058010082774,12.12739380456353,-5.914272862103137
group,GLM-5.2-Simple-Per-5,GLM-5.2-Simple,Per-5,GLM-5.2-Simple | Per-5,flavor_water_connection_avg,Economy,3.641120619617162,,48,24,0.561995,4.985648323765787,1.25263453311286,5.641233776253507,8.834278952950497,-5.39488771371617
group,GLM-5.2-Simple-Per-5,GLM-5.2-Simple,Per-5,GLM-5.2-Simple | Per-5,flavor_great_people_avg,Other,0.5549081614192444,,48,24,0.508154,1.317589393939386,-1.7428888186220626,3.0860672737243915,15.657610244752577,-20.44655642191409
group,GLM-5.2-Simple-Per-5,GLM-5.2-Simple,Per-5,GLM-5.2-Simple | Per-5,flavor_wonder_avg,Other,9.307066187345013,,48,24,0.595357,8.167678256445049,5.5076049473871,13.033983322968696,26.34893285401168,-11.213567145988321
group,GLM-5.2-Simple-Per-5,GLM-5.2-Simple,Per-5,GLM-5.2-Simple | Per-5,flavor_religion_avg,Other,7.493286011003778,,48,24,0.605922,7.020519674355498,4.427830197003745,10.647904091611883,19.119686011003775,-8.255313988996223
group,GLM-5.2-Simple-Per-5,GLM-5.2-Simple,Per-5,GLM-5.2-Simple | Per-5,flavor_diplomacy_avg,Other,3.2791376214339785,,48,24,0.546039,2.739318181818181,1.0097840838934722,5.4903216788421645,26.96538762143398,-23.84711237856602
group,GLM-5.2-Simple-Per-5,GLM-5.2-Simple,Per-5,GLM-5.2-Simple | Per-5,flavor_espionage_avg,Other,2.359881272948656,,48,24,0.537604,5.890887575757578,-0.44137344287178126,4.871269058328494,25.68650210628199,-11.271831227051344
group,GLM-5.2-Simple-Per-5,GLM-5.2-Simple,Per-5,GLM-5.2-Simple | Per-5,flavor_spaceship_avg,Other,5.021982081832223,,48,24,0.55499,7.195081060606061,0.7299889687235975,9.210246675792348,25.550779998498893,-14.095053334834445
group,GLM-5.3-Flash-Simple,GLM-5.3-Flash-Simple,Every-turn,GLM-5.3-Flash-Simple | Every-turn,flavor_offense_avg,Military,4.946920435023198,,48,24,0.549579,2.644800757575764,2.056549375294066,7.66341074901973,29.521316268356532,-18.874517064976803
group,GLM-5.3-Flash-Simple,GLM-5.3-Flash-Simple,Every-turn,GLM-5.3-Flash-Simple | Every-turn,flavor_defense_avg,Military,-3.5615503487813176,,48,24,0.438384,-3.120047593582882,-5.404138461296503,-1.7264258044055674,18.29311631788535,-22.165217015447983
group,GLM-5.3-Flash-Simple,GLM-5.3-Flash-Simple,Every-turn,GLM-5.3-Flash-Simple | Every-turn,flavor_city_defense_avg,Military,-4.765656487268341,,48,24,0.41471,-4.411085235361657,-6.519655770825423,-3.1027766518768822,8.404864346064992,-12.886802320601674
group,GLM-5.3-Flash-Simple,GLM-5.3-Flash-Simple,Every-turn,GLM-5.3-Flash-Simple | Every-turn,flavor_mobilization_avg,Military,0.6341104039991264,,48,24,0.507814,0.8845515151515144,-1.5260458896060272,3.00318297720213,16.42256248733246,-14.764937512667538
group,GLM-5.3-Flash-Simple,GLM-5.3-Flash-Simple,Every-turn,GLM-5.3-Flash-Simple | Every-turn,flavor_military_training_avg,Military,-4.108021430095025,,48,24,0.445326,-2.5967809615384603,-6.4374818435121695,-2.11106489175716,4.639788986571641,-14.98521101342836
group,GLM-5.3-Flash-Simple,GLM-5.3-Flash-Simple,Every-turn,GLM-5.3-Flash-Simple | Every-turn,flavor_recon_avg,Military,5.00077160485798,,48,24,0.584748,5.126648819073086,3.036405655496699,6.835154067858363,21.09594660485798,-6.299886728475354
group,GLM-5.3-Flash-Simple,GLM-5.3-Flash-Simple,Every-turn,GLM-5.3-Flash-Simple | Every-turn,flavor_ranged_avg,Military,4.40164594461842,,48,24,0.564261,4.760819117647056,2.828420574547099,5.840939028417842,12.80659594461842,-3.38090405538158
group,GLM-5.3-Flash-Simple,GLM-5.3-Flash-Simple,Every-turn,GLM-5.3-Flash-Simple | Every-turn,flavor_mobile_avg,Military,6.193061763797253,,48,24,0.585694,7.784113970588233,4.298355381580157,7.878580284640026,9.278780513797253,2.7787805137972543
group,GLM-5.3-Flash-Simple,GLM-5.3-Flash-Simple,Every-turn,GLM-5.3-Flash-Simple | Every-turn,flavor_nuke_avg,Nuclear,8.778933454396952,,16,11,0.569217,9.579995,-0.23678111776663568,19.196768483797207,14.586008454396952,3.0235084543969526
group,GLM-5.3-Flash-Simple,GLM-5.3-Flash-Simple,Every-turn,GLM-5.3-Flash-Simple | Every-turn,flavor_use_nuke_avg,Nuclear,14.166023177603188,,16,11,0.619472,18.315106999999998,3.4929289941127952,25.810745201197026,19.996273177603186,9.558773177603188
group,GLM-5.3-Flash-Simple,GLM-5.3-Flash-Simple,Every-turn,GLM-5.3-Flash-Simple | Every-turn,flavor_naval_avg,Naval and air,8.460776813322738,,48,24,0.633511,8.725923573975045,7.274246646255715,9.772317232475103,23.34899556332274,-0.5260044366772615
group,GLM-5.3-Flash-Simple,GLM-5.3-Flash-Simple,Every-turn,GLM-5.3-Flash-Simple | Every-turn,flavor_naval_recon_avg,Naval and air,10.459203018135668,,48,24,0.667058,11.803454545454546,8.699528160341488,11.995071826866596,13.573298851469,6.177465518135666
group,GLM-5.3-Flash-Simple,GLM-5.3-Flash-Simple,Every-turn,GLM-5.3-Flash-Simple | Every-turn,flavor_air_avg,Naval and air,13.975863829401598,,41,24,0.637207,13.06693709677419,12.221045091620024,16.131966439003712,18.37155895135282,8.908144317206478
group,GLM-5.3-Flash-Simple,GLM-5.3-Flash-Simple,Every-turn,GLM-5.3-Flash-Simple | Every-turn,flavor_antiair_avg,Naval and air,12.608996688752402,,41,24,0.624445,12.469695522388065,10.925677482262774,14.409854906539122,17.56308693265484,8.928940591191427
group,GLM-5.3-Flash-Simple,GLM-5.3-Flash-Simple,Every-turn,GLM-5.3-Flash-Simple | Every-turn,flavor_air_carrier_avg,Naval and air,23.394236097948397,,41,24,0.760058,23.41958225806452,22.708246503503393,24.122798225615135,23.61878000038742,22.88707268331425
group,GLM-5.3-Flash-Simple,GLM-5.3-Flash-Simple,Every-turn,GLM-5.3-Flash-Simple | Every-turn,flavor_airlift_avg,Naval and air,21.632844687758684,,41,24,0.743549,22.147412903225806,21.012316599874723,22.216732373438898,22.468673956051365,20.639405663368436
group,GLM-5.3-Flash-Simple,GLM-5.3-Flash-Simple,Every-turn,GLM-5.3-Flash-Simple | Every-turn,flavor_expansion_avg,Economy,3.9666379264946134,,48,24,0.567287,5.025026609848485,1.8295471246353496,6.112345622334886,33.24703792649461,-16.690462073505387
group,GLM-5.3-Flash-Simple,GLM-5.3-Flash-Simple,Every-turn,GLM-5.3-Flash-Simple | Every-turn,flavor_growth_avg,Economy,1.8255658423134602,,48,24,0.540397,1.6793882352941125,0.775647161794318,2.9174617630629376,7.568738758980127,-8.84792790768654
group,GLM-5.3-Flash-Simple,GLM-5.3-Flash-Simple,Every-turn,GLM-5.3-Flash-Simple | Every-turn,flavor_tile_improvement_avg,Economy,-1.5729228534949524,,48,24,0.461649,-2.96935454545455,-2.9429617963983166,-0.3212726865590777,1.4086313131717132,-7.862202020161621
group,GLM-5.3-Flash-Simple,GLM-5.3-Flash-Simple,Every-turn,GLM-5.3-Flash-Simple | Every-turn,flavor_infrastructure_avg,Economy,-12.561526192300102,,48,24,0.210072,-12.892039393939399,-13.482753559441521,-11.702531466534674,-11.613747025633437,-13.738747025633437
group,GLM-5.3-Flash-Simple,GLM-5.3-Flash-Simple,Every-turn,GLM-5.3-Flash-Simple | Every-turn,flavor_production_avg,Economy,-19.3187538011087,,48,24,0.121284,-19.47282164179104,-20.492464708364285,-18.197215057566755,-10.690839217775364,-26.524172551108702
group,GLM-5.3-Flash-Simple,GLM-5.3-Flash-Simple,Every-turn,GLM-5.3-Flash-Simple | Every-turn,flavor_gold_avg,Economy,-8.031741176634844,,48,24,0.341364,-8.980158208955224,-9.89641080168381,-6.171192814054566,6.741923406698489,-22.153909926634842
group,GLM-5.3-Flash-Simple,GLM-5.3-Flash-Simple,Every-turn,GLM-5.3-Flash-Simple | Every-turn,flavor_science_avg,Economy,-11.148962018008659,,48,24,0.280254,-11.405326933514246,-12.495788113975243,-9.570476934983834,-0.46112035134199186,-23.60695368467533
group,GLM-5.3-Flash-Simple,GLM-5.3-Flash-Simple,Every-turn,GLM-5.3-Flash-Simple | Every-turn,flavor_culture_avg,Economy,-4.07027339175525,,48,24,0.448626,-4.805567570237052,-6.497472346091554,-1.6856988919569384,7.999539108244751,-18.979627558421914
group,GLM-5.3-Flash-Simple,GLM-5.3-Flash-Simple,Every-turn,GLM-5.3-Flash-Simple | Every-turn,flavor_happiness_avg,Economy,-4.527914397384714,,48,24,0.408306,-3.10454089778381,-6.3840490311181135,-2.674714942400598,12.489696019281956,-21.697803980718046
group,GLM-5.3-Flash-Simple,GLM-5.3-Flash-Simple,Every-turn,GLM-5.3-Flash-Simple | Every-turn,flavor_naval_growth_avg,Economy,9.97435846002408,,48,24,0.651059,11.966972388059702,7.974410843455626,11.65855439973395,11.32472721002408,7.783060543357414
group,GLM-5.3-Flash-Simple,GLM-5.3-Flash-Simple,Every-turn,GLM-5.3-Flash-Simple | Every-turn,flavor_naval_tile_improvement_avg,Economy,10.867847197215653,,48,24,0.662735,13.086019696969693,8.958433907387057,12.567106640113815,11.336063863882321,9.773563863882321
group,GLM-5.3-Flash-Simple,GLM-5.3-Flash-Simple,Every-turn,GLM-5.3-Flash-Simple | Every-turn,flavor_water_connection_avg,Economy,7.600377312594584,,48,24,0.629406,8.483810606060608,6.331064691765233,8.794674375439943,8.093168979261248,6.322335645927915
group,GLM-5.3-Flash-Simple,GLM-5.3-Flash-Simple,Every-turn,GLM-5.3-Flash-Simple | Every-turn,flavor_great_people_avg,Other,-5.607807626946619,,48,24,0.417599,-4.722426492869872,-7.687430590215969,-3.6083492308135803,1.8944715397200493,-15.813861793613285
group,GLM-5.3-Flash-Simple,GLM-5.3-Flash-Simple,Every-turn,GLM-5.3-Flash-Simple | Every-turn,flavor_wonder_avg,Other,4.799651174428823,,48,24,0.549176,4.878818964003511,1.5035098892284673,7.912206361903638,16.226401174428823,-6.940265492237843
group,GLM-5.3-Flash-Simple,GLM-5.3-Flash-Simple,Every-turn,GLM-5.3-Flash-Simple | Every-turn,flavor_religion_avg,Other,13.274921137295395,,48,24,0.687649,13.675459954075773,10.96357846642634,15.428237909410896,24.976771137295398,-4.377395529371271
group,GLM-5.3-Flash-Simple,GLM-5.3-Flash-Simple,Every-turn,GLM-5.3-Flash-Simple | Every-turn,flavor_diplomacy_avg,Other,-5.120750379905477,,48,24,0.428105,-5.989380303030298,-7.115790600587134,-3.267967653635126,13.892051703427855,-21.21211496323881
group,GLM-5.3-Flash-Simple,GLM-5.3-Flash-Simple,Every-turn,GLM-5.3-Flash-Simple | Every-turn,flavor_espionage_avg,Other,2.890840408520795,,48,24,0.546065,2.7026803030303057,1.894343184672463,3.996618017616716,19.779277908520793,-3.7415554248125384
group,GLM-5.3-Flash-Simple,GLM-5.3-Flash-Simple,Every-turn,GLM-5.3-Flash-Simple | Every-turn,flavor_spaceship_avg,Other,9.409285440997934,,48,24,0.60303,10.324517424242426,7.805057427749997,11.195060853755688,13.622816690997931,6.685316690997933
group,GLM-5.3-Flash-Simple-Per-5,GLM-5.3-Flash-Simple,Per-5,GLM-5.3-Flash-Simple | Per-5,flavor_offense_avg,Military,5.895017729320941,,48,24,0.559081,6.340432575757578,2.6123211429808046,8.926611452699998,25.770828145987608,-12.291671854012392
group,GLM-5.3-Flash-Simple-Per-5,GLM-5.3-Flash-Simple,Per-5,GLM-5.3-Flash-Simple | Per-5,flavor_defense_avg,Military,-5.504304535061455,,48,24,0.404774,-3.833809927634551,-7.368521534716744,-3.604463314057027,14.023045464938543,-19.664454535061456
group,GLM-5.3-Flash-Simple-Per-5,GLM-5.3-Flash-Simple,Per-5,GLM-5.3-Flash-Simple | Per-5,flavor_city_defense_avg,Military,-4.925336493487246,,48,24,0.411852,-4.6749665535956595,-6.264227662672615,-3.6367466373554067,8.736696839846088,-11.92996982682058
group,GLM-5.3-Flash-Simple-Per-5,GLM-5.3-Flash-Simple,Per-5,GLM-5.3-Flash-Simple | Per-5,flavor_mobilization_avg,Military,0.11023998207030905,,48,24,0.501358,0.6549814563545908,-2.425387336834821,2.5585750909974783,13.171281648736974,-12.578718351263026
group,GLM-5.3-Flash-Simple-Per-5,GLM-5.3-Flash-Simple,Per-5,GLM-5.3-Flash-Simple | Per-5,flavor_military_training_avg,Military,-2.0692907388397637,,48,24,0.47246,-0.2382541958041955,-4.287602702642076,0.027483489149946375,7.590609261160236,-11.471890738839763
group,GLM-5.3-Flash-Simple-Per-5,GLM-5.3-Flash-Simple,Per-5,GLM-5.3-Flash-Simple | Per-5,flavor_recon_avg,Military,1.7928206763275547,,48,24,0.530383,2.8466791142191177,-0.025051487021728575,3.681995070297912,20.99206025966089,-11.195439740339111
group,GLM-5.3-Flash-Simple-Per-5,GLM-5.3-Flash-Simple,Per-5,GLM-5.3-Flash-Simple | Per-5,flavor_ranged_avg,Military,2.955314773072304,,48,24,0.543146,3.5780009108867397,1.3061530490599784,4.599229504143393,10.332948106405638,-3.542051893594362
group,GLM-5.3-Flash-Simple-Per-5,GLM-5.3-Flash-Simple,Per-5,GLM-5.3-Flash-Simple | Per-5,flavor_mobile_avg,Military,5.853306803502574,,48,24,0.580993,8.13352718227047,3.968142406029947,7.682962526788877,9.124431803502574,2.7910984701692403
group,GLM-5.3-Flash-Simple-Per-5,GLM-5.3-Flash-Simple,Per-5,GLM-5.3-Flash-Simple | Per-5,flavor_nuke_avg,Nuclear,18.388551487366513,,15,10,0.644984,18.373302439024393,6.296906945724087,29.270935907265795,22.80107815403318,8.934411487366514
group,GLM-5.3-Flash-Simple-Per-5,GLM-5.3-Flash-Simple,Per-5,GLM-5.3-Flash-Simple | Per-5,flavor_use_nuke_avg,Nuclear,21.638868278497004,,15,10,0.682495,23.840024390243904,9.83923242546279,32.820908906822034,25.380321611830336,11.713654945163674
group,GLM-5.3-Flash-Simple-Per-5,GLM-5.3-Flash-Simple,Per-5,GLM-5.3-Flash-Simple | Per-5,flavor_naval_avg,Naval and air,6.400848092982134,,48,24,0.601005,7.116712424242422,4.653367353571894,8.154403454187987,19.334435592982135,-1.7280644070178661
group,GLM-5.3-Flash-Simple-Per-5,GLM-5.3-Flash-Simple,Per-5,GLM-5.3-Flash-Simple | Per-5,flavor_naval_recon_avg,Naval and air,9.572371128066779,,48,24,0.652893,11.159747552677793,7.988853480822772,11.020748405490096,11.670825294733447,4.691658628066779
group,GLM-5.3-Flash-Simple-Per-5,GLM-5.3-Flash-Simple,Per-5,GLM-5.3-Flash-Simple | Per-5,flavor_air_avg,Naval and air,12.898057054082127,,38,23,0.626625,12.595317741935482,11.215150489986762,14.628368049104022,17.76965442250318,7.743338633029498
group,GLM-5.3-Flash-Simple-Per-5,GLM-5.3-Flash-Simple,Per-5,GLM-5.3-Flash-Simple | Per-5,flavor_antiair_avg,Naval and air,12.11124528747202,,38,23,0.619532,12.210966949152546,10.178943941991404,14.128123775559132,17.96435318220886,8.01698476115623
group,GLM-5.3-Flash-Simple-Per-5,GLM-5.3-Flash-Simple,Per-5,GLM-5.3-Flash-Simple | Per-5,flavor_air_carrier_avg,Naval and air,22.973285160154923,,38,23,0.755378,23.415113351254483,22.18486520077775,23.685824571522424,24.00088516015492,21.50088516015492
group,GLM-5.3-Flash-Simple-Per-5,GLM-5.3-Flash-Simple,Per-5,GLM-5.3-Flash-Simple | Per-5,flavor_airlift_avg,Naval and air,20.573666622710743,,38,23,0.731624,20.591696268656715,20.05623761622185,21.126095545183148,21.622308727973905,19.385466622710748
group,GLM-5.3-Flash-Simple-Per-5,GLM-5.3-Flash-Simple,Per-5,GLM-5.3-Flash-Simple | Per-5,flavor_expansion_avg,Economy,5.079473921997867,,48,24,0.586164,4.6544280303030305,3.139317888059144,7.134917771298096,31.7361447553312,-15.868021911335466
group,GLM-5.3-Flash-Simple-Per-5,GLM-5.3-Flash-Simple,Per-5,GLM-5.3-Flash-Simple | Per-5,flavor_growth_avg,Economy,1.2288318746517688,,48,24,0.527192,1.187199341527652,0.03692927067462888,2.4686022315103533,5.708021457985102,-6.979478542014898
group,GLM-5.3-Flash-Simple-Per-5,GLM-5.3-Flash-Simple,Per-5,GLM-5.3-Flash-Simple | Per-5,flavor_tile_improvement_avg,Economy,-2.768832769778918,,48,24,0.432491,-3.806193159536541,-4.059513023298101,-1.2710026840203603,0.145565146887748,-8.291934853112252
group,GLM-5.3-Flash-Simple-Per-5,GLM-5.3-Flash-Simple,Per-5,GLM-5.3-Flash-Simple | Per-5,flavor_infrastructure_avg,Economy,-13.329152116525131,,48,24,0.192354,-12.816996969696973,-14.449993549121436,-12.48612887607007,-11.927502116525131,-14.802502116525131
group,GLM-5.3-Flash-Simple-Per-5,GLM-5.3-Flash-Simple,Per-5,GLM-5.3-Flash-Simple | Per-5,flavor_production_avg,Economy,-20.009773668598175,,48,24,0.107737,-20.247704059249212,-21.484032141291184,-18.510906277071978,-11.995538251931508,-27.07887158526484
group,GLM-5.3-Flash-Simple-Per-5,GLM-5.3-Flash-Simple,Per-5,GLM-5.3-Flash-Simple | Per-5,flavor_gold_avg,Economy,-11.603565328950191,,48,24,0.270816,-10.33683815850815,-13.616695443298337,-9.954685722055043,0.44720133771647613,-22.886131995616854
group,GLM-5.3-Flash-Simple-Per-5,GLM-5.3-Flash-Simple,Per-5,GLM-5.3-Flash-Simple | Per-5,flavor_science_avg,Economy,-12.627161786952405,,48,24,0.251118,-12.890405303030299,-13.673577840853318,-11.528661622160461,-2.3115347036190683,-23.56153470361907
group,GLM-5.3-Flash-Simple-Per-5,GLM-5.3-Flash-Simple,Per-5,GLM-5.3-Flash-Simple | Per-5,flavor_culture_avg,Economy,-5.992732608173157,,48,24,0.424361,-5.941422896879239,-7.360035826773863,-4.554138713987564,3.343538225160175,-16.86479510817316
group,GLM-5.3-Flash-Simple-Per-5,GLM-5.3-Flash-Simple,Per-5,GLM-5.3-Flash-Simple | Per-5,flavor_happiness_avg,Economy,-9.728901934219769,,48,24,0.302981,-9.965671212121208,-11.237561471327272,-8.25760256743447,5.060358482446898,-22.5646415175531
group,GLM-5.3-Flash-Simple-Per-5,GLM-5.3-Flash-Simple,Per-5,GLM-5.3-Flash-Simple | Per-5,flavor_naval_growth_avg,Economy,8.820539420605787,,48,24,0.633585,11.297715151515149,6.849322266256868,10.542699658952705,9.333183170605787,7.35401650393912
group,GLM-5.3-Flash-Simple-Per-5,GLM-5.3-Flash-Simple,Per-5,GLM-5.3-Flash-Simple | Per-5,flavor_naval_tile_improvement_avg,Economy,11.036070887896862,,48,24,0.665254,12.966125757575757,9.635596371307685,12.447841624805656,11.669060471230196,10.00239380456353
group,GLM-5.3-Flash-Simple-Per-5,GLM-5.3-Flash-Simple,Per-5,GLM-5.3-Flash-Simple | Per-5,flavor_water_connection_avg,Economy,7.069285202950496,,48,24,0.620364,7.8395911764705914,5.861300863367625,8.318279790339544,7.313445619617163,6.063445619617163
group,GLM-5.3-Flash-Simple-Per-5,GLM-5.3-Flash-Simple,Per-5,GLM-5.3-Flash-Simple | Per-5,flavor_great_people_avg,Other,-7.473856421914088,,48,24,0.39018,-9.186922195838985,-9.190581184531073,-5.7465842537255885,-0.7590564219140878,-15.654889755247423
group,GLM-5.3-Flash-Simple-Per-5,GLM-5.3-Flash-Simple,Per-5,GLM-5.3-Flash-Simple | Per-5,flavor_wonder_avg,Other,2.5599078540116778,,48,24,0.526228,2.297031818181811,-0.744460160714084,5.615952688020226,14.723932854011679,-7.942733812654988
group,GLM-5.3-Flash-Simple-Per-5,GLM-5.3-Flash-Simple,Per-5,GLM-5.3-Flash-Simple | Per-5,flavor_religion_avg,Other,7.873211011003778,,48,24,0.611292,9.827766666666665,5.3690413856576225,10.143554190459039,18.682186011003775,-3.5886473223295567
group,GLM-5.3-Flash-Simple-Per-5,GLM-5.3-Flash-Simple,Per-5,GLM-5.3-Flash-Simple | Per-5,flavor_diplomacy_avg,Other,-9.467818628566024,,48,24,0.367072,-8.79060698048221,-11.302791486217012,-7.666827360643152,6.361220954767312,-20.305445711899356
group,GLM-5.3-Flash-Simple-Per-5,GLM-5.3-Flash-Simple,Per-5,GLM-5.3-Flash-Simple | Per-5,flavor_espionage_avg,Other,1.204900022948656,,48,24,0.5192,0.8931893147896872,0.2401626208796855,2.1914899427844188,15.12400210628199,-3.146831227051344
group,GLM-5.3-Flash-Simple-Per-5,GLM-5.3-Flash-Simple,Per-5,GLM-5.3-Flash-Simple | Per-5,flavor_spaceship_avg,Other,8.025607081832222,,48,24,0.587879,10.168411725463589,6.245235152122329,9.89420938413315,11.321613331832223,4.654946665165556
group,GLM-5.3-Simple-Per-5,GLM-5.3-Simple,Per-5,GLM-5.3-Simple | Per-5,flavor_offense_avg,Military,20.21525939598761,,48,24,0.702602,18.692424400723652,16.993791338732848,23.53974105184866,46.1458281459876,-11.354171854012392
group,GLM-5.3-Simple-Per-5,GLM-5.3-Simple,Per-5,GLM-5.3-Simple | Per-5,flavor_defense_avg,Military,3.6813287982718776,,48,24,0.563688,3.297877019315184,2.6102808974813345,4.763508473348839,23.710545464938544,-14.726954535061457
group,GLM-5.3-Simple-Per-5,GLM-5.3-Simple,Per-5,GLM-5.3-Simple | Per-5,flavor_city_defense_avg,Military,0.20392183984608683,,48,24,0.50365,1.4386516169154255,-1.1654963532737268,1.58739906139623,19.361696839846086,-11.67996982682058
group,GLM-5.3-Simple-Per-5,GLM-5.3-Simple,Per-5,GLM-5.3-Simple | Per-5,flavor_mobilization_avg,Military,8.259142065403642,,48,24,0.601771,7.683331684491986,6.443379450870153,10.188026660121357,30.33794831540364,-11.870385017929692
group,GLM-5.3-Simple-Per-5,GLM-5.3-Simple,Per-5,GLM-5.3-Simple | Per-5,flavor_military_training_avg,Military,6.882315511160236,,48,24,0.591597,7.128499440298505,5.1697624497933745,8.601981868448727,22.028109261160235,-12.930224072173097
group,GLM-5.3-Simple-Per-5,GLM-5.3-Simple,Per-5,GLM-5.3-Simple | Per-5,flavor_recon_avg,Military,3.2925977596608877,,48,24,0.5558,5.72073972027972,0.9288485359370472,5.569268313711793,22.49206025966089,-14.424606407005777
group,GLM-5.3-Simple-Per-5,GLM-5.3-Simple,Per-5,GLM-5.3-Simple | Per-5,flavor_ranged_avg,Military,10.588900189738974,,48,24,0.654591,10.032442698048218,9.203722161828628,11.929267157361519,23.707948106405638,-4.896218560261029
group,GLM-5.3-Simple-Per-5,GLM-5.3-Simple,Per-5,GLM-5.3-Simple | Per-5,flavor_mobile_avg,Military,12.291369303502572,,48,24,0.670076,12.784206299385428,10.230739255254951,14.279444988685153,29.103598470169242,0.08276513683590696
group,GLM-5.3-Simple-Per-5,GLM-5.3-Simple,Per-5,GLM-5.3-Simple | Per-5,flavor_nuke_avg,Nuclear,12.381390181148651,,23,16,0.597621,19.586980000000004,-1.2213069877700151,25.95074702213958,20.788738007235608,-2.7764793840687405
group,GLM-5.3-Simple-Per-5,GLM-5.3-Simple,Per-5,GLM-5.3-Simple | Per-5,flavor_use_nuke_avg,Nuclear,8.316692725613489,,23,16,0.57014,-9.87425294117647,-6.929750401781885,25.003955795931837,19.94230576909175,-11.362042056995207
group,GLM-5.3-Simple-Per-5,GLM-5.3-Simple,Per-5,GLM-5.3-Simple | Per-5,flavor_naval_avg,Naval and air,14.877583509648801,,48,24,0.734768,14.583737236611064,13.202433877933943,16.51172180893004,36.876102259648796,-3.290564407017866
group,GLM-5.3-Simple-Per-5,GLM-5.3-Simple,Per-5,GLM-5.3-Simple | Per-5,flavor_naval_recon_avg,Naval and air,11.828391961400115,,48,24,0.688927,13.286250757575758,9.743124654446932,13.712602480612043,34.64999196140011,-8.43334137193322
group,GLM-5.3-Simple-Per-5,GLM-5.3-Simple,Per-5,GLM-5.3-Simple | Per-5,flavor_air_avg,Naval and air,14.947604341696202,,42,24,0.646747,15.841135860215054,10.22592546416157,19.68194850950892,31.264837675029536,-3.2589718487799852
group,GLM-5.3-Simple-Per-5,GLM-5.3-Simple,Per-5,GLM-5.3-Simple | Per-5,flavor_antiair_avg,Naval and air,12.796875256095435,,42,24,0.626299,13.771750000000004,8.114604607403006,16.70803146666684,24.56046335133353,-2.7490604581902796
group,GLM-5.3-Simple-Per-5,GLM-5.3-Simple,Per-5,GLM-5.3-Simple | Per-5,flavor_air_carrier_avg,Naval and air,6.575840083441159,,42,24,0.573099,15.181609200401475,0.7376204063469719,12.633573485265762,12.74229246439354,0.48038770248877727
group,GLM-5.3-Simple-Per-5,GLM-5.3-Simple,Per-5,GLM-5.3-Simple | Per-5,flavor_airlift_avg,Naval and air,11.593803836102788,,42,24,0.630526,18.564960522598874,5.39497536184105,17.099825847150644,23.649449074198028,4.482782407531361
group,GLM-5.3-Simple-Per-5,GLM-5.3-Simple,Per-5,GLM-5.3-Simple | Per-5,flavor_expansion_avg,Economy,6.660073921997867,,48,24,0.612976,6.986701586538459,4.43720427572473,8.791172456226487,48.09031142199786,-27.8888552446688
group,GLM-5.3-Simple-Per-5,GLM-5.3-Simple,Per-5,GLM-5.3-Simple | Per-5,flavor_growth_avg,Economy,-2.9816452086815644,,48,24,0.434021,-3.219229545454546,-4.240180125657012,-1.80451623293876,7.937188124651769,-16.583645208681563
group,GLM-5.3-Simple-Per-5,GLM-5.3-Simple,Per-5,GLM-5.3-Simple | Per-5,flavor_tile_improvement_avg,Economy,5.058340146887748,,48,24,0.623332,5.409465309481995,3.7230107258582836,6.367645165565746,13.062231813554414,-6.104434853112252
group,GLM-5.3-Simple-Per-5,GLM-5.3-Simple,Per-5,GLM-5.3-Simple | Per-5,flavor_infrastructure_avg,Economy,-2.228806283191798,,48,24,0.448558,-2.685496911764705,-3.044669342096427,-1.4592618981125491,4.739164550141535,-13.552502116525131
group,GLM-5.3-Simple-Per-5,GLM-5.3-Simple,Per-5,GLM-5.3-Simple | Per-5,flavor_production_avg,Economy,-8.381442418598175,,48,24,0.335694,-7.340917611940299,-9.804992762512589,-6.871667128606965,5.233628414735159,-23.433038251931507
group,GLM-5.3-Simple-Per-5,GLM-5.3-Simple,Per-5,GLM-5.3-Simple | Per-5,flavor_gold_avg,Economy,1.1955825877164765,,48,24,0.523614,2.078139393939395,-0.06811996295928283,2.3656590043332315,15.572201337716477,-19.761131995616857
group,GLM-5.3-Simple-Per-5,GLM-5.3-Simple,Per-5,GLM-5.3-Simple | Per-5,flavor_science_avg,Economy,-0.33554512028573374,,48,24,0.493386,0.07573825192221051,-1.7631242286779827,1.0381010123570291,13.209298629714263,-23.978201370285735
group,GLM-5.3-Simple-Per-5,GLM-5.3-Simple,Per-5,GLM-5.3-Simple | Per-5,flavor_culture_avg,Economy,7.696113225160175,,48,24,0.597138,7.089582575757568,4.984014415853447,10.549617094254742,20.843538225160177,-13.843961774839824
group,GLM-5.3-Simple-Per-5,GLM-5.3-Simple,Per-5,GLM-5.3-Simple | Per-5,flavor_happiness_avg,Economy,0.473233482446898,,48,24,0.509583,1.0889886363636379,-1.2831879925513496,2.2190840474557216,19.247858482446897,-20.897974850886435
group,GLM-5.3-Simple-Per-5,GLM-5.3-Simple,Per-5,GLM-5.3-Simple | Per-5,flavor_naval_growth_avg,Economy,9.494364420605786,,48,24,0.64379,11.00561321301248,7.669249652944578,11.25779373600075,14.520683170605787,3.1873498372724534
group,GLM-5.3-Simple-Per-5,GLM-5.3-Simple,Per-5,GLM-5.3-Simple | Per-5,flavor_naval_tile_improvement_avg,Economy,11.211425054563529,,48,24,0.667879,12.17644461538461,9.969035352851266,12.432529706326765,17.356560471230196,5.627393804563529
group,GLM-5.3-Simple-Per-5,GLM-5.3-Simple,Per-5,GLM-5.3-Simple | Per-5,flavor_water_connection_avg,Economy,9.356931036283829,,48,24,0.659314,9.39051818181818,8.1467805765681,10.48823971699602,17.521778952950495,1.4801122862838287
group,GLM-5.3-Simple-Per-5,GLM-5.3-Simple,Per-5,GLM-5.3-Simple | Per-5,flavor_great_people_avg,Other,-2.699041838580755,,48,24,0.460341,-3.11742068068747,-4.521624114213998,-0.8891892676539106,9.03261024475258,-15.550723088580755
group,GLM-5.3-Simple-Per-5,GLM-5.3-Simple,Per-5,GLM-5.3-Simple | Per-5,flavor_wonder_avg,Other,11.225734937345011,,48,24,0.615015,11.917874242424244,8.590050480320603,13.904167091251985,39.807266187345014,-10.755233812654987
group,GLM-5.3-Simple-Per-5,GLM-5.3-Simple,Per-5,GLM-5.3-Simple | Per-5,flavor_religion_avg,Other,16.11256726100378,,48,24,0.727761,16.54692015151515,14.517125841494106,17.666939103820845,29.723852677670447,-1.255313988996223
group,GLM-5.3-Simple-Per-5,GLM-5.3-Simple,Per-5,GLM-5.3-Simple | Per-5,flavor_diplomacy_avg,Other,0.8296897047673117,,48,24,0.511649,0.7177401981351963,-1.833683876340297,3.623377825605858,22.861220954767315,-30.305445711899356
group,GLM-5.3-Simple-Per-5,GLM-5.3-Simple,Per-5,GLM-5.3-Simple | Per-5,flavor_espionage_avg,Other,1.7561771062819893,,48,24,0.527984,2.727249999999998,-0.1910041841143687,3.699179234854913,20.144835439615324,-11.06349789371801
group,GLM-5.3-Simple-Per-5,GLM-5.3-Simple,Per-5,GLM-5.3-Simple | Per-5,flavor_spaceship_avg,Other,0.4347549984988892,,48,24,0.50476,2.1146594055944057,-2.646302604971079,3.1399665573129134,16.11327999849889,-22.324220001501107
group,GPT-6-Luna-Simple,GPT-6-Luna-Simple,Every-turn,GPT-6-Luna-Simple | Every-turn,flavor_offense_avg,Military,-24.747141122959885,,50,25,0.251978,-21.907394255992763,-27.401329344893487,-21.980916363194126,16.04983087704011,-39.050169122959886
group,GPT-6-Luna-Simple,GPT-6-Luna-Simple,Every-turn,GPT-6-Luna-Simple | Every-turn,flavor_defense_avg,Military,13.666172711310276,,50,25,0.736428,14.359092895927606,11.659352849916676,15.388245984646055,37.26739071131027,-16.372609288689727
group,GPT-6-Luna-Simple,GPT-6-Luna-Simple,Every-turn,GPT-6-Luna-Simple | Every-turn,flavor_city_defense_avg,Military,10.917668873627136,,50,25,0.695391,12.451679254079263,8.543924995446117,13.156983631643218,38.39385287362713,-12.666147126372866
group,GPT-6-Luna-Simple,GPT-6-Luna-Simple,Every-turn,GPT-6-Luna-Simple | Every-turn,flavor_mobilization_avg,Military,-14.530226022831469,,50,25,0.320956,-12.25100303030303,-18.74534432819537,-10.268519649251918,36.10466597716854,-43.33533402283147
group,GPT-6-Luna-Simple,GPT-6-Luna-Simple,Every-turn,GPT-6-Luna-Simple | Every-turn,flavor_military_training_avg,Military,2.6418139728033783,,50,25,0.53516,4.895123484848487,-0.8435629071602749,6.235115997006455,35.52460397280338,-23.11539602719662
group,GPT-6-Luna-Simple,GPT-6-Luna-Simple,Every-turn,GPT-6-Luna-Simple | Every-turn,flavor_recon_avg,Military,-5.9408923588028095,,50,25,0.399319,-4.994066622103389,-8.384583037285852,-3.823305320714466,14.877295641197193,-33.14270435880281
group,GPT-6-Luna-Simple,GPT-6-Luna-Simple,Every-turn,GPT-6-Luna-Simple | Every-turn,flavor_ranged_avg,Military,11.345562880569082,,50,25,0.665638,14.016280965909097,8.436731597524025,14.415276214719706,41.36008088056908,-7.959919119430922
group,GPT-6-Luna-Simple,GPT-6-Luna-Simple,Every-turn,GPT-6-Luna-Simple | Every-turn,flavor_mobile_avg,Military,2.7717982460244546,,50,25,0.538354,2.9867538461538494,-0.4945779989515536,5.769480011028524,18.584390246024455,-13.255609753975545
group,GPT-6-Luna-Simple,GPT-6-Luna-Simple,Every-turn,GPT-6-Luna-Simple | Every-turn,flavor_nuke_avg,Nuclear,-27.90032513293337,,25,15,0.28002,-30.435278125,-32.60673415867756,-20.991955732121145,-24.52937313293337,-30.32937313293337
group,GPT-6-Luna-Simple,GPT-6-Luna-Simple,Every-turn,GPT-6-Luna-Simple | Every-turn,flavor_use_nuke_avg,Nuclear,-21.72694787031112,,25,15,0.316762,-20.741683333333334,-26.3478397503257,-15.562938845904613,-19.24275187031112,-23.242751870311118
group,GPT-6-Luna-Simple,GPT-6-Luna-Simple,Every-turn,GPT-6-Luna-Simple | Every-turn,flavor_naval_avg,Naval and air,0.4411864993769835,,50,25,0.506962,1.7974755879692417,-2.169317197802002,3.004056499809485,28.935070499376984,-23.604929500623015
group,GPT-6-Luna-Simple,GPT-6-Luna-Simple,Every-turn,GPT-6-Luna-Simple | Every-turn,flavor_naval_recon_avg,Naval and air,4.050518648176769,,50,25,0.564696,6.0594727272727305,1.8830087948000644,6.401391848298932,14.571382648176769,-21.06861735182323
group,GPT-6-Luna-Simple,GPT-6-Luna-Simple,Every-turn,GPT-6-Luna-Simple | Every-turn,flavor_air_avg,Naval and air,32.32422661916088,,48,25,0.81734,32.82437152115898,27.665295793469532,37.0223949975451,53.49999536916088,9.333328702494212
group,GPT-6-Luna-Simple,GPT-6-Luna-Simple,Every-turn,GPT-6-Luna-Simple | Every-turn,flavor_antiair_avg,Naval and air,33.46295211053664,,48,25,0.830263,33.88242663438257,28.77334585989003,37.80521806375048,52.00024794386997,11.333581277203313
group,GPT-6-Luna-Simple,GPT-6-Luna-Simple,Every-turn,GPT-6-Luna-Simple | Every-turn,flavor_air_carrier_avg,Naval and air,11.601133207148921,,48,25,0.628962,15.661370299566416,7.718627324215466,14.897115818092942,19.90360612381559,1.3619394571489227
group,GPT-6-Luna-Simple,GPT-6-Luna-Simple,Every-turn,GPT-6-Luna-Simple | Every-turn,flavor_airlift_avg,Naval and air,12.652357728405343,,48,25,0.642444,16.822412561951964,9.307072011650313,15.628878602456256,19.23256814507201,3.711734811738676
group,GPT-6-Luna-Simple,GPT-6-Luna-Simple,Every-turn,GPT-6-Luna-Simple | Every-turn,flavor_expansion_avg,Economy,-17.322361034004086,,50,25,0.206157,-18.194710045924225,-18.846679892485263,-15.908248640625452,49.702824965995916,-40.73717503400408
group,GPT-6-Luna-Simple,GPT-6-Luna-Simple,Every-turn,GPT-6-Luna-Simple | Every-turn,flavor_growth_avg,Economy,-4.0866962225467685,,50,25,0.409567,-4.219369696969689,-6.083768535189722,-1.9572228730089931,17.45795377745323,-33.50204622254677
group,GPT-6-Luna-Simple,GPT-6-Luna-Simple,Every-turn,GPT-6-Luna-Simple | Every-turn,flavor_tile_improvement_avg,Economy,-0.9923284585487799,,50,25,0.475805,-1.8647969570135778,-3.1307319035816876,1.0352955432262716,21.299629541451218,-28.74037045854878
group,GPT-6-Luna-Simple,GPT-6-Luna-Simple,Every-turn,GPT-6-Luna-Simple | Every-turn,flavor_infrastructure_avg,Economy,-4.346788230722774,,50,25,0.399673,-4.534858955223882,-6.343073649563057,-2.4374715425066364,15.767491769277227,-24.392508230722775
group,GPT-6-Luna-Simple,GPT-6-Luna-Simple,Every-turn,GPT-6-Luna-Simple | Every-turn,flavor_production_avg,Economy,11.182702591578588,,50,25,0.719221,11.389421189839574,9.88892509335401,12.55807288483187,23.51971659157859,-17.520283408421413
group,GPT-6-Luna-Simple,GPT-6-Luna-Simple,Every-turn,GPT-6-Luna-Simple | Every-turn,flavor_gold_avg,Economy,-13.492061403676292,,50,25,0.233516,-14.62447511140821,-15.360761461381667,-11.619504378331026,9.353264596323708,-28.226735403676294
group,GPT-6-Luna-Simple,GPT-6-Luna-Simple,Every-turn,GPT-6-Luna-Simple | Every-turn,flavor_science_avg,Economy,14.28374208531586,,50,25,0.781533,14.700747395833325,12.77401873241369,16.039823408855373,23.396858085315863,-17.52314191468414
group,GPT-6-Luna-Simple,GPT-6-Luna-Simple,Every-turn,GPT-6-Luna-Simple | Every-turn,flavor_culture_avg,Economy,-9.55951100797266,,50,25,0.379342,-9.212313636363639,-13.11777831062826,-6.239242786606397,15.151808992027341,-35.148191007972656
group,GPT-6-Luna-Simple,GPT-6-Luna-Simple,Every-turn,GPT-6-Luna-Simple | Every-turn,flavor_happiness_avg,Economy,4.297346007503719,,50,25,0.587025,4.703466666666671,2.3288869145992925,6.259332750976428,26.064832007503718,-17.755167992496283
group,GPT-6-Luna-Simple,GPT-6-Luna-Simple,Every-turn,GPT-6-Luna-Simple | Every-turn,flavor_naval_growth_avg,Economy,6.098046444308334,,50,25,0.592353,8.003556158088237,3.497651261629927,8.298927683765571,12.723416444308334,-12.256583555691666
group,GPT-6-Luna-Simple,GPT-6-Luna-Simple,Every-turn,GPT-6-Luna-Simple | Every-turn,flavor_naval_tile_improvement_avg,Economy,7.977896505848942,,50,25,0.619461,9.630497410673904,5.654800402480327,9.881299427407257,13.650684505848941,-10.149315494151057
group,GPT-6-Luna-Simple,GPT-6-Luna-Simple,Every-turn,GPT-6-Luna-Simple | Every-turn,flavor_water_connection_avg,Economy,3.5595625735857688,,50,25,0.560606,5.145528424056192,1.4050752449077812,5.325270897311442,7.417502573585768,-14.842497426414232
group,GPT-6-Luna-Simple,GPT-6-Luna-Simple,Every-turn,GPT-6-Luna-Simple | Every-turn,flavor_great_people_avg,Other,11.46989188939619,,50,25,0.668538,11.096152629233508,9.164463378422402,13.939226352864603,31.447831889396188,-18.17216811060381
group,GPT-6-Luna-Simple,GPT-6-Luna-Simple,Every-turn,GPT-6-Luna-Simple | Every-turn,flavor_wonder_avg,Other,-24.187353436004802,,50,25,0.252184,-26.071466794871796,-27.49258288757692,-20.964742007871227,17.503912563995197,-41.1760874360048
group,GPT-6-Luna-Simple,GPT-6-Luna-Simple,Every-turn,GPT-6-Luna-Simple | Every-turn,flavor_religion_avg,Other,-5.503648693264292,,50,25,0.422203,-6.303435820895523,-8.80680378110742,-2.0890168044642268,7.358295306735706,-26.741704693264293
group,GPT-6-Luna-Simple,GPT-6-Luna-Simple,Every-turn,GPT-6-Luna-Simple | Every-turn,flavor_diplomacy_avg,Other,3.5971514598602017,,50,25,0.550504,3.218291044776123,1.367036320709563,5.846522114326434,31.4645134598602,-30.4754865401398
group,GPT-6-Luna-Simple,GPT-6-Luna-Simple,Every-turn,GPT-6-Luna-Simple | Every-turn,flavor_espionage_avg,Other,9.92717743467338,,50,25,0.658188,11.848190380130593,7.486194259629277,12.654823803256694,42.03179343467338,-21.008206565326624
group,GPT-6-Luna-Simple,GPT-6-Luna-Simple,Every-turn,GPT-6-Luna-Simple | Every-turn,flavor_spaceship_avg,Other,32.94577234333506,,50,25,0.86075,36.62189747086248,28.773140657467295,36.7563998780494,55.348342343335055,-11.851657656664948
group,GPT-6-Luna-Simple-Per-5,GPT-6-Luna-Simple,Per-5,GPT-6-Luna-Simple | Per-5,flavor_offense_avg,Military,-21.636880187345724,,48,24,0.28315,-18.30100177556818,-24.692496513547816,-19.002607943727,13.729161479320942,-38.91667185401239
group,GPT-6-Luna-Simple-Per-5,GPT-6-Luna-Simple,Per-5,GPT-6-Luna-Simple | Per-5,flavor_defense_avg,Military,13.156895464938543,,48,24,0.727618,13.455691176470587,11.644248558381054,14.527593694980725,36.96054546493854,-15.81028786839479
group,GPT-6-Luna-Simple-Per-5,GPT-6-Luna-Simple,Per-5,GPT-6-Luna-Simple | Per-5,flavor_city_defense_avg,Military,9.288288506512751,,48,24,0.66623,8.91374015151515,7.729757718942548,10.943440097634461,37.090863506512754,-10.784136493487246
group,GPT-6-Luna-Simple-Per-5,GPT-6-Luna-Simple,Per-5,GPT-6-Luna-Simple | Per-5,flavor_mobilization_avg,Military,-12.19590168459636,,48,24,0.34972,-11.403299692712904,-16.050496447682043,-8.347752530119498,24.858781648736976,-41.07871835126303
group,GPT-6-Luna-Simple-Per-5,GPT-6-Luna-Simple,Per-5,GPT-6-Luna-Simple | Per-5,flavor_military_training_avg,Military,2.5005425944935697,,48,24,0.53328,3.8422641791044825,-0.5479247038617205,5.3723623881844045,32.2572759278269,-19.055224072173097
group,GPT-6-Luna-Simple-Per-5,GPT-6-Luna-Simple,Per-5,GPT-6-Luna-Simple | Per-5,flavor_recon_avg,Military,-2.241354323672445,,48,24,0.462016,-0.5181981506238884,-4.492820106717834,0.08073874651716928,11.554560259660889,-16.79960640700578
group,GPT-6-Luna-Simple-Per-5,GPT-6-Luna-Simple,Per-5,GPT-6-Luna-Simple | Per-5,flavor_ranged_avg,Military,9.716641856405637,,48,24,0.641856,11.73375647896879,6.66818611789056,12.6139198936993,38.4371147730723,-5.250385226927695
group,GPT-6-Luna-Simple-Per-5,GPT-6-Luna-Simple,Per-5,GPT-6-Luna-Simple | Per-5,flavor_mobile_avg,Military,2.8932776368359066,,48,24,0.540034,4.807411363636366,-0.16243376018284975,5.531542834213892,9.35359847016924,-6.375568196497426
group,GPT-6-Luna-Simple-Per-5,GPT-6-Luna-Simple,Per-5,GPT-6-Luna-Simple | Per-5,flavor_nuke_avg,Nuclear,-6.284924623850417,,28,18,0.450447,-2.3880566666666656,-14.46653859542454,2.0865791377100633,1.4858039475781537,-11.192767480993274
group,GPT-6-Luna-Simple-Per-5,GPT-6-Luna-Simple,Per-5,GPT-6-Luna-Simple | Per-5,flavor_use_nuke_avg,Nuclear,-0.3721643198376053,,28,18,0.496861,2.0468133333333327,-8.161566916243657,8.373238344691112,7.711210680162394,-7.645932176980463
group,GPT-6-Luna-Simple-Per-5,GPT-6-Luna-Simple,Per-5,GPT-6-Luna-Simple | Per-5,flavor_naval_avg,Naval and air,0.4647460096488006,,48,24,0.507334,2.2437159357060885,-2.5405499293529776,3.182079850481794,24.9386022596488,-20.978064407017865
group,GPT-6-Luna-Simple-Per-5,GPT-6-Luna-Simple,Per-5,GPT-6-Luna-Simple | Per-5,flavor_naval_recon_avg,Naval and air,5.687541961400112,,48,24,0.590843,7.304738703208557,3.205572303596085,7.983718610342932,14.566658628066781,-13.329174705266553
group,GPT-6-Luna-Simple-Per-5,GPT-6-Luna-Simple,Per-5,GPT-6-Luna-Simple | Per-5,flavor_air_avg,Naval and air,24.91036696818799,,47,24,0.744555,24.460288135593217,21.18485319471129,28.760525461325834,43.74703930861353,11.087464840528417
group,GPT-6-Luna-Simple-Per-5,GPT-6-Luna-Simple,Per-5,GPT-6-Luna-Simple | Per-5,flavor_antiair_avg,Naval and air,25.433472702351107,,47,24,0.751016,24.952433898305088,21.55744811978565,29.50428198879256,45.19301312788302,11.469608872563875
group,GPT-6-Luna-Simple-Per-5,GPT-6-Luna-Simple,Per-5,GPT-6-Luna-Simple | Per-5,flavor_air_carrier_avg,Naval and air,19.556416017174865,,47,24,0.717395,22.628761016949152,17.108748362158067,21.927417705396408,23.172564953345073,14.449160698025922
group,GPT-6-Luna-Simple-Per-5,GPT-6-Luna-Simple,Per-5,GPT-6-Luna-Simple | Per-5,flavor_airlift_avg,Naval and air,18.20920109004769,,47,24,0.705005,20.295164615384614,15.78239550810199,20.266071132451927,21.03100109004769,13.903341515579603
group,GPT-6-Luna-Simple-Per-5,GPT-6-Luna-Simple,Per-5,GPT-6-Luna-Simple | Per-5,flavor_expansion_avg,Economy,-17.907015661335464,,48,24,0.196239,-17.72952727272727,-19.191870491127656,-16.62437017247963,43.548644755331196,-40.68052191133547
group,GPT-6-Luna-Simple-Per-5,GPT-6-Luna-Simple,Per-5,GPT-6-Luna-Simple | Per-5,flavor_growth_avg,Economy,-2.2223806253482308,,48,24,0.450822,-3.1151142156862797,-3.3682352143274437,-0.9979178008960071,14.291354791318435,-19.50031187534823
group,GPT-6-Luna-Simple-Per-5,GPT-6-Luna-Simple,Per-5,GPT-6-Luna-Simple | Per-5,flavor_tile_improvement_avg,Economy,0.06074431355441442,,48,24,0.501481,-0.9931146153846164,-1.1289395105135607,1.3500515715386185,17.958065146887748,-17.166934853112252
group,GPT-6-Luna-Simple-Per-5,GPT-6-Luna-Simple,Per-5,GPT-6-Luna-Simple | Per-5,flavor_infrastructure_avg,Economy,-4.910843783191798,,48,24,0.386654,-5.967432687165772,-6.04841159313052,-3.723296811140329,9.426664550141535,-16.67750211652513
group,GPT-6-Luna-Simple-Per-5,GPT-6-Luna-Simple,Per-5,GPT-6-Luna-Simple | Per-5,flavor_production_avg,Economy,10.23436799806849,,48,24,0.70063,12.21608803030302,8.56830980465367,11.873174135795875,23.54612841473516,-17.12053825193151
group,GPT-6-Luna-Simple-Per-5,GPT-6-Luna-Simple,Per-5,GPT-6-Luna-Simple | Per-5,flavor_gold_avg,Economy,-15.009719495616856,,48,24,0.203541,-14.502643181818176,-16.250529878060693,-13.584411352398172,1.4888680043831428,-24.67779866228352
group,GPT-6-Luna-Simple-Per-5,GPT-6-Luna-Simple,Per-5,GPT-6-Luna-Simple | Per-5,flavor_science_avg,Economy,14.339048629714265,,48,24,0.782623,14.31857364801865,13.013237860225624,15.683659513521453,23.31346529638093,-12.332368036952403
group,GPT-6-Luna-Simple-Per-5,GPT-6-Luna-Simple,Per-5,GPT-6-Luna-Simple | Per-5,flavor_culture_avg,Economy,-10.417357608173157,,48,24,0.368515,-13.795503787878786,-13.64967565195219,-7.320413228690799,4.0518715584935086,-23.948128441506494
group,GPT-6-Luna-Simple-Per-5,GPT-6-Luna-Simple,Per-5,GPT-6-Luna-Simple | Per-5,flavor_happiness_avg,Economy,3.137185565780231,,48,24,0.563531,3.1111241519674238,1.737719338169387,4.4224330919199275,23.956191815780233,-17.314641517553103
group,GPT-6-Luna-Simple-Per-5,GPT-6-Luna-Simple,Per-5,GPT-6-Luna-Simple | Per-5,flavor_naval_growth_avg,Economy,8.085445670605786,,48,24,0.622452,10.379666410256412,6.3409772285758805,9.627488495920641,11.499849837272455,0.4790165039391203
group,GPT-6-Luna-Simple-Per-5,GPT-6-Luna-Simple,Per-5,GPT-6-Luna-Simple | Per-5,flavor_naval_tile_improvement_avg,Economy,10.292995887896863,,48,24,0.654127,12.491142004662002,8.869407293226994,11.809805192769778,13.50239380456353,3.6482271378968627
group,GPT-6-Luna-Simple-Per-5,GPT-6-Luna-Simple,Per-5,GPT-6-Luna-Simple | Per-5,flavor_water_connection_avg,Economy,5.926360202950495,,48,24,0.600904,7.533765671641788,4.592215858869837,7.121395665238353,6.79261228628383,0.6467789529504954
group,GPT-6-Luna-Simple-Per-5,GPT-6-Luna-Simple,Per-5,GPT-6-Luna-Simple | Per-5,flavor_great_people_avg,Other,10.443135244752577,,48,24,0.65345,10.083746971153843,8.682435877302067,12.310342767370084,30.074276911419247,-14.509056421914089
group,GPT-6-Luna-Simple-Per-5,GPT-6-Luna-Simple,Per-5,GPT-6-Luna-Simple | Per-5,flavor_wonder_avg,Other,-21.810937979321654,,48,24,0.276532,-25.965180366549607,-24.875795173483876,-18.258757568605716,10.786432854011679,-40.880233812654986
group,GPT-6-Luna-Simple-Per-5,GPT-6-Luna-Simple,Per-5,GPT-6-Luna-Simple | Per-5,flavor_religion_avg,Other,0.4595235110037768,,48,24,0.506496,2.8264588680926934,-2.2272184834374524,3.0685463837717246,6.45301934433711,-9.92198065566289
group,GPT-6-Luna-Simple-Per-5,GPT-6-Luna-Simple,Per-5,GPT-6-Luna-Simple | Per-5,flavor_diplomacy_avg,Other,3.8015147047673117,,48,24,0.553373,3.7454017599067555,1.2057193187339552,6.006712695025409,29.694554288100647,-25.284612378566024
group,GPT-6-Luna-Simple-Per-5,GPT-6-Luna-Simple,Per-5,GPT-6-Luna-Simple | Per-5,flavor_espionage_avg,Other,8.801979189615322,,48,24,0.640258,10.239702116755797,5.929029068157589,11.403309634004684,37.58233543961532,-14.292664560384678
group,GPT-6-Luna-Simple-Per-5,GPT-6-Luna-Simple,Per-5,GPT-6-Luna-Simple | Per-5,flavor_spaceship_avg,Other,35.67682374849889,,48,24,0.890655,39.56927908151549,31.335657933216165,39.58634733365647,53.67577999849889,-1.2825533348344438
group,GPT-6.1-Sol-Simple-Per-5,GPT-6.1-Sol-Simple,Per-5,GPT-6.1-Sol-Simple | Per-5,flavor_offense_avg,Military,-23.55141560401239,,48,24,0.263962,-19.674231004070556,-26.59449637123386,-20.332321308984326,5.72916147932094,-38.02083852067906
group,GPT-6.1-Sol-Simple-Per-5,GPT-6.1-Sol-Simple,Per-5,GPT-6.1-Sol-Simple | Per-5,flavor_defense_avg,Military,-8.523810785061457,,48,24,0.352536,-10.62399393939394,-11.253657103239727,-5.805169122757255,30.273045464938544,-45.35195453506145
group,GPT-6.1-Sol-Simple-Per-5,GPT-6.1-Sol-Simple,Per-5,GPT-6.1-Sol-Simple | Per-5,flavor_city_defense_avg,Military,-7.006084410153913,,48,24,0.374614,-7.9077560606060615,-10.362940517251904,-3.862322434392444,29.674196839846086,-38.346636493487246
group,GPT-6.1-Sol-Simple-Per-5,GPT-6.1-Sol-Simple,Per-5,GPT-6.1-Sol-Simple | Per-5,flavor_mobilization_avg,Military,-27.53580168459636,,48,24,0.160699,-27.641129907281773,-31.42765550226398,-23.160689038163092,24.504614982070308,-48.93288501792969
group,GPT-6.1-Sol-Simple-Per-5,GPT-6.1-Sol-Simple,Per-5,GPT-6.1-Sol-Simple | Per-5,flavor_military_training_avg,Military,0.7887155111602362,,48,24,0.510497,3.3714484848484894,-3.594284985889855,4.714438744462936,39.36144259449357,-46.888557405506425
group,GPT-6.1-Sol-Simple-Per-5,GPT-6.1-Sol-Simple,Per-5,GPT-6.1-Sol-Simple | Per-5,flavor_recon_avg,Military,-22.019760573672443,,48,24,0.12683,-22.071382575757575,-24.01040442348789,-20.111997219722795,23.07539359299422,-39.63293974033911
group,GPT-6.1-Sol-Simple-Per-5,GPT-6.1-Sol-Simple,Per-5,GPT-6.1-Sol-Simple | Per-5,flavor_ranged_avg,Military,0.08588977307230412,,48,24,0.501254,0.4312871212121223,-3.1784444776171297,3.072913043362917,34.166281439738974,-35.41705189359436
group,GPT-6.1-Sol-Simple-Per-5,GPT-6.1-Sol-Simple,Per-5,GPT-6.1-Sol-Simple | Per-5,flavor_mobile_avg,Military,-12.240222363164094,,48,24,0.330631,-11.452400429669833,-14.872434378651056,-9.744002039536309,8.832765136835908,-38.04223486316409
group,GPT-6.1-Sol-Simple-Per-5,GPT-6.1-Sol-Simple,Per-5,GPT-6.1-Sol-Simple | Per-5,flavor_nuke_avg,Nuclear,-27.87132989981022,,25,16,0.280249,-28.391476470588234,-30.304370945555934,-25.32540750835598,-24.06385389981022,-28.66385389981022
group,GPT-6.1-Sol-Simple-Per-5,GPT-6.1-Sol-Simple,Per-5,GPT-6.1-Sol-Simple | Per-5,flavor_use_nuke_avg,Nuclear,-18.228986224122938,,25,16,0.346263,-19.95715789473684,-22.702555980116955,-12.362937428615203,-18.228986224122938,-18.228986224122938
group,GPT-6.1-Sol-Simple-Per-5,GPT-6.1-Sol-Simple,Per-5,GPT-6.1-Sol-Simple | Per-5,flavor_naval_avg,Naval and air,-9.278595657017867,,48,24,0.353584,-8.306447794117645,-12.53095660081877,-5.81545473800467,32.02193559298213,-40.26973107368453
group,GPT-6.1-Sol-Simple-Per-5,GPT-6.1-Sol-Simple,Per-5,GPT-6.1-Sol-Simple | Per-5,flavor_naval_recon_avg,Naval and air,-7.39647887193322,,48,24,0.381861,-7.062053303167421,-10.756460432325486,-4.451937040760258,30.108325294733447,-35.41250803859989
group,GPT-6.1-Sol-Simple-Per-5,GPT-6.1-Sol-Simple,Per-5,GPT-6.1-Sol-Simple | Per-5,flavor_air_avg,Naval and air,-6.590944698300421,,48,24,0.435294,-5.632435538641685,-9.78192130383139,-3.7415201432151384,24.151788635032915,-29.181544698300417
group,GPT-6.1-Sol-Simple-Per-5,GPT-6.1-Sol-Simple,Per-5,GPT-6.1-Sol-Simple | Per-5,flavor_antiair_avg,Naval and air,-1.6759812832114402,,48,24,0.483459,0.19782428922908935,-5.516059011707907,1.9880742538647636,14.304639550121893,-18.820360449878105
group,GPT-6.1-Sol-Simple-Per-5,GPT-6.1-Sol-Simple,Per-5,GPT-6.1-Sol-Simple | Per-5,flavor_air_carrier_avg,Naval and air,-7.939435624655817,,48,24,0.411743,-11.501073330832707,-12.093357180273115,-3.2532060913147514,19.160447708677516,-22.19371895798915
group,GPT-6.1-Sol-Simple-Per-5,GPT-6.1-Sol-Simple,Per-5,GPT-6.1-Sol-Simple | Per-5,flavor_airlift_avg,Naval and air,6.566671706873245,,48,24,0.57393,9.801216769073223,2.831201004113512,9.928133158905837,20.545209206873245,-5.1839574597934215
group,GPT-6.1-Sol-Simple-Per-5,GPT-6.1-Sol-Simple,Per-5,GPT-6.1-Sol-Simple | Per-5,flavor_expansion_avg,Economy,-19.084628161335463,,48,24,0.176263,-19.08041030783582,-20.7670625274432,-17.32012415203527,50.59031142199786,-40.7638552446688
group,GPT-6.1-Sol-Simple-Per-5,GPT-6.1-Sol-Simple,Per-5,GPT-6.1-Sol-Simple | Per-5,flavor_growth_avg,Economy,-5.805547292014897,,48,24,0.371532,-3.118995734265738,-8.792787155566597,-2.517905414424413,24.4580214579851,-52.416978542014895
group,GPT-6.1-Sol-Simple-Per-5,GPT-6.1-Sol-Simple,Per-5,GPT-6.1-Sol-Simple | Per-5,flavor_tile_improvement_avg,Economy,-3.234522353112252,,48,24,0.421136,-3.10455288331071,-5.0766378658026765,-1.6352946424847679,30.97889848022108,-36.10443485311225
group,GPT-6.1-Sol-Simple-Per-5,GPT-6.1-Sol-Simple,Per-5,GPT-6.1-Sol-Simple | Per-5,flavor_infrastructure_avg,Economy,-10.297739616525133,,48,24,0.262321,-10.647948353819142,-12.588726086497344,-8.286577438493955,18.00999788347487,-38.13583544985847
group,GPT-6.1-Sol-Simple-Per-5,GPT-6.1-Sol-Simple,Per-5,GPT-6.1-Sol-Simple | Per-5,flavor_production_avg,Economy,9.287617998068491,,48,24,0.68207,9.676281060606058,8.144706402791764,10.40225849472353,23.337795081401826,-12.183038251931508
group,GPT-6.1-Sol-Simple-Per-5,GPT-6.1-Sol-Simple,Per-5,GPT-6.1-Sol-Simple | Per-5,flavor_gold_avg,Economy,-4.3562111622835245,,48,24,0.41396,-2.9378126865671703,-7.4880055177156475,-1.5875220210775747,26.38470133771648,-41.219465328950186
group,GPT-6.1-Sol-Simple-Per-5,GPT-6.1-Sol-Simple,Per-5,GPT-6.1-Sol-Simple | Per-5,flavor_science_avg,Economy,10.16051529638093,,48,24,0.700264,11.31907954545455,8.181708496066046,12.06271161871782,23.62596529638093,-28.24903470361907
group,GPT-6.1-Sol-Simple-Per-5,GPT-6.1-Sol-Simple,Per-5,GPT-6.1-Sol-Simple | Per-5,flavor_culture_avg,Economy,15.210327808493508,,48,24,0.691981,14.942061284486648,11.893596853871404,18.93030244138969,35.01020489182684,-28.218961774839826
group,GPT-6.1-Sol-Simple-Per-5,GPT-6.1-Sol-Simple,Per-5,GPT-6.1-Sol-Simple | Per-5,flavor_happiness_avg,Economy,-15.863447767553103,,48,24,0.178751,-15.47842702762923,-17.411973881395234,-14.297888121639494,21.289525149113565,-40.897974850886435
group,GPT-6.1-Sol-Simple-Per-5,GPT-6.1-Sol-Simple,Per-5,GPT-6.1-Sol-Simple | Per-5,flavor_naval_growth_avg,Economy,10.24954150393912,,48,24,0.655227,11.166918065268067,8.346538309329999,11.959992480111344,23.70818317060579,-11.083483496060879
group,GPT-6.1-Sol-Simple-Per-5,GPT-6.1-Sol-Simple,Per-5,GPT-6.1-Sol-Simple | Per-5,flavor_naval_tile_improvement_avg,Economy,10.86763130456353,,48,24,0.662732,12.477492762237759,9.18124588192326,12.586036116868964,20.00239380456353,-7.289272862103137
group,GPT-6.1-Sol-Simple-Per-5,GPT-6.1-Sol-Simple,Per-5,GPT-6.1-Sol-Simple | Per-5,flavor_water_connection_avg,Economy,8.316258119617162,,48,24,0.641595,9.224798128342247,5.590558293996769,10.900360522967125,27.834278952950495,-9.978221047049503
group,GPT-6.1-Sol-Simple-Per-5,GPT-6.1-Sol-Simple,Per-5,GPT-6.1-Sol-Simple | Per-5,flavor_great_people_avg,Other,5.50537899475258,,48,24,0.580896,4.679173891571558,3.07552315509069,8.114594718164211,32.78261024475258,-23.77988975524742
group,GPT-6.1-Sol-Simple-Per-5,GPT-6.1-Sol-Simple,Per-5,GPT-6.1-Sol-Simple | Per-5,flavor_wonder_avg,Other,-25.33182339598832,,48,24,0.240458,-26.339290221445218,-28.410646044290523,-21.94711806469139,14.661432854011679,-39.29690047932166
group,GPT-6.1-Sol-Simple-Per-5,GPT-6.1-Sol-Simple,Per-5,GPT-6.1-Sol-Simple | Per-5,flavor_religion_avg,Other,-14.449707738996224,,48,24,0.295745,-15.55158766395296,-16.81365919750932,-11.862659739292651,17.411352677670443,-39.984480655662885
group,GPT-6.1-Sol-Simple-Per-5,GPT-6.1-Sol-Simple,Per-5,GPT-6.1-Sol-Simple | Per-5,flavor_diplomacy_avg,Other,-20.041341545232687,,48,24,0.218621,-22.1405670737223,-23.162063429829253,-16.759287246658165,17.92372095476731,-51.86794571189935
group,GPT-6.1-Sol-Simple-Per-5,GPT-6.1-Sol-Simple,Per-5,GPT-6.1-Sol-Simple | Per-5,flavor_espionage_avg,Other,10.544737522948655,,48,24,0.668029,9.880440061058344,8.61641458983496,12.454752869314193,43.624002106281985,-9.605164560384678
group,GPT-6.1-Sol-Simple-Per-5,GPT-6.1-Sol-Simple,Per-5,GPT-6.1-Sol-Simple | Per-5,flavor_spaceship_avg,Other,0.7354404151655561,,48,24,0.508053,2.722636764705886,-3.1639568680860513,4.191116940860433,23.717446665165557,-30.657553334834443
group,GPT-OSS-120B-Simple,GPT-OSS-120B-Simple,Every-turn,GPT-OSS-120B-Simple | Every-turn,flavor_offense_avg,Military,-15.948267346093402,,48,24,0.340163,-21.59516476075505,-19.94432563925747,-11.807774511956572,35.072805570573266,-38.1563610960934
group,GPT-OSS-120B-Simple,GPT-OSS-120B-Simple,Every-turn,GPT-OSS-120B-Simple | Every-turn,flavor_defense_avg,Military,-23.19964991825114,,48,24,0.09864,-20.492005169340466,-26.5279829249001,-20.257573221248904,28.672910498415522,-59.1604228349178
group,GPT-OSS-120B-Simple,GPT-OSS-120B-Simple,Every-turn,GPT-OSS-120B-Simple | Every-turn,flavor_city_defense_avg,Military,-24.029128173269637,,48,24,0.069957,-22.313533201357462,-28.48346368626679,-20.14839209880958,19.68849682673036,-54.99900317326964
group,GPT-OSS-120B-Simple,GPT-OSS-120B-Simple,Every-turn,GPT-OSS-120B-Simple | Every-turn,flavor_mobilization_avg,Military,-16.160897974287433,,48,24,0.300863,-18.09088513986014,-19.79621390264942,-12.581800569554087,27.928768692379233,-47.383731307620764
group,GPT-OSS-120B-Simple,GPT-OSS-120B-Simple,Every-turn,GPT-OSS-120B-Simple | Every-turn,flavor_military_training_avg,Military,-19.830267743331213,,48,24,0.236077,-23.012940343735867,-24.284456159398555,-15.444133953215946,26.10324475666879,-56.81342190999788
group,GPT-OSS-120B-Simple,GPT-OSS-120B-Simple,Every-turn,GPT-OSS-120B-Simple | Every-turn,flavor_recon_avg,Military,3.1615370837072785,,48,24,0.553579,2.5549215852555385,0.21946675457390752,6.1094244138226665,44.979532917040615,-34.60380041629272
group,GPT-OSS-120B-Simple,GPT-OSS-120B-Simple,Every-turn,GPT-OSS-120B-Simple | Every-turn,flavor_ranged_avg,Military,-27.111880764844525,,48,24,0.104185,-28.863323715978936,-29.914070357716497,-24.459569148654268,11.704002568488809,-47.879330764844525
group,GPT-OSS-120B-Simple,GPT-OSS-120B-Simple,Every-turn,GPT-OSS-120B-Simple | Every-turn,flavor_mobile_avg,Military,-15.614593613559089,,48,24,0.28394,-19.572909090909086,-18.912081915050816,-12.394092483264073,25.62125013644091,-41.25374986355909
group,GPT-OSS-120B-Simple,GPT-OSS-120B-Simple,Every-turn,GPT-OSS-120B-Simple | Every-turn,flavor_nuke_avg,Nuclear,-30.28842476547719,,16,11,0.261191,-29.7997290625,-35.29889430855767,-26.162709791158026,-24.249849765477187,-32.06234976547719
group,GPT-OSS-120B-Simple,GPT-OSS-120B-Simple,Every-turn,GPT-OSS-120B-Simple | Every-turn,flavor_use_nuke_avg,Nuclear,-25.277046869815855,,16,11,0.286822,-23.069663750000004,-29.550838339265876,-22.126092189398065,-22.396840619815855,-25.834340619815855
group,GPT-OSS-120B-Simple,GPT-OSS-120B-Simple,Every-turn,GPT-OSS-120B-Simple | Every-turn,flavor_naval_avg,Naval and air,-2.637619821789651,,48,24,0.458378,-3.343505882352943,-5.943120398565522,0.8028978916088817,38.75698017821035,-37.80551982178965
group,GPT-OSS-120B-Simple,GPT-OSS-120B-Simple,Every-turn,GPT-OSS-120B-Simple | Every-turn,flavor_naval_recon_avg,Naval and air,-0.8249068293899361,,48,24,0.486824,-1.343590869183494,-4.972428628993008,3.2869122285659937,41.64376608727673,-32.10623391272327
group,GPT-OSS-120B-Simple,GPT-OSS-120B-Simple,Every-turn,GPT-OSS-120B-Simple | Every-turn,flavor_air_avg,Naval and air,-32.81367437052032,,38,23,0.177855,-36.6966266632937,-36.03690290967811,-29.00036388585809,-24.575440159994002,-37.733334896836105
group,GPT-OSS-120B-Simple,GPT-OSS-120B-Simple,Every-turn,GPT-OSS-120B-Simple | Every-turn,flavor_antiair_avg,Naval and air,-35.512418379594486,,38,23,0.14951,-37.78903305084745,-38.59501300623775,-31.97960406226793,-29.936889432226064,-39.41057364275238
group,GPT-OSS-120B-Simple,GPT-OSS-120B-Simple,Every-turn,GPT-OSS-120B-Simple | Every-turn,flavor_air_carrier_avg,Naval and air,-24.876986518715935,,38,23,0.22346,-25.6764612825702,-26.25523881549817,-23.249869108583713,-23.958165466084356,-25.93184967661067
group,GPT-OSS-120B-Simple,GPT-OSS-120B-Simple,Every-turn,GPT-OSS-120B-Simple | Every-turn,flavor_airlift_avg,Naval and air,-25.09617877567019,,38,23,0.21746,-26.694196579091408,-26.73395068707955,-23.207767479832857,-24.3121629861965,-26.417426144091237
group,GPT-OSS-120B-Simple,GPT-OSS-120B-Simple,Every-turn,GPT-OSS-120B-Simple | Every-turn,flavor_expansion_avg,Economy,16.525511317227526,,48,24,0.780326,16.433155280416102,13.703777482010594,19.22794676361972,59.01803631722753,-36.71113034943914
group,GPT-OSS-120B-Simple,GPT-OSS-120B-Simple,Every-turn,GPT-OSS-120B-Simple | Every-turn,flavor_growth_avg,Economy,2.8329735961740234,,48,24,0.56269,3.916775802804164,0.2163038161868773,5.184887155898762,28.446881929507356,-36.240618070492644
group,GPT-OSS-120B-Simple,GPT-OSS-120B-Simple,Every-turn,GPT-OSS-120B-Simple | Every-turn,flavor_tile_improvement_avg,Economy,-4.856285952227423,,48,24,0.381595,-4.25620679590018,-7.478662816044249,-2.4910687521577928,19.467311964439244,-33.761854702227424
group,GPT-OSS-120B-Simple,GPT-OSS-120B-Simple,Every-turn,GPT-OSS-120B-Simple | Every-turn,flavor_infrastructure_avg,Economy,6.489131601070774,,48,24,0.649774,6.631820454545458,4.414391924171212,8.475677198555125,30.77773576773744,-25.368097565595892
group,GPT-OSS-120B-Simple,GPT-OSS-120B-Simple,Every-turn,GPT-OSS-120B-Simple | Every-turn,flavor_production_avg,Economy,5.661407447080506,,48,24,0.610984,5.639573971053821,3.616913885342909,7.574675645978943,23.946205363747172,-47.88712796958617
group,GPT-OSS-120B-Simple,GPT-OSS-120B-Simple,Every-turn,GPT-OSS-120B-Simple | Every-turn,flavor_gold_avg,Economy,-1.5999844867073463,,48,24,0.468398,0.8170492890442844,-5.807188200046502,2.2194227269072133,27.106840513292653,-36.95565948670735
group,GPT-OSS-120B-Simple,GPT-OSS-120B-Simple,Every-turn,GPT-OSS-120B-Simple | Every-turn,flavor_science_avg,Economy,-5.2706488321827605,,48,24,0.396115,-6.2679067164179045,-8.068831468221099,-2.598376169757051,22.534419917817235,-51.52808008218276
group,GPT-OSS-120B-Simple,GPT-OSS-120B-Simple,Every-turn,GPT-OSS-120B-Simple | Every-turn,flavor_culture_avg,Economy,5.346589732746856,,48,24,0.567483,6.442896212121205,1.8477490907081582,8.889354612425544,32.31321264941352,-38.31178735058648
group,GPT-OSS-120B-Simple,GPT-OSS-120B-Simple,Every-turn,GPT-OSS-120B-Simple | Every-turn,flavor_happiness_avg,Economy,14.910836452489468,,48,24,0.801958,15.668756117141562,12.670696357785689,17.113348824332668,29.816794785822797,-26.224871880843867
group,GPT-OSS-120B-Simple,GPT-OSS-120B-Simple,Every-turn,GPT-OSS-120B-Simple | Every-turn,flavor_naval_growth_avg,Economy,8.754494384302802,,48,24,0.632585,10.171849683401177,4.18026303274693,13.198941423304177,47.19220271763614,-27.911963949030532
group,GPT-OSS-120B-Simple,GPT-OSS-120B-Simple,Every-turn,GPT-OSS-120B-Simple | Every-turn,flavor_naval_tile_improvement_avg,Economy,-0.3606892448521835,,48,24,0.494599,-2.142537401229152,-5.10079130382609,4.318620241351184,35.37739408848115,-28.164272578185518
group,GPT-OSS-120B-Simple,GPT-OSS-120B-Simple,Every-turn,GPT-OSS-120B-Simple | Every-turn,flavor_water_connection_avg,Economy,8.62696895987419,,48,24,0.646885,7.961853312980548,2.736952021874656,13.956827623002212,31.968481459874187,-22.927351873459145
group,GPT-OSS-120B-Simple,GPT-OSS-120B-Simple,Every-turn,GPT-OSS-120B-Simple | Every-turn,flavor_great_people_avg,Other,16.983376756845857,,48,24,0.749552,17.659312862159787,14.078509660520359,19.672282493270025,33.20741425684586,-26.375919076487477
group,GPT-OSS-120B-Simple,GPT-OSS-120B-Simple,Every-turn,GPT-OSS-120B-Simple | Every-turn,flavor_wonder_avg,Other,23.331644883510677,,48,24,0.739049,22.687675490196074,19.613169052832564,27.42242706450907,57.026890716844015,-32.55644261648932
group,GPT-OSS-120B-Simple,GPT-OSS-120B-Simple,Every-turn,GPT-OSS-120B-Simple | Every-turn,flavor_religion_avg,Other,1.8626479543747776,,48,24,0.52633,1.682133915441181,-3.119091510412887,6.720891917876225,35.950645871041445,-27.799354128958555
group,GPT-OSS-120B-Simple,GPT-OSS-120B-Simple,Every-turn,GPT-OSS-120B-Simple | Every-turn,flavor_diplomacy_avg,Other,20.007672725221237,,48,24,0.780906,21.423303380823157,17.851320855190682,22.077441192415048,30.491916475221235,-39.4039168581121
group,GPT-OSS-120B-Simple,GPT-OSS-120B-Simple,Every-turn,GPT-OSS-120B-Simple | Every-turn,flavor_espionage_avg,Other,20.75781762744971,,48,24,0.830773,20.93530121212121,18.37302228217354,23.015085185113204,46.24838429411637,-33.85578237255029
group,GPT-OSS-120B-Simple,GPT-OSS-120B-Simple,Every-turn,GPT-OSS-120B-Simple | Every-turn,flavor_spaceship_avg,Other,-15.754185040755607,,48,24,0.327495,-21.266540331431077,-23.189942371234554,-8.4156119610415,39.24561912591106,-38.25438087408894
group,GPT-OSS-120B-Simple-Per-5,GPT-OSS-120B-Simple,Per-5,GPT-OSS-120B-Simple | Per-5,flavor_offense_avg,Military,-9.97485727067906,,48,24,0.40003,-18.85863939859526,-15.79719539152519,-2.698640689344376,35.52082814598761,-37.91667185401239
group,GPT-OSS-120B-Simple-Per-5,GPT-OSS-120B-Simple,Per-5,GPT-OSS-120B-Simple | Per-5,flavor_defense_avg,Military,-22.47690036839479,,48,24,0.111144,-23.875761515837098,-27.06952367662614,-17.64649680151169,20.168878798271876,-52.87278786839479
group,GPT-OSS-120B-Simple-Per-5,GPT-OSS-120B-Simple,Per-5,GPT-OSS-120B-Simple | Per-5,flavor_city_defense_avg,Military,-21.036748993487247,,48,24,0.12351,-22.427950237556562,-25.922016149447277,-16.141748970632314,13.215863506512754,-47.30496982682058
group,GPT-OSS-120B-Simple-Per-5,GPT-OSS-120B-Simple,Per-5,GPT-OSS-120B-Simple | Per-5,flavor_mobilization_avg,Military,-6.792507934596358,,48,24,0.416302,-10.93967308238637,-12.569701373264813,-0.5564093776201393,28.567114982070308,-39.349551684596356
group,GPT-OSS-120B-Simple-Per-5,GPT-OSS-120B-Simple,Per-5,GPT-OSS-120B-Simple | Per-5,flavor_military_training_avg,Military,-15.170459488839763,,48,24,0.298095,-15.238131659882406,-21.451157567068176,-9.070242277626138,22.3822759278269,-53.15939073883976
group,GPT-OSS-120B-Simple-Per-5,GPT-OSS-120B-Simple,Per-5,GPT-OSS-120B-Simple | Per-5,flavor_recon_avg,Military,3.107391509660887,,48,24,0.552661,5.481077329262774,-0.8932129690461494,7.615141668678936,34.42956025966089,-27.23710640700578
group,GPT-OSS-120B-Simple-Per-5,GPT-OSS-120B-Simple,Per-5,GPT-OSS-120B-Simple | Per-5,flavor_ranged_avg,Military,-19.77667689359436,,48,24,0.211274,-23.600056155303033,-24.315402182540396,-14.997839180064803,5.624614773072305,-37.85455189359436
group,GPT-OSS-120B-Simple-Per-5,GPT-OSS-120B-Simple,Per-5,GPT-OSS-120B-Simple | Per-5,flavor_mobile_avg,Military,-8.175105696497427,,48,24,0.386881,-12.370330264423076,-13.195813410305572,-2.608449085568678,21.749431803502574,-31.833901529830758
group,GPT-OSS-120B-Simple-Per-5,GPT-OSS-120B-Simple,Per-5,GPT-OSS-120B-Simple | Per-5,flavor_nuke_avg,Nuclear,-23.821460225470922,,17,12,0.31218,-29.07509756097561,-31.89128085742155,-7.17662870993151,-18.79580728429445,-25.266395519588567
group,GPT-OSS-120B-Simple-Per-5,GPT-OSS-120B-Simple,Per-5,GPT-OSS-120B-Simple | Per-5,flavor_use_nuke_avg,Nuclear,-17.115855405053033,,17,12,0.35565,-20.741683333333334,-25.32326915109684,-1.9992627594623935,-16.14699658152362,-17.323467169758914
group,GPT-OSS-120B-Simple-Per-5,GPT-OSS-120B-Simple,Per-5,GPT-OSS-120B-Simple | Per-5,flavor_naval_avg,Naval and air,1.035060592982134,,48,24,0.516333,0.2263388591800357,-2.5419277688889577,4.737566974039157,31.8136022596488,-30.894731073684536
group,GPT-OSS-120B-Simple-Per-5,GPT-OSS-120B-Simple,Per-5,GPT-OSS-120B-Simple | Per-5,flavor_naval_recon_avg,Naval and air,1.573110711400113,,48,24,0.525126,2.8747037878787935,-2.710772211101553,6.367987614529468,32.92082529473345,-24.162508038599885
group,GPT-OSS-120B-Simple-Per-5,GPT-OSS-120B-Simple,Per-5,GPT-OSS-120B-Simple | Per-5,flavor_air_avg,Naval and air,-23.091997294780253,,39,22,0.273297,-28.671927272727274,-28.755511647508506,-17.306901546304264,-14.227433192216148,-29.612048576831537
group,GPT-OSS-120B-Simple-Per-5,GPT-OSS-120B-Simple,Per-5,GPT-OSS-120B-Simple | Per-5,flavor_antiair_avg,Naval and air,-31.353688364497486,,39,22,0.190555,-34.42959836065574,-34.843415927219304,-27.948665829578633,-27.85596785167697,-34.52263451834364
group,GPT-OSS-120B-Simple-Per-5,GPT-OSS-120B-Simple,Per-5,GPT-OSS-120B-Simple | Per-5,flavor_air_carrier_avg,Naval and air,-17.700122779134688,,39,22,0.30324,-23.514792857142858,-21.327006665127087,-14.022919250618333,-12.854048420160328,-21.443792009903916
group,GPT-OSS-120B-Simple-Per-5,GPT-OSS-120B-Simple,Per-5,GPT-OSS-120B-Simple | Per-5,flavor_airlift_avg,Naval and air,-18.06641775933433,,39,22,0.296603,-21.767344642857143,-21.697496217671098,-14.35934666885361,-16.245635708052273,-20.09178955420612
group,GPT-OSS-120B-Simple-Per-5,GPT-OSS-120B-Simple,Per-5,GPT-OSS-120B-Simple | Per-5,flavor_expansion_avg,Economy,15.814926005331202,,48,24,0.768272,17.172778478928883,12.368131589943848,19.191358731082122,57.15281142199786,-28.8263552446688
group,GPT-OSS-120B-Simple-Per-5,GPT-OSS-120B-Simple,Per-5,GPT-OSS-120B-Simple | Per-5,flavor_growth_avg,Economy,0.6397443746517696,,48,24,0.514157,1.718817357397505,-1.6836279939773255,2.9352421934546564,22.8955214579851,-27.31281187534823
group,GPT-OSS-120B-Simple-Per-5,GPT-OSS-120B-Simple,Per-5,GPT-OSS-120B-Simple | Per-5,flavor_tile_improvement_avg,Economy,-4.357847353112252,,48,24,0.393748,-2.3498900158299456,-7.305775768426654,-1.3215416072866275,13.478898480221082,-22.979434853112252
group,GPT-OSS-120B-Simple-Per-5,GPT-OSS-120B-Simple,Per-5,GPT-OSS-120B-Simple | Per-5,flavor_infrastructure_avg,Economy,2.7239312168082015,,48,24,0.56287,4.6822830069930035,-0.18146993604737932,5.6116041767396,21.447497883474867,-20.11500211652513
group,GPT-OSS-120B-Simple-Per-5,GPT-OSS-120B-Simple,Per-5,GPT-OSS-120B-Simple | Per-5,flavor_production_avg,Economy,3.379703414735159,,48,24,0.566254,3.7953481693097046,-0.5453619690302897,6.711209717839441,21.566961748068493,-38.22470491859817
group,GPT-OSS-120B-Simple-Per-5,GPT-OSS-120B-Simple,Per-5,GPT-OSS-120B-Simple | Per-5,flavor_gold_avg,Economy,-3.7638382456168578,,48,24,0.42566,-2.2629669117647104,-7.218146384418248,-0.4354026282718203,20.447201337716475,-32.156965328950186
group,GPT-OSS-120B-Simple-Per-5,GPT-OSS-120B-Simple,Per-5,GPT-OSS-120B-Simple | Per-5,flavor_science_avg,Economy,-9.589397203619066,,48,24,0.310993,-13.540564393939388,-13.635654791577432,-5.3965992196914545,17.896798629714265,-43.87403470361907
group,GPT-OSS-120B-Simple-Per-5,GPT-OSS-120B-Simple,Per-5,GPT-OSS-120B-Simple | Per-5,flavor_culture_avg,Economy,-0.9962534415064903,,48,24,0.487426,2.8375156057945574,-7.362377061581716,4.666130780471423,26.051871558493506,-34.781461774839826
group,GPT-OSS-120B-Simple-Per-5,GPT-OSS-120B-Simple,Per-5,GPT-OSS-120B-Simple | Per-5,flavor_happiness_avg,Economy,8.981475149113566,,48,24,0.681883,8.289386363636368,6.3929077346723835,11.54470248940106,27.643691815780233,-26.418808184219767
group,GPT-OSS-120B-Simple-Per-5,GPT-OSS-120B-Simple,Per-5,GPT-OSS-120B-Simple | Per-5,flavor_naval_growth_avg,Economy,10.490468587272455,,48,24,0.658876,9.913188647670736,6.186009542859888,15.230220376186239,39.020683170605786,-19.52098349606088
group,GPT-OSS-120B-Simple-Per-5,GPT-OSS-120B-Simple,Per-5,GPT-OSS-120B-Simple | Per-5,flavor_naval_tile_improvement_avg,Economy,2.150710471230196,,48,24,0.532205,-1.642714861853829,-2.3799427864051594,6.797789341617534,28.544060471230196,-18.74760619543647
group,GPT-OSS-120B-Simple-Per-5,GPT-OSS-120B-Simple,Per-5,GPT-OSS-120B-Simple | Per-5,flavor_water_connection_avg,Economy,4.496714369617162,,48,24,0.576562,3.058286646313885,0.5764414300546309,8.551135634019325,18.04261228628383,-13.624054380382837
group,GPT-OSS-120B-Simple-Per-5,GPT-OSS-120B-Simple,Per-5,GPT-OSS-120B-Simple | Per-5,flavor_great_people_avg,Other,10.202435244752579,,48,24,0.649914,14.222758426573428,6.177356966772847,13.724274422603965,30.59511024475258,-24.821556421914085
group,GPT-OSS-120B-Simple-Per-5,GPT-OSS-120B-Simple,Per-5,GPT-OSS-120B-Simple | Per-5,flavor_wonder_avg,Other,14.614574520678346,,48,24,0.649736,16.36333168997669,7.819564121773953,20.620105187750585,50.70309952067834,-27.00523381265499
group,GPT-OSS-120B-Simple-Per-5,GPT-OSS-120B-Simple,Per-5,GPT-OSS-120B-Simple | Per-5,flavor_religion_avg,Other,-5.275303572329556,,48,24,0.425431,-9.382360700175592,-10.046767434723133,-0.9523043230364633,23.45301934433711,-26.13031398899622
group,GPT-OSS-120B-Simple-Per-5,GPT-OSS-120B-Simple,Per-5,GPT-OSS-120B-Simple | Per-5,flavor_diplomacy_avg,Other,12.984483454767313,,48,24,0.682301,15.89345338082316,8.720774900477135,16.49488861823067,32.09038762143398,-36.86794571189936
group,GPT-OSS-120B-Simple-Per-5,GPT-OSS-120B-Simple,Per-5,GPT-OSS-120B-Simple | Per-5,flavor_espionage_avg,Other,11.628062522948658,,48,24,0.685292,13.489459848484842,6.664958857779993,15.967155717830515,45.499002106281985,-35.54266456038468
group,GPT-OSS-120B-Simple-Per-5,GPT-OSS-120B-Simple,Per-5,GPT-OSS-120B-Simple | Per-5,flavor_spaceship_avg,Other,-14.592126251501112,,48,24,0.340219,-21.96935764925373,-22.836868304622847,-5.6303780108786,26.738279998498893,-35.240886668167775
group,Gemma-4-Simple,Gemma-4-Simple,Every-turn,Gemma-4-Simple | Every-turn,flavor_offense_avg,Military,25.668486479320944,,48,24,0.757255,26.912441791044778,21.33245915714725,29.98059726820516,53.6458281459876,-16.041671854012392
group,Gemma-4-Simple,Gemma-4-Simple,Every-turn,Gemma-4-Simple | Every-turn,flavor_defense_avg,Military,13.842076714938543,,48,24,0.739471,14.9569705882353,11.505714605443739,16.10930754937055,37.35637879827188,-17.226954535061456
group,Gemma-4-Simple,Gemma-4-Simple,Every-turn,Gemma-4-Simple | Every-turn,flavor_city_defense_avg,Military,12.702953089846085,,48,24,0.727342,12.942533384547847,9.782865009673362,15.925569311769634,36.44503017317942,-11.05496982682058
group,Gemma-4-Simple,Gemma-4-Simple,Every-turn,Gemma-4-Simple | Every-turn,flavor_mobilization_avg,Military,32.69867748207031,,48,24,0.902919,32.61044872901119,29.934242024394667,35.39725396785178,50.650448315403644,-6.224551684596357
group,Gemma-4-Simple,Gemma-4-Simple,Every-turn,Gemma-4-Simple | Every-turn,flavor_military_training_avg,Military,20.7299696778269,,48,24,0.775897,21.56034217548077,17.864915320710693,23.362001940513306,40.61144259449357,-11.055224072173097
group,Gemma-4-Simple,Gemma-4-Simple,Every-turn,Gemma-4-Simple | Every-turn,flavor_recon_avg,Military,14.514416509660885,,48,24,0.745976,15.172360606060604,12.887246223416957,16.129669410785276,25.57539359299422,8.70039359299422
group,Gemma-4-Simple,Gemma-4-Simple,Every-turn,Gemma-4-Simple | Every-turn,flavor_ranged_avg,Military,8.97484393973897,,48,24,0.631027,7.880025000000003,5.74736482135183,12.245238357162565,24.47878143973897,-3.4378852269276954
group,Gemma-4-Simple,Gemma-4-Simple,Every-turn,Gemma-4-Simple | Every-turn,flavor_mobile_avg,Military,12.419081803502573,,48,24,0.671843,12.612460606060608,9.180764003449408,15.493907887518638,29.666098470169242,4.457765136835907
group,Gemma-4-Simple,Gemma-4-Simple,Every-turn,Gemma-4-Simple | Every-turn,flavor_nuke_avg,Nuclear,47.369421681444734,,17,12,0.873484,50.59225000000001,38.30477928730634,56.61356924132986,51.762527563797676,32.93899815203297
group,Gemma-4-Simple,Gemma-4-Simple,Every-turn,Gemma-4-Simple | Every-turn,flavor_use_nuke_avg,Nuclear,49.218746004186436,,17,12,0.915095,43.840024390243904,41.46900787595859,57.97637674073212,56.11828718065702,38.47122835712761
group,Gemma-4-Simple,Gemma-4-Simple,Every-turn,Gemma-4-Simple | Every-turn,flavor_naval_avg,Naval and air,17.09089392631547,,48,24,0.769694,16.880953030303026,14.736093235571435,19.521260056700704,42.7511022596488,2.334435592982134
group,Gemma-4-Simple,Gemma-4-Simple,Every-turn,Gemma-4-Simple | Every-turn,flavor_naval_recon_avg,Naval and air,14.76198362806678,,48,24,0.735784,13.017378554778556,12.935478246468264,16.653288126503753,20.62915862806678,11.462491961400113
group,Gemma-4-Simple,Gemma-4-Simple,Every-turn,Gemma-4-Simple | Every-turn,flavor_air_avg,Naval and air,24.606851940895986,,42,23,0.741575,27.741395634920636,18.572229743256997,30.55538018866958,39.0183376551817,8.30405194089599
group,Gemma-4-Simple,Gemma-4-Simple,Every-turn,Gemma-4-Simple | Every-turn,flavor_antiair_avg,Naval and air,25.082226228206807,,42,23,0.747549,23.328601958041958,19.234365760737347,31.054469005455665,39.62590956154014,7.959242894873473
group,Gemma-4-Simple,Gemma-4-Simple,Every-turn,Gemma-4-Simple | Every-turn,flavor_air_carrier_avg,Naval and air,26.442533170392462,,42,23,0.793943,23.83096595925297,23.50864699715888,30.515696255636538,27.677292694201984,22.677292694201984
group,Gemma-4-Simple,Gemma-4-Simple,Every-turn,Gemma-4-Simple | Every-turn,flavor_airlift_avg,Naval and air,22.05125164036653,,42,23,0.74826,21.416008465608463,19.05798905670202,26.01357938673858,22.60236354512843,20.22141116417605
group,Gemma-4-Simple,Gemma-4-Simple,Every-turn,Gemma-4-Simple | Every-turn,flavor_expansion_avg,Economy,-2.858653161335466,,48,24,0.451508,-4.8692403263403286,-6.325543351475059,0.8968148492912751,54.65281142199786,-34.72218857800213
group,Gemma-4-Simple,Gemma-4-Simple,Every-turn,Gemma-4-Simple | Every-turn,flavor_growth_avg,Economy,-4.839201458681564,,48,24,0.392916,-3.5419576096788745,-7.837264496250389,-1.9696268089226132,18.93718812465177,-19.81281187534823
group,Gemma-4-Simple,Gemma-4-Simple,Every-turn,Gemma-4-Simple | Every-turn,flavor_tile_improvement_avg,Economy,-0.07355776977891877,,48,24,0.498207,1.1917591258741211,-3.4587480517367575,2.9138208106152788,23.270565146887748,-17.562768186445584
group,Gemma-4-Simple,Gemma-4-Simple,Every-turn,Gemma-4-Simple | Every-turn,flavor_infrastructure_avg,Economy,7.902212466808201,,48,24,0.682388,8.086519423076929,5.394491700240699,10.070192229858684,29.1558312168082,-17.92750211652513
group,Gemma-4-Simple,Gemma-4-Simple,Every-turn,Gemma-4-Simple | Every-turn,flavor_production_avg,Economy,3.324874248068491,,48,24,0.565179,5.901825023674242,0.08780645421832456,5.967747441849825,19.69196174806849,-26.45387158526484
group,Gemma-4-Simple,Gemma-4-Simple,Every-turn,Gemma-4-Simple | Every-turn,flavor_gold_avg,Economy,11.323272171049808,,48,24,0.723648,11.410512167832167,9.210047599910974,13.572643004487857,28.988868004383146,-19.96946532895019
group,Gemma-4-Simple,Gemma-4-Simple,Every-turn,Gemma-4-Simple | Every-turn,flavor_science_avg,Economy,0.708396546380932,,48,24,0.513963,0.8761333333333283,-0.8599033201171886,2.1331804180581924,20.917631963047597,-25.12403470361907
group,Gemma-4-Simple,Gemma-4-Simple,Every-turn,Gemma-4-Simple | Every-turn,flavor_culture_avg,Economy,-7.524170108173159,,48,24,0.405032,-6.4574030303030305,-11.27439249179271,-3.6175547516901014,4.906038225160175,-20.19812844150649
group,Gemma-4-Simple,Gemma-4-Simple,Every-turn,Gemma-4-Simple | Every-turn,flavor_happiness_avg,Economy,3.6574647324469,,48,24,0.574067,5.694375233100239,1.0533182804746988,6.164732200826611,24.6228584824469,-21.210474850886435
group,Gemma-4-Simple,Gemma-4-Simple,Every-turn,Gemma-4-Simple | Every-turn,flavor_naval_growth_avg,Economy,10.243191503939121,,48,24,0.655131,11.459051515151515,8.63663703112626,11.839152607190892,11.312349837272455,8.395683170605787
group,Gemma-4-Simple,Gemma-4-Simple,Every-turn,Gemma-4-Simple | Every-turn,flavor_naval_tile_improvement_avg,Economy,12.643152137896863,,48,24,0.689318,13.086019696969693,10.685710083354946,14.58923287598626,14.169060471230196,9.794060471230196
group,Gemma-4-Simple,Gemma-4-Simple,Every-turn,Gemma-4-Simple | Every-turn,flavor_water_connection_avg,Economy,6.879612286283829,,48,24,0.617134,8.146809982174691,5.43500966013505,8.061536967807477,7.41761228628383,5.54261228628383
group,Gemma-4-Simple,Gemma-4-Simple,Every-turn,Gemma-4-Simple | Every-turn,flavor_great_people_avg,Other,-12.565556421914087,,48,24,0.315363,-14.475626515151518,-15.5983995176563,-9.215910231310536,-8.363223088580755,-16.27988975524742
group,Gemma-4-Simple,Gemma-4-Simple,Every-turn,Gemma-4-Simple | Every-turn,flavor_wonder_avg,Other,5.213693270678346,,48,24,0.553418,6.304484936854191,1.0185599800696483,9.09900718940477,18.41143285401168,-9.505233812654987
group,Gemma-4-Simple,Gemma-4-Simple,Every-turn,Gemma-4-Simple | Every-turn,flavor_religion_avg,Other,7.2836589276704435,,48,24,0.602959,9.352859090909085,4.799416090070266,9.776495946493377,15.01551934433711,-2.9011473223295563
group,Gemma-4-Simple,Gemma-4-Simple,Every-turn,Gemma-4-Simple | Every-turn,flavor_diplomacy_avg,Other,-11.018649878566023,,48,24,0.345299,-10.256046268656718,-13.815422750004124,-8.256242599410518,5.632054288100645,-22.076279045232685
group,Gemma-4-Simple,Gemma-4-Simple,Every-turn,Gemma-4-Simple | Every-turn,flavor_espionage_avg,Other,-0.6278270603846776,,48,24,0.489996,-1.2499954545454557,-2.0940766874454555,1.0565252776394043,8.832335439615322,-4.0843312270513445
group,Gemma-4-Simple,Gemma-4-Simple,Every-turn,Gemma-4-Simple | Every-turn,flavor_spaceship_avg,Other,8.554084165165555,,48,24,0.593666,10.309571212121213,6.824095433337003,10.206637956233962,15.17577999849889,4.967446665165556
group,Gemma-4-Simple-Per-5,Gemma-4-Simple,Per-5,Gemma-4-Simple | Per-5,flavor_offense_avg,Military,22.996519812654274,,48,24,0.730476,24.17591169786096,18.58278503199949,26.93202645288961,51.666661479320936,-6.979171854012392
group,Gemma-4-Simple-Per-5,Gemma-4-Simple,Per-5,Gemma-4-Simple | Per-5,flavor_defense_avg,Military,9.948447548271877,,48,24,0.672111,10.776033943916776,8.0458238725353,11.943516148923722,33.50221213160521,-12.226954535061457
group,Gemma-4-Simple-Per-5,Gemma-4-Simple,Per-5,Gemma-4-Simple | Per-5,flavor_city_defense_avg,Military,7.105882256512753,,48,24,0.627172,7.382066666666667,4.4152937343990155,9.65531862806539,30.82003017317942,-9.17996982682058
group,Gemma-4-Simple-Per-5,Gemma-4-Simple,Per-5,Gemma-4-Simple | Per-5,flavor_mobilization_avg,Military,25.656417065403645,,48,24,0.816143,25.07597237215909,23.807731545911846,27.28328535546111,49.29628164873697,-4.974551684596357
group,Gemma-4-Simple-Per-5,Gemma-4-Simple,Per-5,Gemma-4-Simple | Per-5,flavor_military_training_avg,Military,17.088828011160235,,48,24,0.727437,17.215296981351983,14.608721686258747,19.38650989016077,37.0697759278269,-8.76355740550643
group,Gemma-4-Simple-Per-5,Gemma-4-Simple,Per-5,Gemma-4-Simple | Per-5,flavor_recon_avg,Military,16.006364426327554,,48,24,0.771261,16.021685182709447,14.211356462834196,17.8169684276065,26.408726926327557,9.742060259660887
group,Gemma-4-Simple-Per-5,Gemma-4-Simple,Per-5,Gemma-4-Simple | Per-5,flavor_ranged_avg,Military,6.691579356405637,,48,24,0.597693,5.463410606060606,3.2934822048541568,10.019474518316025,20.72878143973897,-3.6462185602610284
group,Gemma-4-Simple-Per-5,Gemma-4-Simple,Per-5,Gemma-4-Simple | Per-5,flavor_mobile_avg,Military,10.517292220169239,,48,24,0.645528,11.402488782649261,7.822847970069974,13.003762676308929,21.228598470169242,2.9994318035025738
group,Gemma-4-Simple-Per-5,Gemma-4-Simple,Per-5,Gemma-4-Simple | Per-5,flavor_nuke_avg,Nuclear,42.847515739183166,,17,13,0.837831,43.06218,34.36658740575413,50.98671265886878,45.97579220977139,34.799321621536095
group,Gemma-4-Simple-Per-5,Gemma-4-Simple,Per-5,Gemma-4-Simple | Per-5,flavor_use_nuke_avg,Nuclear,42.46320396387552,,17,13,0.858121,33.864675,34.87361326281035,49.566620816578855,45.57300396387552,35.57300396387552
group,Gemma-4-Simple-Per-5,Gemma-4-Simple,Per-5,Gemma-4-Simple | Per-5,flavor_naval_avg,Naval and air,12.446168926315467,,48,24,0.6964,11.920132331002335,10.23937683517139,14.665937947999943,30.042768926315464,1.7094355929821339
group,Gemma-4-Simple-Per-5,Gemma-4-Simple,Per-5,Gemma-4-Simple | Per-5,flavor_naval_recon_avg,Naval and air,11.625139878066781,,48,24,0.685681,12.014970769230771,10.405378565907835,12.843584450012589,13.337491961400113,10.00415862806678
group,Gemma-4-Simple-Per-5,Gemma-4-Simple,Per-5,Gemma-4-Simple | Per-5,flavor_air_avg,Naval and air,25.313104885289288,,40,23,0.748509,25.534690190178143,20.84567261917304,30.041786081495008,39.01091238528929,9.760912385289288
group,Gemma-4-Simple-Per-5,Gemma-4-Simple,Per-5,Gemma-4-Simple | Per-5,flavor_antiair_avg,Naval and air,15.115977256261283,,40,23,0.649187,12.5308253968254,11.5472999440408,19.127707779904167,25.582727256261283,8.582727256261283
group,Gemma-4-Simple-Per-5,Gemma-4-Simple,Per-5,Gemma-4-Simple | Per-5,flavor_air_carrier_avg,Naval and air,26.76733554699207,,40,23,0.797554,23.562015789473683,23.734166274861384,29.994727822343524,28.909450546992066,23.40945054699207
group,Gemma-4-Simple-Per-5,Gemma-4-Simple,Per-5,Gemma-4-Simple | Per-5,flavor_airlift_avg,Naval and air,22.140231027910147,,40,23,0.749261,21.416008465608463,20.159077621011686,24.492011321314845,22.787116027910148,20.787116027910148
group,Gemma-4-Simple-Per-5,Gemma-4-Simple,Per-5,Gemma-4-Simple | Per-5,flavor_expansion_avg,Economy,6.416911421997867,,48,24,0.608852,6.237426436001812,2.5404442712086635,10.158500365954296,53.19447808866453,-28.055521911335465
group,Gemma-4-Simple-Per-5,Gemma-4-Simple,Per-5,Gemma-4-Simple | Per-5,flavor_growth_avg,Economy,1.9366547913184362,,48,24,0.542855,2.6150232051281996,0.5150180530304123,3.3703244524654763,17.5830214579851,-11.896145208681565
group,Gemma-4-Simple-Per-5,Gemma-4-Simple,Per-5,Gemma-4-Simple | Per-5,flavor_tile_improvement_avg,Economy,3.565573480221081,,48,24,0.586935,3.521507610722608,2.508577582631134,4.746731988644231,16.812231813554416,-12.354434853112252
group,Gemma-4-Simple-Per-5,Gemma-4-Simple,Per-5,Gemma-4-Simple | Per-5,flavor_infrastructure_avg,Economy,7.126274966808201,,48,24,0.664479,5.979296031207596,5.658505647919125,8.805853667327533,23.322497883474867,-13.344168783191797
group,Gemma-4-Simple-Per-5,Gemma-4-Simple,Per-5,Gemma-4-Simple | Per-5,flavor_production_avg,Economy,-3.004009085264841,,48,24,0.441111,-2.705911035730445,-5.151301271798826,-0.9503994349354051,15.629461748068492,-26.662204918598174
group,Gemma-4-Simple-Per-5,Gemma-4-Simple,Per-5,Gemma-4-Simple | Per-5,flavor_gold_avg,Economy,3.913430504383142,,48,24,0.577295,5.490789871794867,1.3163656652959663,6.516587922136084,24.82220133771648,-20.177798662283525
group,Gemma-4-Simple-Per-5,Gemma-4-Simple,Per-5,Gemma-4-Simple | Per-5,flavor_science_avg,Economy,-1.3052617869524017,,48,24,0.474273,-1.8632064789687917,-2.654518155315875,0.04876967823671018,18.00096529638093,-24.49903470361907
group,Gemma-4-Simple-Per-5,Gemma-4-Simple,Per-5,Gemma-4-Simple | Per-5,flavor_culture_avg,Economy,-2.8918596915064914,,48,24,0.4635,-1.335593181818183,-5.9686816470296655,0.19581538453935848,7.406038225160175,-17.07312844150649
group,Gemma-4-Simple-Per-5,Gemma-4-Simple,Per-5,Gemma-4-Simple | Per-5,flavor_happiness_avg,Economy,0.555095982446899,,48,24,0.511241,2.600736363636365,-2.1860264252765638,3.2514729394092825,21.289525149113565,-20.377141517553103
group,Gemma-4-Simple-Per-5,Gemma-4-Simple,Per-5,Gemma-4-Simple | Per-5,flavor_naval_growth_avg,Economy,10.386770670605786,,48,24,0.657305,11.459051515151515,8.892483173989195,11.795102639514479,11.520683170605787,8.812349837272453
group,Gemma-4-Simple-Per-5,Gemma-4-Simple,Per-5,Gemma-4-Simple | Per-5,flavor_naval_tile_improvement_avg,Economy,12.37688755456353,,48,24,0.685331,13.086019696969693,11.227101952745388,13.556010308843886,13.544060471230196,10.62739380456353
group,Gemma-4-Simple-Per-5,Gemma-4-Simple,Per-5,Gemma-4-Simple | Per-5,flavor_water_connection_avg,Economy,6.339189369617162,,48,24,0.607933,7.8395911764705914,4.888280682080797,7.76047364859899,6.79261228628383,5.959278952950496
group,Gemma-4-Simple-Per-5,Gemma-4-Simple,Per-5,Gemma-4-Simple | Per-5,flavor_great_people_avg,Other,-11.311673088580754,,48,24,0.333787,-12.554214393939397,-14.071989283391815,-8.730876651727028,-3.9882230885807544,-15.446556421914089
group,Gemma-4-Simple-Per-5,Gemma-4-Simple,Per-5,Gemma-4-Simple | Per-5,flavor_wonder_avg,Other,10.300155770678346,,48,24,0.605532,9.400545454545455,7.174505089005502,13.473977163305483,20.91143285401168,-1.380233812654988
group,Gemma-4-Simple-Per-5,Gemma-4-Simple,Per-5,Gemma-4-Simple | Per-5,flavor_religion_avg,Other,8.565090177670443,,48,24,0.621073,10.018857352941176,6.250472076172322,10.950748606927652,15.64051934433711,2.0988526776704437
group,Gemma-4-Simple-Per-5,Gemma-4-Simple,Per-5,Gemma-4-Simple | Per-5,flavor_diplomacy_avg,Other,-10.34039154523269,,48,24,0.354822,-10.256046268656718,-12.889131586811358,-7.683039125243022,-1.867945711899355,-18.117945711899356
group,Gemma-4-Simple-Per-5,Gemma-4-Simple,Per-5,Gemma-4-Simple | Per-5,flavor_espionage_avg,Other,-1.8369437270513445,,48,24,0.470729,-1.4267224592074577,-3.199345021723522,-0.4722151952638619,4.457335439615322,-3.250997893718011
group,Gemma-4-Simple-Per-5,Gemma-4-Simple,Per-5,Gemma-4-Simple | Per-5,flavor_spaceship_avg,Other,9.55952374849889,,48,24,0.604675,10.621577272727272,7.458531722708817,11.617673549755363,18.717446665165557,5.800779998498889
group,Kimi-K2.6-Simple,Kimi-K2.6-Simple,Every-turn,Kimi-K2.6-Simple | Every-turn,flavor_offense_avg,Military,-4.3664031040123925,,48,24,0.456239,-6.654229488919043,-8.145765904148595,-0.11549560401608065,47.7083281459876,-36.85417185401239
group,Kimi-K2.6-Simple,Kimi-K2.6-Simple,Every-turn,Kimi-K2.6-Simple | Every-turn,flavor_defense_avg,Military,7.031157964938544,,48,24,0.621641,6.494660132575753,4.822334485949802,9.385417619408106,36.93971213160521,-38.26862120172812
group,Kimi-K2.6-Simple,Kimi-K2.6-Simple,Every-turn,Kimi-K2.6-Simple | Every-turn,flavor_city_defense_avg,Military,6.403211423179418,,48,24,0.614597,6.65860681818182,3.8308341877588212,8.65326331752436,38.48669683984608,-40.846636493487246
group,Kimi-K2.6-Simple,Kimi-K2.6-Simple,Every-turn,Kimi-K2.6-Simple | Every-turn,flavor_mobilization_avg,Military,7.781333732070308,,48,24,0.595883,7.783721607869747,4.14697771893552,11.155850500518257,47.73378164873697,-44.849551684596356
group,Kimi-K2.6-Simple,Kimi-K2.6-Simple,Every-turn,Kimi-K2.6-Simple | Every-turn,flavor_military_training_avg,Military,8.453978011160237,,48,24,0.612515,9.353793181818183,4.921681860795624,11.884900422057063,39.5697759278269,-40.7427240721731
group,Kimi-K2.6-Simple,Kimi-K2.6-Simple,Every-turn,Kimi-K2.6-Simple | Every-turn,flavor_recon_avg,Military,-0.4445459903391122,,48,24,0.492466,-0.5148977272727251,-2.329211906600436,1.531983606721621,43.17956025966089,-37.65377307367245
group,Kimi-K2.6-Simple,Kimi-K2.6-Simple,Every-turn,Kimi-K2.6-Simple | Every-turn,flavor_ranged_avg,Military,13.000389773072305,,48,24,0.689797,14.208897546359115,10.310577534728193,15.872772564163352,42.70794810640564,-30.70871856026103
group,Kimi-K2.6-Simple,Kimi-K2.6-Simple,Every-turn,Kimi-K2.6-Simple | Every-turn,flavor_mobile_avg,Military,4.6825047201692405,,48,24,0.564792,4.344226119402986,1.4268878056221592,8.471345604316577,42.16609847016924,-32.70890152983076
group,Kimi-K2.6-Simple,Kimi-K2.6-Simple,Every-turn,Kimi-K2.6-Simple | Every-turn,flavor_nuke_avg,Nuclear,1.5707546321924724,,27,18,0.512385,-11.164179999999998,-9.65038723442376,12.42485910054938,20.588154632192474,-16.63406759002975
group,Kimi-K2.6-Simple,Kimi-K2.6-Simple,Every-turn,Kimi-K2.6-Simple | Every-turn,flavor_use_nuke_avg,Nuclear,0.17245482005909715,,27,18,0.501454,-13.263078125,-10.015467620647621,10.452768738254662,19.761399264503545,-13.757119254014977
group,Kimi-K2.6-Simple,Kimi-K2.6-Simple,Every-turn,Kimi-K2.6-Simple | Every-turn,flavor_naval_avg,Naval and air,-3.945895657017866,,48,24,0.437734,-2.4906376074174617,-8.439544676734384,0.2934156018563851,40.98026892631547,-40.14473107368453
group,Kimi-K2.6-Simple,Kimi-K2.6-Simple,Every-turn,Kimi-K2.6-Simple | Every-turn,flavor_naval_recon_avg,Naval and air,-3.171918455266553,,48,24,0.449337,-4.096688111888113,-6.9575972461670785,0.6283002475152741,36.56665862806678,-33.72500803859989
group,Kimi-K2.6-Simple,Kimi-K2.6-Simple,Every-turn,Kimi-K2.6-Simple | Every-turn,flavor_air_avg,Naval and air,1.7520601667741265,,45,24,0.517201,-0.382963934426229,-7.4000425237904786,10.739976777190813,31.506109055663014,-31.93833538878143
group,Kimi-K2.6-Simple,Kimi-K2.6-Simple,Every-turn,Kimi-K2.6-Simple | Every-turn,flavor_antiair_avg,Naval and air,-1.7959075804033982,,45,24,0.482275,1.7208550000000002,-9.762830755538898,5.342708763857537,25.51369019737438,-30.819643135958955
group,Kimi-K2.6-Simple,Kimi-K2.6-Simple,Every-turn,Kimi-K2.6-Simple | Every-turn,flavor_air_carrier_avg,Naval and air,-14.054355769976043,,45,24,0.343767,-21.790217741935482,-19.166771142631166,-8.73332575355939,-7.0149468810871545,-22.237169103309377
group,Kimi-K2.6-Simple,Kimi-K2.6-Simple,Every-turn,Kimi-K2.6-Simple | Every-turn,flavor_airlift_avg,Naval and air,-8.754570814722124,,45,24,0.401438,-13.476235384615386,-15.38573002838948,-1.1813537482064993,8.215291407500102,-21.562486370277675
group,Kimi-K2.6-Simple,Kimi-K2.6-Simple,Every-turn,Kimi-K2.6-Simple | Every-turn,flavor_expansion_avg,Economy,-14.740807328002132,,48,24,0.249948,-15.904093204432382,-16.266433404425058,-12.899133129089767,57.9236447553312,-40.7638552446688
group,Kimi-K2.6-Simple,Kimi-K2.6-Simple,Every-turn,Kimi-K2.6-Simple | Every-turn,flavor_growth_avg,Economy,8.950179791318435,,48,24,0.698054,10.057947355136093,7.00352715718554,10.851342531448365,32.020521457985105,-42.93781187534824
group,Kimi-K2.6-Simple,Kimi-K2.6-Simple,Every-turn,Kimi-K2.6-Simple | Every-turn,flavor_tile_improvement_avg,Economy,5.727815146887747,,48,24,0.639655,6.711847116689285,3.9828386484734404,7.488785766773,33.37473181355441,-41.31276818644559
group,Kimi-K2.6-Simple,Kimi-K2.6-Simple,Every-turn,Kimi-K2.6-Simple | Every-turn,flavor_infrastructure_avg,Economy,10.915977050141535,,48,24,0.751948,12.65194686567164,9.129525651401227,12.931855948776622,33.67666455014153,-38.13583544985847
group,Kimi-K2.6-Simple,Kimi-K2.6-Simple,Every-turn,Kimi-K2.6-Simple | Every-turn,flavor_production_avg,Economy,11.891205498068492,,48,24,0.73311,12.517938076923073,10.789417718983879,12.893283920923867,23.54612841473516,-28.433038251931507
group,Kimi-K2.6-Simple,Kimi-K2.6-Simple,Every-turn,Kimi-K2.6-Simple | Every-turn,flavor_gold_avg,Economy,5.111497171049811,,48,24,0.600958,5.822120629370637,3.991629190821325,6.3025264550719715,28.88470133771648,-35.69863199561686
group,Kimi-K2.6-Simple,Kimi-K2.6-Simple,Every-turn,Kimi-K2.6-Simple | Every-turn,flavor_science_avg,Economy,10.135584046380933,,48,24,0.699773,10.13965367647058,9.202503089276782,11.203944944630027,23.62596529638093,-41.47820137028574
group,Kimi-K2.6-Simple,Kimi-K2.6-Simple,Every-turn,Kimi-K2.6-Simple | Every-turn,flavor_culture_avg,Economy,-8.152430524839824,,48,24,0.397102,-8.99327289687924,-11.571692720796166,-4.987648749920853,29.63520489182684,-54.15646177483982
group,Kimi-K2.6-Simple,Kimi-K2.6-Simple,Every-turn,Kimi-K2.6-Simple | Every-turn,flavor_happiness_avg,Economy,9.048720982446897,,48,24,0.683245,8.81228606965174,7.426187207880692,10.519414765534775,29.72702514911357,-42.98130818421976
group,Kimi-K2.6-Simple,Kimi-K2.6-Simple,Every-turn,Kimi-K2.6-Simple | Every-turn,flavor_naval_growth_avg,Economy,-7.846598079394212,,48,24,0.381165,-7.744744518716574,-11.541575073166113,-4.578787801939725,22.77068317060579,-34.39598349606088
group,Kimi-K2.6-Simple,Kimi-K2.6-Simple,Every-turn,Kimi-K2.6-Simple | Every-turn,flavor_naval_tile_improvement_avg,Economy,-9.04743744543647,,48,24,0.364524,-9.309284174208141,-12.122362590416412,-5.772656927261971,17.919060471230196,-33.31010619543647
group,Kimi-K2.6-Simple,Kimi-K2.6-Simple,Every-turn,Kimi-K2.6-Simple | Every-turn,flavor_water_connection_avg,Economy,-0.6496585470495047,,48,24,0.488939,-0.10732852781547209,-4.284902437836462,3.0085630631113944,29.81344561961716,-31.019887713716173
group,Kimi-K2.6-Simple,Kimi-K2.6-Simple,Every-turn,Kimi-K2.6-Simple | Every-turn,flavor_great_people_avg,Other,-1.274018921914087,,48,24,0.48128,0.687948002296217,-4.281670160055375,1.497612265976851,26.428443578085915,-40.34238975524742
group,Kimi-K2.6-Simple,Kimi-K2.6-Simple,Every-turn,Kimi-K2.6-Simple | Every-turn,flavor_wonder_avg,Other,-17.749833812654987,,48,24,0.318141,-19.141062969244686,-21.33070905530815,-14.019737923588192,31.640599520678347,-41.067733812654986
group,Kimi-K2.6-Simple,Kimi-K2.6-Simple,Every-turn,Kimi-K2.6-Simple | Every-turn,flavor_religion_avg,Other,-8.29699315566289,,48,24,0.382717,-7.872930325644505,-11.380713266704813,-4.920077505866447,29.39051934433711,-39.56781398899622
group,Kimi-K2.6-Simple,Kimi-K2.6-Simple,Every-turn,Kimi-K2.6-Simple | Every-turn,flavor_diplomacy_avg,Other,-11.088081128566023,,48,24,0.344324,-11.263611317016323,-14.73796770616461,-7.186928631914748,24.173720954767315,-58.43044571189935
group,Kimi-K2.6-Simple,Kimi-K2.6-Simple,Every-turn,Kimi-K2.6-Simple | Every-turn,flavor_espionage_avg,Other,0.9703166896153222,,48,24,0.515462,3.60188227272727,-2.0872679440565607,3.656526305495477,40.811502106281985,-37.938497893718015
group,Kimi-K2.6-Simple,Kimi-K2.6-Simple,Every-turn,Kimi-K2.6-Simple | Every-turn,flavor_spaceship_avg,Other,9.34328624849889,,48,24,0.602307,9.702467910447762,3.5423258239209665,15.427387579653978,47.15494666516556,-29.803386668167775
group,Kimi-K2.7-Simple,Kimi-K2.7-Simple,Every-turn,Kimi-K2.7-Simple | Every-turn,flavor_offense_avg,Military,-6.69486977067906,,48,24,0.432902,-7.471509181365898,-9.763159402451333,-3.7082937471707904,51.666661479320936,-37.81250518734573
group,Kimi-K2.7-Simple,Kimi-K2.7-Simple,Every-turn,Kimi-K2.7-Simple | Every-turn,flavor_defense_avg,Military,7.683345464938545,,48,24,0.632924,9.155565671641796,5.627200197550912,9.577312710492802,36.73137879827188,-38.16445453506146
group,Kimi-K2.7-Simple,Kimi-K2.7-Simple,Every-turn,Kimi-K2.7-Simple | Every-turn,flavor_city_defense_avg,Military,7.435944756512754,,48,24,0.633079,8.566909514260253,5.404899315920317,9.496743940247791,38.63253017317942,-38.13830316015392
group,Kimi-K2.7-Simple,Kimi-K2.7-Simple,Every-turn,Kimi-K2.7-Simple | Every-turn,flavor_mobilization_avg,Military,5.130554565403641,,48,24,0.56322,6.430054986431479,2.1146915139120246,7.744485079618332,47.94211498207031,-46.32871835126303
group,Kimi-K2.7-Simple,Kimi-K2.7-Simple,Every-turn,Kimi-K2.7-Simple | Every-turn,flavor_military_training_avg,Military,9.692921761160235,,48,24,0.629004,10.848522727272723,7.537263170724476,11.897946571356787,40.09060926116023,-40.1177240721731
group,Kimi-K2.7-Simple,Kimi-K2.7-Simple,Every-turn,Kimi-K2.7-Simple | Every-turn,flavor_recon_avg,Military,-0.3310897403391122,,48,24,0.494389,-1.2608969696969687,-1.7686049640995223,1.340391728227366,43.49206025966089,-40.25793974033911
group,Kimi-K2.7-Simple,Kimi-K2.7-Simple,Every-turn,Kimi-K2.7-Simple | Every-turn,flavor_ranged_avg,Military,11.216408523072303,,48,24,0.663752,12.942799253731337,8.425074519531151,13.586446098427713,44.3746147730723,-32.8128852269277
group,Kimi-K2.7-Simple,Kimi-K2.7-Simple,Every-turn,Kimi-K2.7-Simple | Every-turn,flavor_mobile_avg,Military,0.7158026368359067,,48,24,0.509905,1.8201461216644113,-1.8975471460827074,3.6716331218498564,47.58276513683591,-37.313068196497426
group,Kimi-K2.7-Simple,Kimi-K2.7-Simple,Every-turn,Kimi-K2.7-Simple | Every-turn,flavor_nuke_avg,Nuclear,1.6590328257542155,,26,15,0.513081,-6.200934374999999,-10.083179991897683,13.463280138319623,39.224890518061905,-27.89049409732271
group,Kimi-K2.7-Simple,Kimi-K2.7-Simple,Every-turn,Kimi-K2.7-Simple | Every-turn,flavor_use_nuke_avg,Nuclear,-3.3959021373922558,,26,15,0.47136,-13.095831552419355,-11.431673163658402,5.5954139500355735,31.834178631838515,-24.127359829699948
group,Kimi-K2.7-Simple,Kimi-K2.7-Simple,Every-turn,Kimi-K2.7-Simple | Every-turn,flavor_naval_avg,Naval and air,-3.197993573684533,,48,24,0.449536,-3.736379217548624,-5.8039053447953854,-0.34095032599250885,45.45943559298214,-41.936397740351204
group,Kimi-K2.7-Simple,Kimi-K2.7-Simple,Every-turn,Kimi-K2.7-Simple | Every-turn,flavor_naval_recon_avg,Naval and air,-4.615643455266554,,48,24,0.426277,-4.958171981004071,-7.289627163100726,-0.9782090379155602,46.98332529473345,-36.87084137193322
group,Kimi-K2.7-Simple,Kimi-K2.7-Simple,Every-turn,Kimi-K2.7-Simple | Every-turn,flavor_air_avg,Naval and air,9.651838210200191,,44,24,0.594756,13.049758598312785,1.3568278570407857,16.672690652730218,47.42266775565474,-34.85005951707254
group,Kimi-K2.7-Simple,Kimi-K2.7-Simple,Every-turn,Kimi-K2.7-Simple | Every-turn,flavor_antiair_avg,Naval and air,11.357255413163575,,44,24,0.612091,16.390944087504927,3.1441488571975182,18.563408787268116,44.75002814043631,-32.74997185956369
group,Kimi-K2.7-Simple,Kimi-K2.7-Simple,Every-turn,Kimi-K2.7-Simple | Every-turn,flavor_air_carrier_avg,Naval and air,-18.785806484353433,,44,24,0.291171,-24.204084296602097,-22.734920338177517,-13.493063903184526,-0.30283830253525024,-26.098292847989796
group,Kimi-K2.7-Simple,Kimi-K2.7-Simple,Every-turn,Kimi-K2.7-Simple | Every-turn,flavor_airlift_avg,Naval and air,-7.681130204061872,,44,24,0.413524,-19.72698968343697,-15.477691102651756,0.16711856571316394,16.300494795938132,-26.19950520406187
group,Kimi-K2.7-Simple,Kimi-K2.7-Simple,Every-turn,Kimi-K2.7-Simple | Every-turn,flavor_expansion_avg,Economy,-10.676226078002133,,48,24,0.318897,-9.443767329545457,-12.605823659846303,-8.757789772196446,57.986144755331196,-40.7638552446688
group,Kimi-K2.7-Simple,Kimi-K2.7-Simple,Every-turn,Kimi-K2.7-Simple | Every-turn,flavor_growth_avg,Economy,7.354329791318435,,48,24,0.662741,8.612925757575752,5.843216920802449,9.007762271519821,31.6455214579851,-45.854478542014895
group,Kimi-K2.7-Simple,Kimi-K2.7-Simple,Every-turn,Kimi-K2.7-Simple | Every-turn,flavor_tile_improvement_avg,Economy,5.546040146887748,,48,24,0.635223,5.464166153846165,3.878221630985267,6.999250976139623,34.10389848022108,-43.81276818644559
group,Kimi-K2.7-Simple,Kimi-K2.7-Simple,Every-turn,Kimi-K2.7-Simple | Every-turn,flavor_infrastructure_avg,Economy,9.397981216808203,,48,24,0.716912,9.400161468531472,7.895773706268694,10.828989964327361,34.4683312168082,-38.0316687831918
group,Kimi-K2.7-Simple,Kimi-K2.7-Simple,Every-turn,Kimi-K2.7-Simple | Every-turn,flavor_production_avg,Economy,12.556717998068493,,48,24,0.746156,12.62219924242423,11.650428478934456,13.555046086265916,23.441961748068493,-26.974704918598174
group,Kimi-K2.7-Simple,Kimi-K2.7-Simple,Every-turn,Kimi-K2.7-Simple | Every-turn,flavor_gold_avg,Economy,4.41972842104981,,48,24,0.587295,4.886974242424245,3.347686952982989,5.539597052934788,29.40553467104981,-33.094465328950186
group,Kimi-K2.7-Simple,Kimi-K2.7-Simple,Every-turn,Kimi-K2.7-Simple | Every-turn,flavor_science_avg,Economy,11.7314257130476,,48,24,0.731227,11.73976599311137,10.457326319348603,13.247569943997497,23.62596529638093,-38.66570137028574
group,Kimi-K2.7-Simple,Kimi-K2.7-Simple,Every-turn,Kimi-K2.7-Simple | Every-turn,flavor_culture_avg,Economy,-7.6254346915064914,,48,24,0.403754,-9.299308502939844,-10.787052502184443,-4.623894462973734,32.093538225160174,-55.82312844150649
group,Kimi-K2.7-Simple,Kimi-K2.7-Simple,Every-turn,Kimi-K2.7-Simple | Every-turn,flavor_happiness_avg,Economy,9.456631399113567,,48,24,0.691505,9.992229545454549,7.885285915477823,10.771727457691005,29.831191815780233,-45.272974850886435
group,Kimi-K2.7-Simple,Kimi-K2.7-Simple,Every-turn,Kimi-K2.7-Simple | Every-turn,flavor_naval_growth_avg,Economy,-12.379779329394212,,48,24,0.312511,-14.34710183175034,-15.23978899981468,-9.306333891482938,27.04151650393912,-38.479316829394214
group,Kimi-K2.7-Simple,Kimi-K2.7-Simple,Every-turn,Kimi-K2.7-Simple | Every-turn,flavor_naval_tile_improvement_avg,Economy,-14.489852028769803,,48,24,0.283029,-15.521975757575753,-16.976306950153692,-11.64470695827642,26.148227137896864,-37.28927286210314
group,Kimi-K2.7-Simple,Kimi-K2.7-Simple,Every-turn,Kimi-K2.7-Simple | Every-turn,flavor_water_connection_avg,Economy,-5.667562713716172,,48,24,0.403502,-5.056191383989145,-7.900437673293109,-2.9824541232556365,35.33427895295049,-38.83238771371617
group,Kimi-K2.7-Simple,Kimi-K2.7-Simple,Every-turn,Kimi-K2.7-Simple | Every-turn,flavor_great_people_avg,Other,-0.24941267191408775,,48,24,0.496335,-0.31879203980100357,-1.942862520533355,1.3143995210765367,31.22011024475258,-42.21738975524742
group,Kimi-K2.7-Simple,Kimi-K2.7-Simple,Every-turn,Kimi-K2.7-Simple | Every-turn,flavor_wonder_avg,Other,-16.30318589598832,,48,24,0.332963,-20.037602985074628,-20.923033859194284,-11.837589261340993,38.932266187345014,-40.33856714598832
group,Kimi-K2.7-Simple,Kimi-K2.7-Simple,Every-turn,Kimi-K2.7-Simple | Every-turn,flavor_religion_avg,Other,-11.155495238996224,,48,24,0.342311,-11.713108310023307,-14.250516382928636,-7.931844244408021,35.74468601100378,-43.00531398899622
group,Kimi-K2.7-Simple,Kimi-K2.7-Simple,Every-turn,Kimi-K2.7-Simple | Every-turn,flavor_diplomacy_avg,Other,-2.241254045232688,,48,24,0.468533,-2.11285127039627,-4.201048703576634,-0.60646320648349,31.257054288100647,-57.59711237856602
group,Kimi-K2.7-Simple,Kimi-K2.7-Simple,Every-turn,Kimi-K2.7-Simple | Every-turn,flavor_espionage_avg,Other,3.0137021062819884,,48,24,0.548023,1.6235882805429895,1.1184969229334771,4.659335604413315,45.603168772948656,-41.688497893718015
group,Kimi-K2.7-Simple,Kimi-K2.7-Simple,Every-turn,Kimi-K2.7-Simple | Every-turn,flavor_spaceship_avg,Other,10.256552915165557,,48,24,0.612307,14.40282823191734,3.894210326212927,16.36146771040903,47.259113331832225,-32.53255333483444
group,Kimi-K2.7-Simple-Per-5,Kimi-K2.7-Simple,Per-5,Kimi-K2.7-Simple | Per-5,flavor_offense_avg,Military,-1.757598937345727,,48,24,0.482385,-0.42758620533695435,-5.209969923326685,1.5586916863124254,45.729161479320936,-34.58333852067906
group,Kimi-K2.7-Simple-Per-5,Kimi-K2.7-Simple,Per-5,Kimi-K2.7-Simple | Per-5,flavor_defense_avg,Military,7.250755881605211,,48,24,0.62544,8.057950891265595,5.6698756034517865,8.804953962504193,33.29387879827188,-22.43528786839479
group,Kimi-K2.7-Simple-Per-5,Kimi-K2.7-Simple,Per-5,Kimi-K2.7-Simple | Per-5,flavor_city_defense_avg,Military,7.179696839846088,,48,24,0.628493,8.217605147058823,5.437729361825039,8.796640922882213,34.778363506512754,-22.92996982682058
group,Kimi-K2.7-Simple-Per-5,Kimi-K2.7-Simple,Per-5,Kimi-K2.7-Simple | Per-5,flavor_mobilization_avg,Military,7.609292065403643,,48,24,0.593763,8.234214179104477,4.89039590872758,10.021464254827547,44.087948315403644,-37.474551684596356
group,Kimi-K2.7-Simple-Per-5,Kimi-K2.7-Simple,Per-5,Kimi-K2.7-Simple | Per-5,flavor_military_training_avg,Military,9.335657177826903,,48,24,0.624249,11.028258712121215,7.27957818174838,11.232443252148292,35.09060926116023,-27.409390738839765
group,Kimi-K2.7-Simple-Per-5,Kimi-K2.7-Simple,Per-5,Kimi-K2.7-Simple | Per-5,flavor_recon_avg,Military,2.720981092994221,,48,24,0.546113,2.795787210103331,0.4951477581124191,4.7687531851063545,35.67956025966089,-29.528773073672443
group,Kimi-K2.7-Simple-Per-5,Kimi-K2.7-Simple,Per-5,Kimi-K2.7-Simple | Per-5,flavor_ranged_avg,Military,11.622493939738971,,48,24,0.669681,13.088468181818186,9.047258899793858,13.82652783852368,38.4371147730723,-18.854551893594362
group,Kimi-K2.7-Simple-Per-5,Kimi-K2.7-Simple,Per-5,Kimi-K2.7-Simple | Per-5,flavor_mobile_avg,Military,5.3000818035025725,,48,24,0.573338,6.216858244206776,2.8322857546527995,7.721747606162353,40.29109847016924,-23.563068196497426
group,Kimi-K2.7-Simple-Per-5,Kimi-K2.7-Simple,Per-5,Kimi-K2.7-Simple | Per-5,flavor_nuke_avg,Nuclear,10.335070938540227,,25,16,0.581487,0.9738958333333301,-0.5779959526552751,23.02951998385536,29.015630938540227,-7.984369061459772
group,Kimi-K2.7-Simple-Per-5,Kimi-K2.7-Simple,Per-5,Kimi-K2.7-Simple | Per-5,flavor_use_nuke_avg,Nuclear,-0.8564811474897902,,25,16,0.492777,-14.451383333333334,-9.808121022874207,8.724091184780283,13.31191085251021,-15.088089147489791
group,Kimi-K2.7-Simple-Per-5,Kimi-K2.7-Simple,Per-5,Kimi-K2.7-Simple | Per-5,flavor_naval_avg,Naval and air,4.5683022596488,,48,24,0.572088,4.292349649479867,2.12269908275677,6.98037257175267,42.23026892631547,-30.269731073684536
group,Kimi-K2.7-Simple-Per-5,Kimi-K2.7-Simple,Per-5,Kimi-K2.7-Simple | Per-5,flavor_naval_recon_avg,Naval and air,4.22542112806678,,48,24,0.56749,4.888176293706291,1.699809873005023,6.655828361205053,37.50415862806678,-25.93334137193322
group,Kimi-K2.7-Simple-Per-5,Kimi-K2.7-Simple,Per-5,Kimi-K2.7-Simple | Per-5,flavor_air_avg,Naval and air,11.628128881749973,,45,24,0.614158,20.343625396825395,5.1082567119296405,17.583108916833645,45.24475332619441,-26.533024451583362
group,Kimi-K2.7-Simple-Per-5,Kimi-K2.7-Simple,Per-5,Kimi-K2.7-Simple | Per-5,flavor_antiair_avg,Naval and air,13.704025208929028,,45,24,0.635252,18.640348148148142,6.196932674794765,20.818284953457393,41.55376965337348,-20.335119235515414
group,Kimi-K2.7-Simple-Per-5,Kimi-K2.7-Simple,Per-5,Kimi-K2.7-Simple | Per-5,flavor_air_carrier_avg,Naval and air,-14.55874945452558,,45,24,0.33816,-22.561138983050846,-18.07611335757007,-10.098690321527972,-3.974829454525581,-22.86371834341447
group,Kimi-K2.7-Simple-Per-5,Kimi-K2.7-Simple,Per-5,Kimi-K2.7-Simple | Per-5,flavor_airlift_avg,Naval and air,-9.485764851843914,,45,24,0.393206,-12.11581379310345,-13.100642222099989,-6.229679635665167,7.2581862592672,-19.852924851843913
group,Kimi-K2.7-Simple-Per-5,Kimi-K2.7-Simple,Per-5,Kimi-K2.7-Simple | Per-5,flavor_expansion_avg,Economy,-8.282063578002132,,48,24,0.359509,-8.970865106951873,-11.365901210314536,-5.299836324455467,55.173644755331196,-40.7638552446688
group,Kimi-K2.7-Simple-Per-5,Kimi-K2.7-Simple,Per-5,Kimi-K2.7-Simple | Per-5,flavor_growth_avg,Economy,10.855548541318436,,48,24,0.740217,10.98997247585601,9.305482378643514,12.577127992691505,28.93718812465177,-20.8544785420149
group,Kimi-K2.7-Simple-Per-5,Kimi-K2.7-Simple,Per-5,Kimi-K2.7-Simple | Per-5,flavor_tile_improvement_avg,Economy,8.990965146887747,,48,24,0.719217,9.72547123440285,6.90823341163556,10.733737769951816,29.624731813554416,-25.58360151977892
group,Kimi-K2.7-Simple-Per-5,Kimi-K2.7-Simple,Per-5,Kimi-K2.7-Simple | Per-5,flavor_infrastructure_avg,Economy,11.171483300141537,,48,24,0.757845,12.318142803030298,9.570575343359245,12.860943318893218,31.551664550141535,-23.6566687831918
group,Kimi-K2.7-Simple-Per-5,Kimi-K2.7-Simple,Per-5,Kimi-K2.7-Simple | Per-5,flavor_production_avg,Economy,10.906059664735158,,48,24,0.713797,10.915023682983673,9.932615693151698,11.916048105810052,23.337795081401826,-26.349704918598174
group,Kimi-K2.7-Simple-Per-5,Kimi-K2.7-Simple,Per-5,Kimi-K2.7-Simple | Per-5,flavor_gold_avg,Economy,3.474526337716475,,48,24,0.568626,3.410916841491847,2.285319996898126,4.614821072153129,26.488868004383146,-23.511131995616854
group,Kimi-K2.7-Simple-Per-5,Kimi-K2.7-Simple,Per-5,Kimi-K2.7-Simple | Per-5,flavor_science_avg,Economy,10.302559046380932,,48,24,0.703064,10.808043521031202,9.158653087002117,11.441381606718295,23.521798629714265,-29.49903470361907
group,Kimi-K2.7-Simple-Per-5,Kimi-K2.7-Simple,Per-5,Kimi-K2.7-Simple | Per-5,flavor_culture_avg,Economy,-3.1973971915064925,,48,24,0.459643,-3.694747896879239,-6.247786160787947,0.07474618054511402,25.843538225160174,-45.19812844150649
group,Kimi-K2.7-Simple-Per-5,Kimi-K2.7-Simple,Per-5,Kimi-K2.7-Simple | Per-5,flavor_happiness_avg,Economy,8.330075149113565,,48,24,0.668691,7.8932830393487095,6.615012361095569,9.963191687848711,29.206191815780233,-34.960474850886435
group,Kimi-K2.7-Simple-Per-5,Kimi-K2.7-Simple,Per-5,Kimi-K2.7-Simple | Per-5,flavor_naval_growth_avg,Economy,0.003439420605787132,,48,24,0.500052,0.3416621099050232,-2.444443232788007,2.470448503042907,24.54151650393912,-28.58348349606088
group,Kimi-K2.7-Simple-Per-5,Kimi-K2.7-Simple,Per-5,Kimi-K2.7-Simple | Per-5,flavor_naval_tile_improvement_avg,Economy,-1.7678041121031374,,48,24,0.473529,-1.5781760289461815,-4.131781993354735,0.5522266862553274,20.31489380456353,-28.955939528769804
group,Kimi-K2.7-Simple-Per-5,Kimi-K2.7-Simple,Per-5,Kimi-K2.7-Simple | Per-5,flavor_water_connection_avg,Economy,4.188735202950496,,48,24,0.571319,4.314788375946968,2.211172199449896,6.1026398038643865,25.43844561961716,-24.665721047049505
group,Kimi-K2.7-Simple-Per-5,Kimi-K2.7-Simple,Per-5,Kimi-K2.7-Simple | Per-5,flavor_great_people_avg,Other,3.8729019114192464,,48,24,0.556908,3.984892780748659,2.260834918034715,5.523583366479071,28.928443578085915,-25.02988975524742
group,Kimi-K2.7-Simple-Per-5,Kimi-K2.7-Simple,Per-5,Kimi-K2.7-Simple | Per-5,flavor_wonder_avg,Other,-8.365762979321655,,48,24,0.414287,-12.348073880597017,-12.54714019291833,-3.5559013282925545,32.057266187345014,-38.04690047932166
group,Kimi-K2.7-Simple-Per-5,Kimi-K2.7-Simple,Per-5,Kimi-K2.7-Simple | Per-5,flavor_religion_avg,Other,-4.93328690566289,,48,24,0.430265,-4.6371813636363655,-8.303474933647928,-1.1428504188049176,31.473852677670447,-39.56781398899622
group,Kimi-K2.7-Simple-Per-5,Kimi-K2.7-Simple,Per-5,Kimi-K2.7-Simple | Per-5,flavor_diplomacy_avg,Other,-3.5288686285660216,,48,24,0.450455,-4.772918159536541,-6.89212362795932,-0.06521030260338782,25.52788762143398,-47.07627904523269
group,Kimi-K2.7-Simple-Per-5,Kimi-K2.7-Simple,Per-5,Kimi-K2.7-Simple | Per-5,flavor_espionage_avg,Other,7.602089606281989,,48,24,0.621138,8.793054545454545,5.824479392336017,9.435877274274949,42.26983543961532,-22.521831227051347
group,Kimi-K2.7-Simple-Per-5,Kimi-K2.7-Simple,Per-5,Kimi-K2.7-Simple | Per-5,flavor_spaceship_avg,Other,10.643421665165556,,48,24,0.616544,12.439048106060607,5.178324777544924,16.425455008000963,44.96744666516556,-27.324220001501107
group,MiniMax-M2.7-Simple,MiniMax-M2.7-Simple,Every-turn,MiniMax-M2.7-Simple | Every-turn,flavor_offense_avg,Military,25.742803145987608,,48,24,0.758,26.45556227951153,20.372410570666084,31.168422751412677,48.12499481265427,-3.02083852067906
group,MiniMax-M2.7-Simple,MiniMax-M2.7-Simple,Every-turn,MiniMax-M2.7-Simple | Every-turn,flavor_defense_avg,Military,2.283697548271878,,48,24,0.539509,3.113946347806422,-2.009782977035393,6.312887872508322,27.668878798271876,-21.081121201728124
group,MiniMax-M2.7-Simple,MiniMax-M2.7-Simple,Every-turn,MiniMax-M2.7-Simple | Every-turn,flavor_city_defense_avg,Military,6.613615589846087,,48,24,0.618362,5.63932803030303,3.221382786626507,9.979842620026561,21.132530173179422,-9.17996982682058
group,MiniMax-M2.7-Simple,MiniMax-M2.7-Simple,Every-turn,MiniMax-M2.7-Simple | Every-turn,flavor_mobilization_avg,Military,3.8302128987369755,,48,24,0.547197,6.079087878787874,0.6647901542406748,6.488108627852063,10.546281648736976,-1.8495516845963575
group,MiniMax-M2.7-Simple,MiniMax-M2.7-Simple,Every-turn,MiniMax-M2.7-Simple | Every-turn,flavor_military_training_avg,Military,14.806500927826903,,48,24,0.697061,16.751733712121208,10.48613269343559,18.556105367203124,32.17394259449357,-9.38855740550643
group,MiniMax-M2.7-Simple,MiniMax-M2.7-Simple,Every-turn,MiniMax-M2.7-Simple | Every-turn,flavor_recon_avg,Military,8.817447759660888,,48,24,0.64943,8.685398819073086,2.4716645099501315,15.20127826789592,23.17956025966089,-5.987106407005779
group,MiniMax-M2.7-Simple,MiniMax-M2.7-Simple,Every-turn,MiniMax-M2.7-Simple | Every-turn,flavor_ranged_avg,Military,6.197162689738971,,48,24,0.590474,4.837644776119397,1.98280169472989,10.223411926468899,14.062114773072304,-6.771218560261029
group,MiniMax-M2.7-Simple,MiniMax-M2.7-Simple,Every-turn,MiniMax-M2.7-Simple | Every-turn,flavor_mobile_avg,Military,15.390396386835908,,48,24,0.712958,12.55585151515152,12.081395419122881,18.903549501007568,23.520265136835906,4.04109847016924
group,MiniMax-M2.7-Simple,MiniMax-M2.7-Simple,Every-turn,MiniMax-M2.7-Simple | Every-turn,flavor_nuke_avg,Nuclear,14.217787527318974,,14,10,0.6121,19.71288741935484,0.025622084201391088,25.980654460992046,19.908423241604684,9.19413752731897
group,MiniMax-M2.7-Simple,MiniMax-M2.7-Simple,Every-turn,MiniMax-M2.7-Simple | Every-turn,flavor_use_nuke_avg,Nuclear,14.335832532300339,,14,10,0.620904,23.90889844512195,0.24316280065713383,26.522964508521007,18.99253967515748,8.992539675157483
group,MiniMax-M2.7-Simple,MiniMax-M2.7-Simple,Every-turn,MiniMax-M2.7-Simple | Every-turn,flavor_naval_avg,Naval and air,6.269391842982134,,48,24,0.598931,5.6923414970601485,2.596791825899284,9.826503929774159,18.896935592982135,-5.894731073684532
group,MiniMax-M2.7-Simple,MiniMax-M2.7-Simple,Every-turn,MiniMax-M2.7-Simple | Every-turn,flavor_naval_recon_avg,Naval and air,12.32574612806678,,48,24,0.696871,12.208078471279961,9.567099175223845,15.137554437395329,20.00415862806678,4.795825294733446
group,MiniMax-M2.7-Simple,MiniMax-M2.7-Simple,Every-turn,MiniMax-M2.7-Simple | Every-turn,flavor_air_avg,Naval and air,6.657284381916011,,37,21,0.565357,8.756325396825396,1.9099456175258793,11.747368395911447,7.835511408943037,5.26794384137547
group,MiniMax-M2.7-Simple,MiniMax-M2.7-Simple,Every-turn,MiniMax-M2.7-Simple | Every-turn,flavor_antiair_avg,Naval and air,9.133548045745997,,37,21,0.590144,8.358058461538462,7.058858905922862,11.11490620472973,12.561139937637892,8.777356153854107
group,MiniMax-M2.7-Simple,MiniMax-M2.7-Simple,Every-turn,MiniMax-M2.7-Simple | Every-turn,flavor_air_carrier_avg,Naval and air,22.767014221934197,,37,21,0.753085,23.41958225806452,20.931164264064194,24.229940082997103,23.032925032745013,22.762654762474742
group,MiniMax-M2.7-Simple,MiniMax-M2.7-Simple,Every-turn,MiniMax-M2.7-Simple | Every-turn,flavor_airlift_avg,Naval and air,19.575784630981488,,37,21,0.72039,21.141909523809524,17.233485542260116,21.57635403114421,19.841695441792297,19.571425171522026
group,MiniMax-M2.7-Simple,MiniMax-M2.7-Simple,Every-turn,MiniMax-M2.7-Simple | Every-turn,flavor_expansion_avg,Economy,14.2100135053312,,48,24,0.741048,14.986381818181815,9.705631625800196,18.12323423027728,38.09031142199787,-7.638855244668799
group,MiniMax-M2.7-Simple,MiniMax-M2.7-Simple,Every-turn,MiniMax-M2.7-Simple | Every-turn,flavor_growth_avg,Economy,-14.229682708681565,,48,24,0.185118,-13.075154343891406,-17.845154175014265,-10.485743902785167,-0.22947854201489756,-26.646145208681563
group,MiniMax-M2.7-Simple,MiniMax-M2.7-Simple,Every-turn,MiniMax-M2.7-Simple | Every-turn,flavor_tile_improvement_avg,Economy,-12.969266103112252,,48,24,0.183785,-12.780822433288101,-15.192410578876766,-11.081948428079068,-9.333601519778918,-18.77110151977892
group,MiniMax-M2.7-Simple,MiniMax-M2.7-Simple,Every-turn,MiniMax-M2.7-Simple | Every-turn,flavor_infrastructure_avg,Economy,-13.051989616525132,,48,24,0.198751,-13.5724368046133,-14.137275676950388,-12.029000974773126,-11.260835449858464,-15.323335449858464
group,MiniMax-M2.7-Simple,MiniMax-M2.7-Simple,Every-turn,MiniMax-M2.7-Simple | Every-turn,flavor_production_avg,Economy,-12.259267418598176,,48,24,0.259675,-13.744376187245592,-15.525111766246946,-8.810866094196035,-4.162204918598175,-24.683038251931507
group,MiniMax-M2.7-Simple,MiniMax-M2.7-Simple,Every-turn,MiniMax-M2.7-Simple | Every-turn,flavor_gold_avg,Economy,-10.765219495616856,,48,24,0.287375,-11.491746729587359,-13.956941183573619,-7.7847107570109655,4.197201337716476,-26.74029866228352
group,MiniMax-M2.7-Simple,MiniMax-M2.7-Simple,Every-turn,MiniMax-M2.7-Simple | Every-turn,flavor_science_avg,Economy,-8.661218036952402,,48,24,0.329287,-8.991698284313728,-11.64880855451937,-5.726162033416704,6.230131963047598,-27.519868036952403
group,MiniMax-M2.7-Simple,MiniMax-M2.7-Simple,Every-turn,MiniMax-M2.7-Simple | Every-turn,flavor_culture_avg,Economy,6.901502808493508,,48,24,0.587109,10.596194852941174,1.595085662164912,11.848741240104824,17.406038225160177,-19.26062844150649
group,MiniMax-M2.7-Simple,MiniMax-M2.7-Simple,Every-turn,MiniMax-M2.7-Simple | Every-turn,flavor_happiness_avg,Economy,-7.010191517553101,,48,24,0.358037,-8.540027027629232,-10.192399597723862,-3.7935706802677545,5.664525149113565,-21.314641517553103
group,MiniMax-M2.7-Simple,MiniMax-M2.7-Simple,Every-turn,MiniMax-M2.7-Simple | Every-turn,flavor_naval_growth_avg,Economy,10.47309775393912,,48,24,0.658613,11.477287121212122,7.826747101962962,12.9453032389294,14.229016503939121,5.895683170605786
group,MiniMax-M2.7-Simple,MiniMax-M2.7-Simple,Every-turn,MiniMax-M2.7-Simple | Every-turn,flavor_naval_tile_improvement_avg,Economy,10.471581304563529,,48,24,0.656801,13.02621515151515,7.691990609441577,12.910954881194707,12.81489380456353,7.710727137896863
group,MiniMax-M2.7-Simple,MiniMax-M2.7-Simple,Every-turn,MiniMax-M2.7-Simple | Every-turn,flavor_water_connection_avg,Economy,8.945949786283828,,48,24,0.652316,8.483810606060608,7.2246002910071905,10.578526799200052,9.917612286283829,6.584278952950496
group,MiniMax-M2.7-Simple,MiniMax-M2.7-Simple,Every-turn,MiniMax-M2.7-Simple | Every-turn,flavor_great_people_avg,Other,1.979149828085912,,48,24,0.529081,5.026699626865664,-2.2651847886331753,6.370480214741146,13.095110244752577,-19.71738975524742
group,MiniMax-M2.7-Simple,MiniMax-M2.7-Simple,Every-turn,MiniMax-M2.7-Simple | Every-turn,flavor_wonder_avg,Other,10.08621410401168,,48,24,0.60334,8.28874318181818,6.6149602368988845,13.73712726456706,22.578099520678347,-1.1719004793216545
group,MiniMax-M2.7-Simple,MiniMax-M2.7-Simple,Every-turn,MiniMax-M2.7-Simple | Every-turn,flavor_religion_avg,Other,10.64352559433711,,48,24,0.650452,11.752726175938491,6.94541145776225,14.070446157308444,21.36968601100378,1.5780193443371102
group,MiniMax-M2.7-Simple,MiniMax-M2.7-Simple,Every-turn,MiniMax-M2.7-Simple | Every-turn,flavor_diplomacy_avg,Other,2.625875121433978,,48,24,0.536867,4.514153030303028,-0.30531987480041217,5.321630418907723,24.694554288100647,-20.305445711899356
group,MiniMax-M2.7-Simple,MiniMax-M2.7-Simple,Every-turn,MiniMax-M2.7-Simple | Every-turn,flavor_espionage_avg,Other,21.841770856281993,,48,24,0.848046,22.617074941724944,17.724516087128453,25.543728554801618,41.749002106281985,-5.334331227051344
group,MiniMax-M2.7-Simple,MiniMax-M2.7-Simple,Every-turn,MiniMax-M2.7-Simple | Every-turn,flavor_spaceship_avg,Other,8.827840415165555,,48,24,0.596663,10.465574242424243,5.9906915744939155,11.566846749687075,14.134113331832223,4.967446665165556
group,MiniMax-M2.7-Simple-Per-5,MiniMax-M2.7-Simple,Per-5,MiniMax-M2.7-Simple | Per-5,flavor_offense_avg,Military,23.332432312654277,,48,24,0.733843,22.087318995929444,19.523891101880537,27.121433548141592,38.64582814598761,0.9374948126542734
group,MiniMax-M2.7-Simple-Per-5,MiniMax-M2.7-Simple,Per-5,MiniMax-M2.7-Simple | Per-5,flavor_defense_avg,Military,-3.510981618394789,,48,24,0.439259,-3.5851475935828816,-6.462233075816855,-0.7171987376680724,17.668878798271876,-19.93528786839479
group,MiniMax-M2.7-Simple-Per-5,MiniMax-M2.7-Simple,Per-5,MiniMax-M2.7-Simple | Per-5,flavor_city_defense_avg,Military,-3.9591344101539137,,48,24,0.429144,-4.3856938213345025,-6.492932516626565,-1.3311815856644797,6.965863506512754,-10.74246982682058
group,MiniMax-M2.7-Simple-Per-5,MiniMax-M2.7-Simple,Per-5,MiniMax-M2.7-Simple | Per-5,flavor_mobilization_avg,Military,2.3742316487369757,,48,24,0.529256,5.236692580213905,-0.5069571964078577,4.963836350990551,6.692114982070309,-1.120385017929691
group,MiniMax-M2.7-Simple-Per-5,MiniMax-M2.7-Simple,Per-5,MiniMax-M2.7-Simple | Per-5,flavor_military_training_avg,Military,8.010863427826903,,48,24,0.606617,5.160461148801453,3.760975155300535,12.232707726279589,21.23644259449357,-13.45105740550643
group,MiniMax-M2.7-Simple-Per-5,MiniMax-M2.7-Simple,Per-5,MiniMax-M2.7-Simple | Per-5,flavor_recon_avg,Military,6.304029009660887,,48,24,0.606835,7.072723819073083,2.079286914504516,10.064303767498561,15.367060259660889,-1.7162730736724454
group,MiniMax-M2.7-Simple-Per-5,MiniMax-M2.7-Simple,Per-5,MiniMax-M2.7-Simple | Per-5,flavor_ranged_avg,Military,0.6445293564056377,,48,24,0.50941,-0.24542954545454876,-2.3485375373534847,4.184808732345323,6.874614773072305,-7.396218560261029
group,MiniMax-M2.7-Simple-Per-5,MiniMax-M2.7-Simple,Per-5,MiniMax-M2.7-Simple | Per-5,flavor_mobile_avg,Military,12.383163053502573,,48,24,0.671346,11.425511940298513,9.487150019614091,15.188138372280418,18.624431803502574,3.9369318035025738
group,MiniMax-M2.7-Simple-Per-5,MiniMax-M2.7-Simple,Per-5,MiniMax-M2.7-Simple | Per-5,flavor_nuke_avg,Nuclear,8.913758401416125,,9,8,0.57028,12.546320000000005,-6.129562797777094,18.833449657291666,9.83481395697168,5.390369512527234
group,MiniMax-M2.7-Simple-Per-5,MiniMax-M2.7-Simple,Per-5,MiniMax-M2.7-Simple | Per-5,flavor_use_nuke_avg,Nuclear,1.6625972750544642,,9,8,0.514022,9.240972499999994,-18.4989403352073,17.47356722843137,7.239408386165575,-7.205036058278869
group,MiniMax-M2.7-Simple-Per-5,MiniMax-M2.7-Simple,Per-5,MiniMax-M2.7-Simple | Per-5,flavor_naval_avg,Naval and air,6.105687676315466,,48,24,0.596348,7.075692647058823,3.8587545626827975,8.897200320660138,19.834435592982135,-3.0822310736845324
group,MiniMax-M2.7-Simple-Per-5,MiniMax-M2.7-Simple,Per-5,MiniMax-M2.7-Simple | Per-5,flavor_naval_recon_avg,Naval and air,11.531744044733449,,48,24,0.684189,11.426749999999998,9.549957664984058,13.607294470315887,17.920825294733447,8.12915862806678
group,MiniMax-M2.7-Simple-Per-5,MiniMax-M2.7-Simple,Per-5,MiniMax-M2.7-Simple | Per-5,flavor_air_avg,Naval and air,7.843179267497863,,38,23,0.577,9.006311904761905,5.056401212871919,10.414010815509698,9.887542425392601,6.992805583287338
group,MiniMax-M2.7-Simple-Per-5,MiniMax-M2.7-Simple,Per-5,MiniMax-M2.7-Simple | Per-5,flavor_antiair_avg,Naval and air,9.599786154004864,,38,23,0.594745,8.358058461538462,7.276846192305504,11.920477439273704,9.685615101373285,9.159299311899602
group,MiniMax-M2.7-Simple-Per-5,MiniMax-M2.7-Simple,Per-5,MiniMax-M2.7-Simple | Per-5,flavor_air_carrier_avg,Naval and air,22.93981326359229,,38,23,0.755006,23.415113351254483,21.630440078125684,23.95573630535254,22.96832115832913,22.705163263592286
group,MiniMax-M2.7-Simple-Per-5,MiniMax-M2.7-Simple,Per-5,MiniMax-M2.7-Simple | Per-5,flavor_airlift_avg,Naval and air,20.557946423853387,,38,23,0.731447,20.940353968253966,19.215300431399633,21.57126781248402,20.792596423853382,20.529438529116543
group,MiniMax-M2.7-Simple-Per-5,MiniMax-M2.7-Simple,Per-5,MiniMax-M2.7-Simple | Per-5,flavor_expansion_avg,Economy,18.053911421997867,,48,24,0.806253,16.717337856173675,15.086076075828592,21.281211859868,35.27781142199787,2.0486447553312
group,MiniMax-M2.7-Simple-Per-5,MiniMax-M2.7-Simple,Per-5,MiniMax-M2.7-Simple | Per-5,flavor_growth_avg,Economy,-13.1337535420149,,48,24,0.209369,-12.16014253731343,-16.176241851561088,-10.321871440452844,-3.7711452086815647,-22.7294785420149
group,MiniMax-M2.7-Simple-Per-5,MiniMax-M2.7-Simple,Per-5,MiniMax-M2.7-Simple | Per-5,flavor_tile_improvement_avg,Economy,-12.797759853112252,,48,24,0.187967,-13.601326223776216,-14.161278987498916,-11.353114223244447,-9.750268186445586,-15.271101519778918
group,MiniMax-M2.7-Simple-Per-5,MiniMax-M2.7-Simple,Per-5,MiniMax-M2.7-Simple | Per-5,flavor_infrastructure_avg,Economy,-12.977535449858465,,48,24,0.20047,-13.704141791044776,-14.172107575919856,-11.734486326954919,-11.260835449858464,-14.073335449858464
group,MiniMax-M2.7-Simple-Per-5,MiniMax-M2.7-Simple,Per-5,MiniMax-M2.7-Simple | Per-5,flavor_production_avg,Economy,-16.91441950193151,,48,24,0.168417,-21.18312715992647,-19.623884071305774,-14.313728709563652,-10.099704918598176,-25.724704918598174
group,MiniMax-M2.7-Simple-Per-5,MiniMax-M2.7-Simple,Per-5,MiniMax-M2.7-Simple | Per-5,flavor_gold_avg,Economy,-15.942417412283524,,48,24,0.185119,-17.95694260249554,-19.055364630893255,-12.11257229806823,-6.115298662283524,-24.96946532895019
group,MiniMax-M2.7-Simple-Per-5,MiniMax-M2.7-Simple,Per-5,MiniMax-M2.7-Simple | Per-5,flavor_science_avg,Economy,-15.253115953619067,,48,24,0.199361,-17.293163857634905,-18.243045975735676,-12.071076823211685,-4.499034703619068,-26.478201370285735
group,MiniMax-M2.7-Simple-Per-5,MiniMax-M2.7-Simple,Per-5,MiniMax-M2.7-Simple | Per-5,flavor_culture_avg,Economy,4.287721558493509,,48,24,0.554119,7.6681814789687905,-0.7347852266642837,8.825826472920545,12.30187155849351,-16.44812844150649
group,MiniMax-M2.7-Simple-Per-5,MiniMax-M2.7-Simple,Per-5,MiniMax-M2.7-Simple | Per-5,flavor_happiness_avg,Economy,-10.872181100886435,,48,24,0.279829,-12.007875746268656,-13.247951841793924,-8.228352294251199,0.6645251491135653,-22.356308184219767
group,MiniMax-M2.7-Simple-Per-5,MiniMax-M2.7-Simple,Per-5,MiniMax-M2.7-Simple | Per-5,flavor_naval_growth_avg,Economy,8.414147753939119,,48,24,0.62743,11.02288461538462,6.460069993146446,10.16286604403478,11.729016503939121,5.270683170605786
group,MiniMax-M2.7-Simple-Per-5,MiniMax-M2.7-Simple,Per-5,MiniMax-M2.7-Simple | Per-5,flavor_naval_tile_improvement_avg,Economy,9.30224380456353,,48,24,0.639291,11.905442762237758,7.647762398190272,10.866627974790415,10.93989380456353,7.502393804563529
group,MiniMax-M2.7-Simple-Per-5,MiniMax-M2.7-Simple,Per-5,MiniMax-M2.7-Simple | Per-5,flavor_water_connection_avg,Economy,6.988868536283829,,48,24,0.618995,7.789372860962569,5.67518543770105,8.30539937444981,7.313445619617163,6.375945619617163
group,MiniMax-M2.7-Simple-Per-5,MiniMax-M2.7-Simple,Per-5,MiniMax-M2.7-Simple | Per-5,flavor_great_people_avg,Other,1.1902414947525786,,48,24,0.517489,1.125347082767977,-2.3428392097319124,5.0291000335815985,12.157610244752577,-17.52988975524742
group,MiniMax-M2.7-Simple-Per-5,MiniMax-M2.7-Simple,Per-5,MiniMax-M2.7-Simple | Per-5,flavor_wonder_avg,Other,8.267655770678344,,48,24,0.584708,8.056996358173077,4.283543073644245,12.325735052651044,19.03643285401168,0.20309952067834539
group,MiniMax-M2.7-Simple-Per-5,MiniMax-M2.7-Simple,Per-5,MiniMax-M2.7-Simple | Per-5,flavor_religion_avg,Other,5.52527559433711,,48,24,0.578103,6.038956060606058,2.8842420717619355,8.437014937862749,12.932186011003777,-0.8178139889962232
group,MiniMax-M2.7-Simple-Per-5,MiniMax-M2.7-Simple,Per-5,MiniMax-M2.7-Simple | Per-5,flavor_diplomacy_avg,Other,-2.7899373785660218,,48,24,0.460829,-1.9669656716417876,-6.239174339017298,0.9218153083665299,17.92372095476731,-20.82627904523269
group,MiniMax-M2.7-Simple-Per-5,MiniMax-M2.7-Simple,Per-5,MiniMax-M2.7-Simple | Per-5,flavor_espionage_avg,Other,18.21877085628199,,48,24,0.790314,19.027843860244232,14.675018266670357,21.76544979078582,40.811502106281985,-3.9801645603846776
group,MiniMax-M2.7-Simple-Per-5,MiniMax-M2.7-Simple,Per-5,MiniMax-M2.7-Simple | Per-5,flavor_spaceship_avg,Other,9.657390415165557,,48,24,0.605747,10.621577272727272,7.540371371169591,11.790660111008414,12.884113331832223,6.425779998498889
group,MiniMax-M3-Simple-Per-5,MiniMax-M3-Simple,Per-5,MiniMax-M3-Simple | Per-5,flavor_offense_avg,Military,12.809865645987607,,48,24,0.628383,9.62461432126697,7.260596621252312,18.540939845769273,32.02082814598761,-5.416671854012393
group,MiniMax-M3-Simple-Per-5,MiniMax-M3-Simple,Per-5,MiniMax-M3-Simple | Per-5,flavor_defense_avg,Military,-1.2569691183947889,,48,24,0.478254,-0.7549550815850807,-5.636370809822684,2.9832322514006293,17.773045464938544,-23.37278786839479
group,MiniMax-M3-Simple-Per-5,MiniMax-M3-Simple,Per-5,MiniMax-M3-Simple | Per-5,flavor_city_defense_avg,Military,0.8470155898460875,,48,24,0.515159,3.1669234848484855,-3.846998993255575,5.152417379597001,17.174196839846086,-18.554969826820578
group,MiniMax-M3-Simple-Per-5,MiniMax-M3-Simple,Per-5,MiniMax-M3-Simple | Per-5,flavor_mobilization_avg,Military,4.130942065403642,,48,24,0.550902,4.693376981351982,-0.09880745134261856,8.017530796629329,17.046281648736976,-8.328718351263024
group,MiniMax-M3-Simple-Per-5,MiniMax-M3-Simple,Per-5,MiniMax-M3-Simple | Per-5,flavor_military_training_avg,Military,3.598353011160236,,48,24,0.547891,5.9388605769230765,-1.2192615736183796,8.942859339403233,19.840609261160235,-18.596890738839765
group,MiniMax-M3-Simple-Per-5,MiniMax-M3-Simple,Per-5,MiniMax-M3-Simple | Per-5,flavor_recon_avg,Military,10.198964426327555,,48,24,0.672842,12.743472987336045,6.2707995717136065,14.146567241978003,19.42956025966089,-0.5704397403391122
group,MiniMax-M3-Simple-Per-5,MiniMax-M3-Simple,Per-5,MiniMax-M3-Simple | Per-5,flavor_ranged_avg,Military,7.484377273072305,,48,24,0.609267,8.464446969696969,2.6056244480531356,12.864648767286848,19.312114773072306,-11.917051893594362
group,MiniMax-M3-Simple-Per-5,MiniMax-M3-Simple,Per-5,MiniMax-M3-Simple | Per-5,flavor_mobile_avg,Military,7.797140136835907,,48,24,0.607889,10.156763892773895,3.1545662410532276,12.140205694644681,19.311931803502574,-4.70890152983076
group,MiniMax-M3-Simple-Per-5,MiniMax-M3-Simple,Per-5,MiniMax-M3-Simple | Per-5,flavor_nuke_avg,Nuclear,19.34724722863682,,15,12,0.652543,25.315295,6.426259241900517,35.424519181350625,21.373767228636822,12.37376722863682
group,MiniMax-M3-Simple-Per-5,MiniMax-M3-Simple,Per-5,MiniMax-M3-Simple | Per-5,flavor_use_nuke_avg,Nuclear,21.263403206128775,,15,12,0.679329,28.15728064516129,9.84281793371908,33.26034201311218,24.449889872795442,15.116556539462106
group,MiniMax-M3-Simple-Per-5,MiniMax-M3-Simple,Per-5,MiniMax-M3-Simple | Per-5,flavor_naval_avg,Naval and air,-4.294703990351199,,48,24,0.43223,-3.340239848484849,-8.424883930356113,-0.6232039507446923,9.521935592982134,-9.540564407017866
group,MiniMax-M3-Simple-Per-5,MiniMax-M3-Simple,Per-5,MiniMax-M3-Simple | Per-5,flavor_naval_recon_avg,Naval and air,3.4985315447334457,,48,24,0.55588,6.413845454545452,0.7131183621101984,6.114234561534021,10.62915862806678,1.149991961400113
group,MiniMax-M3-Simple-Per-5,MiniMax-M3-Simple,Per-5,MiniMax-M3-Simple | Per-5,flavor_air_avg,Naval and air,-3.080071401294469,,34,21,0.469762,2.2823583333333346,-6.739427322679713,0.9531798995163592,-0.5013272836474099,-4.471915518941527
group,MiniMax-M3-Simple-Per-5,MiniMax-M3-Simple,Per-5,MiniMax-M3-Simple | Per-5,flavor_antiair_avg,Naval and air,0.1526441486869421,,34,21,0.501507,4.513820995110727,-4.0199536265266715,3.920921881036634,3.4837412075104717,-1.3691999689601169
group,MiniMax-M3-Simple-Per-5,MiniMax-M3-Simple,Per-5,MiniMax-M3-Simple | Per-5,flavor_air_carrier_avg,Naval and air,10.436361230870006,,34,21,0.616014,19.511456031746032,6.158245850222864,14.81194679002577,10.436361230870004,10.436361230870004
group,MiniMax-M3-Simple-Per-5,MiniMax-M3-Simple,Per-5,MiniMax-M3-Simple | Per-5,flavor_airlift_avg,Naval and air,7.939933952658365,,34,21,0.58939,17.543134426229507,3.7949479797541996,11.909815777289557,7.939933952658365,7.939933952658365
group,MiniMax-M3-Simple-Per-5,MiniMax-M3-Simple,Per-5,MiniMax-M3-Simple | Per-5,flavor_expansion_avg,Economy,17.977186421997867,,48,24,0.804951,20.302850868983953,12.509622578653843,23.813434228529033,37.75697808866453,-2.7430219113354664
group,MiniMax-M3-Simple-Per-5,MiniMax-M3-Simple,Per-5,MiniMax-M3-Simple | Per-5,flavor_growth_avg,Economy,-0.0026327086815632525,,48,24,0.499942,4.913585539215688,-5.184375310235939,4.588471648574172,8.708021457985103,-20.12531187534823
group,MiniMax-M3-Simple-Per-5,MiniMax-M3-Simple,Per-5,MiniMax-M3-Simple | Per-5,flavor_tile_improvement_avg,Economy,-0.9691077697789182,,48,24,0.476371,-0.005990909090904495,-4.502771230700692,2.846932555806425,8.166398480221082,-17.041934853112252
group,MiniMax-M3-Simple-Per-5,MiniMax-M3-Simple,Per-5,MiniMax-M3-Simple | Per-5,flavor_infrastructure_avg,Economy,-10.543968783191799,,48,24,0.256638,-9.998276203208558,-15.692285907381473,-5.71717503824768,-4.969168783191798,-18.55250211652513
group,MiniMax-M3-Simple-Per-5,MiniMax-M3-Simple,Per-5,MiniMax-M3-Simple | Per-5,flavor_production_avg,Economy,1.322228414735157,,48,24,0.52592,2.898959577114425,-1.3478412219509044,3.8580675398190376,12.087795081401824,-24.370538251931507
group,MiniMax-M3-Simple-Per-5,MiniMax-M3-Simple,Per-5,MiniMax-M3-Simple | Per-5,flavor_gold_avg,Economy,-14.035717412283525,,48,24,0.222778,-14.002062342135478,-18.32266440366985,-9.286751188404232,-6.21946532895019,-26.073631995616854
group,MiniMax-M3-Simple-Per-5,MiniMax-M3-Simple,Per-5,MiniMax-M3-Simple | Per-5,flavor_science_avg,Economy,-8.176678453619068,,48,24,0.338837,-9.082179545454544,-13.635035522391144,-3.243657069888904,0.9176319630475985,-27.832368036952403
group,MiniMax-M3-Simple-Per-5,MiniMax-M3-Simple,Per-5,MiniMax-M3-Simple | Per-5,flavor_culture_avg,Economy,-1.649159691506491,,48,24,0.479185,2.546866417910447,-8.552070205261753,5.443732046927149,9.968538225160176,-25.573128441506494
group,MiniMax-M3-Simple-Per-5,MiniMax-M3-Simple,Per-5,MiniMax-M3-Simple | Per-5,flavor_happiness_avg,Economy,-10.403481100886433,,48,24,0.28932,-9.35522196969697,-14.74903416992076,-6.818210769657551,-0.3771415175531014,-24.106308184219767
group,MiniMax-M3-Simple-Per-5,MiniMax-M3-Simple,Per-5,MiniMax-M3-Simple | Per-5,flavor_naval_growth_avg,Economy,0.6020665039391208,,48,24,0.509118,2.389215909090911,-2.5725681130223297,3.6631493297656936,10.062349837272453,-0.8751501627275463
group,MiniMax-M3-Simple-Per-5,MiniMax-M3-Simple,Per-5,MiniMax-M3-Simple | Per-5,flavor_naval_tile_improvement_avg,Economy,2.3034729712301965,,48,24,0.534492,5.050929194934419,-0.8737005099427934,5.574681527819804,11.773227137896862,0.9398938045635296
group,MiniMax-M3-Simple-Per-5,MiniMax-M3-Simple,Per-5,MiniMax-M3-Simple | Per-5,flavor_water_connection_avg,Economy,-0.6906085470495045,,48,24,0.488241,1.6246406709558805,-3.5423026996640714,2.2594207814150185,7.10511228628383,-1.8532210470495045
group,MiniMax-M3-Simple-Per-5,MiniMax-M3-Simple,Per-5,MiniMax-M3-Simple | Per-5,flavor_great_people_avg,Other,0.20636857808591177,,48,24,0.503032,1.5330160037878784,-4.030400073582009,4.1120703614943945,9.928443578085913,-20.44655642191409
group,MiniMax-M3-Simple-Per-5,MiniMax-M3-Simple,Per-5,MiniMax-M3-Simple | Per-5,flavor_wonder_avg,Other,14.88292243734501,,48,24,0.652486,18.972869633450394,6.596853404523425,22.40276089740022,30.91143285401168,-7.421900479321654
group,MiniMax-M3-Simple-Per-5,MiniMax-M3-Simple,Per-5,MiniMax-M3-Simple | Per-5,flavor_religion_avg,Other,9.005940177670444,,48,24,0.627304,10.324297388059701,4.037895403683764,13.91393429320644,19.70301934433711,-5.880313988996224
group,MiniMax-M3-Simple-Per-5,MiniMax-M3-Simple,Per-5,MiniMax-M3-Simple | Per-5,flavor_diplomacy_avg,Other,-17.96229362856602,,48,24,0.247811,-18.75526501582994,-23.120088019348163,-13.347969260285302,-5.597112378566021,-28.826279045232685
group,MiniMax-M3-Simple-Per-5,MiniMax-M3-Simple,Per-5,MiniMax-M3-Simple | Per-5,flavor_espionage_avg,Other,-7.85883539371801,,48,24,0.37477,-5.4622857620320815,-10.37277733994402,-5.236812526451692,7.936502106281989,-12.417664560384678
group,MiniMax-M3-Simple-Per-5,MiniMax-M3-Simple,Per-5,MiniMax-M3-Simple | Per-5,flavor_spaceship_avg,Other,-3.429784584834444,,48,24,0.462444,-1.7016961538461501,-8.092530961797198,1.238456360833811,10.592446665165555,-7.365886668167778
group,Nemotron-3-Super-Simple,Nemotron-3-Super-Simple,Every-turn,Nemotron-3-Super-Simple | Every-turn,flavor_offense_avg,Military,-0.38059685401239357,,48,24,0.496186,-3.3707439393939396,-4.757707623955345,4.362579808734541,43.854161479320936,-33.54167185401239
group,Nemotron-3-Super-Simple,Nemotron-3-Super-Simple,Every-turn,Nemotron-3-Super-Simple | Every-turn,flavor_defense_avg,Military,-2.700473285061456,,48,24,0.453281,-5.83157196969697,-6.5529189190220976,1.4627203370007742,35.68971213160521,-48.87278786839479
group,Nemotron-3-Super-Simple,Nemotron-3-Super-Simple,Every-turn,Nemotron-3-Super-Simple | Every-turn,flavor_city_defense_avg,Military,0.7162510065127545,,48,24,0.512819,0.7436734848484896,-3.1661806381880933,4.6548369445004685,38.00753017317942,-44.32580316015392
group,Nemotron-3-Super-Simple,Nemotron-3-Super-Simple,Every-turn,Nemotron-3-Super-Simple | Every-turn,flavor_mobilization_avg,Military,2.117167065403643,,48,24,0.526088,0.6511148349163278,-2.056258231096283,5.797271942492117,44.400448315403644,-40.224551684596356
group,Nemotron-3-Super-Simple,Nemotron-3-Super-Simple,Every-turn,Nemotron-3-Super-Simple | Every-turn,flavor_military_training_avg,Military,4.026871761160237,,48,24,0.553594,3.726458152419717,0.750965490516301,7.612434920666696,38.3197759278269,-46.15939073883976
group,Nemotron-3-Super-Simple,Nemotron-3-Super-Simple,Every-turn,Nemotron-3-Super-Simple | Every-turn,flavor_recon_avg,Military,16.35197484299422,,48,24,0.777118,13.779848819073084,11.481848671277197,21.86715506077418,52.97122692632755,-30.23710640700578
group,Nemotron-3-Super-Simple,Nemotron-3-Super-Simple,Every-turn,Nemotron-3-Super-Simple | Every-turn,flavor_ranged_avg,Military,-11.622776893594363,,48,24,0.330315,-14.748980303030299,-16.088726060693144,-6.945104235800467,24.999614773072306,-44.79205189359436
group,Nemotron-3-Super-Simple,Nemotron-3-Super-Simple,Every-turn,Nemotron-3-Super-Simple | Every-turn,flavor_mobile_avg,Military,-6.730659863164093,,48,24,0.406868,-8.23684848484848,-11.401674828058432,-1.6529645933086747,30.082765136835906,-37.52140152983076
group,Nemotron-3-Super-Simple,Nemotron-3-Super-Simple,Every-turn,Nemotron-3-Super-Simple | Every-turn,flavor_nuke_avg,Nuclear,-24.42143964208742,,15,12,0.307449,-27.039350000000002,-29.32228683207256,-18.890212610212096,-19.86032630875409,-29.19365964208742
group,Nemotron-3-Super-Simple,Nemotron-3-Super-Simple,Every-turn,Nemotron-3-Super-Simple | Every-turn,flavor_use_nuke_avg,Nuclear,-19.41453821015166,,15,12,0.336264,-19.95715789473684,-23.62290070752184,-14.938033613825286,-17.16453821015166,-22.497871543484997
group,Nemotron-3-Super-Simple,Nemotron-3-Super-Simple,Every-turn,Nemotron-3-Super-Simple | Every-turn,flavor_naval_avg,Naval and air,-10.219699823684534,,48,24,0.338733,-9.1850931344697,-15.19214212843617,-5.0043528641050505,35.251102259648796,-42.95723107368453
group,Nemotron-3-Super-Simple,Nemotron-3-Super-Simple,Every-turn,Nemotron-3-Super-Simple | Every-turn,flavor_naval_recon_avg,Naval and air,-10.909576788599887,,48,24,0.325748,-16.17805062937063,-16.255163607287642,-4.852018906101285,35.10832529473345,-35.68334137193322
group,Nemotron-3-Super-Simple,Nemotron-3-Super-Simple,Every-turn,Nemotron-3-Super-Simple | Every-turn,flavor_air_avg,Naval and air,-20.925237965710924,,38,23,0.294569,-29.61893225806452,-27.457203635978342,-13.729253864212444,3.2936725606048647,-37.83790638676356
group,Nemotron-3-Super-Simple,Nemotron-3-Super-Simple,Every-turn,Nemotron-3-Super-Simple | Every-turn,flavor_antiair_avg,Naval and air,-30.435189789547053,,38,23,0.19962,-33.04149608294931,-34.32913938630695,-26.605101363216026,-10.797108210599683,-39.612897684283894
group,Nemotron-3-Super-Simple,Nemotron-3-Super-Simple,Every-turn,Nemotron-3-Super-Simple | Every-turn,flavor_air_carrier_avg,Naval and air,-19.594479026445114,,38,23,0.282182,-24.287206829100892,-22.820577974238912,-16.154831573978626,-10.68467113170827,-25.158355342234586
group,Nemotron-3-Super-Simple,Nemotron-3-Super-Simple,Every-turn,Nemotron-3-Super-Simple | Every-turn,flavor_airlift_avg,Naval and air,-24.603108596629983,,38,23,0.223011,-27.348237288135593,-27.292233708856436,-21.738338692588407,-18.281153333472094,-28.281153333472094
group,Nemotron-3-Super-Simple,Nemotron-3-Super-Simple,Every-turn,Nemotron-3-Super-Simple | Every-turn,flavor_expansion_avg,Economy,6.5487135053312,,48,24,0.611087,5.852939976689978,2.7371431974290417,10.943018313400898,57.673644755331196,-37.11802191133547
group,Nemotron-3-Super-Simple,Nemotron-3-Super-Simple,Every-turn,Nemotron-3-Super-Simple | Every-turn,flavor_growth_avg,Economy,6.025902707985101,,48,24,0.633344,5.4312212121212085,3.8700477863632825,8.206547578502258,32.99968812465177,-39.70864520868157
group,Nemotron-3-Super-Simple,Nemotron-3-Super-Simple,Every-turn,Nemotron-3-Super-Simple | Every-turn,flavor_tile_improvement_avg,Economy,7.701381813554414,,48,24,0.687774,7.56030075757576,5.058506446942505,10.457957599592275,35.97889848022108,-35.52110151977892
group,Nemotron-3-Super-Simple,Nemotron-3-Super-Simple,Every-turn,Nemotron-3-Super-Simple | Every-turn,flavor_infrastructure_avg,Economy,9.50242288347487,,48,24,0.719322,9.978551818181817,6.728307344297102,12.153325316273094,35.82249788347487,-31.260835449858465
group,Nemotron-3-Super-Simple,Nemotron-3-Super-Simple,Every-turn,Nemotron-3-Super-Simple | Every-turn,flavor_production_avg,Economy,9.52193049806849,,48,24,0.686664,10.530638030303024,8.101423288043906,11.036999974874222,23.129461748068493,-30.349704918598174
group,Nemotron-3-Super-Simple,Nemotron-3-Super-Simple,Every-turn,Nemotron-3-Super-Simple | Every-turn,flavor_gold_avg,Economy,12.941695087716477,,48,24,0.755613,13.998842420814476,11.327979247127729,14.533492279388646,30.03053467104981,-33.19863199561686
group,Nemotron-3-Super-Simple,Nemotron-3-Super-Simple,Every-turn,Nemotron-3-Super-Simple | Every-turn,flavor_science_avg,Economy,7.759809046380933,,48,24,0.652946,9.41207855042967,5.8641690641574975,9.704711643515486,23.62596529638093,-34.81153470361907
group,Nemotron-3-Super-Simple,Nemotron-3-Super-Simple,Every-turn,Nemotron-3-Super-Simple | Every-turn,flavor_culture_avg,Economy,14.964819475160175,,48,24,0.688882,14.058283582089551,11.88522408151049,18.05219727876016,34.69770489182684,-32.906461774839826
group,Nemotron-3-Super-Simple,Nemotron-3-Super-Simple,Every-turn,Nemotron-3-Super-Simple | Every-turn,flavor_happiness_avg,Economy,11.4974897324469,,48,24,0.732834,11.924737054367206,9.645788045899481,13.316151610588875,29.6228584824469,-30.89797485088643
group,Nemotron-3-Super-Simple,Nemotron-3-Super-Simple,Every-turn,Nemotron-3-Super-Simple | Every-turn,flavor_naval_growth_avg,Economy,-14.128787662727547,,48,24,0.286023,-18.999997331002334,-19.59619923410405,-8.521375126921106,29.85401650393912,-36.18765016272754
group,Nemotron-3-Super-Simple,Nemotron-3-Super-Simple,Every-turn,Nemotron-3-Super-Simple | Every-turn,flavor_naval_tile_improvement_avg,Economy,-11.80803744543647,,48,24,0.323187,-17.65096476689977,-18.199230512860794,-5.640164018205829,29.37739380456353,-34.68510619543647
group,Nemotron-3-Super-Simple,Nemotron-3-Super-Simple,Every-turn,Nemotron-3-Super-Simple | Every-turn,flavor_water_connection_avg,Economy,-11.039014797049505,,48,24,0.312046,-10.43608637529137,-15.708993505605635,-6.252108396709123,20.021778952950495,-35.70738771371617
group,Nemotron-3-Super-Simple,Nemotron-3-Super-Simple,Every-turn,Nemotron-3-Super-Simple | Every-turn,flavor_great_people_avg,Other,14.19334357808591,,48,24,0.708556,14.196331417112294,11.98631951890171,16.301798587420343,34.13677691141925,-31.071556421914085
group,Nemotron-3-Super-Simple,Nemotron-3-Super-Simple,Every-turn,Nemotron-3-Super-Simple | Every-turn,flavor_wonder_avg,Other,26.155812020678344,,48,24,0.767984,29.494419696969697,20.273354548858507,32.11078224117358,52.57809952067834,-23.77606714598832
group,Nemotron-3-Super-Simple,Nemotron-3-Super-Simple,Every-turn,Nemotron-3-Super-Simple | Every-turn,flavor_religion_avg,Other,0.09201726100377705,,48,24,0.501301,1.1913287878787884,-4.882887541504116,4.516856270161419,37.41135267767044,-33.31781398899622
group,Nemotron-3-Super-Simple,Nemotron-3-Super-Simple,Every-turn,Nemotron-3-Super-Simple | Every-turn,flavor_diplomacy_avg,Other,8.146656371433979,,48,24,0.614379,8.508797016317015,5.41695841336592,10.968610781475068,31.361220954767315,-44.15961237856602
group,Nemotron-3-Super-Simple,Nemotron-3-Super-Simple,Every-turn,Nemotron-3-Super-Simple | Every-turn,flavor_espionage_avg,Other,-9.75258539371801,,48,24,0.344594,-7.957841212121213,-15.131702874504967,-5.155679296205284,39.561502106281985,-48.563497893718015
group,Nemotron-3-Super-Simple,Nemotron-3-Super-Simple,Every-turn,Nemotron-3-Super-Simple | Every-turn,flavor_spaceship_avg,Other,-19.933742918167777,,48,24,0.281729,-22.78776742424242,-25.1155419006511,-14.851904630686466,27.675779998498893,-40.34505333483444
group,Nemotron-3-Super-Simple-Per-5,Nemotron-3-Super-Simple,Per-5,Nemotron-3-Super-Simple | Per-5,flavor_offense_avg,Military,-0.16822602067906,,48,24,0.498314,-1.7249255992763484,-4.132550977798236,4.240613738547609,35.41666147932094,-32.18750518734573
group,Nemotron-3-Super-Simple-Per-5,Nemotron-3-Super-Simple,Per-5,Nemotron-3-Super-Simple | Per-5,flavor_defense_avg,Military,-5.940198285061456,,48,24,0.397233,-6.237574020979025,-9.824338696031507,-2.0269338690356196,28.085545464938544,-37.12278786839479
group,Nemotron-3-Super-Simple-Per-5,Nemotron-3-Super-Simple,Per-5,Nemotron-3-Super-Simple | Per-5,flavor_city_defense_avg,Military,-1.6489010768205798,,48,24,0.47049,-1.5065892808683898,-5.785765319817579,2.352559811624481,28.424196839846086,-31.36746982682058
group,Nemotron-3-Super-Simple-Per-5,Nemotron-3-Super-Simple,Per-5,Nemotron-3-Super-Simple | Per-5,flavor_mobilization_avg,Military,1.1108191487369752,,48,24,0.513688,1.2497334124830282,-3.6151536381260603,5.562860331463161,37.31711498207031,-36.07871835126303
group,Nemotron-3-Super-Simple-Per-5,Nemotron-3-Super-Simple,Per-5,Nemotron-3-Super-Simple | Per-5,flavor_military_training_avg,Military,2.8168634278269025,,48,24,0.53749,3.5188183401175976,-1.5917891833985933,7.730422408467661,31.340609261160235,-33.34689073883977
group,Nemotron-3-Super-Simple-Per-5,Nemotron-3-Super-Simple,Per-5,Nemotron-3-Super-Simple | Per-5,flavor_recon_avg,Military,14.096426926327553,,48,24,0.738893,14.629946969696967,10.813894003124016,17.43113624442363,45.36706025966089,-21.82043974033911
group,Nemotron-3-Super-Simple-Per-5,Nemotron-3-Super-Simple,Per-5,Nemotron-3-Super-Simple | Per-5,flavor_ranged_avg,Military,-11.274924810261028,,48,24,0.335394,-11.19520131701632,-14.424634241029954,-8.04318803127673,13.957948106405638,-35.8753852269277
group,Nemotron-3-Super-Simple-Per-5,Nemotron-3-Super-Simple,Per-5,Nemotron-3-Super-Simple | Per-5,flavor_mobile_avg,Military,-4.0359515298307596,,48,24,0.444154,-3.085238636363634,-7.3305782454804795,-0.8800274002078622,21.228598470169242,-28.708901529830758
group,Nemotron-3-Super-Simple-Per-5,Nemotron-3-Super-Simple,Per-5,Nemotron-3-Super-Simple | Per-5,flavor_nuke_avg,Nuclear,-19.275052661068322,,10,9,0.348026,-23.093967927631578,-30.686963829874482,-7.827467659810084,-18.08977266106832,-22.28977266106832
group,Nemotron-3-Super-Simple-Per-5,Nemotron-3-Super-Simple,Per-5,Nemotron-3-Super-Simple | Per-5,flavor_use_nuke_avg,Nuclear,-14.636170855420053,,10,9,0.376563,-19.27415,-26.107871638856402,-3.367173400477741,-13.450890855420052,-17.65089085542005
group,Nemotron-3-Super-Simple-Per-5,Nemotron-3-Super-Simple,Per-5,Nemotron-3-Super-Simple | Per-5,flavor_naval_avg,Naval and air,-6.462799823684532,,48,24,0.398017,-8.400554701426024,-12.0184506951159,-0.7231782181786487,26.709435592982132,-33.123897740351204
group,Nemotron-3-Super-Simple-Per-5,Nemotron-3-Super-Simple,Per-5,Nemotron-3-Super-Simple | Per-5,flavor_naval_recon_avg,Naval and air,-5.584222621933219,,48,24,0.410807,-8.305195522388056,-11.327035042855476,0.24221637782284813,26.56665862806678,-28.162508038599885
group,Nemotron-3-Super-Simple-Per-5,Nemotron-3-Super-Simple,Per-5,Nemotron-3-Super-Simple | Per-5,flavor_air_avg,Naval and air,-29.8486597543798,,40,23,0.206964,-33.84704263038549,-32.83446128070304,-26.78656643683828,-21.629294754379796,-35.9292947543798
group,Nemotron-3-Super-Simple-Per-5,Nemotron-3-Super-Simple,Per-5,Nemotron-3-Super-Simple | Per-5,flavor_antiair_avg,Naval and air,-35.389647685435804,,40,23,0.150722,-38.78582828341014,-37.773752787010054,-33.07471766510766,-31.850072685435798,-37.6500726854358
group,Nemotron-3-Super-Simple-Per-5,Nemotron-3-Super-Simple,Per-5,Nemotron-3-Super-Simple | Per-5,flavor_air_carrier_avg,Naval and air,-21.903806358950277,,40,23,0.25651,-24.92673880597015,-23.94073716176393,-19.55804303382189,-19.582856358950277,-24.257856358950278
group,Nemotron-3-Super-Simple-Per-5,Nemotron-3-Super-Simple,Per-5,Nemotron-3-Super-Simple | Per-5,flavor_airlift_avg,Naval and air,-24.407281962681267,,40,23,0.225216,-27.54334181818182,-26.383756232702858,-22.120903970426028,-22.83802446268127,-26.638024462681265
group,Nemotron-3-Super-Simple-Per-5,Nemotron-3-Super-Simple,Per-5,Nemotron-3-Super-Simple | Per-5,flavor_expansion_avg,Economy,6.969848921997866,,48,24,0.618231,7.089989488636363,3.758414616000755,10.464123499622913,52.361144755331196,-34.1388552446688
group,Nemotron-3-Super-Simple-Per-5,Nemotron-3-Super-Simple,Per-5,Nemotron-3-Super-Simple | Per-5,flavor_growth_avg,Economy,4.661017291318436,,48,24,0.603142,5.531495223880597,2.039391610774484,7.391680665101556,29.24968812465177,-26.68781187534823
group,Nemotron-3-Super-Simple-Per-5,Nemotron-3-Super-Simple,Per-5,Nemotron-3-Super-Simple | Per-5,flavor_tile_improvement_avg,Economy,8.772365146887749,,48,24,0.713887,9.166417715617712,6.210611570675535,11.356801836158386,31.708065146887748,-21.729434853112252
group,Nemotron-3-Super-Simple-Per-5,Nemotron-3-Super-Simple,Per-5,Nemotron-3-Super-Simple | Per-5,flavor_infrastructure_avg,Economy,6.8867812168082025,,48,24,0.658952,7.5579369402985,4.273600282097737,9.332137275066861,29.572497883474867,-23.3441687831918
group,Nemotron-3-Super-Simple-Per-5,Nemotron-3-Super-Simple,Per-5,Nemotron-3-Super-Simple | Per-5,flavor_production_avg,Economy,7.048357581401825,,48,24,0.638173,8.137369696969692,4.821228540581212,9.046276452750483,21.775295081401826,-23.01637158526484
group,Nemotron-3-Super-Simple-Per-5,Nemotron-3-Super-Simple,Per-5,Nemotron-3-Super-Simple | Per-5,flavor_gold_avg,Economy,8.472430504383142,,48,24,0.66734,10.768478787878784,5.488068980528196,11.091873330524605,28.676368004383146,-24.86529866228352
group,Nemotron-3-Super-Simple-Per-5,Nemotron-3-Super-Simple,Per-5,Nemotron-3-Super-Simple | Per-5,flavor_science_avg,Economy,5.177750713047599,,48,24,0.602054,5.678343248663104,2.7983609238957525,7.498812737750107,23.105131963047597,-30.644868036952403
group,Nemotron-3-Super-Simple-Per-5,Nemotron-3-Super-Simple,Per-5,Nemotron-3-Super-Simple | Per-5,flavor_culture_avg,Economy,4.581052808493509,,48,24,0.557821,5.136020303030303,0.21351012796907787,8.573515678968668,26.88520489182684,-29.98979510817316
group,Nemotron-3-Super-Simple-Per-5,Nemotron-3-Super-Simple,Per-5,Nemotron-3-Super-Simple | Per-5,flavor_happiness_avg,Economy,5.713152232446898,,48,24,0.615696,6.2011908422459925,3.5864768760897787,7.752162863321079,28.78952514911357,-27.981308184219767
group,Nemotron-3-Super-Simple-Per-5,Nemotron-3-Super-Simple,Per-5,Nemotron-3-Super-Simple | Per-5,flavor_naval_growth_avg,Economy,-8.221429329394214,,48,24,0.375488,-13.16126060606061,-14.608553312939831,-2.1707103249639483,24.54151650393912,-27.79181682939421
group,Nemotron-3-Super-Simple-Per-5,Nemotron-3-Super-Simple,Per-5,Nemotron-3-Super-Simple | Per-5,flavor_naval_tile_improvement_avg,Economy,-6.891570778769804,,48,24,0.396806,-14.8606256561086,-12.618063373030328,-0.48695681766663207,25.31489380456353,-26.18510619543647
group,Nemotron-3-Super-Simple-Per-5,Nemotron-3-Super-Simple,Per-5,Nemotron-3-Super-Simple | Per-5,flavor_water_connection_avg,Economy,-4.026648130382838,,48,24,0.431441,-3.9832910447761236,-8.36928645403285,0.045156959401677334,14.084278952950497,-22.103221047049505
group,Nemotron-3-Super-Simple-Per-5,Nemotron-3-Super-Simple,Per-5,Nemotron-3-Super-Simple | Per-5,flavor_great_people_avg,Other,10.051774828085913,,48,24,0.6477,11.408418181818174,7.435658684645146,12.526299469305247,31.949276911419247,-22.946556421914085
group,Nemotron-3-Super-Simple-Per-5,Nemotron-3-Super-Simple,Per-5,Nemotron-3-Super-Simple | Per-5,flavor_wonder_avg,Other,21.269087020678345,,48,24,0.717917,23.216339793678664,17.88538955795795,24.993212124859006,47.994766187345014,-16.484400479321653
group,Nemotron-3-Super-Simple-Per-5,Nemotron-3-Super-Simple,Per-5,Nemotron-3-Super-Simple | Per-5,flavor_religion_avg,Other,-3.9458535723295562,,48,24,0.444223,-8.955616538461538,-7.978082247477703,0.20719803239062898,22.30718601100378,-29.25531398899622
group,Nemotron-3-Super-Simple-Per-5,Nemotron-3-Super-Simple,Per-5,Nemotron-3-Super-Simple | Per-5,flavor_diplomacy_avg,Other,0.27211470476731164,,48,24,0.50382,2.311635606060605,-3.2704239319332644,3.6297487137231452,27.507054288100647,-35.93044571189935
group,Nemotron-3-Super-Simple-Per-5,Nemotron-3-Super-Simple,Per-5,Nemotron-3-Super-Simple | Per-5,flavor_espionage_avg,Other,-9.018158310384676,,48,24,0.356297,-9.242741757123472,-12.742829103106915,-5.512233118405176,30.70733543961532,-39.813497893718015
group,Nemotron-3-Super-Simple-Per-5,Nemotron-3-Super-Simple,Per-5,Nemotron-3-Super-Simple | Per-5,flavor_spaceship_avg,Other,-10.03578250150111,,48,24,0.39011,-15.417929545454545,-15.138388374762235,-4.862410050460444,28.404946665165557,-31.490886668167775
group,Opus-5.5-Simple-Per-5,Opus-5.5-Simple,Per-5,Opus-5.5-Simple | Per-5,flavor_offense_avg,Military,-5.368971854012393,,48,24,0.446191,-3.589092424242425,-7.740708595612269,-2.640649166850861,24.999994812654275,-26.791671854012392
group,Opus-5.5-Simple-Per-5,Opus-5.5-Simple,Per-5,Opus-5.5-Simple | Per-5,flavor_defense_avg,Military,-3.281000368394789,,48,24,0.443238,-2.2646834124830413,-6.209448367310263,-0.8210250334890202,20.418878798271876,-24.956121201728124
group,Opus-5.5-Simple-Per-5,Opus-5.5-Simple,Per-5,Opus-5.5-Simple | Per-5,flavor_city_defense_avg,Military,1.6186447565127537,,48,24,0.528968,2.197300870646764,-0.7056971290119426,3.864135083909757,23.986696839846086,-15.42996982682058
group,Opus-5.5-Simple-Per-5,Opus-5.5-Simple,Per-5,Opus-5.5-Simple | Per-5,flavor_mobilization_avg,Military,-5.4489621012630245,,48,24,0.432857,-6.148872727272739,-8.006672264435192,-2.892923699737587,20.546281648736976,-28.766218351263024
group,Opus-5.5-Simple-Per-5,Opus-5.5-Simple,Per-5,Opus-5.5-Simple | Per-5,flavor_military_training_avg,Military,-8.319305322173097,,48,24,0.389278,-8.002767639077337,-10.542817698695531,-5.716861718566378,5.028109261160236,-23.1802240721731
group,Opus-5.5-Simple-Per-5,Opus-5.5-Simple,Per-5,Opus-5.5-Simple | Per-5,flavor_recon_avg,Military,-23.103508490339113,,48,24,0.108464,-26.142772727272728,-25.721775880123378,-20.066272025490917,15.471226926327555,-34.65377307367245
group,Opus-5.5-Simple-Per-5,Opus-5.5-Simple,Per-5,Opus-5.5-Simple | Per-5,flavor_ranged_avg,Military,3.859937689738971,,48,24,0.556353,4.50248712121212,1.6677450369341573,5.895146527304717,20.395448106405638,-10.271218560261028
group,Opus-5.5-Simple-Per-5,Opus-5.5-Simple,Per-5,Opus-5.5-Simple | Per-5,flavor_mobile_avg,Military,0.23806722016924034,,48,24,0.503294,1.0978954545454513,-1.95548182443789,2.2175754054012584,10.270265136835908,-14.02140152983076
group,Opus-5.5-Simple-Per-5,Opus-5.5-Simple,Per-5,Opus-5.5-Simple | Per-5,flavor_nuke_avg,Nuclear,-4.273182485114837,,12,9,0.466308,-3.1993682748538017,-13.607696275955005,5.81555780891148,-2.979607485114837,-5.896274151781504
group,Opus-5.5-Simple-Per-5,Opus-5.5-Simple,Per-5,Opus-5.5-Simple | Per-5,flavor_use_nuke_avg,Nuclear,-8.18821416547389,,12,9,0.430943,-11.489022177419356,-15.80925131249558,2.512635243014943,-8.16178916547389,-8.245122498807222
group,Opus-5.5-Simple-Per-5,Opus-5.5-Simple,Per-5,Opus-5.5-Simple | Per-5,flavor_naval_avg,Naval and air,1.0657605929821345,,48,24,0.516818,3.5843147668997695,-1.1518555557152423,3.1413660994801997,16.3761022596488,-15.228064407017866
group,Opus-5.5-Simple-Per-5,Opus-5.5-Simple,Per-5,Opus-5.5-Simple | Per-5,flavor_naval_recon_avg,Naval and air,3.160160711400113,,48,24,0.550475,5.007602400932402,0.9386341164570203,5.06915850159306,12.337491961400113,-16.975008038599885
group,Opus-5.5-Simple-Per-5,Opus-5.5-Simple,Per-5,Opus-5.5-Simple | Per-5,flavor_air_avg,Naval and air,9.34184435114494,,42,24,0.591713,9.116303743188816,7.0577520504411115,11.451583805102647,16.96875149400208,1.2068467320973209
group,Opus-5.5-Simple-Per-5,Opus-5.5-Simple,Per-5,Opus-5.5-Simple | Per-5,flavor_antiair_avg,Naval and air,11.468324037458995,,42,24,0.613187,11.467916891100703,9.323025679784115,13.831160515153252,20.90333832317328,4.760481180316138
group,Opus-5.5-Simple-Per-5,Opus-5.5-Simple,Per-5,Opus-5.5-Simple | Per-5,flavor_air_carrier_avg,Naval and air,19.818697953932315,,42,24,0.720311,22.5632887174298,16.790912626529998,22.621219969271888,22.61801462059898,14.284681287265647
group,Opus-5.5-Simple-Per-5,Opus-5.5-Simple,Per-5,Opus-5.5-Simple | Per-5,flavor_airlift_avg,Naval and air,19.92523149307097,,42,24,0.724324,20.702091228070174,17.900339575495273,21.39592444866831,20.18745530259478,18.99697911211859
group,Opus-5.5-Simple-Per-5,Opus-5.5-Simple,Per-5,Opus-5.5-Simple | Per-5,flavor_expansion_avg,Economy,2.2399697553312,,48,24,0.537997,2.949740734265731,0.09812588917827947,4.403710270274742,51.423644755331196,-31.555521911335465
group,Opus-5.5-Simple-Per-5,Opus-5.5-Simple,Per-5,Opus-5.5-Simple | Per-5,flavor_growth_avg,Economy,-4.878743125348232,,48,24,0.392041,-5.269474626865666,-5.911393531002885,-3.91830305675472,1.8538547913184358,-13.416978542014897
group,Opus-5.5-Simple-Per-5,Opus-5.5-Simple,Per-5,Opus-5.5-Simple | Per-5,flavor_tile_improvement_avg,Economy,-3.6595056864455855,,48,24,0.410774,-3.692477250445638,-4.580354290071509,-2.7569600967124344,1.9788984802210814,-9.146101519778918
group,Opus-5.5-Simple-Per-5,Opus-5.5-Simple,Per-5,Opus-5.5-Simple | Per-5,flavor_infrastructure_avg,Economy,-10.662133366525133,,48,24,0.253911,-10.705058986013984,-11.642787178255414,-9.68467022272381,-6.906668783191798,-15.740002116525131
group,Opus-5.5-Simple-Per-5,Opus-5.5-Simple,Per-5,Opus-5.5-Simple | Per-5,flavor_production_avg,Economy,-12.805529918598173,,48,24,0.248966,-11.913001130710079,-13.802036769130778,-11.821215735058113,-0.724704918598175,-22.70387158526484
group,Opus-5.5-Simple-Per-5,Opus-5.5-Simple,Per-5,Opus-5.5-Simple | Per-5,flavor_gold_avg,Economy,-12.591121578950188,,48,24,0.251311,-12.360564789687931,-14.175733132261009,-11.067959145304227,3.6347013377164763,-22.78196532895019
group,Opus-5.5-Simple-Per-5,Opus-5.5-Simple,Per-5,Opus-5.5-Simple | Per-5,flavor_science_avg,Economy,-9.184061786952403,,48,24,0.318982,-9.504768181818186,-10.57860190732449,-7.784760016567082,7.459298629714265,-22.832368036952403
group,Opus-5.5-Simple-Per-5,Opus-5.5-Simple,Per-5,Opus-5.5-Simple | Per-5,flavor_culture_avg,Economy,0.19596530849350854,,48,24,0.502473,-0.1812137032085559,-1.980110667923125,2.260171059621018,18.80187155849351,-14.052295108173157
group,Opus-5.5-Simple-Per-5,Opus-5.5-Simple,Per-5,Opus-5.5-Simple | Per-5,flavor_happiness_avg,Economy,-7.403366517553102,,48,24,0.350075,-7.608692514699236,-8.82194142732098,-6.055340065398875,13.6228584824469,-19.960474850886435
group,Opus-5.5-Simple-Per-5,Opus-5.5-Simple,Per-5,Opus-5.5-Simple | Per-5,flavor_naval_growth_avg,Economy,9.44662900393912,,48,24,0.643067,11.453725000000002,7.581105975084875,11.041687525490518,10.749849837272455,8.395683170605787
group,Opus-5.5-Simple-Per-5,Opus-5.5-Simple,Per-5,Opus-5.5-Simple | Per-5,flavor_naval_tile_improvement_avg,Economy,12.253620887896863,,48,24,0.683485,13.02731212121212,10.578714794088311,13.757723065446712,13.231560471230196,10.835727137896862
group,Opus-5.5-Simple-Per-5,Opus-5.5-Simple,Per-5,Opus-5.5-Simple | Per-5,flavor_water_connection_avg,Economy,6.155620619617163,,48,24,0.604807,7.789372860962569,4.70633139080875,7.530416557583524,6.688445619617163,5.85511228628383
group,Opus-5.5-Simple-Per-5,Opus-5.5-Simple,Per-5,Opus-5.5-Simple | Per-5,flavor_great_people_avg,Other,-5.107487671914088,,48,24,0.424951,-5.593868438228441,-7.201558730887986,-3.2012947953273363,7.511776911419246,-16.63405642191409
group,Opus-5.5-Simple-Per-5,Opus-5.5-Simple,Per-5,Opus-5.5-Simple | Per-5,flavor_wonder_avg,Other,1.6667703540116785,,48,24,0.517077,2.0883954545454504,-1.661093741650914,5.182326958197741,22.41143285401168,-17.44273381265499
group,Opus-5.5-Simple-Per-5,Opus-5.5-Simple,Per-5,Opus-5.5-Simple | Per-5,flavor_religion_avg,Other,-0.9227910723295566,,48,24,0.486956,0.30926424906716576,-2.930485126884825,1.0441606576779447,8.223852677670443,-7.526147322329557
group,Opus-5.5-Simple-Per-5,Opus-5.5-Simple,Per-5,Opus-5.5-Simple | Per-5,flavor_diplomacy_avg,Other,-11.920549878566021,,48,24,0.332636,-12.571543283582095,-14.074076159948696,-9.943707666189182,6.069554288100645,-22.701279045232685
group,Opus-5.5-Simple-Per-5,Opus-5.5-Simple,Per-5,Opus-5.5-Simple | Per-5,flavor_espionage_avg,Other,-2.427320810384677,,48,24,0.461321,-1.7410478760045933,-3.6746994010520293,-1.1916237113431503,4.332335439615322,-3.875997893718011
group,Opus-5.5-Simple-Per-5,Opus-5.5-Simple,Per-5,Opus-5.5-Simple | Per-5,flavor_spaceship_avg,Other,8.65481124849889,,48,24,0.594769,10.17571172546359,6.671687015984818,10.802845938751643,16.48827999849889,3.4049466651655558
group,Qwen-3.5-Simple,Qwen-3.5-Simple,Every-turn,Qwen-3.5-Simple | Every-turn,flavor_offense_avg,Military,0.757707312654273,,48,24,0.507594,-5.450119787426502,-3.295443712769578,5.252517427370271,42.49999481265427,-30.541671854012392
group,Qwen-3.5-Simple,Qwen-3.5-Simple,Every-turn,Qwen-3.5-Simple | Every-turn,flavor_defense_avg,Military,2.1147746316052105,,48,24,0.536586,4.624475407239824,-0.8139662911703919,4.970213163663297,32.98137879827188,-29.24778786839479
group,Qwen-3.5-Simple,Qwen-3.5-Simple,Every-turn,Qwen-3.5-Simple | Every-turn,flavor_city_defense_avg,Military,1.9261739231794202,,48,24,0.534472,3.9676551470588244,-0.7015558569457857,4.632842707228374,31.65336350651275,-22.55496982682058
group,Qwen-3.5-Simple,Qwen-3.5-Simple,Every-turn,Qwen-3.5-Simple | Every-turn,flavor_mobilization_avg,Military,-7.111614184596358,,48,24,0.412369,-12.514456060606062,-11.784507454090615,-2.6354425977964544,28.879614982070308,-37.37038501792969
group,Qwen-3.5-Simple,Qwen-3.5-Simple,Every-turn,Qwen-3.5-Simple | Every-turn,flavor_military_training_avg,Military,-0.198217822173098,,48,24,0.497362,0.7004098484848491,-3.526302985261897,2.9988927887299965,23.215609261160235,-26.576057405506432
group,Qwen-3.5-Simple,Qwen-3.5-Simple,Every-turn,Qwen-3.5-Simple | Every-turn,flavor_recon_avg,Military,1.5775519263275546,,48,24,0.526735,0.8148198390151506,-0.4859164321322306,3.910277674105845,44.84622692632755,-27.23710640700578
group,Qwen-3.5-Simple,Qwen-3.5-Simple,Every-turn,Qwen-3.5-Simple | Every-turn,flavor_ranged_avg,Military,-1.9456331435943621,,48,24,0.471595,-2.03714908911326,-4.918854997540418,1.0457300889624144,21.66628143973897,-21.042051893594362
group,Qwen-3.5-Simple,Qwen-3.5-Simple,Every-turn,Qwen-3.5-Simple | Every-turn,flavor_mobile_avg,Military,5.972373470169241,,48,24,0.58264,3.806800757575761,2.465756889316217,9.51750433616961,29.041098470169242,-18.146401529830758
group,Qwen-3.5-Simple,Qwen-3.5-Simple,Every-turn,Qwen-3.5-Simple | Every-turn,flavor_nuke_avg,Nuclear,-2.631289373864548,,17,14,0.479254,-6.782019999999996,-14.951076039847807,10.580374213826886,9.622316508488392,-14.78944819739396
group,Qwen-3.5-Simple,Qwen-3.5-Simple,Every-turn,Qwen-3.5-Simple | Every-turn,flavor_use_nuke_avg,Nuclear,-10.118497621595377,,17,14,0.414664,-20.73436875,-21.54513665502847,2.8813042853082416,-3.1249505627718484,-17.242597621595376
group,Qwen-3.5-Simple,Qwen-3.5-Simple,Every-turn,Qwen-3.5-Simple | Every-turn,flavor_naval_avg,Naval and air,2.1982189263154672,,48,24,0.534688,3.7967514932126676,-0.4433818628299891,4.805776875460047,32.02193559298213,-19.540564407017865
group,Qwen-3.5-Simple,Qwen-3.5-Simple,Every-turn,Qwen-3.5-Simple | Every-turn,flavor_naval_recon_avg,Naval and air,3.504069044733446,,48,24,0.555968,5.05998083916084,1.288178313699859,5.883465633293591,26.045825294733447,-15.308341371933219
group,Qwen-3.5-Simple,Qwen-3.5-Simple,Every-turn,Qwen-3.5-Simple | Every-turn,flavor_air_avg,Naval and air,2.2462729485064337,,42,24,0.522053,-1.617479788557219,-2.870836736371908,8.000353353320003,20.99616104374453,-14.956219908636424
group,Qwen-3.5-Simple,Qwen-3.5-Simple,Every-turn,Qwen-3.5-Simple | Every-turn,flavor_antiair_avg,Naval and air,0.04044745272640731,,42,24,0.500399,0.6025923459779428,-5.358028921771342,5.534780984432433,23.521473643202597,-15.049954928225972
group,Qwen-3.5-Simple,Qwen-3.5-Simple,Every-turn,Qwen-3.5-Simple | Every-turn,flavor_air_carrier_avg,Naval and air,-6.2495182322557365,,42,24,0.430528,-8.430369234972677,-10.313600881944023,-2.1808196726471194,0.4318984344109311,-9.091911089398593
group,Qwen-3.5-Simple,Qwen-3.5-Simple,Every-turn,Qwen-3.5-Simple | Every-turn,flavor_airlift_avg,Naval and air,-7.239970176099759,,42,24,0.41849,-10.97639567206193,-11.278049746395718,-3.3784065075187653,-2.6697177951473785,-10.645908271337854
group,Qwen-3.5-Simple,Qwen-3.5-Simple,Every-turn,Qwen-3.5-Simple | Every-turn,flavor_expansion_avg,Economy,-0.06278441133546608,,48,24,0.498935,-1.2700500000000012,-2.1047559035188566,2.298182830073553,55.486144755331196,-37.3263552446688
group,Qwen-3.5-Simple,Qwen-3.5-Simple,Every-turn,Qwen-3.5-Simple | Every-turn,flavor_growth_avg,Economy,2.951367291318437,,48,24,0.565309,3.0082397737556548,1.6092076415174073,4.253829262659558,21.853854791318437,-18.771145208681563
group,Qwen-3.5-Simple,Qwen-3.5-Simple,Every-turn,Qwen-3.5-Simple | Every-turn,flavor_tile_improvement_avg,Economy,4.700210980221081,,48,24,0.6146,4.125057341628963,3.181145515407591,6.1805410757773025,28.374731813554416,-19.541934853112252
group,Qwen-3.5-Simple,Qwen-3.5-Simple,Every-turn,Qwen-3.5-Simple | Every-turn,flavor_infrastructure_avg,Economy,6.454645800141535,,48,24,0.648978,6.8665421791443855,5.073058283303206,7.916905412652112,28.426664550141535,-16.469168783191797
group,Qwen-3.5-Simple,Qwen-3.5-Simple,Every-turn,Qwen-3.5-Simple | Every-turn,flavor_production_avg,Economy,-5.151429918598174,,48,24,0.399014,-5.3292451266395275,-8.024293917680474,-2.277971891150082,13.962795081401824,-28.01637158526484
group,Qwen-3.5-Simple,Qwen-3.5-Simple,Every-turn,Qwen-3.5-Simple | Every-turn,flavor_gold_avg,Economy,13.129126337716476,,48,24,0.759315,13.56798560606061,11.785968465604569,14.471725678559547,29.301368004383146,-19.03196532895019
group,Qwen-3.5-Simple,Qwen-3.5-Simple,Every-turn,Qwen-3.5-Simple | Every-turn,flavor_science_avg,Economy,-4.943488870285734,,48,24,0.402564,-6.144152941176472,-7.028225944423742,-2.6097611776430214,14.396798629714263,-29.290701370285735
group,Qwen-3.5-Simple,Qwen-3.5-Simple,Every-turn,Qwen-3.5-Simple | Every-turn,flavor_culture_avg,Economy,2.6012694751601746,,48,24,0.532833,1.636891666666667,-1.4932538261339872,6.901622286732977,26.26020489182684,-26.86479510817316
group,Qwen-3.5-Simple,Qwen-3.5-Simple,Every-turn,Qwen-3.5-Simple | Every-turn,flavor_happiness_avg,Economy,9.428900149113565,,48,24,0.690944,9.592097908186346,8.354297581980179,10.445302696848966,27.53952514911357,-19.127141517553103
group,Qwen-3.5-Simple,Qwen-3.5-Simple,Every-turn,Qwen-3.5-Simple | Every-turn,flavor_naval_growth_avg,Economy,3.45130400393912,,48,24,0.552269,3.9973886476707357,1.121285971170187,5.980100896221589,18.70818317060579,-11.187650162727545
group,Qwen-3.5-Simple,Qwen-3.5-Simple,Every-turn,Qwen-3.5-Simple | Every-turn,flavor_naval_tile_improvement_avg,Economy,1.3808854712301957,,48,24,0.520677,1.66516782531194,-1.3583197201558201,4.485494941522883,16.148227137896864,-13.226772862103138
group,Qwen-3.5-Simple,Qwen-3.5-Simple,Every-turn,Qwen-3.5-Simple | Every-turn,flavor_water_connection_avg,Economy,1.8733956196171622,,48,24,0.531897,1.85418248251748,-0.424597483524608,4.136481622511206,14.084278952950497,-11.540721047049503
group,Qwen-3.5-Simple,Qwen-3.5-Simple,Every-turn,Qwen-3.5-Simple | Every-turn,flavor_great_people_avg,Other,9.443206078085911,,48,24,0.638758,10.141927480245826,7.185171193952259,11.676649695527438,27.886776911419247,-18.57155642191409
group,Qwen-3.5-Simple,Qwen-3.5-Simple,Every-turn,Qwen-3.5-Simple | Every-turn,flavor_wonder_avg,Other,3.5474995206783464,,48,24,0.536347,-2.6590195407577504,-0.6426051707151771,8.308578961922223,38.932266187345014,-25.96356714598832
group,Qwen-3.5-Simple,Qwen-3.5-Simple,Every-turn,Qwen-3.5-Simple | Every-turn,flavor_religion_avg,Other,1.284346427670443,,48,24,0.518155,-1.6835568181818186,-2.0821162127247144,5.029572722786736,36.05718601100378,-24.56781398899622
group,Qwen-3.5-Simple,Qwen-3.5-Simple,Every-turn,Qwen-3.5-Simple | Every-turn,flavor_diplomacy_avg,Other,10.186100121433979,,48,24,0.643012,12.428305303030307,6.613333241966069,13.470518059332136,30.736220954767315,-31.242945711899353
group,Qwen-3.5-Simple,Qwen-3.5-Simple,Every-turn,Qwen-3.5-Simple | Every-turn,flavor_espionage_avg,Other,3.622912522948656,,48,24,0.557731,5.3925295454545505,0.8210840427808643,6.308738409672486,37.999002106281985,-22.73016456038468
group,Qwen-3.5-Simple,Qwen-3.5-Simple,Every-turn,Qwen-3.5-Simple | Every-turn,flavor_spaceship_avg,Other,-13.943515834834443,,48,24,0.347321,-16.823169674688053,-18.318352480698863,-9.707083276260605,17.98827999849889,-37.740886668167775
group,Qwen-3.5-Simple-Per-5,Qwen-3.5-Simple,Per-5,Qwen-3.5-Simple | Per-5,flavor_offense_avg,Military,3.692618074396234,,48,24,0.537008,-1.1073640254609316,-0.5945742584957099,8.077307444249918,31.0097722410629,-24.511061092270435
group,Qwen-3.5-Simple-Per-5,Qwen-3.5-Simple,Per-5,Qwen-3.5-Simple | Per-5,flavor_defense_avg,Military,1.3717217602909653,,48,24,0.523731,2.336216176470593,-1.4320131839215682,3.9523308294024844,28.127969676957633,-23.0178636563757
group,Qwen-3.5-Simple-Per-5,Qwen-3.5-Simple,Per-5,Qwen-3.5-Simple | Per-5,flavor_city_defense_avg,Military,2.4830002981422843,,48,24,0.544438,2.571197840343732,0.04108803767479491,4.505346471977848,26.118575298142286,-14.818924701857716
group,Qwen-3.5-Simple-Per-5,Qwen-3.5-Simple,Per-5,Qwen-3.5-Simple | Per-5,flavor_mobilization_avg,Military,-4.183493910218851,,48,24,0.44845,-9.623426648841356,-8.509800651201434,0.27581846763257384,21.302616506447816,-29.739050160218852
group,Qwen-3.5-Simple-Per-5,Qwen-3.5-Simple,Per-5,Qwen-3.5-Simple | Per-5,flavor_military_training_avg,Military,2.3571600453695165,,48,24,0.531372,1.3405678030303072,-0.150349854619448,4.485225871919376,17.00300587870285,-14.351160787963815
group,Qwen-3.5-Simple-Per-5,Qwen-3.5-Simple,Per-5,Qwen-3.5-Simple | Per-5,flavor_recon_avg,Military,-0.24895961869528374,,48,24,0.495781,-0.4489374766791059,-2.3374229293801876,1.6304682928513423,30.55134871463805,-21.74031795202862
group,Qwen-3.5-Simple-Per-5,Qwen-3.5-Simple,Per-5,Qwen-3.5-Simple | Per-5,flavor_ranged_avg,Military,2.968904942459188,,48,24,0.543344,3.1153506238859165,0.9234044500592055,4.997634679206366,19.49581327579252,-10.295853390874145
group,Qwen-3.5-Simple-Per-5,Qwen-3.5-Simple,Per-5,Qwen-3.5-Simple | Per-5,flavor_mobile_avg,Military,7.724107880796654,,48,24,0.606879,5.863465151515154,4.9859562496909815,10.427434428896685,22.68686621412999,-8.458967119203345
group,Qwen-3.5-Simple-Per-5,Qwen-3.5-Simple,Per-5,Qwen-3.5-Simple | Per-5,flavor_nuke_avg,Nuclear,10.033552160702893,,13,12,0.579109,15.315294999999999,-2.3188963655885457,22.251479292308684,16.020575237625966,6.405190622241353
group,Qwen-3.5-Simple-Per-5,Qwen-3.5-Simple,Per-5,Qwen-3.5-Simple | Per-5,flavor_use_nuke_avg,Nuclear,3.807590052318618,,13,12,0.532112,-1.5222275000000032,-8.528864538053387,18.221270866759816,10.029105436934003,-1.8939714861429207
group,Qwen-3.5-Simple-Per-5,Qwen-3.5-Simple,Per-5,Qwen-3.5-Simple | Per-5,flavor_naval_avg,Naval and air,5.421811057995317,,48,24,0.585556,5.8458695409982155,3.834291389798286,7.030950421522012,26.48806730799532,-9.657766025338015
group,Qwen-3.5-Simple-Per-5,Qwen-3.5-Simple,Per-5,Qwen-3.5-Simple | Per-5,flavor_naval_recon_avg,Naval and air,7.587990263875696,,48,24,0.621198,7.803883689839573,5.431660470995142,9.47502544492445,17.800290263875695,-4.074709736124304
group,Qwen-3.5-Simple-Per-5,Qwen-3.5-Simple,Per-5,Qwen-3.5-Simple | Per-5,flavor_air_avg,Naval and air,6.210085895908769,,42,24,0.560967,6.9933277114427845,2.0259621421293788,10.329090851121748,20.162297800670675,-3.647226008853136
group,Qwen-3.5-Simple-Per-5,Qwen-3.5-Simple,Per-5,Qwen-3.5-Simple | Per-5,flavor_antiair_avg,Naval and air,9.522063252319949,,42,24,0.593978,9.213669491525426,5.663933607691766,14.232241792326521,23.371329918986618,1.7046632523199496
group,Qwen-3.5-Simple-Per-5,Qwen-3.5-Simple,Per-5,Qwen-3.5-Simple | Per-5,flavor_air_carrier_avg,Naval and air,11.572077092720724,,42,24,0.628639,14.504350073691967,7.325464858800803,15.181262675335168,13.96106994986358,8.96106994986358
group,Qwen-3.5-Simple-Per-5,Qwen-3.5-Simple,Per-5,Qwen-3.5-Simple | Per-5,flavor_airlift_avg,Naval and air,10.405534079159962,,42,24,0.617149,13.539670782019703,6.246450676633636,14.253945106300243,13.710074555350436,7.400550745826629
group,Qwen-3.5-Simple-Per-5,Qwen-3.5-Simple,Per-5,Qwen-3.5-Simple | Per-5,flavor_expansion_avg,Economy,2.0451476285022494,,48,24,0.534692,0.18890528041610466,-0.07373604031216423,4.4391331449386735,50.304483045168915,-34.79968362149775
group,Qwen-3.5-Simple-Per-5,Qwen-3.5-Simple,Per-5,Qwen-3.5-Simple | Per-5,flavor_growth_avg,Economy,1.1452663000175591,,48,24,0.525343,0.6023687878787847,0.10834476038951645,2.1614498282478696,16.544389216684227,-14.497277449982441
group,Qwen-3.5-Simple-Per-5,Qwen-3.5-Simple,Per-5,Qwen-3.5-Simple | Per-5,flavor_tile_improvement_avg,Economy,2.955365615498488,,48,24,0.572057,3.4164177807486666,1.6600603542919559,4.138088615201782,19.381430198831822,-16.972736467834846
group,Qwen-3.5-Simple-Per-5,Qwen-3.5-Simple,Per-5,Qwen-3.5-Simple | Per-5,flavor_infrastructure_avg,Economy,2.8854017771914457,,48,24,0.566597,2.214963391265595,1.7567103168241887,3.9894698850357506,18.19773511052478,-14.510598222808554
group,Qwen-3.5-Simple-Per-5,Qwen-3.5-Simple,Per-5,Qwen-3.5-Simple | Per-5,flavor_production_avg,Economy,-8.261207414199873,,48,24,0.338051,-10.830336363636363,-10.672372798773221,-5.90010848098251,5.780650919133461,-26.198515747533207
group,Qwen-3.5-Simple-Per-5,Qwen-3.5-Simple,Per-5,Qwen-3.5-Simple | Per-5,flavor_gold_avg,Economy,7.198976957656686,,48,24,0.642188,7.409700000000001,5.756617183441095,8.817633588529786,25.378264457656687,-18.059235542343313
group,Qwen-3.5-Simple-Per-5,Qwen-3.5-Simple,Per-5,Qwen-3.5-Simple | Per-5,flavor_science_avg,Economy,-7.811130488791565,,48,24,0.346042,-9.09692900570677,-9.433626764816385,-5.858048610593739,9.212375761208435,-26.725124238791565
group,Qwen-3.5-Simple-Per-5,Qwen-3.5-Simple,Per-5,Qwen-3.5-Simple | Per-5,flavor_culture_avg,Economy,2.891749705601072,,48,24,0.536499,-0.6829762923351268,-1.3093893309320839,7.376934317104528,20.757639288934406,-22.992360711065597
group,Qwen-3.5-Simple-Per-5,Qwen-3.5-Simple,Per-5,Qwen-3.5-Simple | Per-5,flavor_happiness_avg,Economy,6.924859528059272,,48,24,0.640235,7.070523484848486,5.95018427596253,7.850419941392351,24.833467861392606,-19.645698805274062
group,Qwen-3.5-Simple-Per-5,Qwen-3.5-Simple,Per-5,Qwen-3.5-Simple | Per-5,flavor_naval_growth_avg,Economy,8.649661089152467,,48,24,0.630997,8.497738636363636,7.149389041700953,10.031827250478294,14.1945131724858,0.23617983915246685
group,Qwen-3.5-Simple-Per-5,Qwen-3.5-Simple,Per-5,Qwen-3.5-Simple | Per-5,flavor_naval_tile_improvement_avg,Economy,8.438625226665987,,48,24,0.62636,9.802423111888114,6.8813710968781905,10.047328504811555,14.136350226665988,1.011350226665988
group,Qwen-3.5-Simple-Per-5,Qwen-3.5-Simple,Per-5,Qwen-3.5-Simple | Per-5,flavor_water_connection_avg,Economy,5.666627402229591,,48,24,0.596482,6.244632066590128,4.0027927011301685,7.174151388772742,10.070335735562924,-0.5546642644370752
group,Qwen-3.5-Simple-Per-5,Qwen-3.5-Simple,Per-5,Qwen-3.5-Simple | Per-5,flavor_great_people_avg,Other,7.047914219008,,48,24,0.603561,6.727648529411773,4.852163451492059,9.320484157186097,21.665666302341336,-16.771833697658668
group,Qwen-3.5-Simple-Per-5,Qwen-3.5-Simple,Per-5,Qwen-3.5-Simple | Per-5,flavor_wonder_avg,Other,10.195429801368983,,48,24,0.604459,5.673261864801866,4.782324032030166,15.5544808304955,35.162017301368984,-17.962982698631016
group,Qwen-3.5-Simple-Per-5,Qwen-3.5-Simple,Per-5,Qwen-3.5-Simple | Per-5,flavor_religion_avg,Other,3.9179342097884997,,48,24,0.555382,3.6743196969697003,1.4495151022613075,6.382242968249811,26.708930043121835,-16.728569956878168
group,Qwen-3.5-Simple-Per-5,Qwen-3.5-Simple,Per-5,Qwen-3.5-Simple | Per-5,flavor_diplomacy_avg,Other,1.4376926095040174,,48,24,0.520185,4.830189721845322,-1.9536879451652838,4.514152859500913,26.78594260950402,-28.21405739049598
group,Qwen-3.5-Simple-Per-5,Qwen-3.5-Simple,Per-5,Qwen-3.5-Simple | Per-5,flavor_espionage_avg,Other,4.134239756857134,,48,24,0.565879,4.812622459893053,1.3351250885032047,6.585025123262586,29.09426059019047,-10.593239409809533
group,Qwen-3.5-Simple-Per-5,Qwen-3.5-Simple,Per-5,Qwen-3.5-Simple | Per-5,flavor_spaceship_avg,Other,-6.254020205517375,,48,24,0.43152,-5.6350044210764345,-10.260722777836754,-2.468450759774259,14.333419377815957,-29.104080622184043
group,Qwen-3.6-27B-Simple,Qwen-3.6-27B-Simple,Every-turn,Qwen-3.6-27B-Simple | Every-turn,flavor_offense_avg,Military,-4.166328104012394,,48,24,0.458244,-8.671402657342657,-10.328247264710521,1.1112900237894212,48.229161479320936,-35.06250518734573
group,Qwen-3.6-27B-Simple,Qwen-3.6-27B-Simple,Every-turn,Qwen-3.6-27B-Simple | Every-turn,flavor_defense_avg,Military,-0.16420245172812287,,48,24,0.497159,2.3426106060606067,-3.579641363875782,3.0065674196253123,35.58554546493854,-43.831121201728116
group,Qwen-3.6-27B-Simple,Qwen-3.6-27B-Simple,Every-turn,Qwen-3.6-27B-Simple | Every-turn,flavor_city_defense_avg,Military,-0.7872844101539137,,48,24,0.48591,1.8967117201426014,-4.215714173592388,2.546938943851044,36.54919683984608,-44.596636493487246
group,Qwen-3.6-27B-Simple,Qwen-3.6-27B-Simple,Every-turn,Qwen-3.6-27B-Simple | Every-turn,flavor_mobilization_avg,Military,1.1694691487369753,,48,24,0.51441,-0.9074053030303055,-4.794116372286854,7.302129320404716,47.42128164873697,-41.12038501792969
group,Qwen-3.6-27B-Simple,Qwen-3.6-27B-Simple,Every-turn,Qwen-3.6-27B-Simple | Every-turn,flavor_military_training_avg,Military,-8.743828238839763,,48,24,0.383628,-6.7502621212121205,-13.752427175519939,-3.74445245996271,31.4447759278269,-45.763557405506425
group,Qwen-3.6-27B-Simple,Qwen-3.6-27B-Simple,Every-turn,Qwen-3.6-27B-Simple | Every-turn,flavor_recon_avg,Military,-18.406648073672446,,48,24,0.188062,-18.019789490950224,-20.255381282653843,-16.60226864196956,41.61706025966089,-39.25793974033911
group,Qwen-3.6-27B-Simple,Qwen-3.6-27B-Simple,Every-turn,Qwen-3.6-27B-Simple | Every-turn,flavor_ranged_avg,Military,-12.17062481026103,,48,24,0.322317,-13.020598200175595,-17.62494066032526,-7.141395730386893,30.832948106405638,-45.22955189359436
group,Qwen-3.6-27B-Simple,Qwen-3.6-27B-Simple,Every-turn,Qwen-3.6-27B-Simple | Every-turn,flavor_mobile_avg,Military,-16.368622363164093,,48,24,0.273507,-20.402112775735297,-21.234833589753663,-11.213363161664544,23.311931803502574,-39.688068196497426
group,Qwen-3.6-27B-Simple,Qwen-3.6-27B-Simple,Every-turn,Qwen-3.6-27B-Simple | Every-turn,flavor_nuke_avg,Nuclear,-16.70229172137534,,10,8,0.368311,-26.827265,-27.706977981951848,-3.448914780612962,-6.353181721375338,-26.353181721375336
group,Qwen-3.6-27B-Simple,Qwen-3.6-27B-Simple,Every-turn,Qwen-3.6-27B-Simple | Every-turn,flavor_use_nuke_avg,Nuclear,-19.72768561075631,,10,8,0.333623,-22.0928890625,-25.562506419889687,-11.437604691470703,-16.530935610756313,-23.130935610756314
group,Qwen-3.6-27B-Simple,Qwen-3.6-27B-Simple,Every-turn,Qwen-3.6-27B-Simple | Every-turn,flavor_naval_avg,Naval and air,-10.866595657017868,,48,24,0.328525,-13.880154172494173,-15.586540128671889,-5.724972517763861,35.563602259648796,-42.83223107368453
group,Qwen-3.6-27B-Simple,Qwen-3.6-27B-Simple,Every-turn,Qwen-3.6-27B-Simple | Every-turn,flavor_naval_recon_avg,Naval and air,-19.68781012193322,,48,24,0.185539,-22.810055303030303,-22.80808585708948,-16.343581665771175,23.44165862806678,-36.49584137193322
group,Qwen-3.6-27B-Simple,Qwen-3.6-27B-Simple,Every-turn,Qwen-3.6-27B-Simple | Every-turn,flavor_air_avg,Naval and air,-26.43589277743194,,41,22,0.240468,-31.507411864406784,-31.19302266664469,-20.743858506939482,-2.9547098506026725,-39.320563509139255
group,Qwen-3.6-27B-Simple,Qwen-3.6-27B-Simple,Every-turn,Qwen-3.6-27B-Simple | Every-turn,flavor_antiair_avg,Naval and air,-25.208032490314352,,41,22,0.251209,-29.399098275862066,-30.495684103787735,-18.466508863074342,-1.3200544415338678,-39.4663959049485
group,Qwen-3.6-27B-Simple,Qwen-3.6-27B-Simple,Every-turn,Qwen-3.6-27B-Simple | Every-turn,flavor_air_carrier_avg,Naval and air,-24.93487189045217,,41,22,0.222816,-25.578038983050845,-25.984068227945922,-23.89552391127066,-24.515640183135098,-25.393688963622903
group,Qwen-3.6-27B-Simple,Qwen-3.6-27B-Simple,Every-turn,Qwen-3.6-27B-Simple | Every-turn,flavor_airlift_avg,Naval and air,-27.09160179542395,,41,22,0.194995,-27.697691489361702,-28.20032890660436,-25.766013441112456,-25.273760332009317,-27.883516429570292
group,Qwen-3.6-27B-Simple,Qwen-3.6-27B-Simple,Every-turn,Qwen-3.6-27B-Simple | Every-turn,flavor_expansion_avg,Economy,-14.083671911335466,,48,24,0.261095,-14.541662143826324,-15.535121410629056,-12.607587516701154,58.40281142199786,-40.36802191133547
group,Qwen-3.6-27B-Simple,Qwen-3.6-27B-Simple,Every-turn,Qwen-3.6-27B-Simple | Every-turn,flavor_growth_avg,Economy,-18.821105625348228,,48,24,0.083516,-20.185526794871798,-20.63872194112495,-16.732121204124688,25.291354791318437,-54.33364520868156
group,Qwen-3.6-27B-Simple,Qwen-3.6-27B-Simple,Every-turn,Qwen-3.6-27B-Simple | Every-turn,flavor_tile_improvement_avg,Economy,-15.183882769778918,,48,24,0.129789,-16.299713636363638,-16.461738552115506,-13.857354477540635,31.60389848022108,-51.81276818644559
group,Qwen-3.6-27B-Simple,Qwen-3.6-27B-Simple,Every-turn,Qwen-3.6-27B-Simple | Every-turn,flavor_infrastructure_avg,Economy,-3.0951458665251317,,48,24,0.428562,-2.2297033710407206,-5.647249529878572,-0.6282905204359699,29.1558312168082,-36.69833544985847
group,Qwen-3.6-27B-Simple,Qwen-3.6-27B-Simple,Every-turn,Qwen-3.6-27B-Simple | Every-turn,flavor_production_avg,Economy,-7.205973668598175,,48,24,0.358737,-7.117577611940298,-11.088495936089346,-3.3680089885190583,20.108628414735158,-42.870538251931514
group,Qwen-3.6-27B-Simple,Qwen-3.6-27B-Simple,Every-turn,Qwen-3.6-27B-Simple | Every-turn,flavor_gold_avg,Economy,8.707155504383143,,48,24,0.671976,8.886078325285332,7.473801487432349,9.950127522195032,29.71803467104981,-31.21946532895019
group,Qwen-3.6-27B-Simple,Qwen-3.6-27B-Simple,Every-turn,Qwen-3.6-27B-Simple | Every-turn,flavor_science_avg,Economy,-8.428665953619069,,48,24,0.333871,-9.303561601085484,-11.273640208690775,-5.433813503917886,17.06346529638093,-40.85320137028574
group,Qwen-3.6-27B-Simple,Qwen-3.6-27B-Simple,Every-turn,Qwen-3.6-27B-Simple | Every-turn,flavor_culture_avg,Economy,-3.7188513581731577,,48,24,0.453062,-3.4848348484848515,-10.663269801023473,3.530079754600969,27.19770489182684,-41.843961774839826
group,Qwen-3.6-27B-Simple,Qwen-3.6-27B-Simple,Every-turn,Qwen-3.6-27B-Simple | Every-turn,flavor_happiness_avg,Economy,-14.893545684219767,,48,24,0.198392,-13.511097761194033,-17.94734185424711,-12.176433938020024,21.4978584824469,-46.60630818421976
group,Qwen-3.6-27B-Simple,Qwen-3.6-27B-Simple,Every-turn,Qwen-3.6-27B-Simple | Every-turn,flavor_naval_growth_avg,Economy,-29.333768912727546,,48,24,0.055747,-29.53881439393939,-30.890477742736735,-27.61018774747711,12.354016503939121,-38.354316829394214
group,Qwen-3.6-27B-Simple,Qwen-3.6-27B-Simple,Every-turn,Qwen-3.6-27B-Simple | Every-turn,flavor_naval_tile_improvement_avg,Economy,-28.677820778769803,,48,24,0.070579,-28.248517843822846,-30.202981040794487,-27.245817461921344,12.398227137896862,-37.268439528769804
group,Qwen-3.6-27B-Simple,Qwen-3.6-27B-Simple,Every-turn,Qwen-3.6-27B-Simple | Every-turn,flavor_water_connection_avg,Economy,-30.922764797049506,,48,24,0.0,-32.14009519448214,-32.98670032412085,-28.73725067427737,9.292612286283829,-41.35322104704951
group,Qwen-3.6-27B-Simple,Qwen-3.6-27B-Simple,Every-turn,Qwen-3.6-27B-Simple | Every-turn,flavor_great_people_avg,Other,-15.156971005247422,,48,24,0.277285,-15.775555189959295,-20.96698271891666,-9.12538575397025,22.053443578085915,-50.27988975524742
group,Qwen-3.6-27B-Simple,Qwen-3.6-27B-Simple,Every-turn,Qwen-3.6-27B-Simple | Every-turn,flavor_wonder_avg,Other,-13.78516714598832,,48,24,0.358761,-15.846712969244686,-17.98077168712106,-9.473094743308238,36.53643285401168,-38.880233812654986
group,Qwen-3.6-27B-Simple,Qwen-3.6-27B-Simple,Every-turn,Qwen-3.6-27B-Simple | Every-turn,flavor_religion_avg,Other,-23.46967023899622,,48,24,0.168242,-26.07781896200814,-26.128791917311133,-20.700267919531274,28.973852677670447,-42.19281398899622
group,Qwen-3.6-27B-Simple,Qwen-3.6-27B-Simple,Every-turn,Qwen-3.6-27B-Simple | Every-turn,flavor_diplomacy_avg,Other,-7.5261832118993555,,48,24,0.394333,-4.161503030303027,-12.458141855565295,-2.890001534098017,30.423720954767315,-52.38877904523269
group,Qwen-3.6-27B-Simple,Qwen-3.6-27B-Simple,Every-turn,Qwen-3.6-27B-Simple | Every-turn,flavor_espionage_avg,Other,-11.918131227051342,,48,24,0.310086,-10.755772727272731,-14.767943970535065,-9.12941825487758,39.76983543961532,-48.938497893718015
group,Qwen-3.6-27B-Simple,Qwen-3.6-27B-Simple,Every-turn,Qwen-3.6-27B-Simple | Every-turn,flavor_spaceship_avg,Other,-25.988892918167778,,48,24,0.215426,-31.78023153409091,-31.84190316099434,-19.098081828776586,22.675779998498893,-39.115886668167775
group,Qwen-3.6-27B-Simple-Per-5,Qwen-3.6-27B-Simple,Per-5,Qwen-3.6-27B-Simple | Per-5,flavor_offense_avg,Military,-2.9653426873457263,,48,24,0.470281,-6.648596524064169,-7.9995949177196035,2.9870204539187015,40.20832814598761,-33.27083852067906
group,Qwen-3.6-27B-Simple-Per-5,Qwen-3.6-27B-Simple,Per-5,Qwen-3.6-27B-Simple | Per-5,flavor_defense_avg,Military,0.8796767149385448,,48,24,0.515219,2.2574770193151856,-1.6643433836017485,3.364153704395204,34.43971213160521,-35.97695453506146
group,Qwen-3.6-27B-Simple-Per-5,Qwen-3.6-27B-Simple,Per-5,Qwen-3.6-27B-Simple | Per-5,flavor_city_defense_avg,Military,0.9426114231794198,,48,24,0.51687,1.6591293129938585,-1.6148383234507573,3.4885487688181467,34.98669683984608,-34.70080316015392
group,Qwen-3.6-27B-Simple-Per-5,Qwen-3.6-27B-Simple,Per-5,Qwen-3.6-27B-Simple | Per-5,flavor_mobilization_avg,Military,0.5321462320703088,,48,24,0.506557,-1.6380306196291272,-4.26980693517245,6.019022236794114,39.50461498207031,-36.87038501792969
group,Qwen-3.6-27B-Simple-Per-5,Qwen-3.6-27B-Simple,Per-5,Qwen-3.6-27B-Simple | Per-5,flavor_military_training_avg,Military,-7.0243740721730985,,48,24,0.406512,-6.587030144730885,-11.09549243941685,-3.0664867883515825,24.673942594493568,-39.1802240721731
group,Qwen-3.6-27B-Simple-Per-5,Qwen-3.6-27B-Simple,Per-5,Qwen-3.6-27B-Simple | Per-5,flavor_recon_avg,Military,-15.973360573672446,,48,24,0.229299,-16.893860283143106,-18.0628915645479,-13.6192486567878,33.49206025966089,-37.50793974033911
group,Qwen-3.6-27B-Simple-Per-5,Qwen-3.6-27B-Simple,Per-5,Qwen-3.6-27B-Simple | Per-5,flavor_ranged_avg,Military,-8.308420643594365,,48,24,0.378703,-7.829749835381918,-12.309543315695787,-3.8673520623484965,25.937114773072306,-36.833718560261026
group,Qwen-3.6-27B-Simple-Per-5,Qwen-3.6-27B-Simple,Per-5,Qwen-3.6-27B-Simple | Per-5,flavor_mobile_avg,Military,-11.969328613164095,,48,24,0.33438,-16.977623880597015,-16.030666641628148,-7.493312538797933,21.332765136835906,-34.95890152983076
group,Qwen-3.6-27B-Simple-Per-5,Qwen-3.6-27B-Simple,Per-5,Qwen-3.6-27B-Simple | Per-5,flavor_nuke_avg,Nuclear,-23.710529434914083,,14,12,0.313055,-26.857865,-30.564937228949052,-16.28858273719694,-19.603108006342648,-27.888822292056936
group,Qwen-3.6-27B-Simple-Per-5,Qwen-3.6-27B-Simple,Per-5,Qwen-3.6-27B-Simple | Per-5,flavor_use_nuke_avg,Nuclear,-23.239993106918963,,14,12,0.304002,-22.765447083333335,-27.84369988207647,-19.071334850747622,-20.305657392633254,-25.377085964061823
group,Qwen-3.6-27B-Simple-Per-5,Qwen-3.6-27B-Simple,Per-5,Qwen-3.6-27B-Simple | Per-5,flavor_naval_avg,Naval and air,-9.238476907017867,,48,24,0.354217,-11.776659043560606,-12.680020771761452,-5.723509941826072,32.54276892631547,-35.47806440701787
group,Qwen-3.6-27B-Simple-Per-5,Qwen-3.6-27B-Simple,Per-5,Qwen-3.6-27B-Simple | Per-5,flavor_naval_recon_avg,Naval and air,-17.382755955266553,,48,24,0.222357,-19.17426252228164,-19.578121678702217,-15.26757991592113,17.50415862806678,-32.53750803859989
group,Qwen-3.6-27B-Simple-Per-5,Qwen-3.6-27B-Simple,Per-5,Qwen-3.6-27B-Simple | Per-5,flavor_air_avg,Naval and air,-28.38338602232007,,39,23,0.221349,-32.4436746031746,-32.83492952495636,-23.03391493029563,-8.830011663345706,-39.112062945396985
group,Qwen-3.6-27B-Simple-Per-5,Qwen-3.6-27B-Simple,Per-5,Qwen-3.6-27B-Simple | Per-5,flavor_antiair_avg,Naval and air,-26.449508118175828,,39,23,0.238956,-33.48220476190477,-31.767633099183026,-20.464354451026917,-3.99114914381685,-39.52961068227839
group,Qwen-3.6-27B-Simple-Per-5,Qwen-3.6-27B-Simple,Per-5,Qwen-3.6-27B-Simple | Per-5,flavor_air_carrier_avg,Naval and air,-24.170657658132573,,39,23,0.231311,-24.297729787234044,-25.094603920628263,-23.223198892368192,-23.218032017106932,-24.833416632491545
group,Qwen-3.6-27B-Simple-Per-5,Qwen-3.6-27B-Simple,Per-5,Qwen-3.6-27B-Simple | Per-5,flavor_airlift_avg,Naval and air,-26.76543071976992,,39,23,0.198667,-27.348237288135593,-27.806502040435426,-25.803324231574823,-26.02663071976992,-27.25739995053915
group,Qwen-3.6-27B-Simple-Per-5,Qwen-3.6-27B-Simple,Per-5,Qwen-3.6-27B-Simple | Per-5,flavor_expansion_avg,Economy,-10.940559411335466,,48,24,0.314413,-12.16760677361854,-12.83048412056939,-9.138499256090094,57.048644755331196,-39.3888552446688
group,Qwen-3.6-27B-Simple-Per-5,Qwen-3.6-27B-Simple,Per-5,Qwen-3.6-27B-Simple | Per-5,flavor_growth_avg,Economy,-12.906966042014895,,48,24,0.214388,-12.894787272727271,-14.675059330088672,-11.105524411233779,22.5830214579851,-45.437811875348224
group,Qwen-3.6-27B-Simple-Per-5,Qwen-3.6-27B-Simple,Per-5,Qwen-3.6-27B-Simple | Per-5,flavor_tile_improvement_avg,Economy,-9.061111936445585,,48,24,0.279073,-8.11864646619842,-10.742363301894201,-7.275469184573759,27.437231813554416,-42.97943485311225
group,Qwen-3.6-27B-Simple-Per-5,Qwen-3.6-27B-Simple,Per-5,Qwen-3.6-27B-Simple | Per-5,flavor_infrastructure_avg,Economy,-1.0320916998584653,,48,24,0.476179,-0.9359807440072352,-2.693530419907955,0.9542055003597266,24.5308312168082,-27.4066687831918
group,Qwen-3.6-27B-Simple-Per-5,Qwen-3.6-27B-Simple,Per-5,Qwen-3.6-27B-Simple | Per-5,flavor_production_avg,Economy,-7.6443924185981755,,48,24,0.350143,-7.99669512663953,-10.255883462723904,-4.877589579115137,14.275295081401824,-33.95387158526484
group,Qwen-3.6-27B-Simple-Per-5,Qwen-3.6-27B-Simple,Per-5,Qwen-3.6-27B-Simple | Per-5,flavor_gold_avg,Economy,8.794126337716476,,48,24,0.673694,8.643390298507462,7.442273626809326,10.111983727991822,28.25970133771648,-24.24029866228352
group,Qwen-3.6-27B-Simple-Per-5,Qwen-3.6-27B-Simple,Per-5,Qwen-3.6-27B-Simple | Per-5,flavor_science_avg,Economy,-6.129484703619068,,48,24,0.379188,-4.7773840068886315,-8.91902231273562,-3.2476093985260204,14.875965296380931,-34.49903470361907
group,Qwen-3.6-27B-Simple-Per-5,Qwen-3.6-27B-Simple,Per-5,Qwen-3.6-27B-Simple | Per-5,flavor_culture_avg,Economy,-3.1484659415064917,,48,24,0.460261,-1.292388715513347,-8.858135069026455,2.1270549447972953,22.51020489182684,-40.51062844150649
group,Qwen-3.6-27B-Simple-Per-5,Qwen-3.6-27B-Simple,Per-5,Qwen-3.6-27B-Simple | Per-5,flavor_happiness_avg,Economy,-12.6471790175531,,48,24,0.243883,-10.466724766899766,-15.103749404152701,-10.195063253770321,16.810358482446897,-37.35630818421976
group,Qwen-3.6-27B-Simple-Per-5,Qwen-3.6-27B-Simple,Per-5,Qwen-3.6-27B-Simple | Per-5,flavor_naval_growth_avg,Economy,-22.64579599606088,,48,24,0.157035,-24.642639393939398,-24.893503279666433,-20.47483478354174,13.083183170605787,-33.81265016272754
group,Qwen-3.6-27B-Simple-Per-5,Qwen-3.6-27B-Simple,Per-5,Qwen-3.6-27B-Simple | Per-5,flavor_naval_tile_improvement_avg,Economy,-23.76800411210314,,48,24,0.144099,-24.789754160839166,-25.312158567891952,-22.279861752434115,12.18989380456353,-33.49760619543647
group,Qwen-3.6-27B-Simple-Per-5,Qwen-3.6-27B-Simple,Per-5,Qwen-3.6-27B-Simple | Per-5,flavor_water_connection_avg,Economy,-24.746985630382838,,48,24,0.078651,-27.015011363636365,-27.060121363479514,-22.355980102974407,9.605112286283829,-36.76988771371617
group,Qwen-3.6-27B-Simple-Per-5,Qwen-3.6-27B-Simple,Per-5,Qwen-3.6-27B-Simple | Per-5,flavor_great_people_avg,Other,-14.15491475524742,,48,24,0.292009,-15.96315454545455,-19.240793500654142,-8.929928850013324,16.74094357808591,-44.61322308858075
group,Qwen-3.6-27B-Simple-Per-5,Qwen-3.6-27B-Simple,Per-5,Qwen-3.6-27B-Simple | Per-5,flavor_wonder_avg,Other,-12.335440062654987,,48,24,0.373615,-15.519615151515154,-15.32444345449979,-9.412573872226993,27.890599520678347,-35.17190047932166
group,Qwen-3.6-27B-Simple-Per-5,Qwen-3.6-27B-Simple,Per-5,Qwen-3.6-27B-Simple | Per-5,flavor_religion_avg,Other,-20.305497322329558,,48,24,0.21297,-21.304671212121214,-22.16920024612807,-18.239240533918853,20.223852677670443,-40.109480655662885
group,Qwen-3.6-27B-Simple-Per-5,Qwen-3.6-27B-Simple,Per-5,Qwen-3.6-27B-Simple | Per-5,flavor_diplomacy_avg,Other,-14.894112378566021,,48,24,0.290888,-15.282507594381038,-18.356416390219053,-11.663316524504543,23.757054288100647,-50.86794571189935
group,Qwen-3.6-27B-Simple-Per-5,Qwen-3.6-27B-Simple,Per-5,Qwen-3.6-27B-Simple | Per-5,flavor_espionage_avg,Other,-16.523443727051344,,48,24,0.236701,-16.84647522614202,-19.431168438760558,-13.836396518413256,25.39483543961532,-44.188497893718015
group,Qwen-3.6-27B-Simple-Per-5,Qwen-3.6-27B-Simple,Per-5,Qwen-3.6-27B-Simple | Per-5,flavor_spaceship_avg,Other,-19.592226251501113,,48,24,0.285469,-26.654603787878784,-24.05870877810193,-14.500908694970246,20.69661333183222,-36.88672000150111
group,Qwen-3.8-27B-Simple,Qwen-3.8-27B-Simple,Every-turn,Qwen-3.8-27B-Simple | Every-turn,flavor_offense_avg,Military,-14.64169268734573,,48,24,0.353258,-15.574292112299466,-20.752441309348086,-9.514846261591037,43.8958281459876,-38.79167185401239
group,Qwen-3.8-27B-Simple,Qwen-3.8-27B-Simple,Every-turn,Qwen-3.8-27B-Simple | Every-turn,flavor_defense_avg,Military,-6.964558701728123,,48,24,0.379511,-7.91631183712121,-10.856557209172067,-2.921901268006952,36.25221213160521,-52.643621201728116
group,Qwen-3.8-27B-Simple,Qwen-3.8-27B-Simple,Every-turn,Qwen-3.8-27B-Simple | Every-turn,flavor_city_defense_avg,Military,-7.661517743487248,,48,24,0.362884,-9.200928186274506,-11.554788251932736,-2.976420385430195,37.403363506512754,-49.26330316015392
group,Qwen-3.8-27B-Simple,Qwen-3.8-27B-Simple,Every-turn,Qwen-3.8-27B-Simple | Every-turn,flavor_mobilization_avg,Military,-16.29207876792969,,48,24,0.299246,-18.703685165083673,-21.56091085751624,-10.69303633055001,39.650448315403644,-46.93288501792969
group,Qwen-3.8-27B-Simple,Qwen-3.8-27B-Simple,Every-turn,Qwen-3.8-27B-Simple | Every-turn,flavor_military_training_avg,Military,-17.775540738839762,,48,24,0.263424,-17.753540343735867,-22.572708827944755,-12.673624594354646,28.673942594493568,-53.6177240721731
group,Qwen-3.8-27B-Simple,Qwen-3.8-27B-Simple,Every-turn,Qwen-3.8-27B-Simple | Every-turn,flavor_recon_avg,Military,-7.042191823672444,,48,24,0.380656,-7.223226752600631,-10.07406714179336,-3.891018014578709,45.200393592994224,-41.237106407005776
group,Qwen-3.8-27B-Simple,Qwen-3.8-27B-Simple,Every-turn,Qwen-3.8-27B-Simple | Every-turn,flavor_ranged_avg,Military,-17.49447481026103,,48,24,0.244592,-19.517767424242425,-22.747332850032915,-11.46292308831739,29.645448106405638,-48.8753852269277
group,Qwen-3.8-27B-Simple,Qwen-3.8-27B-Simple,Every-turn,Qwen-3.8-27B-Simple | Every-turn,flavor_mobile_avg,Military,-18.853324446497425,,48,24,0.239126,-19.14725387833559,-22.873195131464474,-14.511474451707754,35.35359847016924,-43.60473486316409
group,Qwen-3.8-27B-Simple,Qwen-3.8-27B-Simple,Every-turn,Qwen-3.8-27B-Simple | Every-turn,flavor_nuke_avg,Nuclear,-19.25712931683985,,18,12,0.348167,-25.089184848484848,-27.61359622344687,-5.630221987147422,-14.709701539062072,-21.654145983506517
group,Qwen-3.8-27B-Simple,Qwen-3.8-27B-Simple,Every-turn,Qwen-3.8-27B-Simple | Every-turn,flavor_use_nuke_avg,Nuclear,-18.795997876242087,,18,12,0.341481,-18.01006231060606,-21.84629155484723,-15.653205979579907,-18.587664542908755,-18.865442320686533
group,Qwen-3.8-27B-Simple,Qwen-3.8-27B-Simple,Every-turn,Qwen-3.8-27B-Simple | Every-turn,flavor_naval_avg,Naval and air,-12.023033157017863,,48,24,0.310277,-11.4917034375,-16.128584634220587,-7.692282322864644,41.58443559298213,-44.33223107368453
group,Qwen-3.8-27B-Simple,Qwen-3.8-27B-Simple,Every-turn,Qwen-3.8-27B-Simple | Every-turn,flavor_naval_recon_avg,Naval and air,-21.850455955266558,,48,24,0.150997,-22.907811069711542,-24.312385953916028,-18.770226648176813,20.420825294733447,-38.28750803859989
group,Qwen-3.8-27B-Simple,Qwen-3.8-27B-Simple,Every-turn,Qwen-3.8-27B-Simple | Every-turn,flavor_air_avg,Naval and air,-30.190444433259675,,43,23,0.203608,-32.77269302325581,-33.872133856378284,-26.179839130750597,-6.398932805352696,-39.212886293724786
group,Qwen-3.8-27B-Simple,Qwen-3.8-27B-Simple,Every-turn,Qwen-3.8-27B-Simple | Every-turn,flavor_antiair_avg,Naval and air,-29.727409159997194,,43,23,0.206605,-33.37618571428571,-34.12698627822558,-24.479512540187592,-5.068771950694862,-39.65016729953207
group,Qwen-3.8-27B-Simple,Qwen-3.8-27B-Simple,Every-turn,Qwen-3.8-27B-Simple | Every-turn,flavor_air_carrier_avg,Naval and air,-24.974754689120743,,43,23,0.222373,-25.09439661016949,-25.729131116629706,-24.213506144821906,-24.023126782143997,-25.325452363539345
group,Qwen-3.8-27B-Simple,Qwen-3.8-27B-Simple,Every-turn,Qwen-3.8-27B-Simple | Every-turn,flavor_airlift_avg,Naval and air,-27.036691555635763,,43,23,0.195613,-27.287009302325583,-27.95037134861479,-25.93620999848228,-25.069421788193903,-27.767096206798552
group,Qwen-3.8-27B-Simple,Qwen-3.8-27B-Simple,Every-turn,Qwen-3.8-27B-Simple | Every-turn,flavor_expansion_avg,Economy,-4.857988578002133,,48,24,0.417593,-5.469614160839164,-7.407524750662874,-1.9137497895169866,58.77781142199786,-39.74302191133547
group,Qwen-3.8-27B-Simple,Qwen-3.8-27B-Simple,Every-turn,Qwen-3.8-27B-Simple | Every-turn,flavor_growth_avg,Economy,-0.7843139586815644,,48,24,0.482644,-0.04832196969697122,-4.089613455900995,2.4588874514456136,31.478854791318437,-46.687811875348224
group,Qwen-3.8-27B-Simple,Qwen-3.8-27B-Simple,Every-turn,Qwen-3.8-27B-Simple | Every-turn,flavor_tile_improvement_avg,Economy,-3.387793186445585,,48,24,0.417399,-2.1161931468531456,-6.7468759905608024,-0.033928247241784386,33.37473181355441,-47.66693485311225
group,Qwen-3.8-27B-Simple,Qwen-3.8-27B-Simple,Every-turn,Qwen-3.8-27B-Simple | Every-turn,flavor_infrastructure_avg,Economy,-2.5337750331917976,,48,24,0.441519,-2.467714574853005,-5.255277725016523,0.09602454760076208,32.48916455014153,-43.44833544985846
group,Qwen-3.8-27B-Simple,Qwen-3.8-27B-Simple,Every-turn,Qwen-3.8-27B-Simple | Every-turn,flavor_production_avg,Economy,2.5907075814018246,,48,24,0.550787,3.841464545454542,0.25063734992463627,4.503641670725737,22.92112841473516,-41.66220491859817
group,Qwen-3.8-27B-Simple,Qwen-3.8-27B-Simple,Every-turn,Qwen-3.8-27B-Simple | Every-turn,flavor_gold_avg,Economy,2.8063075877164763,,48,24,0.555428,3.8755122159090902,0.7338053674155273,4.708220533901666,28.63470133771648,-34.55279866228352
group,Qwen-3.8-27B-Simple,Qwen-3.8-27B-Simple,Every-turn,Qwen-3.8-27B-Simple | Every-turn,flavor_science_avg,Economy,-6.0743867869524015,,48,24,0.380274,-5.176436534240558,-9.449443538732755,-2.909115683306435,19.771798629714265,-49.18653470361907
group,Qwen-3.8-27B-Simple,Qwen-3.8-27B-Simple,Every-turn,Qwen-3.8-27B-Simple | Every-turn,flavor_culture_avg,Economy,-3.2424576081731584,,48,24,0.459075,-7.49097810945274,-8.400875076299165,1.9408671341327688,28.801871558493506,-46.34396177483982
group,Qwen-3.8-27B-Simple,Qwen-3.8-27B-Simple,Every-turn,Qwen-3.8-27B-Simple | Every-turn,flavor_happiness_avg,Economy,-11.981489434219768,,48,24,0.257364,-13.969241610131167,-14.864049170327245,-9.334076384118617,20.789525149113565,-44.85630818421976
group,Qwen-3.8-27B-Simple,Qwen-3.8-27B-Simple,Every-turn,Qwen-3.8-27B-Simple | Every-turn,flavor_naval_growth_avg,Economy,-23.106706412727544,,48,24,0.150054,-23.427514393939393,-25.822000927942323,-20.4745605085227,10.895683170605787,-38.45848349606088
group,Qwen-3.8-27B-Simple,Qwen-3.8-27B-Simple,Every-turn,Qwen-3.8-27B-Simple | Every-turn,flavor_naval_tile_improvement_avg,Economy,-22.994037445436472,,48,24,0.155688,-24.270390508021386,-25.81324584517142,-20.0441468365882,12.294060471230196,-37.518439528769804
group,Qwen-3.8-27B-Simple,Qwen-3.8-27B-Simple,Every-turn,Qwen-3.8-27B-Simple | Every-turn,flavor_water_connection_avg,Economy,-20.834239797049506,,48,24,0.14527,-21.45035688602443,-23.671464010871585,-17.955761630662145,17.10511228628383,-41.06155438038284
group,Qwen-3.8-27B-Simple,Qwen-3.8-27B-Simple,Every-turn,Qwen-3.8-27B-Simple | Every-turn,flavor_great_people_avg,Other,-9.226529338580754,,48,24,0.364426,-11.5200643939394,-13.286755432791395,-5.316388225461678,29.553443578085915,-51.07155642191409
group,Qwen-3.8-27B-Simple,Qwen-3.8-27B-Simple,Every-turn,Qwen-3.8-27B-Simple | Every-turn,flavor_wonder_avg,Other,-9.069733812654988,,48,24,0.407074,-11.25777789461782,-14.650241538341913,-3.0352922915227154,39.70309952067834,-37.42190047932166
group,Qwen-3.8-27B-Simple,Qwen-3.8-27B-Simple,Every-turn,Qwen-3.8-27B-Simple | Every-turn,flavor_religion_avg,Other,-9.955747322329556,,48,24,0.35927,-10.753491791044771,-12.80765719434081,-7.189516498145988,41.78635267767044,-41.796980655662885
group,Qwen-3.8-27B-Simple,Qwen-3.8-27B-Simple,Every-turn,Qwen-3.8-27B-Simple | Every-turn,flavor_diplomacy_avg,Other,17.52893970476731,,48,24,0.746105,17.310964793678664,14.65132225863383,20.594074737301504,32.29872095476731,-38.68044571189935
group,Qwen-3.8-27B-Simple,Qwen-3.8-27B-Simple,Every-turn,Qwen-3.8-27B-Simple | Every-turn,flavor_espionage_avg,Other,-20.64313956038468,,48,24,0.171054,-20.683081020220587,-24.055003137635925,-17.108636272072303,33.061502106281985,-47.875997893718015
group,Qwen-3.8-27B-Simple,Qwen-3.8-27B-Simple,Every-turn,Qwen-3.8-27B-Simple | Every-turn,flavor_spaceship_avg,Other,-21.488209584834447,,48,24,0.264708,-24.663765909090905,-25.75204400490456,-17.605450869168397,24.238279998498893,-40.01172000150111
group,Qwen-3.8-27B-Simple-Per-5,Qwen-3.8-27B-Simple,Per-5,Qwen-3.8-27B-Simple | Per-5,flavor_offense_avg,Military,-15.359821854012393,,48,24,0.34606,-15.009675599276349,-20.18286381211073,-10.450940269077368,39.41666147932094,-38.10417185401239
group,Qwen-3.8-27B-Simple-Per-5,Qwen-3.8-27B-Simple,Per-5,Qwen-3.8-27B-Simple | Per-5,flavor_defense_avg,Military,-6.46271286839479,,48,24,0.388193,-7.982217086247086,-9.821086243800544,-2.4800341032782147,33.35637879827188,-47.643621201728116
group,Qwen-3.8-27B-Simple-Per-5,Qwen-3.8-27B-Simple,Per-5,Qwen-3.8-27B-Simple | Per-5,flavor_city_defense_avg,Military,-4.44117607682058,,48,24,0.420517,-6.68318135198135,-8.457526249710364,-0.6172254026462692,35.153363506512754,-44.26330316015392
group,Qwen-3.8-27B-Simple-Per-5,Qwen-3.8-27B-Simple,Per-5,Qwen-3.8-27B-Simple | Per-5,flavor_mobilization_avg,Military,-13.123341267929689,,48,24,0.338292,-14.192389393939393,-17.483257655286003,-9.294641144771479,37.525448315403644,-46.287051684596356
group,Qwen-3.8-27B-Simple-Per-5,Qwen-3.8-27B-Simple,Per-5,Qwen-3.8-27B-Simple | Per-5,flavor_military_training_avg,Military,-14.511653238839763,,48,24,0.306863,-13.818569696969696,-18.842111835533522,-10.769194773649875,28.361442594493568,-52.84689073883976
group,Qwen-3.8-27B-Simple-Per-5,Qwen-3.8-27B-Simple,Per-5,Qwen-3.8-27B-Simple | Per-5,flavor_recon_avg,Military,-12.61360849033911,,48,24,0.286237,-13.70880958842153,-14.625030873356387,-10.461605729137245,31.596226926327557,-40.21627307367245
group,Qwen-3.8-27B-Simple-Per-5,Qwen-3.8-27B-Simple,Per-5,Qwen-3.8-27B-Simple | Per-5,flavor_ranged_avg,Military,-11.784356060261027,,48,24,0.327956,-11.044260524475522,-15.424648346149569,-8.165369535583572,31.35378143973897,-47.0628852269277
group,Qwen-3.8-27B-Simple-Per-5,Qwen-3.8-27B-Simple,Per-5,Qwen-3.8-27B-Simple | Per-5,flavor_mobile_avg,Military,-19.518122363164093,,48,24,0.229927,-20.311123880597016,-22.25325478064676,-16.763204996176032,24.270265136835906,-42.938068196497426
group,Qwen-3.8-27B-Simple-Per-5,Qwen-3.8-27B-Simple,Per-5,Qwen-3.8-27B-Simple | Per-5,flavor_nuke_avg,Nuclear,-26.69456947000388,,14,12,0.289527,-26.064267424242423,-32.082792845535934,-19.8995889409093,-23.068776612861026,-28.068776612861026
group,Qwen-3.8-27B-Simple-Per-5,Qwen-3.8-27B-Simple,Per-5,Qwen-3.8-27B-Simple | Per-5,flavor_use_nuke_avg,Nuclear,-21.438101522723578,,14,12,0.319198,-20.34942061403509,-25.873095014944017,-16.615069599415616,-18.64529437986644,-21.859580094152154
group,Qwen-3.8-27B-Simple-Per-5,Qwen-3.8-27B-Simple,Per-5,Qwen-3.8-27B-Simple | Per-5,flavor_naval_avg,Naval and air,-13.172956073684533,,48,24,0.292131,-12.735786714156493,-16.903098013732773,-9.833700071335121,36.188602259648796,-43.35306440701786
group,Qwen-3.8-27B-Simple-Per-5,Qwen-3.8-27B-Simple,Per-5,Qwen-3.8-27B-Simple | Per-5,flavor_naval_recon_avg,Naval and air,-22.448764288599886,,48,24,0.141441,-23.547175508819535,-24.528251848053213,-20.41163419785464,14.795825294733447,-37.97500803859989
group,Qwen-3.8-27B-Simple-Per-5,Qwen-3.8-27B-Simple,Per-5,Qwen-3.8-27B-Simple | Per-5,flavor_air_avg,Naval and air,-32.49203294304338,,41,23,0.181013,-34.98825671641791,-35.05468923634963,-29.64361855545136,-18.688757333287285,-39.29851343084826
group,Qwen-3.8-27B-Simple-Per-5,Qwen-3.8-27B-Simple,Per-5,Qwen-3.8-27B-Simple | Per-5,flavor_antiair_avg,Naval and air,-27.734714182127007,,41,23,0.226272,-33.37618571428571,-32.367626572809485,-22.185785728558894,-7.584377596761151,-39.41364588944408
group,Qwen-3.8-27B-Simple-Per-5,Qwen-3.8-27B-Simple,Per-5,Qwen-3.8-27B-Simple | Per-5,flavor_air_carrier_avg,Naval and air,-24.71491551491061,,41,23,0.225261,-25.40939661016949,-25.659273627767472,-23.658687278803225,-23.450754539300856,-25.645876490520365
group,Qwen-3.8-27B-Simple-Per-5,Qwen-3.8-27B-Simple,Per-5,Qwen-3.8-27B-Simple | Per-5,flavor_airlift_avg,Naval and air,-27.28864160996426,,41,23,0.192776,-27.34450158730159,-28.13472653424931,-26.466173911204955,-26.77160990264718,-27.942341609964256
group,Qwen-3.8-27B-Simple-Per-5,Qwen-3.8-27B-Simple,Per-5,Qwen-3.8-27B-Simple | Per-5,flavor_expansion_avg,Economy,-6.971709411335465,,48,24,0.381737,-7.602602178030303,-9.064517085988424,-5.048075911838176,57.77781142199786,-39.72218857800213
group,Qwen-3.8-27B-Simple-Per-5,Qwen-3.8-27B-Simple,Per-5,Qwen-3.8-27B-Simple | Per-5,flavor_growth_avg,Economy,-1.612124375348232,,48,24,0.464326,-1.4732276119402883,-3.8535852639980517,0.7242222492040159,25.5205214579851,-38.041978542014895
group,Qwen-3.8-27B-Simple-Per-5,Qwen-3.8-27B-Simple,Per-5,Qwen-3.8-27B-Simple | Per-5,flavor_tile_improvement_avg,Economy,-4.424218186445585,,48,24,0.392129,-5.015100722610722,-6.4578942828808215,-2.3240806819550666,29.04139848022108,-43.91693485311225
group,Qwen-3.8-27B-Simple-Per-5,Qwen-3.8-27B-Simple,Per-5,Qwen-3.8-27B-Simple | Per-5,flavor_infrastructure_avg,Economy,-4.274712533191799,,48,24,0.401337,-3.4965719696969764,-6.328321711172079,-2.1782253631919364,24.697497883474867,-37.4066687831918
group,Qwen-3.8-27B-Simple-Per-5,Qwen-3.8-27B-Simple,Per-5,Qwen-3.8-27B-Simple | Per-5,flavor_production_avg,Economy,0.734886748068492,,48,24,0.514406,0.8496246268656762,-0.9294003303307989,2.290771048756995,20.921128414735158,-33.12053825193151
group,Qwen-3.8-27B-Simple-Per-5,Qwen-3.8-27B-Simple,Per-5,Qwen-3.8-27B-Simple | Per-5,flavor_gold_avg,Economy,1.5898096710498095,,48,24,0.531401,2.518102566711896,0.22826975043830455,2.9115722428215487,26.113868004383146,-31.84446532895019
group,Qwen-3.8-27B-Simple-Per-5,Qwen-3.8-27B-Simple,Per-5,Qwen-3.8-27B-Simple | Per-5,flavor_science_avg,Economy,-6.160065953619068,,48,24,0.378585,-6.101952657168702,-8.50635194222774,-3.6419858849428577,18.00096529638093,-45.22820137028574
group,Qwen-3.8-27B-Simple-Per-5,Qwen-3.8-27B-Simple,Per-5,Qwen-3.8-27B-Simple | Per-5,flavor_culture_avg,Economy,-5.8592930248398245,,48,24,0.426045,-5.878943489583335,-9.632479652104193,-1.8080178391570438,26.114371558493506,-40.531461774839826
group,Qwen-3.8-27B-Simple-Per-5,Qwen-3.8-27B-Simple,Per-5,Qwen-3.8-27B-Simple | Per-5,flavor_happiness_avg,Economy,-11.3424977675531,,48,24,0.270304,-11.192745967023175,-13.467961575829742,-9.310903822597846,18.831191815780233,-40.272974850886435
group,Qwen-3.8-27B-Simple-Per-5,Qwen-3.8-27B-Simple,Per-5,Qwen-3.8-27B-Simple | Per-5,flavor_naval_growth_avg,Economy,-21.615135579394217,,48,24,0.172644,-23.912268298368296,-24.137103522040206,-19.149243617478437,11.833183170605787,-37.729316829394214
group,Qwen-3.8-27B-Simple-Per-5,Qwen-3.8-27B-Simple,Per-5,Qwen-3.8-27B-Simple | Per-5,flavor_naval_tile_improvement_avg,Economy,-21.775935362103137,,48,24,0.173928,-25.10343740122915,-24.300930351352815,-19.263497366346847,12.981560471230196,-36.72677286210314
group,Qwen-3.8-27B-Simple-Per-5,Qwen-3.8-27B-Simple,Per-5,Qwen-3.8-27B-Simple | Per-5,flavor_water_connection_avg,Economy,-23.077237713716173,,48,24,0.10708,-26.300869957386368,-25.47072113610292,-20.820069906902372,12.271778952950497,-40.14488771371617
group,Qwen-3.8-27B-Simple-Per-5,Qwen-3.8-27B-Simple,Per-5,Qwen-3.8-27B-Simple | Per-5,flavor_great_people_avg,Other,-9.940956421914088,,48,24,0.353929,-10.402397330316745,-13.28419472307427,-6.521379579291466,28.03261024475258,-45.55072308858075
group,Qwen-3.8-27B-Simple-Per-5,Qwen-3.8-27B-Simple,Per-5,Qwen-3.8-27B-Simple | Per-5,flavor_wonder_avg,Other,-12.51911506265499,,48,24,0.371733,-15.583479049773759,-16.795834700141196,-7.933860149457676,34.244766187345014,-35.755233812654986
group,Qwen-3.8-27B-Simple-Per-5,Qwen-3.8-27B-Simple,Per-5,Qwen-3.8-27B-Simple | Per-5,flavor_religion_avg,Other,-11.84296815566289,,48,24,0.332593,-11.047134633649936,-14.944316379944476,-8.777228565978845,33.515519344337115,-39.88031398899622
group,Qwen-3.8-27B-Simple-Per-5,Qwen-3.8-27B-Simple,Per-5,Qwen-3.8-27B-Simple | Per-5,flavor_diplomacy_avg,Other,12.368781371433977,,48,24,0.673657,11.817309047072335,9.265728443653458,15.410587360798385,32.29872095476731,-36.65961237856602
group,Qwen-3.8-27B-Simple-Per-5,Qwen-3.8-27B-Simple,Per-5,Qwen-3.8-27B-Simple | Per-5,flavor_espionage_avg,Other,-23.235718727051346,,48,24,0.129742,-23.718422060153774,-26.096608180199127,-20.604773618697315,22.603168772948653,-49.23016456038468
group,Qwen-3.8-27B-Simple-Per-5,Qwen-3.8-27B-Simple,Per-5,Qwen-3.8-27B-Simple | Per-5,flavor_spaceship_avg,Other,-20.562799168167775,,48,24,0.274841,-25.153329999999997,-25.192229413523457,-15.888160469803058,20.779946665165557,-39.84505333483444
group,Qwen-3.8-Flash-Next-Simple,Qwen-3.8-Flash-Next-Simple,Every-turn,Qwen-3.8-Flash-Next-Simple | Every-turn,flavor_offense_avg,Military,-23.78727602067906,,48,24,0.261598,-22.81081402546093,-26.226817106757917,-21.28331517579082,28.66666147932094,-38.85417185401239
group,Qwen-3.8-Flash-Next-Simple,Qwen-3.8-Flash-Next-Simple,Every-turn,Qwen-3.8-Flash-Next-Simple | Every-turn,flavor_defense_avg,Military,-9.814373285061457,,48,24,0.330209,-10.546667990815152,-12.50892710328172,-7.141085252913233,33.08554546493854,-53.43528786839479
group,Qwen-3.8-Flash-Next-Simple,Qwen-3.8-Flash-Next-Simple,Every-turn,Qwen-3.8-Flash-Next-Simple | Every-turn,flavor_city_defense_avg,Military,-7.5860760768205795,,48,24,0.364234,-6.7409313658977865,-10.306613219863857,-4.847778569909685,35.215863506512754,-50.909136493487246
group,Qwen-3.8-Flash-Next-Simple,Qwen-3.8-Flash-Next-Simple,Every-turn,Qwen-3.8-Flash-Next-Simple | Every-turn,flavor_mobilization_avg,Military,-19.680776684596356,,48,24,0.25749,-21.755068656716418,-22.459424484219465,-16.566796357062003,40.23378164873697,-47.87038501792969
group,Qwen-3.8-Flash-Next-Simple,Qwen-3.8-Flash-Next-Simple,Every-turn,Qwen-3.8-Flash-Next-Simple | Every-turn,flavor_military_training_avg,Military,-25.410515738839763,,48,24,0.161809,-26.42472801864802,-28.124404352983987,-22.505744047010776,21.6947759278269,-55.7427240721731
group,Qwen-3.8-Flash-Next-Simple,Qwen-3.8-Flash-Next-Simple,Every-turn,Qwen-3.8-Flash-Next-Simple | Every-turn,flavor_recon_avg,Military,-18.193095990339113,,48,24,0.191681,-18.217504782903667,-20.137878778077525,-16.014638854823538,37.22122692632755,-41.987106407005776
group,Qwen-3.8-Flash-Next-Simple,Qwen-3.8-Flash-Next-Simple,Every-turn,Qwen-3.8-Flash-Next-Simple | Every-turn,flavor_ranged_avg,Military,-16.98495189359436,,48,24,0.252031,-17.965664201718685,-19.83402885412411,-14.133119904504802,31.957948106405638,-48.10455189359436
group,Qwen-3.8-Flash-Next-Simple,Qwen-3.8-Flash-Next-Simple,Every-turn,Qwen-3.8-Flash-Next-Simple | Every-turn,flavor_mobile_avg,Military,-26.486580696497423,,48,24,0.133504,-26.25211608867427,-28.872999413456718,-24.159900544424364,18.853598470169242,-43.750568196497426
group,Qwen-3.8-Flash-Next-Simple,Qwen-3.8-Flash-Next-Simple,Every-turn,Qwen-3.8-Flash-Next-Simple | Every-turn,flavor_nuke_avg,Nuclear,-18.27580942908788,,12,7,0.355905,-22.315700757575755,-25.77840808296197,-11.102922230418022,-6.502692762421212,-25.336026095754544
group,Qwen-3.8-Flash-Next-Simple,Qwen-3.8-Flash-Next-Simple,Every-turn,Qwen-3.8-Flash-Next-Simple | Every-turn,flavor_use_nuke_avg,Nuclear,-20.452966173702116,,12,7,0.327506,-18.588112499999998,-25.940523051256285,-13.813861156589644,-19.288107840368784,-21.371441173702113
group,Qwen-3.8-Flash-Next-Simple,Qwen-3.8-Flash-Next-Simple,Every-turn,Qwen-3.8-Flash-Next-Simple | Every-turn,flavor_naval_avg,Naval and air,-20.35549357368453,,48,24,0.178791,-20.43038854723708,-23.80967142410451,-17.104760810070633,25.0011022596488,-45.9363977403512
group,Qwen-3.8-Flash-Next-Simple,Qwen-3.8-Flash-Next-Simple,Every-turn,Qwen-3.8-Flash-Next-Simple | Every-turn,flavor_naval_recon_avg,Naval and air,-21.949253871933223,,48,24,0.149419,-21.65681760045924,-24.01417308247808,-19.886723592141994,17.94165862806678,-38.60000803859989
group,Qwen-3.8-Flash-Next-Simple,Qwen-3.8-Flash-Next-Simple,Every-turn,Qwen-3.8-Flash-Next-Simple | Every-turn,flavor_air_avg,Naval and air,-33.56093653097627,,37,21,0.170519,-36.288041666666665,-36.734201658604924,-30.343267057618988,-15.93833382827356,-39.12752301746275
group,Qwen-3.8-Flash-Next-Simple,Qwen-3.8-Flash-Next-Simple,Every-turn,Qwen-3.8-Flash-Next-Simple | Every-turn,flavor_antiair_avg,Naval and air,-26.90483692912567,,37,21,0.234463,-31.053299999999997,-30.94985174666414,-22.835386947168303,1.713476584387845,-37.98922611831486
group,Qwen-3.8-Flash-Next-Simple,Qwen-3.8-Flash-Next-Simple,Every-turn,Qwen-3.8-Flash-Next-Simple | Every-turn,flavor_air_carrier_avg,Naval and air,-23.525264425713935,,37,21,0.238486,-25.40939661016949,-25.48394957313437,-21.16821738594966,-21.78886442571394,-25.005080641930153
group,Qwen-3.8-Flash-Next-Simple,Qwen-3.8-Flash-Next-Simple,Every-turn,Qwen-3.8-Flash-Next-Simple | Every-turn,flavor_airlift_avg,Naval and air,-24.996590095674712,,37,21,0.218581,-27.54334181818182,-27.08654009929876,-22.409853606623148,-18.019022528107147,-27.478481987566607
group,Qwen-3.8-Flash-Next-Simple,Qwen-3.8-Flash-Next-Simple,Every-turn,Qwen-3.8-Flash-Next-Simple | Every-turn,flavor_expansion_avg,Economy,-6.060353161335466,,48,24,0.397197,-7.926530325644503,-8.812249624640307,-3.0294114926806928,58.965311421997875,-40.7638552446688
group,Qwen-3.8-Flash-Next-Simple,Qwen-3.8-Flash-Next-Simple,Every-turn,Qwen-3.8-Flash-Next-Simple | Every-turn,flavor_growth_avg,Economy,7.488146457985103,,48,24,0.665702,10.011420387700532,4.559427575058441,10.148980308649802,32.54135479131843,-42.56281187534823
group,Qwen-3.8-Flash-Next-Simple,Qwen-3.8-Flash-Next-Simple,Every-turn,Qwen-3.8-Flash-Next-Simple | Every-turn,flavor_tile_improvement_avg,Economy,2.0444463968877478,,48,24,0.549847,2.0643613636363582,-0.9310877386311603,5.0778661112542505,31.687231813554416,-49.37526818644559
group,Qwen-3.8-Flash-Next-Simple,Qwen-3.8-Flash-Next-Simple,Every-turn,Qwen-3.8-Flash-Next-Simple | Every-turn,flavor_infrastructure_avg,Economy,6.6329958001415354,,48,24,0.653094,8.190412433155075,4.201836530686159,9.068328082537654,30.864164550141535,-43.5316687831918
group,Qwen-3.8-Flash-Next-Simple,Qwen-3.8-Flash-Next-Simple,Every-turn,Qwen-3.8-Flash-Next-Simple | Every-turn,flavor_production_avg,Economy,4.967361748068492,,48,24,0.597378,6.35116363636363,3.0058446263264247,6.8341970662558555,20.837795081401826,-33.80803825193151
group,Qwen-3.8-Flash-Next-Simple,Qwen-3.8-Flash-Next-Simple,Every-turn,Qwen-3.8-Flash-Next-Simple | Every-turn,flavor_gold_avg,Economy,7.305507587716476,,48,24,0.644292,8.190288195386692,6.1479405161232386,8.376626720138637,29.301368004383146,-32.99029866228352
group,Qwen-3.8-Flash-Next-Simple,Qwen-3.8-Flash-Next-Simple,Every-turn,Qwen-3.8-Flash-Next-Simple | Every-turn,flavor_science_avg,Economy,-4.334926370285735,,48,24,0.414558,-4.530729545454548,-8.06192505489273,-0.2673115411984318,17.855131963047597,-45.37403470361907
group,Qwen-3.8-Flash-Next-Simple,Qwen-3.8-Flash-Next-Simple,Every-turn,Qwen-3.8-Flash-Next-Simple | Every-turn,flavor_culture_avg,Economy,-8.233705524839825,,48,24,0.396076,-9.255992352941181,-14.121845289470228,-2.5858827700377867,19.281038225160177,-47.96896177483982
group,Qwen-3.8-Flash-Next-Simple,Qwen-3.8-Flash-Next-Simple,Every-turn,Qwen-3.8-Flash-Next-Simple | Every-turn,flavor_happiness_avg,Economy,-2.507918600886435,,48,24,0.449212,0.32278932709446906,-5.927154184788448,0.7474893834687216,26.53952514911357,-42.7521415175531
group,Qwen-3.8-Flash-Next-Simple,Qwen-3.8-Flash-Next-Simple,Every-turn,Qwen-3.8-Flash-Next-Simple | Every-turn,flavor_naval_growth_avg,Economy,-17.057754329394214,,48,24,0.241664,-20.80267461538461,-20.48009427988503,-13.595040961161194,12.624849837272455,-36.25015016272754
group,Qwen-3.8-Flash-Next-Simple,Qwen-3.8-Flash-Next-Simple,Every-turn,Qwen-3.8-Flash-Next-Simple | Every-turn,flavor_naval_tile_improvement_avg,Economy,-16.742112445436472,,48,24,0.249304,-22.025428787878784,-20.093183429108738,-12.808271679211055,15.669060471230196,-34.41427286210314
group,Qwen-3.8-Flash-Next-Simple,Qwen-3.8-Flash-Next-Simple,Every-turn,Qwen-3.8-Flash-Next-Simple | Every-turn,flavor_water_connection_avg,Economy,-10.315796047049504,,48,24,0.32436,-12.528417424242422,-14.147428843644121,-6.450034192048455,18.896778952950495,-36.24905438038284
group,Qwen-3.8-Flash-Next-Simple,Qwen-3.8-Flash-Next-Simple,Every-turn,Qwen-3.8-Flash-Next-Simple | Every-turn,flavor_great_people_avg,Other,-3.723758505247421,,48,24,0.445283,1.4867409090909085,-9.136062101052811,1.4588375139762162,24.72011024475258,-45.65488975524742
group,Qwen-3.8-Flash-Next-Simple,Qwen-3.8-Flash-Next-Simple,Every-turn,Qwen-3.8-Flash-Next-Simple | Every-turn,flavor_wonder_avg,Other,-16.126873395988323,,48,24,0.334769,-19.637252985074625,-20.670517709257588,-11.22221320256961,28.09893285401168,-39.15106714598832
group,Qwen-3.8-Flash-Next-Simple,Qwen-3.8-Flash-Next-Simple,Every-turn,Qwen-3.8-Flash-Next-Simple | Every-turn,flavor_religion_avg,Other,-9.81232440566289,,48,24,0.361297,-14.541023461538462,-14.750924114302512,-4.346040276506858,37.36968601100378,-40.77614732232956
group,Qwen-3.8-Flash-Next-Simple,Qwen-3.8-Flash-Next-Simple,Every-turn,Qwen-3.8-Flash-Next-Simple | Every-turn,flavor_diplomacy_avg,Other,12.337510538100645,,48,24,0.673218,12.327082835820896,10.582621164360809,14.052224914087978,32.27788762143398,-36.32627904523269
group,Qwen-3.8-Flash-Next-Simple,Qwen-3.8-Flash-Next-Simple,Every-turn,Qwen-3.8-Flash-Next-Simple | Every-turn,flavor_espionage_avg,Other,-21.177245810384676,,48,24,0.162543,-22.255600757575756,-24.311767800950165,-17.99624961331647,20.87400210628199,-48.813497893718015
group,Qwen-3.8-Flash-Next-Simple,Qwen-3.8-Flash-Next-Simple,Every-turn,Qwen-3.8-Flash-Next-Simple | Every-turn,flavor_spaceship_avg,Other,-11.860492918167777,,48,24,0.37013,-16.664231439393937,-17.67682171835088,-4.418109763978331,23.071613331832225,-38.615886668167775
group,Qwen-3.8-Flash-Next-Simple-Per-5,Qwen-3.8-Flash-Next-Simple,Per-5,Qwen-3.8-Flash-Next-Simple | Per-5,flavor_offense_avg,Military,-22.35087476728844,,52,26,0.275994,-21.735845454545455,-25.005708968546312,-19.870462587917775,26.58872330963464,-38.199738228826895
group,Qwen-3.8-Flash-Next-Simple-Per-5,Qwen-3.8-Flash-Next-Simple,Per-5,Qwen-3.8-Flash-Next-Simple | Per-5,flavor_defense_avg,Military,-15.645282156140853,,52,26,0.229333,-16.294359927634556,-18.66253139103062,-12.744668730777834,26.471317843859154,-51.45175907921777
group,Qwen-3.8-Flash-Next-Simple-Per-5,Qwen-3.8-Flash-Next-Simple,Per-5,Qwen-3.8-Flash-Next-Simple | Per-5,flavor_city_defense_avg,Military,-12.459906673836624,,52,26,0.277008,-15.993751048951044,-15.597038889642764,-9.308797705624363,29.88004909539415,-48.812258596913544
group,Qwen-3.8-Flash-Next-Simple-Per-5,Qwen-3.8-Flash-Next-Simple,Per-5,Qwen-3.8-Flash-Next-Simple | Per-5,flavor_mobilization_avg,Military,-21.198408148011133,,52,26,0.238789,-22.672552431026684,-24.848847804898465,-17.40974307571915,25.009843775065786,-46.8747716095496
group,Qwen-3.8-Flash-Next-Simple-Per-5,Qwen-3.8-Flash-Next-Simple,Per-5,Qwen-3.8-Flash-Next-Simple | Per-5,flavor_military_training_avg,Military,-24.82099322101544,,52,26,0.169655,-28.2227875,-28.19940024621923,-21.214106191634816,13.367141394369181,-53.11362783640005
group,Qwen-3.8-Flash-Next-Simple-Per-5,Qwen-3.8-Flash-Next-Simple,Per-5,Qwen-3.8-Flash-Next-Simple | Per-5,flavor_recon_avg,Military,-23.139685123035616,,52,26,0.107851,-23.241385606060607,-24.876907072849544,-21.4025054524181,27.931945646195157,-41.452669738420234
group,Qwen-3.8-Flash-Next-Simple-Per-5,Qwen-3.8-Flash-Next-Simple,Per-5,Qwen-3.8-Flash-Next-Simple | Per-5,flavor_ranged_avg,Military,-18.202489709708093,,52,26,0.234256,-19.39784117647059,-22.036832336407485,-14.871713005281183,21.74471221336883,-46.159133940477325
group,Qwen-3.8-Flash-Next-Simple-Per-5,Qwen-3.8-Flash-Next-Simple,Per-5,Qwen-3.8-Flash-Next-Simple | Per-5,flavor_mobile_avg,Military,-24.524409724968297,,52,26,0.160654,-25.853280303030303,-26.952975656270198,-21.957261129226403,16.042911428877854,-41.66862703266061
group,Qwen-3.8-Flash-Next-Simple-Per-5,Qwen-3.8-Flash-Next-Simple,Per-5,Qwen-3.8-Flash-Next-Simple | Per-5,flavor_nuke_avg,Nuclear,-10.117722865348933,,23,14,0.420227,-23.969204166666664,-21.38138485177922,1.511946889964632,1.114498873781501,-17.8855011262185
group,Qwen-3.8-Flash-Next-Simple-Per-5,Qwen-3.8-Flash-Next-Simple,Per-5,Qwen-3.8-Flash-Next-Simple | Per-5,flavor_use_nuke_avg,Nuclear,-16.42724134529294,,23,14,0.361458,-18.588112499999998,-21.60843129406359,-10.853028455021601,-7.897058736597292,-20.46227612790164
group,Qwen-3.8-Flash-Next-Simple-Per-5,Qwen-3.8-Flash-Next-Simple,Per-5,Qwen-3.8-Flash-Next-Simple | Per-5,flavor_naval_avg,Naval and air,-18.702179390657708,,52,26,0.20488,-20.205416022161913,-21.670090510387027,-15.763018676677227,22.598189840111523,-45.47873323681155
group,Qwen-3.8-Flash-Next-Simple-Per-5,Qwen-3.8-Flash-Next-Simple,Per-5,Qwen-3.8-Flash-Next-Simple | Per-5,flavor_naval_recon_avg,Naval and air,-21.809164966469577,,52,26,0.151656,-23.61156782531194,-23.506267668710326,-19.938473396658654,14.517288879684266,-38.271172658777274
group,Qwen-3.8-Flash-Next-Simple-Per-5,Qwen-3.8-Flash-Next-Simple,Per-5,Qwen-3.8-Flash-Next-Simple | Per-5,flavor_air_avg,Naval and air,-18.468153651974408,,44,24,0.318691,-27.121519739952717,-23.37418204579509,-13.016101593568685,-1.0675991065198607,-31.817599106519857
group,Qwen-3.8-Flash-Next-Simple-Per-5,Qwen-3.8-Flash-Next-Simple,Per-5,Qwen-3.8-Flash-Next-Simple | Per-5,flavor_antiair_avg,Naval and air,-15.169736416191599,,44,24,0.350282,-16.20263206336737,-20.922313194168655,-9.687364870959549,6.164045401990219,-30.4041364161916
group,Qwen-3.8-Flash-Next-Simple-Per-5,Qwen-3.8-Flash-Next-Simple,Per-5,Qwen-3.8-Flash-Next-Simple | Per-5,flavor_air_carrier_avg,Naval and air,-10.81692832898058,,44,24,0.379756,-17.11029532839963,-14.38608951732342,-6.964817480154633,0.7606307619285098,-21.693914692616946
group,Qwen-3.8-Flash-Next-Simple-Per-5,Qwen-3.8-Flash-Next-Simple,Per-5,Qwen-3.8-Flash-Next-Simple | Per-5,flavor_airlift_avg,Naval and air,-11.34902690767928,,44,24,0.372229,-19.080665217391303,-15.350045235891594,-7.3233797944997505,0.22174809232071938,-21.800979180406554
group,Qwen-3.8-Flash-Next-Simple-Per-5,Qwen-3.8-Flash-Next-Simple,Per-5,Qwen-3.8-Flash-Next-Simple | Per-5,flavor_expansion_avg,Economy,-7.086935564071137,,52,26,0.379783,-7.806287296037297,-9.738905971845083,-4.076317350626191,58.46532405131348,-40.68852210253268
group,Qwen-3.8-Flash-Next-Simple-Per-5,Qwen-3.8-Flash-Next-Simple,Per-5,Qwen-3.8-Flash-Next-Simple | Per-5,flavor_growth_avg,Economy,3.404569156675348,,52,26,0.575338,4.328820024875618,1.2288220166889943,5.4268424234419435,28.85813261821381,-35.66109815101696
group,Qwen-3.8-Flash-Next-Simple-Per-5,Qwen-3.8-Flash-Next-Simple,Per-5,Qwen-3.8-Flash-Next-Simple | Per-5,flavor_tile_improvement_avg,Economy,-2.2202742569027807,,52,26,0.445866,-2.6808565241971927,-4.495187809882504,0.02977968997777402,28.75176420463568,-44.65208194921047
group,Qwen-3.8-Flash-Next-Simple-Per-5,Qwen-3.8-Flash-Next-Simple,Per-5,Qwen-3.8-Flash-Next-Simple | Per-5,flavor_infrastructure_avg,Economy,-0.305582476543571,,52,26,0.492947,0.972526437664623,-2.4564256302148797,1.6875424722792385,25.42870021576412,-38.725145938082036
group,Qwen-3.8-Flash-Next-Simple-Per-5,Qwen-3.8-Flash-Next-Simple,Per-5,Qwen-3.8-Flash-Next-Simple | Per-5,flavor_production_avg,Economy,2.672330036383907,,52,26,0.552387,1.6480856060606044,0.913937752660943,4.364636302012577,19.54857042099929,-23.220660348231476
group,Qwen-3.8-Flash-Next-Simple-Per-5,Qwen-3.8-Flash-Next-Simple,Per-5,Qwen-3.8-Flash-Next-Simple | Per-5,flavor_gold_avg,Economy,0.17025981088027492,,52,26,0.503363,1.1473880536130636,-1.4549634521453452,1.6771649610358892,24.822204041649506,-30.600872881427417
group,Qwen-3.8-Flash-Next-Simple-Per-5,Qwen-3.8-Flash-Next-Simple,Per-5,Qwen-3.8-Flash-Next-Simple | Per-5,flavor_science_avg,Economy,-6.068882275588139,,52,26,0.380382,-7.3635895522388,-8.729185721248193,-3.526125396188044,14.72440041671955,-35.46790727558814
group,Qwen-3.8-Flash-Next-Simple-Per-5,Qwen-3.8-Flash-Next-Simple,Per-5,Qwen-3.8-Flash-Next-Simple | Per-5,flavor_culture_avg,Economy,-4.159309508713331,,52,26,0.447502,3.2687375395748504,-9.77539336687751,1.2978509970196945,19.961759722055902,-40.23054797025179
group,Qwen-3.8-Flash-Next-Simple-Per-5,Qwen-3.8-Flash-Next-Simple,Per-5,Qwen-3.8-Flash-Next-Simple | Per-5,flavor_happiness_avg,Economy,-8.94716570722482,,52,26,0.318812,-8.683467355769235,-11.570378324629095,-6.202473392315369,23.166165062005952,-41.31460416876328
group,Qwen-3.8-Flash-Next-Simple-Per-5,Qwen-3.8-Flash-Next-Simple,Per-5,Qwen-3.8-Flash-Next-Simple | Per-5,flavor_naval_growth_avg,Economy,-13.159541775319278,,52,26,0.300702,-14.194791165501163,-16.084476318654342,-10.267803589920758,14.53687553237303,-35.29004754455005
group,Qwen-3.8-Flash-Next-Simple-Per-5,Qwen-3.8-Flash-Next-Simple,Per-5,Qwen-3.8-Flash-Next-Simple | Per-5,flavor_naval_tile_improvement_avg,Economy,-12.325261369600883,,52,26,0.315442,-13.151004545454544,-15.590118265972297,-9.135466475393438,16.428263630399123,-33.89865944652396
group,Qwen-3.8-Flash-Next-Simple-Per-5,Qwen-3.8-Flash-Next-Simple,Per-5,Qwen-3.8-Flash-Next-Simple | Per-5,flavor_water_connection_avg,Economy,-7.52238995827454,,52,26,0.371922,-8.2841303030303,-11.176777327811948,-3.855075176761707,17.39760427249469,-34.60239572750531
group,Qwen-3.8-Flash-Next-Simple-Per-5,Qwen-3.8-Flash-Next-Simple,Per-5,Qwen-3.8-Flash-Next-Simple | Per-5,flavor_great_people_avg,Other,0.8885429968302907,,52,26,0.513056,4.391513368983951,-3.458846741697272,4.860465416697765,25.748189150676446,-34.48258008009279
group,Qwen-3.8-Flash-Next-Simple-Per-5,Qwen-3.8-Flash-Next-Simple,Per-5,Qwen-3.8-Flash-Next-Simple | Per-5,flavor_wonder_avg,Other,-13.948462023812768,,52,26,0.357088,-17.229266666666668,-17.4531619907866,-10.239574317447385,26.112970668494924,-38.175490869966616
group,Qwen-3.8-Flash-Next-Simple-Per-5,Qwen-3.8-Flash-Next-Simple,Per-5,Qwen-3.8-Flash-Next-Simple | Per-5,flavor_religion_avg,Other,-8.218044665305339,,52,26,0.383833,-7.740598066485752,-12.063976047504676,-3.859768582966332,34.12291110392543,-37.261704280689955
group,Qwen-3.8-Flash-Next-Simple-Per-5,Qwen-3.8-Flash-Next-Simple,Per-5,Qwen-3.8-Flash-Next-Simple | Per-5,flavor_diplomacy_avg,Other,8.313610499391805,,52,26,0.616723,8.023603076923074,6.3207587042640565,10.381526765571802,32.00343165323796,-31.265799115992813
group,Qwen-3.8-Flash-Next-Simple-Per-5,Qwen-3.8-Flash-Next-Simple,Per-5,Qwen-3.8-Flash-Next-Simple | Per-5,flavor_espionage_avg,Other,-21.87658455062285,,52,26,0.151399,-21.89520757575757,-24.83854103569445,-18.785584235487633,12.804530833992528,-45.65700762754594
group,Qwen-3.8-Flash-Next-Simple-Per-5,Qwen-3.8-Flash-Next-Simple,Per-5,Qwen-3.8-Flash-Next-Simple | Per-5,flavor_spaceship_avg,Other,-13.074932394154928,,52,26,0.356832,-20.31438759469697,-18.766860006177453,-6.909708976461817,20.062273375075844,-36.95695739415493
