game_id,player_id,weighted_strength,strength_rank,n_players
00040e60-9336-4fde-8d4b-246205766f9d,0,0.0023576366277074,8.0,8
00040e60-9336-4fde-8d4b-246205766f9d,1,0.0072372980225091,6.0,8
00040e60-9336-4fde-8d4b-246205766f9d,2,0.0063689889763822,7.0,8
00040e60-9336-4fde-8d4b-246205766f9d,3,0.4287923344450826,1.0,8
00040e60-9336-4fde-8d4b-246205766f9d,4,0.1708635845745212,3.0,8
00040e60-9336-4fde-8d4b-246205766f9d,5,0.1849952122608126,2.0,8
00040e60-9336-4fde-8d4b-246205766f9d,6,0.1059958912614049,4.0,8
00040e60-9336-4fde-8d4b-246205766f9d,7,0.093389054314969,5.0,8
003fc23d-ecc8-4d49-b986-a80f08b797d9,0,0.0832813282738326,3.0,8
003fc23d-ecc8-4d49-b986-a80f08b797d9,1,0.2777622227136965,2.0,8
003fc23d-ecc8-4d49-b986-a80f08b797d9,2,0.0021954474890211,8.0,8
003fc23d-ecc8-4d49-b986-a80f08b797d9,3,0.0025826917408457,7.0,8
003fc23d-ecc8-4d49-b986-a80f08b797d9,4,0.0063569774999912,5.0,8
003fc23d-ecc8-4d49-b986-a80f08b797d9,5,0.0059066573818271,6.0,8
003fc23d-ecc8-4d49-b986-a80f08b797d9,6,0.5574395960223485,1.0,8
003fc23d-ecc8-4d49-b986-a80f08b797d9,7,0.0644750810508677,4.0,8
00d1a0c6-7c90-46c7-ac33-8f85e6f0fed8,0,0.008392668404309,7.0,8
00d1a0c6-7c90-46c7-ac33-8f85e6f0fed8,1,0.0072276607569524,8.0,8
00d1a0c6-7c90-46c7-ac33-8f85e6f0fed8,2,0.0359933334527732,4.0,8
00d1a0c6-7c90-46c7-ac33-8f85e6f0fed8,3,0.7634409529171832,1.0,8
00d1a0c6-7c90-46c7-ac33-8f85e6f0fed8,4,0.0985913402882386,2.0,8
00d1a0c6-7c90-46c7-ac33-8f85e6f0fed8,5,0.0141245168554118,6.0,8
00d1a0c6-7c90-46c7-ac33-8f85e6f0fed8,6,0.0359044332157145,5.0,8
00d1a0c6-7c90-46c7-ac33-8f85e6f0fed8,7,0.036325096079039,3.0,8
00d50869-6b6e-4c3e-9d29-63fe0772d920,0,0.0134666787381327,7.0,8
00d50869-6b6e-4c3e-9d29-63fe0772d920,1,0.3926204878469008,1.0,8
00d50869-6b6e-4c3e-9d29-63fe0772d920,2,0.1905998989686956,2.0,8
00d50869-6b6e-4c3e-9d29-63fe0772d920,3,0.0162519700227641,6.0,8
00d50869-6b6e-4c3e-9d29-63fe0772d920,4,0.0021497673639356,8.0,8
00d50869-6b6e-4c3e-9d29-63fe0772d920,5,0.0313403780698206,5.0,8
00d50869-6b6e-4c3e-9d29-63fe0772d920,6,0.170133560832927,4.0,8
00d50869-6b6e-4c3e-9d29-63fe0772d920,7,0.1834372575549449,3.0,8
0105ce0b-d59b-4dd3-81a1-45279f6a4da8,0,0.0548344152189719,4.0,8
0105ce0b-d59b-4dd3-81a1-45279f6a4da8,1,0.640230723481405,2.0,8
0105ce0b-d59b-4dd3-81a1-45279f6a4da8,2,0.0168384896902799,6.0,8
0105ce0b-d59b-4dd3-81a1-45279f6a4da8,3,0.0032992491640259,8.0,8
0105ce0b-d59b-4dd3-81a1-45279f6a4da8,4,0.0053802992514097,7.0,8
0105ce0b-d59b-4dd3-81a1-45279f6a4da8,5,0.0259800122573791,5.0,8
0105ce0b-d59b-4dd3-81a1-45279f6a4da8,6,0.641230723481405,1.0,8
0105ce0b-d59b-4dd3-81a1-45279f6a4da8,7,0.1757571571876945,3.0,8
011fe7d4-067a-4708-913e-81e8c1b29fc2,0,0.0272225360965385,5.0,8
011fe7d4-067a-4708-913e-81e8c1b29fc2,1,0.5574672137857781,1.0,8
011fe7d4-067a-4708-913e-81e8c1b29fc2,2,0.0052507751350258,7.0,8
011fe7d4-067a-4708-913e-81e8c1b29fc2,3,0.0059010511555621,6.0,8
011fe7d4-067a-4708-913e-81e8c1b29fc2,4,0.0025740139062684,8.0,8
011fe7d4-067a-4708-913e-81e8c1b29fc2,5,0.1431485205512913,3.0,8
011fe7d4-067a-4708-913e-81e8c1b29fc2,6,0.0975891328037878,4.0,8
011fe7d4-067a-4708-913e-81e8c1b29fc2,7,0.1608467549939394,2.0,8
0185f509-bbbc-42a8-b2a8-d7bb88841c58,0,0.0079254495200643,6.0,8
0185f509-bbbc-42a8-b2a8-d7bb88841c58,1,0.022435865141132,5.0,8
0185f509-bbbc-42a8-b2a8-d7bb88841c58,2,0.8326902693923898,1.0,8
0185f509-bbbc-42a8-b2a8-d7bb88841c58,3,0.035996449280001,3.0,8
0185f509-bbbc-42a8-b2a8-d7bb88841c58,4,0.0028295570721475,8.0,8
0185f509-bbbc-42a8-b2a8-d7bb88841c58,5,0.0238272801011716,4.0,8
0185f509-bbbc-42a8-b2a8-d7bb88841c58,6,0.0075451694724404,7.0,8
0185f509-bbbc-42a8-b2a8-d7bb88841c58,7,0.0667499608129938,2.0,8
01f650c5-8b6f-477c-b3ae-69857436784e,0,0.0484131722344767,4.0,8
01f650c5-8b6f-477c-b3ae-69857436784e,1,0.1126544995797326,3.0,8
01f650c5-8b6f-477c-b3ae-69857436784e,2,0.0035878351929148,8.0,8
01f650c5-8b6f-477c-b3ae-69857436784e,3,0.0300118394721729,5.0,8
01f650c5-8b6f-477c-b3ae-69857436784e,4,0.0047266930626357,7.0,8
01f650c5-8b6f-477c-b3ae-69857436784e,5,0.1135911868934676,2.0,8
01f650c5-8b6f-477c-b3ae-69857436784e,6,0.0128409660381079,6.0,8
01f650c5-8b6f-477c-b3ae-69857436784e,7,0.6741738086019629,1.0,8
023553a8-e73a-46d4-8615-78c2f33725a8,0,0.0018742010635256,8.0,8
023553a8-e73a-46d4-8615-78c2f33725a8,1,0.0334186644983402,6.0,8
023553a8-e73a-46d4-8615-78c2f33725a8,2,0.5576969614915805,1.0,8
023553a8-e73a-46d4-8615-78c2f33725a8,3,0.0066633369957145,7.0,8
023553a8-e73a-46d4-8615-78c2f33725a8,4,0.2240195649711518,2.0,8
023553a8-e73a-46d4-8615-78c2f33725a8,5,0.0360708189833405,5.0,8
023553a8-e73a-46d4-8615-78c2f33725a8,6,0.0393756804321435,4.0,8
023553a8-e73a-46d4-8615-78c2f33725a8,7,0.1008807717123278,3.0,8
027328ce-b45f-40ff-88d0-3533704a16b6,0,0.0826669250629028,3.0,8
027328ce-b45f-40ff-88d0-3533704a16b6,1,0.0107704277078913,5.0,8
027328ce-b45f-40ff-88d0-3533704a16b6,2,0.6071248151936983,1.0,8
027328ce-b45f-40ff-88d0-3533704a16b6,3,0.0019356136632276,7.0,8
027328ce-b45f-40ff-88d0-3533704a16b6,4,0.0019341696009126,8.0,8
027328ce-b45f-40ff-88d0-3533704a16b6,5,0.2743251142689324,2.0,8
027328ce-b45f-40ff-88d0-3533704a16b6,6,0.0091144452547611,6.0,8
027328ce-b45f-40ff-88d0-3533704a16b6,7,0.0121284880611302,4.0,8
0284b8c7-9e61-451e-874a-1c613a79af59,0,0.0129759123662324,6.0,8
0284b8c7-9e61-451e-874a-1c613a79af59,1,0.015548021780306,5.0,8
0284b8c7-9e61-451e-874a-1c613a79af59,2,0.2288985969744386,3.0,8
0284b8c7-9e61-451e-874a-1c613a79af59,3,0.0095561996309127,8.0,8
0284b8c7-9e61-451e-874a-1c613a79af59,4,0.1948407481095757,4.0,8
0284b8c7-9e61-451e-874a-1c613a79af59,5,0.0106429936980583,7.0,8
0284b8c7-9e61-451e-874a-1c613a79af59,6,0.3198159965556818,1.0,8
0284b8c7-9e61-451e-874a-1c613a79af59,7,0.3188159965556818,2.0,8
028e14b7-3a71-45dd-91b1-15e70cf32bc8,0,0.5090170967022384,1.0,8
028e14b7-3a71-45dd-91b1-15e70cf32bc8,1,0.3803048979889118,2.0,8
028e14b7-3a71-45dd-91b1-15e70cf32bc8,2,0.0015281394960002,8.0,8
028e14b7-3a71-45dd-91b1-15e70cf32bc8,3,0.00894633058021,4.0,8
028e14b7-3a71-45dd-91b1-15e70cf32bc8,4,0.0025901049429443,6.0,8
028e14b7-3a71-45dd-91b1-15e70cf32bc8,5,0.0017724531248342,7.0,8
028e14b7-3a71-45dd-91b1-15e70cf32bc8,6,0.0064048503181843,5.0,8
028e14b7-3a71-45dd-91b1-15e70cf32bc8,7,0.089436126122803,3.0,8
0291fc06-b7a2-4d68-95b1-20f509573dca,0,0.6661356759851239,1.0,8
0291fc06-b7a2-4d68-95b1-20f509573dca,1,0.2218033834481577,2.0,8
0291fc06-b7a2-4d68-95b1-20f509573dca,2,0.0089308410172042,6.0,8
0291fc06-b7a2-4d68-95b1-20f509573dca,3,0.0016586880944834,8.0,8
0291fc06-b7a2-4d68-95b1-20f509573dca,4,0.00842720530597,7.0,8
0291fc06-b7a2-4d68-95b1-20f509573dca,5,0.0119829038479545,5.0,8
0291fc06-b7a2-4d68-95b1-20f509573dca,6,0.0162919226358177,4.0,8
0291fc06-b7a2-4d68-95b1-20f509573dca,7,0.0647693823326572,3.0,8
02abfd3b-46b7-4282-b74a-2e39c2000eb5,0,0.0087591658731471,8.0,8
02abfd3b-46b7-4282-b74a-2e39c2000eb5,1,0.0173584181467854,6.0,8
02abfd3b-46b7-4282-b74a-2e39c2000eb5,2,0.0168359699261465,7.0,8
02abfd3b-46b7-4282-b74a-2e39c2000eb5,3,0.0191926158605831,4.0,8
02abfd3b-46b7-4282-b74a-2e39c2000eb5,4,0.809152690080234,1.0,8
02abfd3b-46b7-4282-b74a-2e39c2000eb5,5,0.0179790909661759,5.0,8
02abfd3b-46b7-4282-b74a-2e39c2000eb5,6,0.0648666827210058,2.0,8
02abfd3b-46b7-4282-b74a-2e39c2000eb5,7,0.045855363363177,3.0,8
02b66b39-ce62-45b3-8f75-3105e9b668b0,0,0.0264791795492952,6.0,8
02b66b39-ce62-45b3-8f75-3105e9b668b0,1,0.041291113913626,4.0,8
02b66b39-ce62-45b3-8f75-3105e9b668b0,2,0.6386191286446626,1.0,8
02b66b39-ce62-45b3-8f75-3105e9b668b0,3,0.0337631860260972,5.0,8
02b66b39-ce62-45b3-8f75-3105e9b668b0,4,0.0013850276549979,8.0,8
02b66b39-ce62-45b3-8f75-3105e9b668b0,5,0.1124807653710165,3.0,8
02b66b39-ce62-45b3-8f75-3105e9b668b0,6,0.0082863659195623,7.0,8
02b66b39-ce62-45b3-8f75-3105e9b668b0,7,0.137695235524251,2.0,8
030cda62-d936-4b59-83d2-9d5853646651,0,0.0130700262217599,7.0,8
030cda62-d936-4b59-83d2-9d5853646651,1,0.0113278367100956,8.0,8
030cda62-d936-4b59-83d2-9d5853646651,2,0.0151814265444521,6.0,8
030cda62-d936-4b59-83d2-9d5853646651,3,0.0986257331853856,5.0,8
030cda62-d936-4b59-83d2-9d5853646651,4,0.3388320259124311,1.0,8
030cda62-d936-4b59-83d2-9d5853646651,5,0.2004908292822451,3.0,8
030cda62-d936-4b59-83d2-9d5853646651,6,0.2050050002461501,2.0,8
030cda62-d936-4b59-83d2-9d5853646651,7,0.1174671237032954,4.0,8
03250086-89ee-4ca7-837a-4c3e0b1df300,0,0.0222622427577723,6.0,8
03250086-89ee-4ca7-837a-4c3e0b1df300,1,0.3893871595655888,2.0,8
03250086-89ee-4ca7-837a-4c3e0b1df300,2,0.0247847173731108,5.0,8
03250086-89ee-4ca7-837a-4c3e0b1df300,3,0.2153797837186917,3.0,8
03250086-89ee-4ca7-837a-4c3e0b1df300,4,0.3903871595655888,1.0,8
03250086-89ee-4ca7-837a-4c3e0b1df300,5,0.0045969754605082,8.0,8
03250086-89ee-4ca7-837a-4c3e0b1df300,6,0.0134721194512314,7.0,8
03250086-89ee-4ca7-837a-4c3e0b1df300,7,0.0568813633746625,4.0,8
034acb0e-72d8-47f3-b916-263361755c22,0,0.1595234465802427,4.0,8
034acb0e-72d8-47f3-b916-263361755c22,1,0.5096964041358472,2.0,8
034acb0e-72d8-47f3-b916-263361755c22,2,0.0132120158146002,6.0,8
034acb0e-72d8-47f3-b916-263361755c22,3,0.0129691759076258,7.0,8
034acb0e-72d8-47f3-b916-263361755c22,4,0.0069819108682715,8.0,8
034acb0e-72d8-47f3-b916-263361755c22,5,0.0331567361523964,5.0,8
034acb0e-72d8-47f3-b916-263361755c22,6,0.5106964041358472,1.0,8
034acb0e-72d8-47f3-b916-263361755c22,7,0.1887410493929201,3.0,8
03a7c9d6-c54e-4e3c-b67a-75798ffd08e3,0,0.0275398791797633,4.0,8
03a7c9d6-c54e-4e3c-b67a-75798ffd08e3,1,0.8171483854758953,1.0,8
03a7c9d6-c54e-4e3c-b67a-75798ffd08e3,2,0.0127695077933137,5.0,8
03a7c9d6-c54e-4e3c-b67a-75798ffd08e3,3,0.0035311955192388,7.0,8
03a7c9d6-c54e-4e3c-b67a-75798ffd08e3,4,0.0034340210381955,8.0,8
03a7c9d6-c54e-4e3c-b67a-75798ffd08e3,5,0.0059604539503162,6.0,8
03a7c9d6-c54e-4e3c-b67a-75798ffd08e3,6,0.0402157286537565,3.0,8
03a7c9d6-c54e-4e3c-b67a-75798ffd08e3,7,0.0894008304447467,2.0,8
03f15435-b37e-4761-8499-f5efc950ee70,0,0.0014924040110012,8.0,8
03f15435-b37e-4761-8499-f5efc950ee70,1,0.4181353038135261,1.0,8
03f15435-b37e-4761-8499-f5efc950ee70,2,0.0129290106199133,6.0,8
03f15435-b37e-4761-8499-f5efc950ee70,3,0.0172486383004011,5.0,8
03f15435-b37e-4761-8499-f5efc950ee70,4,0.076375792664449,4.0,8
03f15435-b37e-4761-8499-f5efc950ee70,5,0.2307252992896776,3.0,8
03f15435-b37e-4761-8499-f5efc950ee70,6,0.0036184919588101,7.0,8
03f15435-b37e-4761-8499-f5efc950ee70,7,0.4171353038135261,2.0,8
03f56638-b321-4751-8b8c-ccbdf89908b1,0,0.0011610299637383,8.0,8
03f56638-b321-4751-8b8c-ccbdf89908b1,1,0.0166002330422212,6.0,8
03f56638-b321-4751-8b8c-ccbdf89908b1,2,0.0137719398508901,7.0,8
03f56638-b321-4751-8b8c-ccbdf89908b1,3,0.0925457576267878,3.0,8
03f56638-b321-4751-8b8c-ccbdf89908b1,4,0.0521990683366825,4.0,8
03f56638-b321-4751-8b8c-ccbdf89908b1,5,0.6580926228870799,1.0,8
03f56638-b321-4751-8b8c-ccbdf89908b1,6,0.0176067114165237,5.0,8
03f56638-b321-4751-8b8c-ccbdf89908b1,7,0.1480226403985124,2.0,8
04661991-b1d0-4f19-865d-24791778843b,0,0.4355101843045799,1.0,8
04661991-b1d0-4f19-865d-24791778843b,1,0.0222812791400659,7.0,8
04661991-b1d0-4f19-865d-24791778843b,2,0.0071705967040838,8.0,8
04661991-b1d0-4f19-865d-24791778843b,3,0.0416756829226666,4.0,8
04661991-b1d0-4f19-865d-24791778843b,4,0.4345101843045799,2.0,8
04661991-b1d0-4f19-865d-24791778843b,5,0.0244803399595146,6.0,8
04661991-b1d0-4f19-865d-24791778843b,6,0.024968341329908,5.0,8
04661991-b1d0-4f19-865d-24791778843b,7,0.0823330418226628,3.0,8
04cba70a-72be-4dfb-98f4-693997d4bdc7,0,0.0024537080056591,8.0,8
04cba70a-72be-4dfb-98f4-693997d4bdc7,1,0.0065505952679698,6.0,8
04cba70a-72be-4dfb-98f4-693997d4bdc7,2,0.006341128739105,7.0,8
04cba70a-72be-4dfb-98f4-693997d4bdc7,3,0.2635830454077479,2.0,8
04cba70a-72be-4dfb-98f4-693997d4bdc7,4,0.4585301863899449,1.0,8
04cba70a-72be-4dfb-98f4-693997d4bdc7,5,0.0218220869133694,4.0,8
04cba70a-72be-4dfb-98f4-693997d4bdc7,6,0.0153739636215579,5.0,8
04cba70a-72be-4dfb-98f4-693997d4bdc7,7,0.2253452830370867,3.0,8
0504c631-cb81-40c0-8741-d6c4d1f5b130,0,0.0030963912717093,8.0,8
0504c631-cb81-40c0-8741-d6c4d1f5b130,1,0.0232085582394858,3.0,8
0504c631-cb81-40c0-8741-d6c4d1f5b130,2,0.6130784527160813,1.0,8
0504c631-cb81-40c0-8741-d6c4d1f5b130,3,0.0042891347688581,7.0,8
0504c631-cb81-40c0-8741-d6c4d1f5b130,4,0.0044187820797416,6.0,8
0504c631-cb81-40c0-8741-d6c4d1f5b130,5,0.6120784527160813,2.0,8
0504c631-cb81-40c0-8741-d6c4d1f5b130,6,0.0072637360944961,5.0,8
0504c631-cb81-40c0-8741-d6c4d1f5b130,7,0.0165442905627004,4.0,8
0584eb6b-1ace-4f60-9630-20655761b612,0,0.0046709232667217,7.0,8
0584eb6b-1ace-4f60-9630-20655761b612,1,0.0692455455941597,3.0,8
0584eb6b-1ace-4f60-9630-20655761b612,2,0.7366488149691804,1.0,8
0584eb6b-1ace-4f60-9630-20655761b612,3,0.0084935413870984,5.0,8
0584eb6b-1ace-4f60-9630-20655761b612,4,0.0035637563177978,8.0,8
0584eb6b-1ace-4f60-9630-20655761b612,5,0.0539614128763431,4.0,8
0584eb6b-1ace-4f60-9630-20655761b612,6,0.0067609612038667,6.0,8
0584eb6b-1ace-4f60-9630-20655761b612,7,0.1166550451264617,2.0,8
05df53e1-257d-4085-9107-7608162f0bf5,0,0.0047915110123239,8.0,8
05df53e1-257d-4085-9107-7608162f0bf5,1,0.1591316498242011,3.0,8
05df53e1-257d-4085-9107-7608162f0bf5,2,0.0061759627885433,7.0,8
05df53e1-257d-4085-9107-7608162f0bf5,3,0.1820323174750103,2.0,8
05df53e1-257d-4085-9107-7608162f0bf5,4,0.1007033121425227,5.0,8
05df53e1-257d-4085-9107-7608162f0bf5,5,0.0725873985804166,6.0,8
05df53e1-257d-4085-9107-7608162f0bf5,6,0.1308306931478822,4.0,8
05df53e1-257d-4085-9107-7608162f0bf5,7,0.3437471512185468,1.0,8
0632c8cf-46de-4e81-9280-191adbd86095,0,0.0552225866769146,5.0,8
0632c8cf-46de-4e81-9280-191adbd86095,1,0.1197988494100964,3.0,8
0632c8cf-46de-4e81-9280-191adbd86095,2,0.0438557730882782,6.0,8
0632c8cf-46de-4e81-9280-191adbd86095,3,0.0060748050446997,8.0,8
0632c8cf-46de-4e81-9280-191adbd86095,4,0.1100697238144628,4.0,8
0632c8cf-46de-4e81-9280-191adbd86095,5,0.1771223660023416,2.0,8
0632c8cf-46de-4e81-9280-191adbd86095,6,0.043167055774271,7.0,8
0632c8cf-46de-4e81-9280-191adbd86095,7,0.4446888400148761,1.0,8
06a7dd8a-4571-40a9-8884-b5c254295c61,0,0.0014958752099262,8.0,8
06a7dd8a-4571-40a9-8884-b5c254295c61,1,0.0204865937820878,6.0,8
06a7dd8a-4571-40a9-8884-b5c254295c61,2,0.0090073723376124,7.0,8
06a7dd8a-4571-40a9-8884-b5c254295c61,3,0.0382626146333752,5.0,8
06a7dd8a-4571-40a9-8884-b5c254295c61,4,0.4408582350282025,1.0,8
06a7dd8a-4571-40a9-8884-b5c254295c61,5,0.0959763566109762,4.0,8
06a7dd8a-4571-40a9-8884-b5c254295c61,6,0.2521179026403065,2.0,8
06a7dd8a-4571-40a9-8884-b5c254295c61,7,0.1417950502815978,3.0,8
06e0af08-c8e1-4d29-85de-86905fa60bba,0,0.004341624584792,8.0,8
06e0af08-c8e1-4d29-85de-86905fa60bba,1,0.0059940634971082,7.0,8
06e0af08-c8e1-4d29-85de-86905fa60bba,2,0.0087737222847214,5.0,8
06e0af08-c8e1-4d29-85de-86905fa60bba,3,0.0397786835196849,4.0,8
06e0af08-c8e1-4d29-85de-86905fa60bba,4,0.176593879471324,3.0,8
06e0af08-c8e1-4d29-85de-86905fa60bba,5,0.0085368826201058,6.0,8
06e0af08-c8e1-4d29-85de-86905fa60bba,6,0.6437002253040633,1.0,8
06e0af08-c8e1-4d29-85de-86905fa60bba,7,0.6427002253040633,2.0,8
06f08285-6126-42e7-99c9-6dcff2b0dc25,0,0.0325917853303429,7.0,8
06f08285-6126-42e7-99c9-6dcff2b0dc25,1,0.1172315258046797,4.0,8
06f08285-6126-42e7-99c9-6dcff2b0dc25,2,0.2861008081379132,1.0,8
06f08285-6126-42e7-99c9-6dcff2b0dc25,3,0.0543267551353345,6.0,8
06f08285-6126-42e7-99c9-6dcff2b0dc25,4,0.085074985930823,5.0,8
06f08285-6126-42e7-99c9-6dcff2b0dc25,5,0.1357988773642464,3.0,8
06f08285-6126-42e7-99c9-6dcff2b0dc25,6,0.0059916633917817,8.0,8
06f08285-6126-42e7-99c9-6dcff2b0dc25,7,0.2851008081379132,2.0,8
07201be1-1eeb-4aac-a8d4-f216b3636f0c,0,0.0550808481130105,5.0,8
07201be1-1eeb-4aac-a8d4-f216b3636f0c,1,0.103573047580427,4.0,8
07201be1-1eeb-4aac-a8d4-f216b3636f0c,2,0.1226955426990599,3.0,8
07201be1-1eeb-4aac-a8d4-f216b3636f0c,3,0.0019260450552737,8.0,8
07201be1-1eeb-4aac-a8d4-f216b3636f0c,4,0.0173923610845519,7.0,8
07201be1-1eeb-4aac-a8d4-f216b3636f0c,5,0.1895456619323312,2.0,8
07201be1-1eeb-4aac-a8d4-f216b3636f0c,6,0.0177191407083443,6.0,8
07201be1-1eeb-4aac-a8d4-f216b3636f0c,7,0.4920673502412535,1.0,8
0780e133-1fba-4eae-aabb-aa2bb6e9837c,0,0.0290374505430623,3.0,8
0780e133-1fba-4eae-aabb-aa2bb6e9837c,1,0.4852003792054407,2.0,8
0780e133-1fba-4eae-aabb-aa2bb6e9837c,2,0.0036137027301833,8.0,8
0780e133-1fba-4eae-aabb-aa2bb6e9837c,3,0.0056785343501591,6.0,8
0780e133-1fba-4eae-aabb-aa2bb6e9837c,4,0.0060851105419657,5.0,8
0780e133-1fba-4eae-aabb-aa2bb6e9837c,5,0.0268901268250619,4.0,8
0780e133-1fba-4eae-aabb-aa2bb6e9837c,6,0.0037898881348262,7.0,8
0780e133-1fba-4eae-aabb-aa2bb6e9837c,7,0.4862003792054407,1.0,8
079be89c-786a-4241-a476-43f25b56a767,0,0.1414621527698035,2.0,8
079be89c-786a-4241-a476-43f25b56a767,1,0.1231710251976229,3.0,8
079be89c-786a-4241-a476-43f25b56a767,2,0.0099896028910757,6.0,8
079be89c-786a-4241-a476-43f25b56a767,3,0.0019837164014144,8.0,8
079be89c-786a-4241-a476-43f25b56a767,4,0.008477049091919,7.0,8
079be89c-786a-4241-a476-43f25b56a767,5,0.1012747364577996,4.0,8
079be89c-786a-4241-a476-43f25b56a767,6,0.0205722573982673,5.0,8
079be89c-786a-4241-a476-43f25b56a767,7,0.5930694621199897,1.0,8
07d7d876-1e12-49d0-b0ac-0f772f76caaa,0,0.3343787186527547,1.0,8
07d7d876-1e12-49d0-b0ac-0f772f76caaa,1,0.0046972814318938,8.0,8
07d7d876-1e12-49d0-b0ac-0f772f76caaa,2,0.1170927205020576,4.0,8
07d7d876-1e12-49d0-b0ac-0f772f76caaa,3,0.0115000604163965,6.0,8
07d7d876-1e12-49d0-b0ac-0f772f76caaa,4,0.3095159810274793,2.0,8
07d7d876-1e12-49d0-b0ac-0f772f76caaa,5,0.2063078239130234,3.0,8
07d7d876-1e12-49d0-b0ac-0f772f76caaa,6,0.0116485636286566,5.0,8
07d7d876-1e12-49d0-b0ac-0f772f76caaa,7,0.004858849655807,7.0,8
086b973d-c994-43b3-a53f-f592d1b05c3a,0,0.0136455974210808,7.0,8
086b973d-c994-43b3-a53f-f592d1b05c3a,1,0.116254724706064,3.0,8
086b973d-c994-43b3-a53f-f592d1b05c3a,2,0.0248961144349154,6.0,8
086b973d-c994-43b3-a53f-f592d1b05c3a,3,0.6042021318089188,1.0,8
086b973d-c994-43b3-a53f-f592d1b05c3a,4,0.0069413879994931,8.0,8
086b973d-c994-43b3-a53f-f592d1b05c3a,5,0.0819706292132254,5.0,8
086b973d-c994-43b3-a53f-f592d1b05c3a,6,0.0882948556786676,4.0,8
086b973d-c994-43b3-a53f-f592d1b05c3a,7,0.6032021318089188,2.0,8
08792ba9-553b-466e-8f59-0e1a97a87732,0,0.5628806227390152,2.0,8
08792ba9-553b-466e-8f59-0e1a97a87732,1,0.1380354959251353,3.0,8
08792ba9-553b-466e-8f59-0e1a97a87732,2,0.0263398803948896,5.0,8
08792ba9-553b-466e-8f59-0e1a97a87732,3,0.0072188927866561,6.0,8
08792ba9-553b-466e-8f59-0e1a97a87732,4,0.0043075063903269,8.0,8
08792ba9-553b-466e-8f59-0e1a97a87732,5,0.5638806227390152,1.0,8
08792ba9-553b-466e-8f59-0e1a97a87732,6,0.007045597159476,7.0,8
08792ba9-553b-466e-8f59-0e1a97a87732,7,0.0836989896182221,4.0,8
087ddd8d-20b2-46b5-917a-fc6c1c773fc7,0,0.1098431177274621,4.0,8
087ddd8d-20b2-46b5-917a-fc6c1c773fc7,1,0.4951829658284263,2.0,8
087ddd8d-20b2-46b5-917a-fc6c1c773fc7,2,0.0107871538816804,6.0,8
087ddd8d-20b2-46b5-917a-fc6c1c773fc7,3,0.002395286887189,8.0,8
087ddd8d-20b2-46b5-917a-fc6c1c773fc7,4,0.0049336627907107,7.0,8
087ddd8d-20b2-46b5-917a-fc6c1c773fc7,5,0.0121659812164953,5.0,8
087ddd8d-20b2-46b5-917a-fc6c1c773fc7,6,0.4961829658284263,1.0,8
087ddd8d-20b2-46b5-917a-fc6c1c773fc7,7,0.3112138660420971,3.0,8
08816b1c-270a-45ea-8265-dcb2ef5d67ed,0,0.1874239113929545,3.0,8
08816b1c-270a-45ea-8265-dcb2ef5d67ed,1,0.019747951702737,6.0,8
08816b1c-270a-45ea-8265-dcb2ef5d67ed,2,0.1957890968030819,2.0,8
08816b1c-270a-45ea-8265-dcb2ef5d67ed,3,0.0513265213958333,4.0,8
08816b1c-270a-45ea-8265-dcb2ef5d67ed,4,0.0036167428927995,8.0,8
08816b1c-270a-45ea-8265-dcb2ef5d67ed,5,0.5033143560677342,1.0,8
08816b1c-270a-45ea-8265-dcb2ef5d67ed,6,0.0074668985048803,7.0,8
08816b1c-270a-45ea-8265-dcb2ef5d67ed,7,0.0313145217816408,5.0,8
08b14cd9-2db1-45af-95ef-3ecec96ade69,0,0.0236333341589497,3.0,8
08b14cd9-2db1-45af-95ef-3ecec96ade69,1,0.0229348205758918,4.0,8
08b14cd9-2db1-45af-95ef-3ecec96ade69,2,0.87910358494146,1.0,8
08b14cd9-2db1-45af-95ef-3ecec96ade69,3,0.0067897311627878,6.0,8
08b14cd9-2db1-45af-95ef-3ecec96ade69,4,0.0027467328978143,8.0,8
08b14cd9-2db1-45af-95ef-3ecec96ade69,5,0.0441685547646053,2.0,8
08b14cd9-2db1-45af-95ef-3ecec96ade69,6,0.006148362876542,7.0,8
08b14cd9-2db1-45af-95ef-3ecec96ade69,7,0.0144748736625964,5.0,8
08d8d45d-cadb-435d-9cd3-656961f0d482,0,0.0053381385831689,8.0,8
08d8d45d-cadb-435d-9cd3-656961f0d482,1,0.0835128705378082,4.0,8
08d8d45d-cadb-435d-9cd3-656961f0d482,2,0.0082198926521839,5.0,8
08d8d45d-cadb-435d-9cd3-656961f0d482,3,0.0076657400883057,6.0,8
08d8d45d-cadb-435d-9cd3-656961f0d482,4,0.1740978496527422,3.0,8
08d8d45d-cadb-435d-9cd3-656961f0d482,5,0.0061966067717047,7.0,8
08d8d45d-cadb-435d-9cd3-656961f0d482,6,0.3821604603641184,2.0,8
08d8d45d-cadb-435d-9cd3-656961f0d482,7,0.3831604603641184,1.0,8
08e16c87-618c-47bb-befc-6967c185641e,0,0.0060493371139038,7.0,8
08e16c87-618c-47bb-befc-6967c185641e,1,0.1993062512972796,2.0,8
08e16c87-618c-47bb-befc-6967c185641e,2,0.6291648898409092,1.0,8
08e16c87-618c-47bb-befc-6967c185641e,3,0.0060784303034913,6.0,8
08e16c87-618c-47bb-befc-6967c185641e,4,0.004217489595644,8.0,8
08e16c87-618c-47bb-befc-6967c185641e,5,0.0417951308685467,5.0,8
08e16c87-618c-47bb-befc-6967c185641e,6,0.0544578670330991,4.0,8
08e16c87-618c-47bb-befc-6967c185641e,7,0.0589306033992117,3.0,8
092c9264-2a3d-4fd1-85fc-59b9ad379f81,0,0.0220308008900277,4.0,8
092c9264-2a3d-4fd1-85fc-59b9ad379f81,1,0.0379030357773193,3.0,8
092c9264-2a3d-4fd1-85fc-59b9ad379f81,2,0.7980075064688534,1.0,8
092c9264-2a3d-4fd1-85fc-59b9ad379f81,3,0.0086977486848125,6.0,8
092c9264-2a3d-4fd1-85fc-59b9ad379f81,4,0.0041323650272036,8.0,8
092c9264-2a3d-4fd1-85fc-59b9ad379f81,5,0.1088776083374655,2.0,8
092c9264-2a3d-4fd1-85fc-59b9ad379f81,6,0.0085653392026778,7.0,8
092c9264-2a3d-4fd1-85fc-59b9ad379f81,7,0.0117855871904519,5.0,8
09d3cbfa-458e-4f05-99f9-a73c05ff46ff,0,0.1445157116013085,4.0,8
09d3cbfa-458e-4f05-99f9-a73c05ff46ff,1,0.1115183915872004,5.0,8
09d3cbfa-458e-4f05-99f9-a73c05ff46ff,2,0.1565426704728111,3.0,8
09d3cbfa-458e-4f05-99f9-a73c05ff46ff,3,0.007910777583925,8.0,8
09d3cbfa-458e-4f05-99f9-a73c05ff46ff,4,0.0097596752984234,7.0,8
09d3cbfa-458e-4f05-99f9-a73c05ff46ff,5,0.0127504081344207,6.0,8
09d3cbfa-458e-4f05-99f9-a73c05ff46ff,6,0.2516075762418733,2.0,8
09d3cbfa-458e-4f05-99f9-a73c05ff46ff,7,0.3053947900087018,1.0,8
09d69f55-2bdd-473c-a5f2-124831b84e5f,0,0.0036974530224408,8.0,8
09d69f55-2bdd-473c-a5f2-124831b84e5f,1,0.0052525870410191,7.0,8
09d69f55-2bdd-473c-a5f2-124831b84e5f,2,0.0107308414501157,6.0,8
09d69f55-2bdd-473c-a5f2-124831b84e5f,3,0.3174352689281818,1.0,8
09d69f55-2bdd-473c-a5f2-124831b84e5f,4,0.2828286374384642,3.0,8
09d69f55-2bdd-473c-a5f2-124831b84e5f,5,0.3164352689281818,2.0,8
09d69f55-2bdd-473c-a5f2-124831b84e5f,6,0.1382385113248898,4.0,8
09d69f55-2bdd-473c-a5f2-124831b84e5f,7,0.0488184113570595,5.0,8
0a58202d-e246-42e2-ad8a-2f3954cae4c8,0,0.0177064942188216,7.0,8
0a58202d-e246-42e2-ad8a-2f3954cae4c8,1,0.4633673067884091,2.0,8
0a58202d-e246-42e2-ad8a-2f3954cae4c8,2,0.0484243913442463,6.0,8
0a58202d-e246-42e2-ad8a-2f3954cae4c8,3,0.0681214469043695,5.0,8
0a58202d-e246-42e2-ad8a-2f3954cae4c8,4,0.0031327282892729,8.0,8
0a58202d-e246-42e2-ad8a-2f3954cae4c8,5,0.1240365442583573,4.0,8
0a58202d-e246-42e2-ad8a-2f3954cae4c8,6,0.4643673067884091,1.0,8
0a58202d-e246-42e2-ad8a-2f3954cae4c8,7,0.171940386802574,3.0,8
0ad75402-0931-49dc-a9a4-cfa3746f5b5b,0,0.5670431668380853,1.0,8
0ad75402-0931-49dc-a9a4-cfa3746f5b5b,1,0.2706343933375131,2.0,8
0ad75402-0931-49dc-a9a4-cfa3746f5b5b,2,0.0036259434763791,7.0,8
0ad75402-0931-49dc-a9a4-cfa3746f5b5b,3,0.0031587277139161,8.0,8
0ad75402-0931-49dc-a9a4-cfa3746f5b5b,4,0.0038135472030429,6.0,8
0ad75402-0931-49dc-a9a4-cfa3746f5b5b,5,0.0357783071700539,4.0,8
0ad75402-0931-49dc-a9a4-cfa3746f5b5b,6,0.0099913258127786,5.0,8
0ad75402-0931-49dc-a9a4-cfa3746f5b5b,7,0.1059545909421143,3.0,8
0af1d358-2065-48f7-aae6-f39f736c9fd8,0,0.2500183625030991,2.0,8
0af1d358-2065-48f7-aae6-f39f736c9fd8,1,0.0199813006012379,4.0,8
0af1d358-2065-48f7-aae6-f39f736c9fd8,2,0.6782936195738637,1.0,8
0af1d358-2065-48f7-aae6-f39f736c9fd8,3,0.0115988661132134,6.0,8
0af1d358-2065-48f7-aae6-f39f736c9fd8,4,0.0016240829767043,8.0,8
0af1d358-2065-48f7-aae6-f39f736c9fd8,5,0.0138070927685767,5.0,8
0af1d358-2065-48f7-aae6-f39f736c9fd8,6,0.0030982718588145,7.0,8
0af1d358-2065-48f7-aae6-f39f736c9fd8,7,0.0215784076007575,3.0,8
0b91477d-e589-4098-b219-e3a34d17b7ea,0,0.3635494350001722,2.0,8
0b91477d-e589-4098-b219-e3a34d17b7ea,1,0.1058110985340874,4.0,8
0b91477d-e589-4098-b219-e3a34d17b7ea,2,0.0331660923136556,6.0,8
0b91477d-e589-4098-b219-e3a34d17b7ea,3,0.001606111589569,8.0,8
0b91477d-e589-4098-b219-e3a34d17b7ea,4,0.2025777809774139,3.0,8
0b91477d-e589-4098-b219-e3a34d17b7ea,5,0.0983553466108884,5.0,8
0b91477d-e589-4098-b219-e3a34d17b7ea,6,0.0272102980906845,7.0,8
0b91477d-e589-4098-b219-e3a34d17b7ea,7,0.3645494350001722,1.0,8
0bdad6ce-a479-47cb-9886-e15f798fad4d,0,0.0121263601064489,6.0,8
0bdad6ce-a479-47cb-9886-e15f798fad4d,1,0.0046716436730778,8.0,8
0bdad6ce-a479-47cb-9886-e15f798fad4d,2,0.0454278134448312,5.0,8
0bdad6ce-a479-47cb-9886-e15f798fad4d,3,0.1877800239858195,4.0,8
0bdad6ce-a479-47cb-9886-e15f798fad4d,4,0.1979468480743767,3.0,8
0bdad6ce-a479-47cb-9886-e15f798fad4d,5,0.0109614457697282,7.0,8
0bdad6ce-a479-47cb-9886-e15f798fad4d,6,0.3287727278497038,1.0,8
0bdad6ce-a479-47cb-9886-e15f798fad4d,7,0.2123131431010089,2.0,8
0bdefca3-8bba-4831-8c52-8f831f69db1e,0,0.1572611686249655,3.0,8
0bdefca3-8bba-4831-8c52-8f831f69db1e,1,0.1625958894280992,2.0,8
0bdefca3-8bba-4831-8c52-8f831f69db1e,2,0.005625497768282,5.0,8
0bdefca3-8bba-4831-8c52-8f831f69db1e,3,0.0028438249514449,8.0,8
0bdefca3-8bba-4831-8c52-8f831f69db1e,4,0.004581487333314,6.0,8
0bdefca3-8bba-4831-8c52-8f831f69db1e,5,0.0070676252492023,4.0,8
0bdefca3-8bba-4831-8c52-8f831f69db1e,6,0.0031302352004523,7.0,8
0bdefca3-8bba-4831-8c52-8f831f69db1e,7,0.6568942701165634,1.0,8
0c5940fc-74cb-4518-b0c8-0695ec1d8c32,0,0.0153984608547067,5.0,8
0c5940fc-74cb-4518-b0c8-0695ec1d8c32,1,0.5720300279941116,1.0,8
0c5940fc-74cb-4518-b0c8-0695ec1d8c32,2,0.0025687095770506,8.0,8
0c5940fc-74cb-4518-b0c8-0695ec1d8c32,3,0.028149130136761,4.0,8
0c5940fc-74cb-4518-b0c8-0695ec1d8c32,4,0.012900889730364,6.0,8
0c5940fc-74cb-4518-b0c8-0695ec1d8c32,5,0.1345490284067493,3.0,8
0c5940fc-74cb-4518-b0c8-0695ec1d8c32,6,0.0085853236614232,7.0,8
0c5940fc-74cb-4518-b0c8-0695ec1d8c32,7,0.2258184299266356,2.0,8
0c7242c5-c633-4740-8880-beb157e92b7e,0,0.0443988495622106,5.0,8
0c7242c5-c633-4740-8880-beb157e92b7e,1,0.3364429215835399,1.0,8
0c7242c5-c633-4740-8880-beb157e92b7e,2,0.2839229244091046,2.0,8
0c7242c5-c633-4740-8880-beb157e92b7e,3,0.0058178578062322,7.0,8
0c7242c5-c633-4740-8880-beb157e92b7e,4,0.0042153742348275,8.0,8
0c7242c5-c633-4740-8880-beb157e92b7e,5,0.0575849833914677,4.0,8
0c7242c5-c633-4740-8880-beb157e92b7e,6,0.0260091630279817,6.0,8
0c7242c5-c633-4740-8880-beb157e92b7e,7,0.2416079274809125,3.0,8
0d2316e6-872b-4e70-bc96-7d86dd82f548,0,0.0183441192109605,4.0,8
0d2316e6-872b-4e70-bc96-7d86dd82f548,1,0.4246533190938361,1.0,8
0d2316e6-872b-4e70-bc96-7d86dd82f548,2,0.0062816542174384,6.0,8
0d2316e6-872b-4e70-bc96-7d86dd82f548,3,0.0030284205142289,7.0,8
0d2316e6-872b-4e70-bc96-7d86dd82f548,4,0.0030139223026402,8.0,8
0d2316e6-872b-4e70-bc96-7d86dd82f548,5,0.0075166771686486,5.0,8
0d2316e6-872b-4e70-bc96-7d86dd82f548,6,0.3277596833809573,2.0,8
0d2316e6-872b-4e70-bc96-7d86dd82f548,7,0.2094022044010158,3.0,8
0d2c24ca-424f-4238-8a90-8e62b3ca4bf8,0,0.0027665004336608,8.0,8
0d2c24ca-424f-4238-8a90-8e62b3ca4bf8,1,0.0063909177760349,7.0,8
0d2c24ca-424f-4238-8a90-8e62b3ca4bf8,2,0.0099028994560265,5.0,8
0d2c24ca-424f-4238-8a90-8e62b3ca4bf8,3,0.0102582816638567,4.0,8
0d2c24ca-424f-4238-8a90-8e62b3ca4bf8,4,0.781904127738292,1.0,8
0d2c24ca-424f-4238-8a90-8e62b3ca4bf8,5,0.0083132169116986,6.0,8
0d2c24ca-424f-4238-8a90-8e62b3ca4bf8,6,0.1217318743795316,2.0,8
0d2c24ca-424f-4238-8a90-8e62b3ca4bf8,7,0.0587321805788756,3.0,8
0dc9e31d-ddbb-4fe5-9031-3bad22c064df,0,0.0341985233255809,7.0,8
0dc9e31d-ddbb-4fe5-9031-3bad22c064df,1,0.0277506693641522,8.0,8
0dc9e31d-ddbb-4fe5-9031-3bad22c064df,2,0.0681611547822555,4.0,8
0dc9e31d-ddbb-4fe5-9031-3bad22c064df,3,0.0676018842633929,5.0,8
0dc9e31d-ddbb-4fe5-9031-3bad22c064df,4,0.2593082145940082,3.0,8
0dc9e31d-ddbb-4fe5-9031-3bad22c064df,5,0.0505437446592338,6.0,8
0dc9e31d-ddbb-4fe5-9031-3bad22c064df,6,0.2988988881601756,1.0,8
0dc9e31d-ddbb-4fe5-9031-3bad22c064df,7,0.2978988881601756,2.0,8
0e88c45a-bd80-4d04-bc9e-5c35f5f8e4a6,0,0.0033602890559671,8.0,8
0e88c45a-bd80-4d04-bc9e-5c35f5f8e4a6,1,0.1703914339907059,4.0,8
0e88c45a-bd80-4d04-bc9e-5c35f5f8e4a6,2,0.0101412055063576,7.0,8
0e88c45a-bd80-4d04-bc9e-5c35f5f8e4a6,3,0.0109199855408548,6.0,8
0e88c45a-bd80-4d04-bc9e-5c35f5f8e4a6,4,0.2265221124937632,3.0,8
0e88c45a-bd80-4d04-bc9e-5c35f5f8e4a6,5,0.0236264969256352,5.0,8
0e88c45a-bd80-4d04-bc9e-5c35f5f8e4a6,6,0.3151368385027548,1.0,8
0e88c45a-bd80-4d04-bc9e-5c35f5f8e4a6,7,0.3141368385027548,2.0,8
0e8995c3-514b-447c-883c-cdd54634a2ef,0,0.0183537116237129,3.0,8
0e8995c3-514b-447c-883c-cdd54634a2ef,1,0.9262901880752412,1.0,8
0e8995c3-514b-447c-883c-cdd54634a2ef,2,0.0074051775511451,5.0,8
0e8995c3-514b-447c-883c-cdd54634a2ef,3,0.0029337368073402,8.0,8
0e8995c3-514b-447c-883c-cdd54634a2ef,4,0.0040727659399016,7.0,8
0e8995c3-514b-447c-883c-cdd54634a2ef,5,0.0104905027880509,4.0,8
0e8995c3-514b-447c-883c-cdd54634a2ef,6,0.0058985719859189,6.0,8
0e8995c3-514b-447c-883c-cdd54634a2ef,7,0.0245553506507021,2.0,8
0ec042d0-382c-4a09-bd0b-c8f2255b049f,0,0.0278850056066833,7.0,8
0ec042d0-382c-4a09-bd0b-c8f2255b049f,1,0.0590757323627885,6.0,8
0ec042d0-382c-4a09-bd0b-c8f2255b049f,2,0.3179792012289256,1.0,8
0ec042d0-382c-4a09-bd0b-c8f2255b049f,3,0.3169792012289256,2.0,8
0ec042d0-382c-4a09-bd0b-c8f2255b049f,4,0.0020936336378363,8.0,8
0ec042d0-382c-4a09-bd0b-c8f2255b049f,5,0.0935555082543777,4.0,8
0ec042d0-382c-4a09-bd0b-c8f2255b049f,6,0.1241428576288498,3.0,8
0ec042d0-382c-4a09-bd0b-c8f2255b049f,7,0.0822359852862541,5.0,8
0ed80458-15c6-4cae-8b0e-f1b5696fc858,0,0.0073001146926637,7.0,8
0ed80458-15c6-4cae-8b0e-f1b5696fc858,1,0.0658966225898385,3.0,8
0ed80458-15c6-4cae-8b0e-f1b5696fc858,2,0.7963011061978306,1.0,8
0ed80458-15c6-4cae-8b0e-f1b5696fc858,3,0.0092930126774917,6.0,8
0ed80458-15c6-4cae-8b0e-f1b5696fc858,4,0.002414974779698,8.0,8
0ed80458-15c6-4cae-8b0e-f1b5696fc858,5,0.0702622417339152,2.0,8
0ed80458-15c6-4cae-8b0e-f1b5696fc858,6,0.0152912389226454,5.0,8
0ed80458-15c6-4cae-8b0e-f1b5696fc858,7,0.0332406927651618,4.0,8
0efe0d18-a9ff-46aa-871f-09434598dd07,0,0.0171881025031518,7.0,8
0efe0d18-a9ff-46aa-871f-09434598dd07,1,0.2636210530751791,2.0,8
0efe0d18-a9ff-46aa-871f-09434598dd07,2,0.1255799237395523,4.0,8
0efe0d18-a9ff-46aa-871f-09434598dd07,3,0.0184671202122494,6.0,8
0efe0d18-a9ff-46aa-871f-09434598dd07,4,0.0102747638074241,8.0,8
0efe0d18-a9ff-46aa-871f-09434598dd07,5,0.0958157663655957,5.0,8
0efe0d18-a9ff-46aa-871f-09434598dd07,6,0.2646210530751791,1.0,8
0efe0d18-a9ff-46aa-871f-09434598dd07,7,0.206601970920489,3.0,8
0f3dd87a-8e92-4dc1-a5e6-039269693189,0,0.0185356680746029,4.0,8
0f3dd87a-8e92-4dc1-a5e6-039269693189,1,0.0152932121043658,5.0,8
0f3dd87a-8e92-4dc1-a5e6-039269693189,2,0.8577255351212123,1.0,8
0f3dd87a-8e92-4dc1-a5e6-039269693189,3,0.0452533045825507,3.0,8
0f3dd87a-8e92-4dc1-a5e6-039269693189,4,0.0022054878770036,8.0,8
0f3dd87a-8e92-4dc1-a5e6-039269693189,5,0.0460017096114979,2.0,8
0f3dd87a-8e92-4dc1-a5e6-039269693189,6,0.0072146677899855,7.0,8
0f3dd87a-8e92-4dc1-a5e6-039269693189,7,0.0077704132049071,6.0,8
0f5c1758-0ef3-4161-a48a-4484fdbc7158,0,0.0016306912407701,8.0,8
0f5c1758-0ef3-4161-a48a-4484fdbc7158,1,0.0302895764709144,6.0,8
0f5c1758-0ef3-4161-a48a-4484fdbc7158,2,0.0117938639149892,7.0,8
0f5c1758-0ef3-4161-a48a-4484fdbc7158,3,0.0462443539743905,5.0,8
0f5c1758-0ef3-4161-a48a-4484fdbc7158,4,0.3192605021349483,1.0,8
0f5c1758-0ef3-4161-a48a-4484fdbc7158,5,0.2390047497686639,3.0,8
0f5c1758-0ef3-4161-a48a-4484fdbc7158,6,0.0716156715253333,4.0,8
0f5c1758-0ef3-4161-a48a-4484fdbc7158,7,0.2801605883737121,2.0,8
0ffb1ca8-75ec-4441-a88c-2da0c4d91796,0,0.0047837976982537,6.0,8
0ffb1ca8-75ec-4441-a88c-2da0c4d91796,1,0.0187849090598982,3.0,8
0ffb1ca8-75ec-4441-a88c-2da0c4d91796,2,0.742637689003547,1.0,8
0ffb1ca8-75ec-4441-a88c-2da0c4d91796,3,0.0087956415356389,5.0,8
0ffb1ca8-75ec-4441-a88c-2da0c4d91796,4,0.001336165354508,8.0,8
0ffb1ca8-75ec-4441-a88c-2da0c4d91796,5,0.201616876586782,2.0,8
0ffb1ca8-75ec-4441-a88c-2da0c4d91796,6,0.0039311798275919,7.0,8
0ffb1ca8-75ec-4441-a88c-2da0c4d91796,7,0.0181137376495848,4.0,8
107fffc2-126b-451c-b67f-8a2f3538ae00,0,0.6806826564612604,1.0,8
107fffc2-126b-451c-b67f-8a2f3538ae00,1,0.1233959602005698,2.0,8
107fffc2-126b-451c-b67f-8a2f3538ae00,2,0.0023170485151386,7.0,8
107fffc2-126b-451c-b67f-8a2f3538ae00,3,0.0019339133568052,8.0,8
107fffc2-126b-451c-b67f-8a2f3538ae00,4,0.0084860781961499,5.0,8
107fffc2-126b-451c-b67f-8a2f3538ae00,5,0.0675065398659807,4.0,8
107fffc2-126b-451c-b67f-8a2f3538ae00,6,0.0043970649709473,6.0,8
107fffc2-126b-451c-b67f-8a2f3538ae00,7,0.1112807366060683,3.0,8
10dc0a12-927c-4ea5-a6fc-b026d0fcdf27,0,0.0051705052556492,8.0,8
10dc0a12-927c-4ea5-a6fc-b026d0fcdf27,1,0.0595338563560365,5.0,8
10dc0a12-927c-4ea5-a6fc-b026d0fcdf27,2,0.008354416127282,7.0,8
10dc0a12-927c-4ea5-a6fc-b026d0fcdf27,3,0.4362783409867424,1.0,8
10dc0a12-927c-4ea5-a6fc-b026d0fcdf27,4,0.1136283751132937,3.0,8
10dc0a12-927c-4ea5-a6fc-b026d0fcdf27,5,0.0097881897151856,6.0,8
10dc0a12-927c-4ea5-a6fc-b026d0fcdf27,6,0.0917861078274948,4.0,8
10dc0a12-927c-4ea5-a6fc-b026d0fcdf27,7,0.2754602093007403,2.0,8
111b65fb-66ff-4c4c-b30b-aa1339cd5161,0,0.1895054709376687,2.0,8
111b65fb-66ff-4c4c-b30b-aa1339cd5161,1,0.1135180538037362,3.0,8
111b65fb-66ff-4c4c-b30b-aa1339cd5161,2,0.0033874555590452,8.0,8
111b65fb-66ff-4c4c-b30b-aa1339cd5161,3,0.0114675107897844,5.0,8
111b65fb-66ff-4c4c-b30b-aa1339cd5161,4,0.0076276810859428,6.0,8
111b65fb-66ff-4c4c-b30b-aa1339cd5161,5,0.0696563509051962,4.0,8
111b65fb-66ff-4c4c-b30b-aa1339cd5161,6,0.00385650810144,7.0,8
111b65fb-66ff-4c4c-b30b-aa1339cd5161,7,0.6009809670581957,1.0,8
11229aa2-95ef-4dea-9474-fa55eb944d13,0,0.0035626512693549,8.0,8
11229aa2-95ef-4dea-9474-fa55eb944d13,1,0.0228765489122306,6.0,8
11229aa2-95ef-4dea-9474-fa55eb944d13,2,0.0081935840987114,7.0,8
11229aa2-95ef-4dea-9474-fa55eb944d13,3,0.1198860714010502,3.0,8
11229aa2-95ef-4dea-9474-fa55eb944d13,4,0.6221331560854338,1.0,8
11229aa2-95ef-4dea-9474-fa55eb944d13,5,0.6211331560854338,2.0,8
11229aa2-95ef-4dea-9474-fa55eb944d13,6,0.0310296259799311,5.0,8
11229aa2-95ef-4dea-9474-fa55eb944d13,7,0.0528937463825571,4.0,8
112acb4d-353e-4835-8eb0-0d9278dbb507,0,0.3146504805522727,1.0,8
112acb4d-353e-4835-8eb0-0d9278dbb507,1,0.087657550569938,4.0,8
112acb4d-353e-4835-8eb0-0d9278dbb507,2,0.2582865844817906,3.0,8
112acb4d-353e-4835-8eb0-0d9278dbb507,3,0.0028413345643056,8.0,8
112acb4d-353e-4835-8eb0-0d9278dbb507,4,0.0116013691935299,6.0,8
112acb4d-353e-4835-8eb0-0d9278dbb507,5,0.0774432308170876,5.0,8
112acb4d-353e-4835-8eb0-0d9278dbb507,6,0.0091664604741147,7.0,8
112acb4d-353e-4835-8eb0-0d9278dbb507,7,0.3136504805522727,2.0,8
1146f399-b9df-42c8-a582-2885532982b9,0,0.017118500792675,5.0,8
1146f399-b9df-42c8-a582-2885532982b9,1,0.1634237353752273,2.0,8
1146f399-b9df-42c8-a582-2885532982b9,2,0.0499122343570317,4.0,8
1146f399-b9df-42c8-a582-2885532982b9,3,0.0536059370211141,3.0,8
1146f399-b9df-42c8-a582-2885532982b9,4,0.003425583603241,8.0,8
1146f399-b9df-42c8-a582-2885532982b9,5,0.0163232520397359,6.0,8
1146f399-b9df-42c8-a582-2885532982b9,6,0.0054582823222779,7.0,8
1146f399-b9df-42c8-a582-2885532982b9,7,0.6907324786716253,1.0,8
11bdce11-b707-4e19-a4df-3ed0ab25878f,0,0.0126720146587499,6.0,8
11bdce11-b707-4e19-a4df-3ed0ab25878f,1,0.2093948822217424,3.0,8
11bdce11-b707-4e19-a4df-3ed0ab25878f,2,0.2159190281606493,2.0,8
11bdce11-b707-4e19-a4df-3ed0ab25878f,3,0.0025932979681286,8.0,8
11bdce11-b707-4e19-a4df-3ed0ab25878f,4,0.0058738489538278,7.0,8
11bdce11-b707-4e19-a4df-3ed0ab25878f,5,0.0246309651709598,5.0,8
11bdce11-b707-4e19-a4df-3ed0ab25878f,6,0.1310584176382836,4.0,8
11bdce11-b707-4e19-a4df-3ed0ab25878f,7,0.397857548657004,1.0,8
11c4cf2e-2475-43c9-80f6-6f0f399739b9,0,0.4567319968451447,1.0,8
11c4cf2e-2475-43c9-80f6-6f0f399739b9,1,0.1055164605658624,3.0,8
11c4cf2e-2475-43c9-80f6-6f0f399739b9,2,0.0094078276304445,7.0,8
11c4cf2e-2475-43c9-80f6-6f0f399739b9,3,0.0044929301214514,8.0,8
11c4cf2e-2475-43c9-80f6-6f0f399739b9,4,0.0480978961870473,5.0,8
11c4cf2e-2475-43c9-80f6-6f0f399739b9,5,0.0402969393873794,6.0,8
11c4cf2e-2475-43c9-80f6-6f0f399739b9,6,0.0580340287181077,4.0,8
11c4cf2e-2475-43c9-80f6-6f0f399739b9,7,0.2774219213991391,2.0,8
1217838f-7c59-4984-ac07-dd573d0423e7,0,0.0114744629321676,7.0,8
1217838f-7c59-4984-ac07-dd573d0423e7,1,0.086612111923267,2.0,8
1217838f-7c59-4984-ac07-dd573d0423e7,2,0.0360186878925234,4.0,8
1217838f-7c59-4984-ac07-dd573d0423e7,3,0.0288034592467498,6.0,8
1217838f-7c59-4984-ac07-dd573d0423e7,4,0.0044717073127822,8.0,8
1217838f-7c59-4984-ac07-dd573d0423e7,5,0.0316834852129724,5.0,8
1217838f-7c59-4984-ac07-dd573d0423e7,6,0.0450658855888736,3.0,8
1217838f-7c59-4984-ac07-dd573d0423e7,7,0.7558702002744834,1.0,8
12d56577-5323-4192-bb9f-f95aa425dc50,0,0.0157516596057054,5.0,8
12d56577-5323-4192-bb9f-f95aa425dc50,1,0.1323109043912765,3.0,8
12d56577-5323-4192-bb9f-f95aa425dc50,2,0.0049454989943292,7.0,8
12d56577-5323-4192-bb9f-f95aa425dc50,3,0.0028309007777907,8.0,8
12d56577-5323-4192-bb9f-f95aa425dc50,4,0.0051135518501191,6.0,8
12d56577-5323-4192-bb9f-f95aa425dc50,5,0.4963394161639291,1.0,8
12d56577-5323-4192-bb9f-f95aa425dc50,6,0.0182260970465976,4.0,8
12d56577-5323-4192-bb9f-f95aa425dc50,7,0.3244819693878444,2.0,8
1325a1db-8195-41e0-b639-9c4d7017efc2,0,0.0123030427138833,7.0,8
1325a1db-8195-41e0-b639-9c4d7017efc2,1,0.3903810158170799,1.0,8
1325a1db-8195-41e0-b639-9c4d7017efc2,2,0.0081946812183155,8.0,8
1325a1db-8195-41e0-b639-9c4d7017efc2,3,0.0797169029548622,4.0,8
1325a1db-8195-41e0-b639-9c4d7017efc2,4,0.0428961359654287,5.0,8
1325a1db-8195-41e0-b639-9c4d7017efc2,5,0.0335169530756523,6.0,8
1325a1db-8195-41e0-b639-9c4d7017efc2,6,0.2242684017942149,2.0,8
1325a1db-8195-41e0-b639-9c4d7017efc2,7,0.2087228642704408,3.0,8
13b51d1a-f779-492f-93e4-8fdceeaa67ab,0,0.055534392603926,6.0,8
13b51d1a-f779-492f-93e4-8fdceeaa67ab,1,0.102751189232554,5.0,8
13b51d1a-f779-492f-93e4-8fdceeaa67ab,2,0.0080964014515469,8.0,8
13b51d1a-f779-492f-93e4-8fdceeaa67ab,3,0.0133267756896956,7.0,8
13b51d1a-f779-492f-93e4-8fdceeaa67ab,4,0.364546051664394,1.0,8
13b51d1a-f779-492f-93e4-8fdceeaa67ab,5,0.1454359881599208,3.0,8
13b51d1a-f779-492f-93e4-8fdceeaa67ab,6,0.363546051664394,2.0,8
13b51d1a-f779-492f-93e4-8fdceeaa67ab,7,0.1234712423292114,4.0,8
13b62df5-ef98-4403-8365-88b20bda9ec8,0,0.4472387285954821,1.0,8
13b62df5-ef98-4403-8365-88b20bda9ec8,1,0.01041308628999,5.0,8
13b62df5-ef98-4403-8365-88b20bda9ec8,2,0.4332003445615013,2.0,8
13b62df5-ef98-4403-8365-88b20bda9ec8,3,0.0077461255238507,6.0,8
13b62df5-ef98-4403-8365-88b20bda9ec8,4,0.0052462027977793,8.0,8
13b62df5-ef98-4403-8365-88b20bda9ec8,5,0.0053898200645153,7.0,8
13b62df5-ef98-4403-8365-88b20bda9ec8,6,0.0237650607274067,4.0,8
13b62df5-ef98-4403-8365-88b20bda9ec8,7,0.0670006323484333,3.0,8
13cf8c64-790c-4690-99ec-78849d61f00d,0,0.0044529742894352,7.0,8
13cf8c64-790c-4690-99ec-78849d61f00d,1,0.0458873836525304,3.0,8
13cf8c64-790c-4690-99ec-78849d61f00d,2,0.7641694493966943,1.0,8
13cf8c64-790c-4690-99ec-78849d61f00d,3,0.0201774569014846,4.0,8
13cf8c64-790c-4690-99ec-78849d61f00d,4,0.0018572450083155,8.0,8
13cf8c64-790c-4690-99ec-78849d61f00d,5,0.140362910731627,2.0,8
13cf8c64-790c-4690-99ec-78849d61f00d,6,0.0127428012062341,5.0,8
13cf8c64-790c-4690-99ec-78849d61f00d,7,0.0103497814503446,6.0,8
13df3c62-14d3-4561-ac43-ddbf1b1f070a,0,0.7065611876429406,1.0,8
13df3c62-14d3-4561-ac43-ddbf1b1f070a,1,0.2274581823886019,2.0,8
13df3c62-14d3-4561-ac43-ddbf1b1f070a,2,0.00272106609871,8.0,8
13df3c62-14d3-4561-ac43-ddbf1b1f070a,3,0.0044947851608559,6.0,8
13df3c62-14d3-4561-ac43-ddbf1b1f070a,4,0.0091017462596448,5.0,8
13df3c62-14d3-4561-ac43-ddbf1b1f070a,5,0.0143475439463142,4.0,8
13df3c62-14d3-4561-ac43-ddbf1b1f070a,6,0.0037960011981454,7.0,8
13df3c62-14d3-4561-ac43-ddbf1b1f070a,7,0.0315194927587587,3.0,8
13e1ed28-465d-492c-9dd7-f19da9f6a249,0,0.3759204308816322,1.0,8
13e1ed28-465d-492c-9dd7-f19da9f6a249,1,0.311279702398137,2.0,8
13e1ed28-465d-492c-9dd7-f19da9f6a249,2,0.0068039090710861,8.0,8
13e1ed28-465d-492c-9dd7-f19da9f6a249,3,0.0109779131278348,6.0,8
13e1ed28-465d-492c-9dd7-f19da9f6a249,4,0.0091945469096738,7.0,8
13e1ed28-465d-492c-9dd7-f19da9f6a249,5,0.1953850185186329,3.0,8
13e1ed28-465d-492c-9dd7-f19da9f6a249,6,0.0124125929753923,5.0,8
13e1ed28-465d-492c-9dd7-f19da9f6a249,7,0.0780258866045444,4.0,8
142d3ba8-0d0e-4381-a9d5-31bbf9df4ef3,0,0.0089794891077271,8.0,8
142d3ba8-0d0e-4381-a9d5-31bbf9df4ef3,1,0.0777218830503378,4.0,8
142d3ba8-0d0e-4381-a9d5-31bbf9df4ef3,2,0.082888145998719,3.0,8
142d3ba8-0d0e-4381-a9d5-31bbf9df4ef3,3,0.0409405213180082,6.0,8
142d3ba8-0d0e-4381-a9d5-31bbf9df4ef3,4,0.139185548683106,2.0,8
142d3ba8-0d0e-4381-a9d5-31bbf9df4ef3,5,0.5715838349245524,1.0,8
142d3ba8-0d0e-4381-a9d5-31bbf9df4ef3,6,0.0160066805131809,7.0,8
142d3ba8-0d0e-4381-a9d5-31bbf9df4ef3,7,0.0626938857548443,5.0,8
15564bdd-0074-4a59-b513-7c24a27c8399,0,0.0069498167853993,6.0,8
15564bdd-0074-4a59-b513-7c24a27c8399,1,0.0468263760222881,5.0,8
15564bdd-0074-4a59-b513-7c24a27c8399,2,0.0059459646383924,7.0,8
15564bdd-0074-4a59-b513-7c24a27c8399,3,0.0913182474740392,4.0,8
15564bdd-0074-4a59-b513-7c24a27c8399,4,0.5558277516620869,2.0,8
15564bdd-0074-4a59-b513-7c24a27c8399,5,0.0033442156027794,8.0,8
15564bdd-0074-4a59-b513-7c24a27c8399,6,0.5568277516620869,1.0,8
15564bdd-0074-4a59-b513-7c24a27c8399,7,0.2306683524396935,3.0,8
15b90e7d-d81b-4e7a-b7af-5df4950f5263,0,0.5375623207033541,1.0,8
15b90e7d-d81b-4e7a-b7af-5df4950f5263,1,0.0356238673266795,5.0,8
15b90e7d-d81b-4e7a-b7af-5df4950f5263,2,0.0852716632451549,3.0,8
15b90e7d-d81b-4e7a-b7af-5df4950f5263,3,0.0129822254650258,7.0,8
15b90e7d-d81b-4e7a-b7af-5df4950f5263,4,0.0653268554054355,4.0,8
15b90e7d-d81b-4e7a-b7af-5df4950f5263,5,0.0104118277368688,8.0,8
15b90e7d-d81b-4e7a-b7af-5df4950f5263,6,0.0232944686890969,6.0,8
15b90e7d-d81b-4e7a-b7af-5df4950f5263,7,0.2295267724964738,2.0,8
15bb0583-8024-412a-8f17-86c3f324541a,0,0.5023445807427686,1.0,8
15bb0583-8024-412a-8f17-86c3f324541a,1,0.5013445807427686,2.0,8
15bb0583-8024-412a-8f17-86c3f324541a,2,0.0115555973590519,6.0,8
15bb0583-8024-412a-8f17-86c3f324541a,3,0.0031673857924678,8.0,8
15bb0583-8024-412a-8f17-86c3f324541a,4,0.005430687040543,7.0,8
15bb0583-8024-412a-8f17-86c3f324541a,5,0.0429731886567475,4.0,8
15bb0583-8024-412a-8f17-86c3f324541a,6,0.0122134985720401,5.0,8
15bb0583-8024-412a-8f17-86c3f324541a,7,0.2702347460400827,3.0,8
167de6c9-4743-4532-a81a-414bed64b31e,0,0.2533781597187345,2.0,8
167de6c9-4743-4532-a81a-414bed64b31e,1,0.6582051292317149,1.0,8
167de6c9-4743-4532-a81a-414bed64b31e,2,0.0034437726949409,7.0,8
167de6c9-4743-4532-a81a-414bed64b31e,3,0.0042414520330801,6.0,8
167de6c9-4743-4532-a81a-414bed64b31e,4,0.0024157578456303,8.0,8
167de6c9-4743-4532-a81a-414bed64b31e,5,0.0438997651594438,3.0,8
167de6c9-4743-4532-a81a-414bed64b31e,6,0.0100415293242832,5.0,8
167de6c9-4743-4532-a81a-414bed64b31e,7,0.0243744372538409,4.0,8
168eacc5-4188-4e6d-9504-b8ef99577007,0,0.0283081923633899,6.0,8
168eacc5-4188-4e6d-9504-b8ef99577007,1,0.1151284094019283,4.0,8
168eacc5-4188-4e6d-9504-b8ef99577007,2,0.0348830714783763,5.0,8
168eacc5-4188-4e6d-9504-b8ef99577007,3,0.3910358220074036,1.0,8
168eacc5-4188-4e6d-9504-b8ef99577007,4,0.0077162723602131,8.0,8
168eacc5-4188-4e6d-9504-b8ef99577007,5,0.3900358220074036,2.0,8
168eacc5-4188-4e6d-9504-b8ef99577007,6,0.0134700848366783,7.0,8
168eacc5-4188-4e6d-9504-b8ef99577007,7,0.1336546326860107,3.0,8
169b5272-21ba-471a-9f22-7bff1f6880f2,0,0.2969586729446625,2.0,8
169b5272-21ba-471a-9f22-7bff1f6880f2,1,0.0604314599783534,4.0,8
169b5272-21ba-471a-9f22-7bff1f6880f2,2,0.0046480934212708,7.0,8
169b5272-21ba-471a-9f22-7bff1f6880f2,3,0.001895166586184,8.0,8
169b5272-21ba-471a-9f22-7bff1f6880f2,4,0.0115004050068323,6.0,8
169b5272-21ba-471a-9f22-7bff1f6880f2,5,0.1780444055108643,3.0,8
169b5272-21ba-471a-9f22-7bff1f6880f2,6,0.031919452617255,5.0,8
169b5272-21ba-471a-9f22-7bff1f6880f2,7,0.4146023422846074,1.0,8
16bdf580-46c0-4117-8e79-d6313403fc2f,0,0.0204027056958937,6.0,8
16bdf580-46c0-4117-8e79-d6313403fc2f,1,0.0795321184178736,3.0,8
16bdf580-46c0-4117-8e79-d6313403fc2f,2,0.7098254387147727,1.0,8
16bdf580-46c0-4117-8e79-d6313403fc2f,3,0.0468987314399431,4.0,8
16bdf580-46c0-4117-8e79-d6313403fc2f,4,0.0034707413793953,8.0,8
16bdf580-46c0-4117-8e79-d6313403fc2f,5,0.0207462224120535,5.0,8
16bdf580-46c0-4117-8e79-d6313403fc2f,6,0.0055402030302459,7.0,8
16bdf580-46c0-4117-8e79-d6313403fc2f,7,0.113583841653001,2.0,8
17e56bcb-a245-4c55-8800-0f5f6d6b86e0,0,0.0030207519515397,8.0,8
17e56bcb-a245-4c55-8800-0f5f6d6b86e0,1,0.0144255276767512,6.0,8
17e56bcb-a245-4c55-8800-0f5f6d6b86e0,2,0.0079725607198877,7.0,8
17e56bcb-a245-4c55-8800-0f5f6d6b86e0,3,0.0244112915691517,5.0,8
17e56bcb-a245-4c55-8800-0f5f6d6b86e0,4,0.4591895837399793,1.0,8
17e56bcb-a245-4c55-8800-0f5f6d6b86e0,5,0.2861366423262224,2.0,8
17e56bcb-a245-4c55-8800-0f5f6d6b86e0,6,0.1157988464591666,3.0,8
17e56bcb-a245-4c55-8800-0f5f6d6b86e0,7,0.0890447950272768,4.0,8
194293a8-7c7d-4b3d-b071-f5e30aa8e23e,0,0.0028935848016472,8.0,8
194293a8-7c7d-4b3d-b071-f5e30aa8e23e,1,0.0131241103246039,6.0,8
194293a8-7c7d-4b3d-b071-f5e30aa8e23e,2,0.0121457515904665,7.0,8
194293a8-7c7d-4b3d-b071-f5e30aa8e23e,3,0.2968137207901171,1.0,8
194293a8-7c7d-4b3d-b071-f5e30aa8e23e,4,0.2711717385711949,3.0,8
194293a8-7c7d-4b3d-b071-f5e30aa8e23e,5,0.2958137207901171,2.0,8
194293a8-7c7d-4b3d-b071-f5e30aa8e23e,6,0.0989895160988447,4.0,8
194293a8-7c7d-4b3d-b071-f5e30aa8e23e,7,0.0455127549637758,5.0,8
196d5326-bb56-479b-9985-c577d035541e,0,0.0043734826256711,8.0,8
196d5326-bb56-479b-9985-c577d035541e,1,0.4275589520279614,1.0,8
196d5326-bb56-479b-9985-c577d035541e,2,0.0952866053022568,4.0,8
196d5326-bb56-479b-9985-c577d035541e,3,0.3047017357110812,2.0,8
196d5326-bb56-479b-9985-c577d035541e,4,0.03571184250122,5.0,8
196d5326-bb56-479b-9985-c577d035541e,5,0.0299457186044147,6.0,8
196d5326-bb56-479b-9985-c577d035541e,6,0.006226802965056,7.0,8
196d5326-bb56-479b-9985-c577d035541e,7,0.0961948561072469,3.0,8
1998ab8e-0da4-49d5-86c6-c5a2cbf9f5d7,0,0.4463049782032989,1.0,8
1998ab8e-0da4-49d5-86c6-c5a2cbf9f5d7,1,0.0025648944251265,8.0,8
1998ab8e-0da4-49d5-86c6-c5a2cbf9f5d7,2,0.1719997243880785,3.0,8
1998ab8e-0da4-49d5-86c6-c5a2cbf9f5d7,3,0.0114819231949254,7.0,8
1998ab8e-0da4-49d5-86c6-c5a2cbf9f5d7,4,0.2897375447528443,2.0,8
1998ab8e-0da4-49d5-86c6-c5a2cbf9f5d7,5,0.0177933293420619,5.0,8
1998ab8e-0da4-49d5-86c6-c5a2cbf9f5d7,6,0.0150895851880415,6.0,8
1998ab8e-0da4-49d5-86c6-c5a2cbf9f5d7,7,0.0450280227949414,4.0,8
19a348b4-e1c2-4284-82eb-7c30d47a032c,0,0.0053570830317197,7.0,8
19a348b4-e1c2-4284-82eb-7c30d47a032c,1,0.4228366162227204,1.0,8
19a348b4-e1c2-4284-82eb-7c30d47a032c,2,0.3124257290579365,2.0,8
19a348b4-e1c2-4284-82eb-7c30d47a032c,3,0.021137769723814,4.0,8
19a348b4-e1c2-4284-82eb-7c30d47a032c,4,0.0073803016296088,5.0,8
19a348b4-e1c2-4284-82eb-7c30d47a032c,5,0.2203384161741081,3.0,8
19a348b4-e1c2-4284-82eb-7c30d47a032c,6,0.0065890264739354,6.0,8
19a348b4-e1c2-4284-82eb-7c30d47a032c,7,0.0039350572594304,8.0,8
19c1b094-0962-412a-85c8-5be27241afe0,0,0.2556176177648071,1.0,8
19c1b094-0962-412a-85c8-5be27241afe0,1,0.0653061363642999,5.0,8
19c1b094-0962-412a-85c8-5be27241afe0,2,0.0066819587359965,8.0,8
19c1b094-0962-412a-85c8-5be27241afe0,3,0.0206128676527325,7.0,8
19c1b094-0962-412a-85c8-5be27241afe0,4,0.2546176177648071,2.0,8
19c1b094-0962-412a-85c8-5be27241afe0,5,0.2090856564604373,3.0,8
19c1b094-0962-412a-85c8-5be27241afe0,6,0.0341891000759865,6.0,8
19c1b094-0962-412a-85c8-5be27241afe0,7,0.176848045154993,4.0,8
19f122cf-2d5e-404c-871e-ee4abf9f1850,0,0.0030353347821235,8.0,8
19f122cf-2d5e-404c-871e-ee4abf9f1850,1,0.0079153657034398,6.0,8
19f122cf-2d5e-404c-871e-ee4abf9f1850,2,0.0053834386476825,7.0,8
19f122cf-2d5e-404c-871e-ee4abf9f1850,3,0.4403394726264807,1.0,8
19f122cf-2d5e-404c-871e-ee4abf9f1850,4,0.1886117383616219,2.0,8
19f122cf-2d5e-404c-871e-ee4abf9f1850,5,0.0777158932207947,5.0,8
19f122cf-2d5e-404c-871e-ee4abf9f1850,6,0.1266341126350344,4.0,8
19f122cf-2d5e-404c-871e-ee4abf9f1850,7,0.1503646429051675,3.0,8
1a7b3a3d-b9e8-4215-9082-cf815bfea806,0,0.0291627471475666,6.0,8
1a7b3a3d-b9e8-4215-9082-cf815bfea806,1,0.035668434178855,5.0,8
1a7b3a3d-b9e8-4215-9082-cf815bfea806,2,0.5467985461184572,1.0,8
1a7b3a3d-b9e8-4215-9082-cf815bfea806,3,0.1095363890120523,3.0,8
1a7b3a3d-b9e8-4215-9082-cf815bfea806,4,0.0044036389529876,8.0,8
1a7b3a3d-b9e8-4215-9082-cf815bfea806,5,0.5457985461184572,2.0,8
1a7b3a3d-b9e8-4215-9082-cf815bfea806,6,0.0053150866553417,7.0,8
1a7b3a3d-b9e8-4215-9082-cf815bfea806,7,0.1034343534591942,4.0,8
1ab0622b-c292-4f6c-8dd4-096546a679d2,0,0.0066726565727157,7.0,8
1ab0622b-c292-4f6c-8dd4-096546a679d2,1,0.0441635469169232,3.0,8
1ab0622b-c292-4f6c-8dd4-096546a679d2,2,0.5034016497828169,1.0,8
1ab0622b-c292-4f6c-8dd4-096546a679d2,3,0.0115317951696732,6.0,8
1ab0622b-c292-4f6c-8dd4-096546a679d2,4,0.0031105125081268,8.0,8
1ab0622b-c292-4f6c-8dd4-096546a679d2,5,0.3936559584798899,2.0,8
1ab0622b-c292-4f6c-8dd4-096546a679d2,6,0.0233145411171642,4.0,8
1ab0622b-c292-4f6c-8dd4-096546a679d2,7,0.0141493432772482,5.0,8
1b306d7a-3879-42b8-8a4a-534b0caa3ff2,0,0.0022737592084038,8.0,8
1b306d7a-3879-42b8-8a4a-534b0caa3ff2,1,0.0293819841322672,5.0,8
1b306d7a-3879-42b8-8a4a-534b0caa3ff2,2,0.0055117655807029,7.0,8
1b306d7a-3879-42b8-8a4a-534b0caa3ff2,3,0.4469636080736225,1.0,8
1b306d7a-3879-42b8-8a4a-534b0caa3ff2,4,0.1535931966650206,3.0,8
1b306d7a-3879-42b8-8a4a-534b0caa3ff2,5,0.0369430912298195,4.0,8
1b306d7a-3879-42b8-8a4a-534b0caa3ff2,6,0.016214359781932,6.0,8
1b306d7a-3879-42b8-8a4a-534b0caa3ff2,7,0.4459636080736225,2.0,8
1ba2aa39-acc4-4437-8415-057cc89369f6,0,0.1883367131410296,4.0,8
1ba2aa39-acc4-4437-8415-057cc89369f6,1,0.366628964732748,2.0,8
1ba2aa39-acc4-4437-8415-057cc89369f6,2,0.0008598895585076,8.0,8
1ba2aa39-acc4-4437-8415-057cc89369f6,3,0.013067400781988,5.0,8
1ba2aa39-acc4-4437-8415-057cc89369f6,4,0.0044946328177959,6.0,8
1ba2aa39-acc4-4437-8415-057cc89369f6,5,0.0040121347304808,7.0,8
1ba2aa39-acc4-4437-8415-057cc89369f6,6,0.367628964732748,1.0,8
1ba2aa39-acc4-4437-8415-057cc89369f6,7,0.2852062866630165,3.0,8
1bf93715-2719-4fbb-877e-5139ee174ac8,0,0.4147837866822315,2.0,8
1bf93715-2719-4fbb-877e-5139ee174ac8,1,0.0286980875475256,5.0,8
1bf93715-2719-4fbb-877e-5139ee174ac8,2,0.0129098126896835,7.0,8
1bf93715-2719-4fbb-877e-5139ee174ac8,3,0.0842747376415203,3.0,8
1bf93715-2719-4fbb-877e-5139ee174ac8,4,0.041051579188105,4.0,8
1bf93715-2719-4fbb-877e-5139ee174ac8,5,0.0022739114363154,8.0,8
1bf93715-2719-4fbb-877e-5139ee174ac8,6,0.0206295511987604,6.0,8
1bf93715-2719-4fbb-877e-5139ee174ac8,7,0.4157837866822315,1.0,8
1caa11e6-7979-4d4b-9316-3a149c0c2664,0,0.6993931946761364,1.0,8
1caa11e6-7979-4d4b-9316-3a149c0c2664,1,0.0753383806030724,4.0,8
1caa11e6-7979-4d4b-9316-3a149c0c2664,2,0.0035616397628802,8.0,8
1caa11e6-7979-4d4b-9316-3a149c0c2664,3,0.0044412448512196,7.0,8
1caa11e6-7979-4d4b-9316-3a149c0c2664,4,0.0136974338705068,5.0,8
1caa11e6-7979-4d4b-9316-3a149c0c2664,5,0.1130525648901053,2.0,8
1caa11e6-7979-4d4b-9316-3a149c0c2664,6,0.0068895921069191,6.0,8
1caa11e6-7979-4d4b-9316-3a149c0c2664,7,0.0836259493991735,3.0,8
1d554ead-b5d2-403a-a97b-e00ca1f9e8a5,0,0.012578449063052,4.0,8
1d554ead-b5d2-403a-a97b-e00ca1f9e8a5,1,0.911092287406164,1.0,8
1d554ead-b5d2-403a-a97b-e00ca1f9e8a5,2,0.0029143383322869,8.0,8
1d554ead-b5d2-403a-a97b-e00ca1f9e8a5,3,0.0096769213779798,5.0,8
1d554ead-b5d2-403a-a97b-e00ca1f9e8a5,4,0.0037519294569616,7.0,8
1d554ead-b5d2-403a-a97b-e00ca1f9e8a5,5,0.0077577898528027,6.0,8
1d554ead-b5d2-403a-a97b-e00ca1f9e8a5,6,0.0272394203119524,2.0,8
1d554ead-b5d2-403a-a97b-e00ca1f9e8a5,7,0.0249888650015936,3.0,8
1dd01d7e-2b32-49e0-9d8b-96e656b4fab4,0,0.2473372721459194,2.0,8
1dd01d7e-2b32-49e0-9d8b-96e656b4fab4,1,0.5744471290203341,1.0,8
1dd01d7e-2b32-49e0-9d8b-96e656b4fab4,2,0.0011860256598376,8.0,8
1dd01d7e-2b32-49e0-9d8b-96e656b4fab4,3,0.0362163343261116,4.0,8
1dd01d7e-2b32-49e0-9d8b-96e656b4fab4,4,0.012140582395451,5.0,8
1dd01d7e-2b32-49e0-9d8b-96e656b4fab4,5,0.0100679961131791,6.0,8
1dd01d7e-2b32-49e0-9d8b-96e656b4fab4,6,0.0056349061266893,7.0,8
1dd01d7e-2b32-49e0-9d8b-96e656b4fab4,7,0.1129697580544163,3.0,8
1dee786a-4a23-4379-868b-73b6e5f1387a,0,0.0102155561976919,7.0,8
1dee786a-4a23-4379-868b-73b6e5f1387a,1,0.0697150445287046,4.0,8
1dee786a-4a23-4379-868b-73b6e5f1387a,2,0.5338663432179408,1.0,8
1dee786a-4a23-4379-868b-73b6e5f1387a,3,0.161936193637107,3.0,8
1dee786a-4a23-4379-868b-73b6e5f1387a,4,0.0059082224347937,8.0,8
1dee786a-4a23-4379-868b-73b6e5f1387a,5,0.0307094124424353,5.0,8
1dee786a-4a23-4379-868b-73b6e5f1387a,6,0.1714446830820213,2.0,8
1dee786a-4a23-4379-868b-73b6e5f1387a,7,0.016204550552454,6.0,8
1e185520-67c3-4491-ab30-8e4c3f1a0316,0,0.0060639263963546,7.0,8
1e185520-67c3-4491-ab30-8e4c3f1a0316,1,0.2214557765761363,3.0,8
1e185520-67c3-4491-ab30-8e4c3f1a0316,2,0.0938996439079666,5.0,8
1e185520-67c3-4491-ab30-8e4c3f1a0316,3,0.2550824133936157,1.0,8
1e185520-67c3-4491-ab30-8e4c3f1a0316,4,0.0015947671618852,8.0,8
1e185520-67c3-4491-ab30-8e4c3f1a0316,5,0.2487331020233436,2.0,8
1e185520-67c3-4491-ab30-8e4c3f1a0316,6,0.018611588422289,6.0,8
1e185520-67c3-4491-ab30-8e4c3f1a0316,7,0.1545587757123002,4.0,8
1e5af346-3cb5-4086-996e-30a66ac01367,0,0.0833188643743856,5.0,8
1e5af346-3cb5-4086-996e-30a66ac01367,1,0.3500215877788568,1.0,8
1e5af346-3cb5-4086-996e-30a66ac01367,2,0.2239251207289394,2.0,8
1e5af346-3cb5-4086-996e-30a66ac01367,3,0.0180640338757597,7.0,8
1e5af346-3cb5-4086-996e-30a66ac01367,4,0.0018931544412862,8.0,8
1e5af346-3cb5-4086-996e-30a66ac01367,5,0.1934255754603719,3.0,8
1e5af346-3cb5-4086-996e-30a66ac01367,6,0.0960495278880234,4.0,8
1e5af346-3cb5-4086-996e-30a66ac01367,7,0.0333021374680027,6.0,8
1e94721b-edd5-465d-bd75-0461e374cff0,0,0.0018106775012042,8.0,8
1e94721b-edd5-465d-bd75-0461e374cff0,1,0.0615713461424211,4.0,8
1e94721b-edd5-465d-bd75-0461e374cff0,2,0.0552433404534211,6.0,8
1e94721b-edd5-465d-bd75-0461e374cff0,3,0.0040452131639358,7.0,8
1e94721b-edd5-465d-bd75-0461e374cff0,4,0.1698766264138464,3.0,8
1e94721b-edd5-465d-bd75-0461e374cff0,5,0.2724620037961777,2.0,8
1e94721b-edd5-465d-bd75-0461e374cff0,6,0.3790163873842493,1.0,8
1e94721b-edd5-465d-bd75-0461e374cff0,7,0.0559744028670251,5.0,8
1eb20c3f-833b-425e-b3a0-9fae5fbf8d20,0,0.0210709582780334,7.0,8
1eb20c3f-833b-425e-b3a0-9fae5fbf8d20,1,0.2242581593206818,3.0,8
1eb20c3f-833b-425e-b3a0-9fae5fbf8d20,2,0.4303910892881543,2.0,8
1eb20c3f-833b-425e-b3a0-9fae5fbf8d20,3,0.0415657196246649,6.0,8
1eb20c3f-833b-425e-b3a0-9fae5fbf8d20,4,0.0020144433113699,8.0,8
1eb20c3f-833b-425e-b3a0-9fae5fbf8d20,5,0.0638987481100034,5.0,8
1eb20c3f-833b-425e-b3a0-9fae5fbf8d20,6,0.4313910892881543,1.0,8
1eb20c3f-833b-425e-b3a0-9fae5fbf8d20,7,0.1322892242012923,4.0,8
1ee56685-f611-47ea-8d8d-d7b6ccfdf84e,0,0.1732687154006542,3.0,8
1ee56685-f611-47ea-8d8d-d7b6ccfdf84e,1,0.0017969629878183,8.0,8
1ee56685-f611-47ea-8d8d-d7b6ccfdf84e,2,0.1946622568903994,2.0,8
1ee56685-f611-47ea-8d8d-d7b6ccfdf84e,3,0.1053721189315464,4.0,8
1ee56685-f611-47ea-8d8d-d7b6ccfdf84e,4,0.4561243730920798,1.0,8
1ee56685-f611-47ea-8d8d-d7b6ccfdf84e,5,0.0228349816701678,6.0,8
1ee56685-f611-47ea-8d8d-d7b6ccfdf84e,6,0.0274268507942858,5.0,8
1ee56685-f611-47ea-8d8d-d7b6ccfdf84e,7,0.018513737412739,7.0,8
20640534-3201-4abd-a848-ae6a8559b9ed,0,0.0929422382853186,3.0,8
20640534-3201-4abd-a848-ae6a8559b9ed,1,0.0171017064522089,6.0,8
20640534-3201-4abd-a848-ae6a8559b9ed,2,0.4620443645528478,1.0,8
20640534-3201-4abd-a848-ae6a8559b9ed,3,0.0073856700906041,8.0,8
20640534-3201-4abd-a848-ae6a8559b9ed,4,0.0074042017038532,7.0,8
20640534-3201-4abd-a848-ae6a8559b9ed,5,0.3425649524835399,2.0,8
20640534-3201-4abd-a848-ae6a8559b9ed,6,0.0395082656650355,4.0,8
20640534-3201-4abd-a848-ae6a8559b9ed,7,0.0310486011373409,5.0,8
2154a83d-51a1-4cb6-866a-efb80b32e072,0,0.0208625586256084,6.0,8
2154a83d-51a1-4cb6-866a-efb80b32e072,1,0.057952381670927,4.0,8
2154a83d-51a1-4cb6-866a-efb80b32e072,2,0.240941130154969,3.0,8
2154a83d-51a1-4cb6-866a-efb80b32e072,3,0.3256052322787431,1.0,8
2154a83d-51a1-4cb6-866a-efb80b32e072,4,0.0019691120054105,8.0,8
2154a83d-51a1-4cb6-866a-efb80b32e072,5,0.2954006216574621,2.0,8
2154a83d-51a1-4cb6-866a-efb80b32e072,6,0.0093906130767193,7.0,8
2154a83d-51a1-4cb6-866a-efb80b32e072,7,0.0478783539614087,5.0,8
22242496-174a-4deb-b0ba-bbe9ef68c3cd,0,0.0319393511534868,5.0,8
22242496-174a-4deb-b0ba-bbe9ef68c3cd,1,0.3743111717575419,1.0,8
22242496-174a-4deb-b0ba-bbe9ef68c3cd,2,0.0142650367383507,6.0,8
22242496-174a-4deb-b0ba-bbe9ef68c3cd,3,0.0140213045661935,7.0,8
22242496-174a-4deb-b0ba-bbe9ef68c3cd,4,0.2186515956929029,2.0,8
22242496-174a-4deb-b0ba-bbe9ef68c3cd,5,0.0046964074371843,8.0,8
22242496-174a-4deb-b0ba-bbe9ef68c3cd,6,0.1679365544056246,4.0,8
22242496-174a-4deb-b0ba-bbe9ef68c3cd,7,0.1741785787071763,3.0,8
222e3bc7-6450-4656-8322-be46bffb738f,0,0.6303003470795455,1.0,8
222e3bc7-6450-4656-8322-be46bffb738f,1,0.1024426458642408,3.0,8
222e3bc7-6450-4656-8322-be46bffb738f,2,0.0063135541485613,6.0,8
222e3bc7-6450-4656-8322-be46bffb738f,3,0.0027442891312555,8.0,8
222e3bc7-6450-4656-8322-be46bffb738f,4,0.0057798480814432,7.0,8
222e3bc7-6450-4656-8322-be46bffb738f,5,0.0578967174259094,4.0,8
222e3bc7-6450-4656-8322-be46bffb738f,6,0.0095495689928534,5.0,8
222e3bc7-6450-4656-8322-be46bffb738f,7,0.1849730302725551,2.0,8
22a1380c-b9ff-4368-948b-de2e80c0bb23,0,0.0030183446833246,8.0,8
22a1380c-b9ff-4368-948b-de2e80c0bb23,1,0.1268319687045041,2.0,8
22a1380c-b9ff-4368-948b-de2e80c0bb23,2,0.0051219881108947,7.0,8
22a1380c-b9ff-4368-948b-de2e80c0bb23,3,0.005138538045028,6.0,8
22a1380c-b9ff-4368-948b-de2e80c0bb23,4,0.6694781378111571,1.0,8
22a1380c-b9ff-4368-948b-de2e80c0bb23,5,0.0529748464569232,4.0,8
22a1380c-b9ff-4368-948b-de2e80c0bb23,6,0.0165483056502971,5.0,8
22a1380c-b9ff-4368-948b-de2e80c0bb23,7,0.1208878692818732,3.0,8
22ddb6d5-856b-49c4-b1b7-50b9fc8ff98f,0,0.1639573655429166,5.0,8
22ddb6d5-856b-49c4-b1b7-50b9fc8ff98f,1,0.3081529393272727,2.0,8
22ddb6d5-856b-49c4-b1b7-50b9fc8ff98f,2,0.0027537017322856,8.0,8
22ddb6d5-856b-49c4-b1b7-50b9fc8ff98f,3,0.1945385769515357,3.0,8
22ddb6d5-856b-49c4-b1b7-50b9fc8ff98f,4,0.0074653693406737,7.0,8
22ddb6d5-856b-49c4-b1b7-50b9fc8ff98f,5,0.3091529393272727,1.0,8
22ddb6d5-856b-49c4-b1b7-50b9fc8ff98f,6,0.0174001173108367,6.0,8
22ddb6d5-856b-49c4-b1b7-50b9fc8ff98f,7,0.1678612382243182,4.0,8
2311d831-cf67-4f9f-af7d-bdd43ff0c418,0,0.0041189884943442,8.0,8
2311d831-cf67-4f9f-af7d-bdd43ff0c418,1,0.0056259713518571,7.0,8
2311d831-cf67-4f9f-af7d-bdd43ff0c418,2,0.0137795454583081,6.0,8
2311d831-cf67-4f9f-af7d-bdd43ff0c418,3,0.0230345511576089,5.0,8
2311d831-cf67-4f9f-af7d-bdd43ff0c418,4,0.3842152260704098,2.0,8
2311d831-cf67-4f9f-af7d-bdd43ff0c418,5,0.1858786141709159,3.0,8
2311d831-cf67-4f9f-af7d-bdd43ff0c418,6,0.3852152260704098,1.0,8
2311d831-cf67-4f9f-af7d-bdd43ff0c418,7,0.0798511435999862,4.0,8
236d861c-ea51-4826-ab23-c545c3959668,0,0.0057111801680191,7.0,8
236d861c-ea51-4826-ab23-c545c3959668,1,0.1925594719159366,2.0,8
236d861c-ea51-4826-ab23-c545c3959668,2,0.1876628934602927,3.0,8
236d861c-ea51-4826-ab23-c545c3959668,3,0.0137699235216872,6.0,8
236d861c-ea51-4826-ab23-c545c3959668,4,0.0030007486175171,8.0,8
236d861c-ea51-4826-ab23-c545c3959668,5,0.4339266208046832,1.0,8
236d861c-ea51-4826-ab23-c545c3959668,6,0.053657203721429,5.0,8
236d861c-ea51-4826-ab23-c545c3959668,7,0.1097119602600955,4.0,8
23815979-2e48-4b69-a485-db258d8c81dd,0,0.0163232730626881,7.0,8
23815979-2e48-4b69-a485-db258d8c81dd,1,0.0669575841345971,5.0,8
23815979-2e48-4b69-a485-db258d8c81dd,2,0.4162840973447658,1.0,8
23815979-2e48-4b69-a485-db258d8c81dd,3,0.0164868910260551,6.0,8
23815979-2e48-4b69-a485-db258d8c81dd,4,0.0052260348749378,8.0,8
23815979-2e48-4b69-a485-db258d8c81dd,5,0.1186649259100924,3.0,8
23815979-2e48-4b69-a485-db258d8c81dd,6,0.0995763483389738,4.0,8
23815979-2e48-4b69-a485-db258d8c81dd,7,0.4152840973447658,2.0,8
240db579-1ca9-47d2-b6cb-ad5ce50ebc42,0,0.0034222521849718,8.0,8
240db579-1ca9-47d2-b6cb-ad5ce50ebc42,1,0.0311096748325953,5.0,8
240db579-1ca9-47d2-b6cb-ad5ce50ebc42,2,0.0123415379815024,7.0,8
240db579-1ca9-47d2-b6cb-ad5ce50ebc42,3,0.0229249436638911,6.0,8
240db579-1ca9-47d2-b6cb-ad5ce50ebc42,4,0.3461334541895317,2.0,8
240db579-1ca9-47d2-b6cb-ad5ce50ebc42,5,0.1014455204770706,3.0,8
240db579-1ca9-47d2-b6cb-ad5ce50ebc42,6,0.0929931512739118,4.0,8
240db579-1ca9-47d2-b6cb-ad5ce50ebc42,7,0.3896294642485193,1.0,8
240de110-ca19-495e-8eff-4933bfc21051,0,0.0157340225545215,6.0,8
240de110-ca19-495e-8eff-4933bfc21051,1,0.0323832282451153,5.0,8
240de110-ca19-495e-8eff-4933bfc21051,2,0.5930285346461431,1.0,8
240de110-ca19-495e-8eff-4933bfc21051,3,0.0393102385626425,4.0,8
240de110-ca19-495e-8eff-4933bfc21051,4,0.0018413970232518,8.0,8
240de110-ca19-495e-8eff-4933bfc21051,5,0.2723522460997331,2.0,8
240de110-ca19-495e-8eff-4933bfc21051,6,0.0047370175910008,7.0,8
240de110-ca19-495e-8eff-4933bfc21051,7,0.0406133068029476,3.0,8
24c524ff-f094-4581-a85e-1ad6c39f6548,0,0.004202713833784,7.0,8
24c524ff-f094-4581-a85e-1ad6c39f6548,1,0.0193708284111666,4.0,8
24c524ff-f094-4581-a85e-1ad6c39f6548,2,0.7487363949610881,1.0,8
24c524ff-f094-4581-a85e-1ad6c39f6548,3,0.0071722363267284,5.0,8
24c524ff-f094-4581-a85e-1ad6c39f6548,4,0.0062476669353476,6.0,8
24c524ff-f094-4581-a85e-1ad6c39f6548,5,0.1853840025961019,2.0,8
24c524ff-f094-4581-a85e-1ad6c39f6548,6,0.0041153666866632,8.0,8
24c524ff-f094-4581-a85e-1ad6c39f6548,7,0.0247707857541993,3.0,8
24fb8fe9-97dd-4b53-8c92-a8f7b44347ac,0,0.0041574321332135,8.0,8
24fb8fe9-97dd-4b53-8c92-a8f7b44347ac,1,0.0658328808622582,5.0,8
24fb8fe9-97dd-4b53-8c92-a8f7b44347ac,2,0.0145177020204389,7.0,8
24fb8fe9-97dd-4b53-8c92-a8f7b44347ac,3,0.4094876643855372,1.0,8
24fb8fe9-97dd-4b53-8c92-a8f7b44347ac,4,0.2052501917994835,3.0,8
24fb8fe9-97dd-4b53-8c92-a8f7b44347ac,5,0.0333230375362816,6.0,8
24fb8fe9-97dd-4b53-8c92-a8f7b44347ac,6,0.1864483196885192,4.0,8
24fb8fe9-97dd-4b53-8c92-a8f7b44347ac,7,0.4084876643855372,2.0,8
2539b221-ce2e-461e-9b1d-6c792becfc09,0,0.003766822954378,7.0,8
2539b221-ce2e-461e-9b1d-6c792becfc09,1,0.0526417014911863,3.0,8
2539b221-ce2e-461e-9b1d-6c792becfc09,2,0.7819847327438018,1.0,8
2539b221-ce2e-461e-9b1d-6c792becfc09,3,0.0102711501768424,6.0,8
2539b221-ce2e-461e-9b1d-6c792becfc09,4,0.002556315940715,8.0,8
2539b221-ce2e-461e-9b1d-6c792becfc09,5,0.0468985303371759,4.0,8
2539b221-ce2e-461e-9b1d-6c792becfc09,6,0.0298968130906095,5.0,8
2539b221-ce2e-461e-9b1d-6c792becfc09,7,0.0719839324788946,2.0,8
255dd0e7-72f5-4602-9ba0-548e2be6ce93,0,0.0011722859691592,8.0,8
255dd0e7-72f5-4602-9ba0-548e2be6ce93,1,0.0067325129350721,6.0,8
255dd0e7-72f5-4602-9ba0-548e2be6ce93,2,0.0029107255533153,7.0,8
255dd0e7-72f5-4602-9ba0-548e2be6ce93,3,0.2822490922509642,2.0,8
255dd0e7-72f5-4602-9ba0-548e2be6ce93,4,0.4395243665616047,1.0,8
255dd0e7-72f5-4602-9ba0-548e2be6ce93,5,0.06167965591022,5.0,8
255dd0e7-72f5-4602-9ba0-548e2be6ce93,6,0.1095386653063326,3.0,8
255dd0e7-72f5-4602-9ba0-548e2be6ce93,7,0.0961926967112303,4.0,8
256cbd39-2c2e-4b8c-aee7-caa4200c8ce4,0,0.0009020366297657,8.0,8
256cbd39-2c2e-4b8c-aee7-caa4200c8ce4,1,0.0759502181182438,5.0,8
256cbd39-2c2e-4b8c-aee7-caa4200c8ce4,2,0.3542942034996212,1.0,8
256cbd39-2c2e-4b8c-aee7-caa4200c8ce4,3,0.1043007885100964,4.0,8
256cbd39-2c2e-4b8c-aee7-caa4200c8ce4,4,0.002102984610453,7.0,8
256cbd39-2c2e-4b8c-aee7-caa4200c8ce4,5,0.3532942034996212,2.0,8
256cbd39-2c2e-4b8c-aee7-caa4200c8ce4,6,0.1280024938362706,3.0,8
256cbd39-2c2e-4b8c-aee7-caa4200c8ce4,7,0.0373412664967814,6.0,8
25707a8b-c87c-4bb5-9029-c84053779ac2,0,0.001587414106432,8.0,8
25707a8b-c87c-4bb5-9029-c84053779ac2,1,0.010608618658045,6.0,8
25707a8b-c87c-4bb5-9029-c84053779ac2,2,0.0267628586182179,5.0,8
25707a8b-c87c-4bb5-9029-c84053779ac2,3,0.0076350682081788,7.0,8
25707a8b-c87c-4bb5-9029-c84053779ac2,4,0.1707286354332678,3.0,8
25707a8b-c87c-4bb5-9029-c84053779ac2,5,0.1687651854392217,4.0,8
25707a8b-c87c-4bb5-9029-c84053779ac2,6,0.3635526369990702,1.0,8
25707a8b-c87c-4bb5-9029-c84053779ac2,7,0.3625526369990702,2.0,8
25df1838-c270-483b-b0f4-75efc0e0f8fa,0,0.0065159257684912,7.0,8
25df1838-c270-483b-b0f4-75efc0e0f8fa,1,0.1056815662174352,4.0,8
25df1838-c270-483b-b0f4-75efc0e0f8fa,2,0.1586776070934373,2.0,8
25df1838-c270-483b-b0f4-75efc0e0f8fa,3,0.1100494692043432,3.0,8
25df1838-c270-483b-b0f4-75efc0e0f8fa,4,0.0024362365785449,8.0,8
25df1838-c270-483b-b0f4-75efc0e0f8fa,5,0.0100803816604578,6.0,8
25df1838-c270-483b-b0f4-75efc0e0f8fa,6,0.0440140837448546,5.0,8
25df1838-c270-483b-b0f4-75efc0e0f8fa,7,0.5625447295496557,1.0,8
2628db6b-94da-47c5-9bb1-9e861f0cf3b4,0,0.002039542776419,8.0,8
2628db6b-94da-47c5-9bb1-9e861f0cf3b4,1,0.1636154390509125,2.0,8
2628db6b-94da-47c5-9bb1-9e861f0cf3b4,2,0.0367179604183539,6.0,8
2628db6b-94da-47c5-9bb1-9e861f0cf3b4,3,0.0039023615047691,7.0,8
2628db6b-94da-47c5-9bb1-9e861f0cf3b4,4,0.0806779586148571,4.0,8
2628db6b-94da-47c5-9bb1-9e861f0cf3b4,5,0.0497593278349276,5.0,8
2628db6b-94da-47c5-9bb1-9e861f0cf3b4,6,0.1630078054697314,3.0,8
2628db6b-94da-47c5-9bb1-9e861f0cf3b4,7,0.5002795988042356,1.0,8
26384e2a-597e-40ab-845a-3fde00f2fee7,0,0.0064687947302878,4.0,8
26384e2a-597e-40ab-845a-3fde00f2fee7,1,0.8233588860346075,1.0,8
26384e2a-597e-40ab-845a-3fde00f2fee7,2,0.0020476631111871,7.0,8
26384e2a-597e-40ab-845a-3fde00f2fee7,3,0.1038421008024449,2.0,8
26384e2a-597e-40ab-845a-3fde00f2fee7,4,0.0018719361239153,8.0,8
26384e2a-597e-40ab-845a-3fde00f2fee7,5,0.0059169235884873,5.0,8
26384e2a-597e-40ab-845a-3fde00f2fee7,6,0.0031194246505378,6.0,8
26384e2a-597e-40ab-845a-3fde00f2fee7,7,0.0533742699577606,3.0,8
264c595e-f2ef-423f-8e55-4f340929c6dd,0,0.1269317536655785,4.0,8
264c595e-f2ef-423f-8e55-4f340929c6dd,1,0.2525591197147865,2.0,8
264c595e-f2ef-423f-8e55-4f340929c6dd,2,0.2535591197147865,1.0,8
264c595e-f2ef-423f-8e55-4f340929c6dd,3,0.0998369228194903,5.0,8
264c595e-f2ef-423f-8e55-4f340929c6dd,4,0.0020773514348484,8.0,8
264c595e-f2ef-423f-8e55-4f340929c6dd,5,0.0238718408788528,6.0,8
264c595e-f2ef-423f-8e55-4f340929c6dd,6,0.0219052403748087,7.0,8
264c595e-f2ef-423f-8e55-4f340929c6dd,7,0.2482680961840358,3.0,8
27f6ee59-416e-494e-bfc4-794d750b1a25,0,0.0084568963857205,7.0,8
27f6ee59-416e-494e-bfc4-794d750b1a25,1,0.0305143547553592,4.0,8
27f6ee59-416e-494e-bfc4-794d750b1a25,2,0.5770791057042356,1.0,8
27f6ee59-416e-494e-bfc4-794d750b1a25,3,0.0201121929276743,5.0,8
27f6ee59-416e-494e-bfc4-794d750b1a25,4,0.0012259761649038,8.0,8
27f6ee59-416e-494e-bfc4-794d750b1a25,5,0.2520049910102135,2.0,8
27f6ee59-416e-494e-bfc4-794d750b1a25,6,0.0104194932308025,6.0,8
27f6ee59-416e-494e-bfc4-794d750b1a25,7,0.1001869882153823,3.0,8
27fa90e1-3eb8-4d90-b048-f02346a23927,0,0.0108430634313593,7.0,8
27fa90e1-3eb8-4d90-b048-f02346a23927,1,0.3883819515350896,2.0,8
27fa90e1-3eb8-4d90-b048-f02346a23927,2,0.1773896968456198,4.0,8
27fa90e1-3eb8-4d90-b048-f02346a23927,3,0.0140843619063272,6.0,8
27fa90e1-3eb8-4d90-b048-f02346a23927,4,0.0041334412835379,8.0,8
27fa90e1-3eb8-4d90-b048-f02346a23927,5,0.0160469942367331,5.0,8
27fa90e1-3eb8-4d90-b048-f02346a23927,6,0.3893819515350896,1.0,8
27fa90e1-3eb8-4d90-b048-f02346a23927,7,0.1863428354585709,3.0,8
282c1bf0-8d2a-4c85-b1ae-d57ad2579ab7,0,0.048699688175451,5.0,8
282c1bf0-8d2a-4c85-b1ae-d57ad2579ab7,1,0.6171054595170454,2.0,8
282c1bf0-8d2a-4c85-b1ae-d57ad2579ab7,2,0.0021503422327991,8.0,8
282c1bf0-8d2a-4c85-b1ae-d57ad2579ab7,3,0.1012467519804579,3.0,8
282c1bf0-8d2a-4c85-b1ae-d57ad2579ab7,4,0.0056904724993836,7.0,8
282c1bf0-8d2a-4c85-b1ae-d57ad2579ab7,5,0.6181054595170454,1.0,8
282c1bf0-8d2a-4c85-b1ae-d57ad2579ab7,6,0.0070877535484779,6.0,8
282c1bf0-8d2a-4c85-b1ae-d57ad2579ab7,7,0.0564542599260812,4.0,8
2835b92c-fbfd-4f31-875b-66879a406959,0,0.0066943467740171,7.0,8
2835b92c-fbfd-4f31-875b-66879a406959,1,0.1457022815623278,4.0,8
2835b92c-fbfd-4f31-875b-66879a406959,2,0.2323886054585744,2.0,8
2835b92c-fbfd-4f31-875b-66879a406959,3,0.001512420781471,8.0,8
2835b92c-fbfd-4f31-875b-66879a406959,4,0.0350095103494934,5.0,8
2835b92c-fbfd-4f31-875b-66879a406959,5,0.1955572913228357,3.0,8
2835b92c-fbfd-4f31-875b-66879a406959,6,0.027199711951348,6.0,8
2835b92c-fbfd-4f31-875b-66879a406959,7,0.3559358298059917,1.0,8
28705325-f55c-45a8-ab64-94cb016b0a50,0,0.1211326087198278,4.0,8
28705325-f55c-45a8-ab64-94cb016b0a50,1,0.1434178581812465,3.0,8
28705325-f55c-45a8-ab64-94cb016b0a50,2,0.0348073596600544,6.0,8
28705325-f55c-45a8-ab64-94cb016b0a50,3,0.0035438563849162,8.0,8
28705325-f55c-45a8-ab64-94cb016b0a50,4,0.1072590375538223,5.0,8
28705325-f55c-45a8-ab64-94cb016b0a50,5,0.3155089749898072,2.0,8
28705325-f55c-45a8-ab64-94cb016b0a50,6,0.008241302046196,7.0,8
28705325-f55c-45a8-ab64-94cb016b0a50,7,0.3165089749898072,1.0,8
28b73ec3-9679-4430-908d-01d95ce71282,0,0.232626477067252,2.0,8
28b73ec3-9679-4430-908d-01d95ce71282,1,0.1696729710933385,3.0,8
28b73ec3-9679-4430-908d-01d95ce71282,2,0.0090770875611966,6.0,8
28b73ec3-9679-4430-908d-01d95ce71282,3,0.0022645935370513,8.0,8
28b73ec3-9679-4430-908d-01d95ce71282,4,0.0068818322717047,7.0,8
28b73ec3-9679-4430-908d-01d95ce71282,5,0.0737446071388963,4.0,8
28b73ec3-9679-4430-908d-01d95ce71282,6,0.0128588659577332,5.0,8
28b73ec3-9679-4430-908d-01d95ce71282,7,0.4928735674123622,1.0,8
291da1a6-53ee-4d80-a609-ae1ffe81bdba,0,0.0506840270512026,5.0,8
291da1a6-53ee-4d80-a609-ae1ffe81bdba,1,0.0849461183277975,4.0,8
291da1a6-53ee-4d80-a609-ae1ffe81bdba,2,0.0416699542721983,6.0,8
291da1a6-53ee-4d80-a609-ae1ffe81bdba,3,0.0040224814678585,8.0,8
291da1a6-53ee-4d80-a609-ae1ffe81bdba,4,0.1429908335683127,3.0,8
291da1a6-53ee-4d80-a609-ae1ffe81bdba,5,0.3900481038400482,1.0,8
291da1a6-53ee-4d80-a609-ae1ffe81bdba,6,0.0072898690926652,7.0,8
291da1a6-53ee-4d80-a609-ae1ffe81bdba,7,0.3890481038400482,2.0,8
295ca34e-8208-4816-b541-329be34d21ae,0,0.1524670528010502,3.0,8
295ca34e-8208-4816-b541-329be34d21ae,1,0.3232695269023416,2.0,8
295ca34e-8208-4816-b541-329be34d21ae,2,0.0026835334706567,7.0,8
295ca34e-8208-4816-b541-329be34d21ae,3,0.0020313504248481,8.0,8
295ca34e-8208-4816-b541-329be34d21ae,4,0.0045525480521846,6.0,8
295ca34e-8208-4816-b541-329be34d21ae,5,0.0237530193816961,4.0,8
295ca34e-8208-4816-b541-329be34d21ae,6,0.0057572142645468,5.0,8
295ca34e-8208-4816-b541-329be34d21ae,7,0.4854857566081267,1.0,8
29ac3d5f-a241-4bab-9b4b-1fbed8fd642b,0,0.0105927470261419,7.0,8
29ac3d5f-a241-4bab-9b4b-1fbed8fd642b,1,0.0075154358298368,8.0,8
29ac3d5f-a241-4bab-9b4b-1fbed8fd642b,2,0.0171814344628997,6.0,8
29ac3d5f-a241-4bab-9b4b-1fbed8fd642b,3,0.1732210935046246,3.0,8
29ac3d5f-a241-4bab-9b4b-1fbed8fd642b,4,0.2616028587517686,2.0,8
29ac3d5f-a241-4bab-9b4b-1fbed8fd642b,5,0.3641938427992665,1.0,8
29ac3d5f-a241-4bab-9b4b-1fbed8fd642b,6,0.1226855869150861,4.0,8
29ac3d5f-a241-4bab-9b4b-1fbed8fd642b,7,0.0430070033193843,5.0,8
29c68586-5b2a-4b7e-80ad-54ac3395b9e4,0,0.0667550704639807,3.0,8
29c68586-5b2a-4b7e-80ad-54ac3395b9e4,1,0.6439054429650481,1.0,8
29c68586-5b2a-4b7e-80ad-54ac3395b9e4,2,0.0070747399299116,6.0,8
29c68586-5b2a-4b7e-80ad-54ac3395b9e4,3,0.0030773845788982,8.0,8
29c68586-5b2a-4b7e-80ad-54ac3395b9e4,4,0.0035246426954581,7.0,8
29c68586-5b2a-4b7e-80ad-54ac3395b9e4,5,0.2157437979090564,2.0,8
29c68586-5b2a-4b7e-80ad-54ac3395b9e4,6,0.0304338697950723,4.0,8
29c68586-5b2a-4b7e-80ad-54ac3395b9e4,7,0.0294850493213068,5.0,8
29dcf273-8bdc-4db2-abfa-fa2df79d0fbb,0,0.1411001950513946,3.0,8
29dcf273-8bdc-4db2-abfa-fa2df79d0fbb,1,0.0838375720362678,4.0,8
29dcf273-8bdc-4db2-abfa-fa2df79d0fbb,2,0.0028899502780796,8.0,8
29dcf273-8bdc-4db2-abfa-fa2df79d0fbb,3,0.022337434913594,5.0,8
29dcf273-8bdc-4db2-abfa-fa2df79d0fbb,4,0.013766454222369,6.0,8
29dcf273-8bdc-4db2-abfa-fa2df79d0fbb,5,0.3812042133626034,1.0,8
29dcf273-8bdc-4db2-abfa-fa2df79d0fbb,6,0.0114659325308026,7.0,8
29dcf273-8bdc-4db2-abfa-fa2df79d0fbb,7,0.3433982491492252,2.0,8
2a307677-9b8e-4aed-8326-c0f916147cd3,0,0.2329350143705578,2.0,8
2a307677-9b8e-4aed-8326-c0f916147cd3,1,0.6569360060432162,1.0,8
2a307677-9b8e-4aed-8326-c0f916147cd3,2,0.001796592147449,8.0,8
2a307677-9b8e-4aed-8326-c0f916147cd3,3,0.0033406532473378,6.0,8
2a307677-9b8e-4aed-8326-c0f916147cd3,4,0.0027506202358161,7.0,8
2a307677-9b8e-4aed-8326-c0f916147cd3,5,0.034834120675047,4.0,8
2a307677-9b8e-4aed-8326-c0f916147cd3,6,0.0051615663967657,5.0,8
2a307677-9b8e-4aed-8326-c0f916147cd3,7,0.0622454308548806,3.0,8
2ab3b5ff-7ca4-40be-b403-7d9ca26cf9c8,0,0.0022773196425325,8.0,8
2ab3b5ff-7ca4-40be-b403-7d9ca26cf9c8,1,0.0125822672463589,6.0,8
2ab3b5ff-7ca4-40be-b403-7d9ca26cf9c8,2,0.0109841541899849,7.0,8
2ab3b5ff-7ca4-40be-b403-7d9ca26cf9c8,3,0.0510491729719559,5.0,8
2ab3b5ff-7ca4-40be-b403-7d9ca26cf9c8,4,0.0978771390012964,3.0,8
2ab3b5ff-7ca4-40be-b403-7d9ca26cf9c8,5,0.051717978401366,4.0,8
2ab3b5ff-7ca4-40be-b403-7d9ca26cf9c8,6,0.4646715372076446,1.0,8
2ab3b5ff-7ca4-40be-b403-7d9ca26cf9c8,7,0.3088404304953857,2.0,8
2abf32b4-8295-4e5f-817e-1fec1ea732cd,0,0.0051420189653345,7.0,8
2abf32b4-8295-4e5f-817e-1fec1ea732cd,1,0.081726927481095,5.0,8
2abf32b4-8295-4e5f-817e-1fec1ea732cd,2,0.1890453107406508,3.0,8
2abf32b4-8295-4e5f-817e-1fec1ea732cd,3,0.1022590490854373,4.0,8
2abf32b4-8295-4e5f-817e-1fec1ea732cd,4,0.0043761293494021,8.0,8
2abf32b4-8295-4e5f-817e-1fec1ea732cd,5,0.071578117927415,6.0,8
2abf32b4-8295-4e5f-817e-1fec1ea732cd,6,0.3502195171258196,1.0,8
2abf32b4-8295-4e5f-817e-1fec1ea732cd,7,0.3492195171258196,2.0,8
2b85e7e5-3c84-409d-88e8-99e7accdfbec,0,0.0100077642483108,6.0,8
2b85e7e5-3c84-409d-88e8-99e7accdfbec,1,0.1448321422900647,3.0,8
2b85e7e5-3c84-409d-88e8-99e7accdfbec,2,0.1446908270421901,4.0,8
2b85e7e5-3c84-409d-88e8-99e7accdfbec,3,0.0064832890546718,7.0,8
2b85e7e5-3c84-409d-88e8-99e7accdfbec,4,0.3056663673001515,2.0,8
2b85e7e5-3c84-409d-88e8-99e7accdfbec,5,0.1257373891558953,5.0,8
2b85e7e5-3c84-409d-88e8-99e7accdfbec,6,0.003540404030991,8.0,8
2b85e7e5-3c84-409d-88e8-99e7accdfbec,7,0.3066663673001515,1.0,8
2bdeb923-7d3d-4957-a577-ae614ba0d26b,0,0.2145721114599862,3.0,8
2bdeb923-7d3d-4957-a577-ae614ba0d26b,1,0.2818113753721178,1.0,8
2bdeb923-7d3d-4957-a577-ae614ba0d26b,2,0.0125495522794937,7.0,8
2bdeb923-7d3d-4957-a577-ae614ba0d26b,3,0.0469533085630699,6.0,8
2bdeb923-7d3d-4957-a577-ae614ba0d26b,4,0.0035105641919759,8.0,8
2bdeb923-7d3d-4957-a577-ae614ba0d26b,5,0.2186058193261707,2.0,8
2bdeb923-7d3d-4957-a577-ae614ba0d26b,6,0.0774332769990309,5.0,8
2bdeb923-7d3d-4957-a577-ae614ba0d26b,7,0.1445639927516288,4.0,8
2c5b664b-18c5-4033-8900-9c1166a7c627,0,0.0131717523731048,6.0,8
2c5b664b-18c5-4033-8900-9c1166a7c627,1,0.7153689655638773,2.0,8
2c5b664b-18c5-4033-8900-9c1166a7c627,2,0.0022505762160967,8.0,8
2c5b664b-18c5-4033-8900-9c1166a7c627,3,0.0624271020884951,4.0,8
2c5b664b-18c5-4033-8900-9c1166a7c627,4,0.0026071635005763,7.0,8
2c5b664b-18c5-4033-8900-9c1166a7c627,5,0.0156036631910882,5.0,8
2c5b664b-18c5-4033-8900-9c1166a7c627,6,0.7163689655638773,1.0,8
2c5b664b-18c5-4033-8900-9c1166a7c627,7,0.1084973532090823,3.0,8
2cb3faaf-7ee0-4cb5-a0ce-d0aa2e6b023a,0,0.0040985137720824,7.0,8
2cb3faaf-7ee0-4cb5-a0ce-d0aa2e6b023a,1,0.6801436460633609,1.0,8
2cb3faaf-7ee0-4cb5-a0ce-d0aa2e6b023a,2,0.0466169029420032,3.0,8
2cb3faaf-7ee0-4cb5-a0ce-d0aa2e6b023a,3,0.0187238052689376,4.0,8
2cb3faaf-7ee0-4cb5-a0ce-d0aa2e6b023a,4,0.0149104260184264,5.0,8
2cb3faaf-7ee0-4cb5-a0ce-d0aa2e6b023a,5,0.2274651086695076,2.0,8
2cb3faaf-7ee0-4cb5-a0ce-d0aa2e6b023a,6,0.0032030200743582,8.0,8
2cb3faaf-7ee0-4cb5-a0ce-d0aa2e6b023a,7,0.0048385799486656,6.0,8
2cb4e4bc-192e-4199-b37f-b2dded6ec645,0,0.0039952036478242,8.0,8
2cb4e4bc-192e-4199-b37f-b2dded6ec645,1,0.0053462420840895,7.0,8
2cb4e4bc-192e-4199-b37f-b2dded6ec645,2,0.0212591477104659,5.0,8
2cb4e4bc-192e-4199-b37f-b2dded6ec645,3,0.0111317657180079,6.0,8
2cb4e4bc-192e-4199-b37f-b2dded6ec645,4,0.5108358706726928,1.0,8
2cb4e4bc-192e-4199-b37f-b2dded6ec645,5,0.055919021984888,4.0,8
2cb4e4bc-192e-4199-b37f-b2dded6ec645,6,0.1942108807239669,3.0,8
2cb4e4bc-192e-4199-b37f-b2dded6ec645,7,0.1973018667179407,2.0,8
2ce17cde-2a99-4d6b-a25b-ef45c1e259eb,0,0.0824122752297107,5.0,8
2ce17cde-2a99-4d6b-a25b-ef45c1e259eb,1,0.0009790635201831,8.0,8
2ce17cde-2a99-4d6b-a25b-ef45c1e259eb,2,0.0149354802227911,6.0,8
2ce17cde-2a99-4d6b-a25b-ef45c1e259eb,3,0.3533772975192837,1.0,8
2ce17cde-2a99-4d6b-a25b-ef45c1e259eb,4,0.3523772975192837,2.0,8
2ce17cde-2a99-4d6b-a25b-ef45c1e259eb,5,0.1448444297424432,4.0,8
2ce17cde-2a99-4d6b-a25b-ef45c1e259eb,6,0.0029490394040518,7.0,8
2ce17cde-2a99-4d6b-a25b-ef45c1e259eb,7,0.1840909451513843,3.0,8
2cf2e5a4-0139-4a25-a48b-39cb8853792e,0,0.0057414750771048,7.0,8
2cf2e5a4-0139-4a25-a48b-39cb8853792e,1,0.0295824609829149,5.0,8
2cf2e5a4-0139-4a25-a48b-39cb8853792e,2,0.5394388628550275,1.0,8
2cf2e5a4-0139-4a25-a48b-39cb8853792e,3,0.037970589822419,3.0,8
2cf2e5a4-0139-4a25-a48b-39cb8853792e,4,0.0032470563832878,8.0,8
2cf2e5a4-0139-4a25-a48b-39cb8853792e,5,0.3211665777405303,2.0,8
2cf2e5a4-0139-4a25-a48b-39cb8853792e,6,0.0337881009418199,4.0,8
2cf2e5a4-0139-4a25-a48b-39cb8853792e,7,0.0290648770023708,6.0,8
2cf9cb22-84de-40af-b027-81e75e054380,0,0.4675220425449208,1.0,8
2cf9cb22-84de-40af-b027-81e75e054380,1,0.4341705039517562,2.0,8
2cf9cb22-84de-40af-b027-81e75e054380,2,0.0046889111499195,6.0,8
2cf9cb22-84de-40af-b027-81e75e054380,3,0.0025645027906921,8.0,8
2cf9cb22-84de-40af-b027-81e75e054380,4,0.0123872359661794,5.0,8
2cf9cb22-84de-40af-b027-81e75e054380,5,0.0042084001470521,7.0,8
2cf9cb22-84de-40af-b027-81e75e054380,6,0.0218752995601568,4.0,8
2cf9cb22-84de-40af-b027-81e75e054380,7,0.0525830993285471,3.0,8
2e112cf1-3f58-4f17-8413-5243888e148d,0,0.0016607515395357,8.0,8
2e112cf1-3f58-4f17-8413-5243888e148d,1,0.5992914446297005,1.0,8
2e112cf1-3f58-4f17-8413-5243888e148d,2,0.0129751539753205,7.0,8
2e112cf1-3f58-4f17-8413-5243888e148d,3,0.1259188544123598,2.0,8
2e112cf1-3f58-4f17-8413-5243888e148d,4,0.0957051199912462,4.0,8
2e112cf1-3f58-4f17-8413-5243888e148d,5,0.0150141965109648,6.0,8
2e112cf1-3f58-4f17-8413-5243888e148d,6,0.1253175223169745,3.0,8
2e112cf1-3f58-4f17-8413-5243888e148d,7,0.0241169458840165,5.0,8
2eb51872-ed4c-45e8-97d4-239b684663fa,0,0.7611421617031682,1.0,8
2eb51872-ed4c-45e8-97d4-239b684663fa,1,0.1154199756079356,2.0,8
2eb51872-ed4c-45e8-97d4-239b684663fa,2,0.0052020100508858,6.0,8
2eb51872-ed4c-45e8-97d4-239b684663fa,3,0.0024968768593837,8.0,8
2eb51872-ed4c-45e8-97d4-239b684663fa,4,0.0043122781023143,7.0,8
2eb51872-ed4c-45e8-97d4-239b684663fa,5,0.0234022707727928,4.0,8
2eb51872-ed4c-45e8-97d4-239b684663fa,6,0.0074647645192004,5.0,8
2eb51872-ed4c-45e8-97d4-239b684663fa,7,0.0805596559247252,3.0,8
2f515d21-1a73-495b-bdeb-d2291afafe20,0,0.0084680585673005,6.0,8
2f515d21-1a73-495b-bdeb-d2291afafe20,1,0.1956618063188705,3.0,8
2f515d21-1a73-495b-bdeb-d2291afafe20,2,0.1257064044037327,4.0,8
2f515d21-1a73-495b-bdeb-d2291afafe20,3,0.0350359349574311,5.0,8
2f515d21-1a73-495b-bdeb-d2291afafe20,4,0.0029085703250786,8.0,8
2f515d21-1a73-495b-bdeb-d2291afafe20,5,0.341982293001832,2.0,8
2f515d21-1a73-495b-bdeb-d2291afafe20,6,0.0059147164166749,7.0,8
2f515d21-1a73-495b-bdeb-d2291afafe20,7,0.342982293001832,1.0,8
2f7b9db3-e94e-4fb8-8ddd-1d7db6c5a76f,0,0.4120030874543044,2.0,8
2f7b9db3-e94e-4fb8-8ddd-1d7db6c5a76f,1,0.4130030874543044,1.0,8
2f7b9db3-e94e-4fb8-8ddd-1d7db6c5a76f,2,0.0109920741324362,7.0,8
2f7b9db3-e94e-4fb8-8ddd-1d7db6c5a76f,3,0.0022172390647889,8.0,8
2f7b9db3-e94e-4fb8-8ddd-1d7db6c5a76f,4,0.0134983891770836,6.0,8
2f7b9db3-e94e-4fb8-8ddd-1d7db6c5a76f,5,0.0762300103703443,4.0,8
2f7b9db3-e94e-4fb8-8ddd-1d7db6c5a76f,6,0.0174643688942437,5.0,8
2f7b9db3-e94e-4fb8-8ddd-1d7db6c5a76f,7,0.1718502470904098,3.0,8
2fa97aed-e2b5-4a17-bc43-0a93d5a96e78,0,0.0053829701795228,8.0,8
2fa97aed-e2b5-4a17-bc43-0a93d5a96e78,1,0.0122977222053623,6.0,8
2fa97aed-e2b5-4a17-bc43-0a93d5a96e78,2,0.0106201765932727,7.0,8
2fa97aed-e2b5-4a17-bc43-0a93d5a96e78,3,0.0597597418773429,5.0,8
2fa97aed-e2b5-4a17-bc43-0a93d5a96e78,4,0.2894331605231749,2.0,8
2fa97aed-e2b5-4a17-bc43-0a93d5a96e78,5,0.3029341805931474,1.0,8
2fa97aed-e2b5-4a17-bc43-0a93d5a96e78,6,0.2320854002714325,3.0,8
2fa97aed-e2b5-4a17-bc43-0a93d5a96e78,7,0.0874866463318195,4.0,8
2fb1689c-101e-4cd4-b2e6-a8a312454239,0,0.0271592105398002,7.0,8
2fb1689c-101e-4cd4-b2e6-a8a312454239,1,0.0594551998506938,4.0,8
2fb1689c-101e-4cd4-b2e6-a8a312454239,2,0.6399193343635503,1.0,8
2fb1689c-101e-4cd4-b2e6-a8a312454239,3,0.0910391606066236,2.0,8
2fb1689c-101e-4cd4-b2e6-a8a312454239,4,0.002853010809126,8.0,8
2fb1689c-101e-4cd4-b2e6-a8a312454239,5,0.0512091729691658,6.0,8
2fb1689c-101e-4cd4-b2e6-a8a312454239,6,0.0531286537280959,5.0,8
2fb1689c-101e-4cd4-b2e6-a8a312454239,7,0.0752362589907197,3.0,8
2fbb1719-5a94-4b47-89e1-79d1c01643ad,0,0.221312924675947,2.0,8
2fbb1719-5a94-4b47-89e1-79d1c01643ad,1,0.176365700916856,3.0,8
2fbb1719-5a94-4b47-89e1-79d1c01643ad,2,0.0026505854023731,8.0,8
2fbb1719-5a94-4b47-89e1-79d1c01643ad,3,0.0195104756219691,6.0,8
2fbb1719-5a94-4b47-89e1-79d1c01643ad,4,0.0053794987323577,7.0,8
2fbb1719-5a94-4b47-89e1-79d1c01643ad,5,0.047069881501079,5.0,8
2fbb1719-5a94-4b47-89e1-79d1c01643ad,6,0.4279811883050103,1.0,8
2fbb1719-5a94-4b47-89e1-79d1c01643ad,7,0.0997297421665668,4.0,8
2ffa5eea-2130-488a-8b65-77cca41bf188,0,0.0051181494712988,7.0,8
2ffa5eea-2130-488a-8b65-77cca41bf188,1,0.0077099526153901,5.0,8
2ffa5eea-2130-488a-8b65-77cca41bf188,2,0.4907876202798897,1.0,8
2ffa5eea-2130-488a-8b65-77cca41bf188,3,0.0077497500370864,4.0,8
2ffa5eea-2130-488a-8b65-77cca41bf188,4,0.0034291787550464,8.0,8
2ffa5eea-2130-488a-8b65-77cca41bf188,5,0.4897876202798897,2.0,8
2ffa5eea-2130-488a-8b65-77cca41bf188,6,0.0072879853861324,6.0,8
2ffa5eea-2130-488a-8b65-77cca41bf188,7,0.03174134010995,3.0,8
31047208-1e7a-49ea-aff9-4a056c406874,0,0.1918079753343836,2.0,8
31047208-1e7a-49ea-aff9-4a056c406874,1,0.4908263907846075,1.0,8
31047208-1e7a-49ea-aff9-4a056c406874,2,0.0008049538912225,8.0,8
31047208-1e7a-49ea-aff9-4a056c406874,3,0.0890320504125344,4.0,8
31047208-1e7a-49ea-aff9-4a056c406874,4,0.0030474913328659,7.0,8
31047208-1e7a-49ea-aff9-4a056c406874,5,0.0651664270337293,5.0,8
31047208-1e7a-49ea-aff9-4a056c406874,6,0.0051362623547446,6.0,8
31047208-1e7a-49ea-aff9-4a056c406874,7,0.1541784499956784,3.0,8
311938da-b33c-4178-b810-c9b43c992e8d,0,0.0196085300222687,5.0,8
311938da-b33c-4178-b810-c9b43c992e8d,1,0.0217050936100308,3.0,8
311938da-b33c-4178-b810-c9b43c992e8d,2,0.7510152888197315,1.0,8
311938da-b33c-4178-b810-c9b43c992e8d,3,0.0100834894319865,7.0,8
311938da-b33c-4178-b810-c9b43c992e8d,4,0.006287204086068,8.0,8
311938da-b33c-4178-b810-c9b43c992e8d,5,0.0115566820003345,6.0,8
311938da-b33c-4178-b810-c9b43c992e8d,6,0.019991830276538,4.0,8
311938da-b33c-4178-b810-c9b43c992e8d,7,0.1597518872399105,2.0,8
31b37d73-f50c-4785-bea5-3ca1b7e7b6ee,0,0.0017580612627572,8.0,8
31b37d73-f50c-4785-bea5-3ca1b7e7b6ee,1,0.0160269777578865,6.0,8
31b37d73-f50c-4785-bea5-3ca1b7e7b6ee,2,0.0074170030539459,7.0,8
31b37d73-f50c-4785-bea5-3ca1b7e7b6ee,3,0.0706259252313412,4.0,8
31b37d73-f50c-4785-bea5-3ca1b7e7b6ee,4,0.0462512297636725,5.0,8
31b37d73-f50c-4785-bea5-3ca1b7e7b6ee,5,0.0753496206140582,3.0,8
31b37d73-f50c-4785-bea5-3ca1b7e7b6ee,6,0.1510696420345781,2.0,8
31b37d73-f50c-4785-bea5-3ca1b7e7b6ee,7,0.6315015359438705,1.0,8
31c1c0f9-4854-4a14-9445-cefd3a459f58,0,0.0016331492915617,8.0,8
31c1c0f9-4854-4a14-9445-cefd3a459f58,1,0.0334030908874938,6.0,8
31c1c0f9-4854-4a14-9445-cefd3a459f58,2,0.0065201556083743,7.0,8
31c1c0f9-4854-4a14-9445-cefd3a459f58,3,0.2838201360504476,2.0,8
31c1c0f9-4854-4a14-9445-cefd3a459f58,4,0.42734349404604,1.0,8
31c1c0f9-4854-4a14-9445-cefd3a459f58,5,0.0509022917943233,5.0,8
31c1c0f9-4854-4a14-9445-cefd3a459f58,6,0.129152243588075,3.0,8
31c1c0f9-4854-4a14-9445-cefd3a459f58,7,0.0672254382946849,4.0,8
31e0f4af-38be-4f02-9a51-3e0845ddc0fa,0,0.0962124502961856,5.0,8
31e0f4af-38be-4f02-9a51-3e0845ddc0fa,1,0.1982220677513877,3.0,8
31e0f4af-38be-4f02-9a51-3e0845ddc0fa,2,0.0748323662994283,6.0,8
31e0f4af-38be-4f02-9a51-3e0845ddc0fa,3,0.0251259951483699,8.0,8
31e0f4af-38be-4f02-9a51-3e0845ddc0fa,4,0.1257727467061233,4.0,8
31e0f4af-38be-4f02-9a51-3e0845ddc0fa,5,0.0650523985825199,7.0,8
31e0f4af-38be-4f02-9a51-3e0845ddc0fa,6,0.287766766777686,1.0,8
31e0f4af-38be-4f02-9a51-3e0845ddc0fa,7,0.286766766777686,2.0,8
325251ab-9f87-4c98-97e3-ec5da3338538,0,0.048085002936721,4.0,8
325251ab-9f87-4c98-97e3-ec5da3338538,1,0.0818158420845127,2.0,8
325251ab-9f87-4c98-97e3-ec5da3338538,2,0.0057126135316986,7.0,8
325251ab-9f87-4c98-97e3-ec5da3338538,3,0.0021323834339151,8.0,8
325251ab-9f87-4c98-97e3-ec5da3338538,4,0.0122361087585366,6.0,8
325251ab-9f87-4c98-97e3-ec5da3338538,5,0.7499393038976412,1.0,8
325251ab-9f87-4c98-97e3-ec5da3338538,6,0.0183747401438126,5.0,8
325251ab-9f87-4c98-97e3-ec5da3338538,7,0.0817040091188371,3.0,8
32ea8a35-c73c-4e8c-a04f-d303c1a79bbf,0,0.043284208952908,7.0,8
32ea8a35-c73c-4e8c-a04f-d303c1a79bbf,1,0.4100592879140152,2.0,8
32ea8a35-c73c-4e8c-a04f-d303c1a79bbf,2,0.0775795236625499,4.0,8
32ea8a35-c73c-4e8c-a04f-d303c1a79bbf,3,0.004250606578346,8.0,8
32ea8a35-c73c-4e8c-a04f-d303c1a79bbf,4,0.0570644075348763,6.0,8
32ea8a35-c73c-4e8c-a04f-d303c1a79bbf,5,0.2031471756216278,3.0,8
32ea8a35-c73c-4e8c-a04f-d303c1a79bbf,6,0.4110592879140152,1.0,8
32ea8a35-c73c-4e8c-a04f-d303c1a79bbf,7,0.0758458263451516,5.0,8
32edb02c-a941-4cef-8dd5-80068734198f,0,0.2719508987879993,3.0,8
32edb02c-a941-4cef-8dd5-80068734198f,1,0.1462324040536639,4.0,8
32edb02c-a941-4cef-8dd5-80068734198f,2,0.0016253463474724,8.0,8
32edb02c-a941-4cef-8dd5-80068734198f,3,0.0034742383589772,7.0,8
32edb02c-a941-4cef-8dd5-80068734198f,4,0.010415402298695,6.0,8
32edb02c-a941-4cef-8dd5-80068734198f,5,0.0387723833412055,5.0,8
32edb02c-a941-4cef-8dd5-80068734198f,6,0.3726874455518423,1.0,8
32edb02c-a941-4cef-8dd5-80068734198f,7,0.3716874455518423,2.0,8
32fa434f-ed9a-452a-9db2-20a07cb544c0,0,0.766118327335055,1.0,8
32fa434f-ed9a-452a-9db2-20a07cb544c0,1,0.1079820473579717,2.0,8
32fa434f-ed9a-452a-9db2-20a07cb544c0,2,0.0135278590693815,6.0,8
32fa434f-ed9a-452a-9db2-20a07cb544c0,3,0.0016652602721573,8.0,8
32fa434f-ed9a-452a-9db2-20a07cb544c0,4,0.0029187928388633,7.0,8
32fa434f-ed9a-452a-9db2-20a07cb544c0,5,0.0267406574020191,4.0,8
32fa434f-ed9a-452a-9db2-20a07cb544c0,6,0.0210911347891187,5.0,8
32fa434f-ed9a-452a-9db2-20a07cb544c0,7,0.0599559272690771,3.0,8
333afb8b-8196-4b71-b2d2-dd2f03af353c,0,0.4648550263869146,1.0,8
333afb8b-8196-4b71-b2d2-dd2f03af353c,1,0.4638550263869146,2.0,8
333afb8b-8196-4b71-b2d2-dd2f03af353c,2,0.0253102486848815,4.0,8
333afb8b-8196-4b71-b2d2-dd2f03af353c,3,0.001625823270801,8.0,8
333afb8b-8196-4b71-b2d2-dd2f03af353c,4,0.0036129547457329,7.0,8
333afb8b-8196-4b71-b2d2-dd2f03af353c,5,0.0063395467538303,6.0,8
333afb8b-8196-4b71-b2d2-dd2f03af353c,6,0.0200411940735518,5.0,8
333afb8b-8196-4b71-b2d2-dd2f03af353c,7,0.1931628537184538,3.0,8
33818f8e-fec4-4e9b-90ec-c72e88dcbad7,0,0.052607672088226,5.0,8
33818f8e-fec4-4e9b-90ec-c72e88dcbad7,1,0.3895092658007575,1.0,8
33818f8e-fec4-4e9b-90ec-c72e88dcbad7,2,0.3056772601163223,2.0,8
33818f8e-fec4-4e9b-90ec-c72e88dcbad7,3,0.0436037993807355,6.0,8
33818f8e-fec4-4e9b-90ec-c72e88dcbad7,4,0.000751123725674,8.0,8
33818f8e-fec4-4e9b-90ec-c72e88dcbad7,5,0.0871928179287545,4.0,8
33818f8e-fec4-4e9b-90ec-c72e88dcbad7,6,0.1036216479117038,3.0,8
33818f8e-fec4-4e9b-90ec-c72e88dcbad7,7,0.0170364106827173,7.0,8
338ee9ae-ec37-45f3-a54b-b77e5ce646a8,0,0.5967488152652205,2.0,8
338ee9ae-ec37-45f3-a54b-b77e5ce646a8,1,0.5977488152652205,1.0,8
338ee9ae-ec37-45f3-a54b-b77e5ce646a8,2,0.0034768335646556,8.0,8
338ee9ae-ec37-45f3-a54b-b77e5ce646a8,3,0.0089017810498667,4.0,8
338ee9ae-ec37-45f3-a54b-b77e5ce646a8,4,0.0069941525082663,5.0,8
338ee9ae-ec37-45f3-a54b-b77e5ce646a8,5,0.0053797271908338,6.0,8
338ee9ae-ec37-45f3-a54b-b77e5ce646a8,6,0.0043536417736203,7.0,8
338ee9ae-ec37-45f3-a54b-b77e5ce646a8,7,0.1057681253905199,3.0,8
340260d0-4d85-4a63-b1b5-bf009c98e543,0,0.0071149343164583,8.0,8
340260d0-4d85-4a63-b1b5-bf009c98e543,1,0.037295154340876,5.0,8
340260d0-4d85-4a63-b1b5-bf009c98e543,2,0.0074468409561639,7.0,8
340260d0-4d85-4a63-b1b5-bf009c98e543,3,0.0674030758705148,4.0,8
340260d0-4d85-4a63-b1b5-bf009c98e543,4,0.6776190060986571,1.0,8
340260d0-4d85-4a63-b1b5-bf009c98e543,5,0.0141228250009894,6.0,8
340260d0-4d85-4a63-b1b5-bf009c98e543,6,0.1174094638793905,2.0,8
340260d0-4d85-4a63-b1b5-bf009c98e543,7,0.0715886966321231,3.0,8
342c37d8-1ff7-432a-bc20-cd17be49bd33,0,0.2473605068717631,2.0,8
342c37d8-1ff7-432a-bc20-cd17be49bd33,1,0.0304074310480382,4.0,8
342c37d8-1ff7-432a-bc20-cd17be49bd33,2,0.0047234646467965,8.0,8
342c37d8-1ff7-432a-bc20-cd17be49bd33,3,0.0065032987984307,6.0,8
342c37d8-1ff7-432a-bc20-cd17be49bd33,4,0.0064151717703066,7.0,8
342c37d8-1ff7-432a-bc20-cd17be49bd33,5,0.4364978420342114,1.0,8
342c37d8-1ff7-432a-bc20-cd17be49bd33,6,0.021248479946876,5.0,8
342c37d8-1ff7-432a-bc20-cd17be49bd33,7,0.2468438048662879,3.0,8
3531c240-b4e2-49f7-ad51-ecef09c5d125,0,0.4248994025237603,1.0,8
3531c240-b4e2-49f7-ad51-ecef09c5d125,1,0.4242502459275826,2.0,8
3531c240-b4e2-49f7-ad51-ecef09c5d125,2,0.0020958903166096,8.0,8
3531c240-b4e2-49f7-ad51-ecef09c5d125,3,0.0314209406967178,4.0,8
3531c240-b4e2-49f7-ad51-ecef09c5d125,4,0.0269628533950805,5.0,8
3531c240-b4e2-49f7-ad51-ecef09c5d125,5,0.0223129458608885,6.0,8
3531c240-b4e2-49f7-ad51-ecef09c5d125,6,0.0037188351487036,7.0,8
3531c240-b4e2-49f7-ad51-ecef09c5d125,7,0.064338890710913,3.0,8
35cd058f-967a-4335-8697-49d4a4721b86,0,0.002415704585049,8.0,8
35cd058f-967a-4335-8697-49d4a4721b86,1,0.0154003433384335,6.0,8
35cd058f-967a-4335-8697-49d4a4721b86,2,0.0049420014255887,7.0,8
35cd058f-967a-4335-8697-49d4a4721b86,3,0.0784578795031694,4.0,8
35cd058f-967a-4335-8697-49d4a4721b86,4,0.069452949471688,5.0,8
35cd058f-967a-4335-8697-49d4a4721b86,5,0.2983885338865703,3.0,8
35cd058f-967a-4335-8697-49d4a4721b86,6,0.3518570023260089,2.0,8
35cd058f-967a-4335-8697-49d4a4721b86,7,0.352857002326009,1.0,8
35e60991-2eee-41bd-9a1a-c8030fa96364,0,0.747737602201188,1.0,8
35e60991-2eee-41bd-9a1a-c8030fa96364,1,0.1137773514442148,2.0,8
35e60991-2eee-41bd-9a1a-c8030fa96364,2,0.0103224533977747,7.0,8
35e60991-2eee-41bd-9a1a-c8030fa96364,3,0.0018592980959369,8.0,8
35e60991-2eee-41bd-9a1a-c8030fa96364,4,0.0289479800352913,5.0,8
35e60991-2eee-41bd-9a1a-c8030fa96364,5,0.0403631380383832,4.0,8
35e60991-2eee-41bd-9a1a-c8030fa96364,6,0.0137320146736342,6.0,8
35e60991-2eee-41bd-9a1a-c8030fa96364,7,0.0432601617091105,3.0,8
36520531-d43e-4acb-89e3-b4bbbb52500b,0,0.0095339386283626,8.0,8
36520531-d43e-4acb-89e3-b4bbbb52500b,1,0.1770753315234779,3.0,8
36520531-d43e-4acb-89e3-b4bbbb52500b,2,0.015768233196898,7.0,8
36520531-d43e-4acb-89e3-b4bbbb52500b,3,0.057827857687376,5.0,8
36520531-d43e-4acb-89e3-b4bbbb52500b,4,0.1670544944133495,4.0,8
36520531-d43e-4acb-89e3-b4bbbb52500b,5,0.0296512043847043,6.0,8
36520531-d43e-4acb-89e3-b4bbbb52500b,6,0.2483387188251412,2.0,8
36520531-d43e-4acb-89e3-b4bbbb52500b,7,0.2947502202027204,1.0,8
36800c19-5266-488b-bfa5-1b8dcff7e6fd,0,0.0127302721865772,5.0,8
36800c19-5266-488b-bfa5-1b8dcff7e6fd,1,0.7575831876481405,1.0,8
36800c19-5266-488b-bfa5-1b8dcff7e6fd,2,0.0023287877776808,8.0,8
36800c19-5266-488b-bfa5-1b8dcff7e6fd,3,0.0501793644030802,3.0,8
36800c19-5266-488b-bfa5-1b8dcff7e6fd,4,0.0250999388790606,4.0,8
36800c19-5266-488b-bfa5-1b8dcff7e6fd,5,0.0104534947559081,6.0,8
36800c19-5266-488b-bfa5-1b8dcff7e6fd,6,0.0038944162114503,7.0,8
36800c19-5266-488b-bfa5-1b8dcff7e6fd,7,0.1377305406098812,2.0,8
36b2e7b0-cd75-4b86-872c-772ec91b1941,0,0.0316661478353362,5.0,8
36b2e7b0-cd75-4b86-872c-772ec91b1941,1,0.0296558254332076,7.0,8
36b2e7b0-cd75-4b86-872c-772ec91b1941,2,0.5082743502164945,1.0,8
36b2e7b0-cd75-4b86-872c-772ec91b1941,3,0.0356818665048037,4.0,8
36b2e7b0-cd75-4b86-872c-772ec91b1941,4,0.0027760035475017,8.0,8
36b2e7b0-cd75-4b86-872c-772ec91b1941,5,0.2901936169197228,2.0,8
36b2e7b0-cd75-4b86-872c-772ec91b1941,6,0.0304614824149185,6.0,8
36b2e7b0-cd75-4b86-872c-772ec91b1941,7,0.0712907086519404,3.0,8
36e422d8-a95d-46e8-a9ec-5dd5d3b31e6b,0,0.0296559699794613,7.0,8
36e422d8-a95d-46e8-a9ec-5dd5d3b31e6b,1,0.6265685012959229,1.0,8
36e422d8-a95d-46e8-a9ec-5dd5d3b31e6b,2,0.0649117413689531,5.0,8
36e422d8-a95d-46e8-a9ec-5dd5d3b31e6b,3,0.0722776001296942,4.0,8
36e422d8-a95d-46e8-a9ec-5dd5d3b31e6b,4,0.0157072297953274,8.0,8
36e422d8-a95d-46e8-a9ec-5dd5d3b31e6b,5,0.0376203871274169,6.0,8
36e422d8-a95d-46e8-a9ec-5dd5d3b31e6b,6,0.0788106485666471,2.0,8
36e422d8-a95d-46e8-a9ec-5dd5d3b31e6b,7,0.0744479244042534,3.0,8
36fefdec-11f6-4cc0-9f39-b16529394009,0,0.5542025451282713,1.0,8
36fefdec-11f6-4cc0-9f39-b16529394009,1,0.0611686216695235,4.0,8
36fefdec-11f6-4cc0-9f39-b16529394009,2,0.0022575867165631,8.0,8
36fefdec-11f6-4cc0-9f39-b16529394009,3,0.2344459102352204,3.0,8
36fefdec-11f6-4cc0-9f39-b16529394009,4,0.0067606326428279,5.0,8
36fefdec-11f6-4cc0-9f39-b16529394009,5,0.0045653474571002,6.0,8
36fefdec-11f6-4cc0-9f39-b16529394009,6,0.0040217148107816,7.0,8
36fefdec-11f6-4cc0-9f39-b16529394009,7,0.5532025451282713,2.0,8
375f9a58-250d-4f21-86e2-637d0b2ca0f1,0,0.0027054514527604,8.0,8
375f9a58-250d-4f21-86e2-637d0b2ca0f1,1,0.0067861349487481,6.0,8
375f9a58-250d-4f21-86e2-637d0b2ca0f1,2,0.0504271954876721,5.0,8
375f9a58-250d-4f21-86e2-637d0b2ca0f1,3,0.4132372042407025,1.0,8
375f9a58-250d-4f21-86e2-637d0b2ca0f1,4,0.4122372042407025,2.0,8
375f9a58-250d-4f21-86e2-637d0b2ca0f1,5,0.0053405035552699,7.0,8
375f9a58-250d-4f21-86e2-637d0b2ca0f1,6,0.164845229399604,3.0,8
375f9a58-250d-4f21-86e2-637d0b2ca0f1,7,0.1063940194217975,4.0,8
376ac2cd-2ecb-491e-a426-1d06e607f567,0,0.3872788173333334,2.0,8
376ac2cd-2ecb-491e-a426-1d06e607f567,1,0.3530864036599862,3.0,8
376ac2cd-2ecb-491e-a426-1d06e607f567,2,0.0039424690376339,8.0,8
376ac2cd-2ecb-491e-a426-1d06e607f567,3,0.0186591316883738,5.0,8
376ac2cd-2ecb-491e-a426-1d06e607f567,4,0.0058757176238384,7.0,8
376ac2cd-2ecb-491e-a426-1d06e607f567,5,0.3882788173333334,1.0,8
376ac2cd-2ecb-491e-a426-1d06e607f567,6,0.009725531773667,6.0,8
376ac2cd-2ecb-491e-a426-1d06e607f567,7,0.0359590121001189,4.0,8
37a6e0a8-dbce-4c2f-be9a-9d3b1ad329b9,0,0.3326023318366977,1.0,8
37a6e0a8-dbce-4c2f-be9a-9d3b1ad329b9,1,0.0506946850079742,4.0,8
37a6e0a8-dbce-4c2f-be9a-9d3b1ad329b9,2,0.0055367076225029,8.0,8
37a6e0a8-dbce-4c2f-be9a-9d3b1ad329b9,3,0.2252669692974345,3.0,8
37a6e0a8-dbce-4c2f-be9a-9d3b1ad329b9,4,0.0344458362221994,5.0,8
37a6e0a8-dbce-4c2f-be9a-9d3b1ad329b9,5,0.0090689214837129,7.0,8
37a6e0a8-dbce-4c2f-be9a-9d3b1ad329b9,6,0.0245888581566718,6.0,8
37a6e0a8-dbce-4c2f-be9a-9d3b1ad329b9,7,0.3316023318366977,2.0,8
37a9b6ca-9245-4eb1-8c6b-da6dec1a9111,0,0.0043714769935017,8.0,8
37a9b6ca-9245-4eb1-8c6b-da6dec1a9111,1,0.0730847774936084,5.0,8
37a9b6ca-9245-4eb1-8c6b-da6dec1a9111,2,0.0378883378991701,6.0,8
37a9b6ca-9245-4eb1-8c6b-da6dec1a9111,3,0.0775620304991701,4.0,8
37a9b6ca-9245-4eb1-8c6b-da6dec1a9111,4,0.3285566523341391,1.0,8
37a9b6ca-9245-4eb1-8c6b-da6dec1a9111,5,0.0233387740125267,7.0,8
37a9b6ca-9245-4eb1-8c6b-da6dec1a9111,6,0.266116252703626,3.0,8
37a9b6ca-9245-4eb1-8c6b-da6dec1a9111,7,0.3275566523341391,2.0,8
37f290c7-4ae1-4f50-84ad-3ec809a20a62,0,0.0414506010416343,3.0,8
37f290c7-4ae1-4f50-84ad-3ec809a20a62,1,0.5714382751897383,2.0,8
37f290c7-4ae1-4f50-84ad-3ec809a20a62,2,0.0044306960351153,8.0,8
37f290c7-4ae1-4f50-84ad-3ec809a20a62,3,0.036184230698133,4.0,8
37f290c7-4ae1-4f50-84ad-3ec809a20a62,4,0.0102351666109361,7.0,8
37f290c7-4ae1-4f50-84ad-3ec809a20a62,5,0.0350627584843371,5.0,8
37f290c7-4ae1-4f50-84ad-3ec809a20a62,6,0.0220133865380383,6.0,8
37f290c7-4ae1-4f50-84ad-3ec809a20a62,7,0.5724382751897383,1.0,8
3871e712-84dc-421e-b968-0004684c6b48,0,0.0147050184578115,7.0,8
3871e712-84dc-421e-b968-0004684c6b48,1,0.1031803035090402,2.0,8
3871e712-84dc-421e-b968-0004684c6b48,2,0.07084220417661,3.0,8
3871e712-84dc-421e-b968-0004684c6b48,3,0.0038945001213571,8.0,8
3871e712-84dc-421e-b968-0004684c6b48,4,0.0510029998062506,4.0,8
3871e712-84dc-421e-b968-0004684c6b48,5,0.0171380478368422,6.0,8
3871e712-84dc-421e-b968-0004684c6b48,6,0.0429669222732974,5.0,8
3871e712-84dc-421e-b968-0004684c6b48,7,0.696270007649449,1.0,8
38de2215-ec83-4ff1-b59b-f38307ec846f,0,0.004902684673281,7.0,8
38de2215-ec83-4ff1-b59b-f38307ec846f,1,0.0638817210783831,3.0,8
38de2215-ec83-4ff1-b59b-f38307ec846f,2,0.8139859077756543,1.0,8
38de2215-ec83-4ff1-b59b-f38307ec846f,3,0.0121361262539101,5.0,8
38de2215-ec83-4ff1-b59b-f38307ec846f,4,0.0020164485639526,8.0,8
38de2215-ec83-4ff1-b59b-f38307ec846f,5,0.0181414191900959,4.0,8
38de2215-ec83-4ff1-b59b-f38307ec846f,6,0.005985081299132,6.0,8
38de2215-ec83-4ff1-b59b-f38307ec846f,7,0.0789506056632748,2.0,8
3909ce5b-69a8-4900-b424-463521752250,0,0.0390215152327608,3.0,8
3909ce5b-69a8-4900-b424-463521752250,1,0.8583509776069215,1.0,8
3909ce5b-69a8-4900-b424-463521752250,2,0.0078279438050198,5.0,8
3909ce5b-69a8-4900-b424-463521752250,3,0.0025337163666329,8.0,8
3909ce5b-69a8-4900-b424-463521752250,4,0.0035807095464748,7.0,8
3909ce5b-69a8-4900-b424-463521752250,5,0.0036107384450001,6.0,8
3909ce5b-69a8-4900-b424-463521752250,6,0.013864986110792,4.0,8
3909ce5b-69a8-4900-b424-463521752250,7,0.0712094137037224,2.0,8
391291d2-1d70-4e4d-bcfe-84b44e5aadeb,0,0.5315400268283403,1.0,8
391291d2-1d70-4e4d-bcfe-84b44e5aadeb,1,0.5305400268283403,2.0,8
391291d2-1d70-4e4d-bcfe-84b44e5aadeb,2,0.0015838839280893,8.0,8
391291d2-1d70-4e4d-bcfe-84b44e5aadeb,3,0.0191376517759295,5.0,8
391291d2-1d70-4e4d-bcfe-84b44e5aadeb,4,0.0229744079412878,4.0,8
391291d2-1d70-4e4d-bcfe-84b44e5aadeb,5,0.0083992639732916,7.0,8
391291d2-1d70-4e4d-bcfe-84b44e5aadeb,6,0.0127206163693755,6.0,8
391291d2-1d70-4e4d-bcfe-84b44e5aadeb,7,0.1918339196833677,3.0,8
392bb0d6-da55-4db9-a511-7a53ead6ed8f,0,0.0092038543438226,6.0,8
392bb0d6-da55-4db9-a511-7a53ead6ed8f,1,0.0029075799436105,8.0,8
392bb0d6-da55-4db9-a511-7a53ead6ed8f,2,0.8451086074480028,1.0,8
392bb0d6-da55-4db9-a511-7a53ead6ed8f,3,0.0740040608037856,2.0,8
392bb0d6-da55-4db9-a511-7a53ead6ed8f,4,0.0076888309999802,7.0,8
392bb0d6-da55-4db9-a511-7a53ead6ed8f,5,0.014962163869698,4.0,8
392bb0d6-da55-4db9-a511-7a53ead6ed8f,6,0.0142622593031029,5.0,8
392bb0d6-da55-4db9-a511-7a53ead6ed8f,7,0.0318626430946194,3.0,8
3a31db85-4b61-4d59-ab5f-a529d21878d2,0,0.1363008271138774,3.0,8
3a31db85-4b61-4d59-ab5f-a529d21878d2,1,0.0628883142455149,5.0,8
3a31db85-4b61-4d59-ab5f-a529d21878d2,2,0.0677207352907753,4.0,8
3a31db85-4b61-4d59-ab5f-a529d21878d2,3,0.5149246091373106,1.0,8
3a31db85-4b61-4d59-ab5f-a529d21878d2,4,0.014791221485805,7.0,8
3a31db85-4b61-4d59-ab5f-a529d21878d2,5,0.1750967570651343,2.0,8
3a31db85-4b61-4d59-ab5f-a529d21878d2,6,0.0042387385229839,8.0,8
3a31db85-4b61-4d59-ab5f-a529d21878d2,7,0.024038796991835,6.0,8
3a9d9cb2-4b47-42a9-b6a1-86c7e9c0a88f,0,0.0160716673603316,7.0,8
3a9d9cb2-4b47-42a9-b6a1-86c7e9c0a88f,1,0.0654732488169628,5.0,8
3a9d9cb2-4b47-42a9-b6a1-86c7e9c0a88f,2,0.0117850103856814,8.0,8
3a9d9cb2-4b47-42a9-b6a1-86c7e9c0a88f,3,0.0378703468945592,6.0,8
3a9d9cb2-4b47-42a9-b6a1-86c7e9c0a88f,4,0.3503244367667699,1.0,8
3a9d9cb2-4b47-42a9-b6a1-86c7e9c0a88f,5,0.1152728735288429,4.0,8
3a9d9cb2-4b47-42a9-b6a1-86c7e9c0a88f,6,0.2266508579986811,2.0,8
3a9d9cb2-4b47-42a9-b6a1-86c7e9c0a88f,7,0.1765515604242424,3.0,8
3b239d42-2157-40ed-870a-2cfecf81ff9e,0,0.002813412704856,8.0,8
3b239d42-2157-40ed-870a-2cfecf81ff9e,1,0.1042707818510675,3.0,8
3b239d42-2157-40ed-870a-2cfecf81ff9e,2,0.475993142575551,1.0,8
3b239d42-2157-40ed-870a-2cfecf81ff9e,3,0.031832758053331,6.0,8
3b239d42-2157-40ed-870a-2cfecf81ff9e,4,0.0050543585598502,7.0,8
3b239d42-2157-40ed-870a-2cfecf81ff9e,5,0.2081344980438189,2.0,8
3b239d42-2157-40ed-870a-2cfecf81ff9e,6,0.0726540864674225,5.0,8
3b239d42-2157-40ed-870a-2cfecf81ff9e,7,0.0992469590177823,4.0,8
3b547f7f-651f-4c0f-8586-a9220145fae6,0,0.0112574308557215,6.0,8
3b547f7f-651f-4c0f-8586-a9220145fae6,1,0.0458189937772589,2.0,8
3b547f7f-651f-4c0f-8586-a9220145fae6,2,0.8418411687117768,1.0,8
3b547f7f-651f-4c0f-8586-a9220145fae6,3,0.039768775028731,3.0,8
3b547f7f-651f-4c0f-8586-a9220145fae6,4,0.002719825608404,8.0,8
3b547f7f-651f-4c0f-8586-a9220145fae6,5,0.0104179624934974,7.0,8
3b547f7f-651f-4c0f-8586-a9220145fae6,6,0.0142217233482954,5.0,8
3b547f7f-651f-4c0f-8586-a9220145fae6,7,0.0339541200048967,4.0,8
3b594d6d-54ce-41f1-a34c-313a19768d13,0,0.0075267116531391,6.0,8
3b594d6d-54ce-41f1-a34c-313a19768d13,1,0.0339465765745454,3.0,8
3b594d6d-54ce-41f1-a34c-313a19768d13,2,0.0088351238199769,5.0,8
3b594d6d-54ce-41f1-a34c-313a19768d13,3,0.0188670051908252,4.0,8
3b594d6d-54ce-41f1-a34c-313a19768d13,4,0.0034314319459691,8.0,8
3b594d6d-54ce-41f1-a34c-313a19768d13,5,0.8452600061243113,1.0,8
3b594d6d-54ce-41f1-a34c-313a19768d13,6,0.0062011522704843,7.0,8
3b594d6d-54ce-41f1-a34c-313a19768d13,7,0.0759319934477686,2.0,8
3ba6e412-03d8-4ff1-8df3-5319421278b8,0,0.0432464732854889,3.0,8
3ba6e412-03d8-4ff1-8df3-5319421278b8,1,0.0880774538235277,2.0,8
3ba6e412-03d8-4ff1-8df3-5319421278b8,2,0.8023893614467975,1.0,8
3ba6e412-03d8-4ff1-8df3-5319421278b8,3,0.0115797114805841,6.0,8
3ba6e412-03d8-4ff1-8df3-5319421278b8,4,0.0022821806637525,8.0,8
3ba6e412-03d8-4ff1-8df3-5319421278b8,5,0.0273546364812494,4.0,8
3ba6e412-03d8-4ff1-8df3-5319421278b8,6,0.0036244814305221,7.0,8
3ba6e412-03d8-4ff1-8df3-5319421278b8,7,0.0214456982357184,5.0,8
3bf8e9f1-d1ad-40ce-bef1-96de1ddc38dc,0,0.0020464989251162,8.0,8
3bf8e9f1-d1ad-40ce-bef1-96de1ddc38dc,1,0.0139231879557883,6.0,8
3bf8e9f1-d1ad-40ce-bef1-96de1ddc38dc,2,0.005645321066072,7.0,8
3bf8e9f1-d1ad-40ce-bef1-96de1ddc38dc,3,0.0754070650870144,3.0,8
3bf8e9f1-d1ad-40ce-bef1-96de1ddc38dc,4,0.5858321098498966,1.0,8
3bf8e9f1-d1ad-40ce-bef1-96de1ddc38dc,5,0.0603969258091064,4.0,8
3bf8e9f1-d1ad-40ce-bef1-96de1ddc38dc,6,0.2302010193467114,2.0,8
3bf8e9f1-d1ad-40ce-bef1-96de1ddc38dc,7,0.0265478730552493,5.0,8
3cba22c1-82b4-49bf-ad4f-117621eee394,0,0.008974291186626,7.0,8
3cba22c1-82b4-49bf-ad4f-117621eee394,1,0.1690930879712362,2.0,8
3cba22c1-82b4-49bf-ad4f-117621eee394,2,0.0375870054987051,4.0,8
3cba22c1-82b4-49bf-ad4f-117621eee394,3,0.6803716795624382,1.0,8
3cba22c1-82b4-49bf-ad4f-117621eee394,4,0.0195593809420096,6.0,8
3cba22c1-82b4-49bf-ad4f-117621eee394,5,0.0351255386778083,5.0,8
3cba22c1-82b4-49bf-ad4f-117621eee394,6,0.0075423294618492,8.0,8
3cba22c1-82b4-49bf-ad4f-117621eee394,7,0.0417466847139431,3.0,8
3d1a876b-2b06-41b6-aea8-5bb4ebb294fd,0,0.0101841270803848,6.0,8
3d1a876b-2b06-41b6-aea8-5bb4ebb294fd,1,0.0384180796634981,5.0,8
3d1a876b-2b06-41b6-aea8-5bb4ebb294fd,2,0.0691097170973188,4.0,8
3d1a876b-2b06-41b6-aea8-5bb4ebb294fd,3,0.5421384710304065,1.0,8
3d1a876b-2b06-41b6-aea8-5bb4ebb294fd,4,0.001771125591095,8.0,8
3d1a876b-2b06-41b6-aea8-5bb4ebb294fd,5,0.1680929188939566,2.0,8
3d1a876b-2b06-41b6-aea8-5bb4ebb294fd,6,0.005573991528146,7.0,8
3d1a876b-2b06-41b6-aea8-5bb4ebb294fd,7,0.1647115705603099,3.0,8
3d68bbad-7a0a-4dc7-8594-45dc1ae4a715,0,0.001998984399456,8.0,8
3d68bbad-7a0a-4dc7-8594-45dc1ae4a715,1,0.0066939320301856,7.0,8
3d68bbad-7a0a-4dc7-8594-45dc1ae4a715,2,0.024760457059542,5.0,8
3d68bbad-7a0a-4dc7-8594-45dc1ae4a715,3,0.0307661164071418,4.0,8
3d68bbad-7a0a-4dc7-8594-45dc1ae4a715,4,0.1392772806992769,2.0,8
3d68bbad-7a0a-4dc7-8594-45dc1ae4a715,5,0.0088402447315612,6.0,8
3d68bbad-7a0a-4dc7-8594-45dc1ae4a715,6,0.0548048266207047,3.0,8
3d68bbad-7a0a-4dc7-8594-45dc1ae4a715,7,0.732858160842803,1.0,8
3d6bc73d-695d-4aad-b441-291641012be7,0,0.0015709027320197,8.0,8
3d6bc73d-695d-4aad-b441-291641012be7,1,0.0290271457325309,5.0,8
3d6bc73d-695d-4aad-b441-291641012be7,2,0.0134727753040694,7.0,8
3d6bc73d-695d-4aad-b441-291641012be7,3,0.0190351354600963,6.0,8
3d6bc73d-695d-4aad-b441-291641012be7,4,0.1305814895476239,3.0,8
3d6bc73d-695d-4aad-b441-291641012be7,5,0.1863823843099208,2.0,8
3d6bc73d-695d-4aad-b441-291641012be7,6,0.0570667688414996,4.0,8
3d6bc73d-695d-4aad-b441-291641012be7,7,0.5628633983911157,1.0,8
3d722c30-2254-4269-b85b-b550f94916c7,0,0.0075667167733605,7.0,8
3d722c30-2254-4269-b85b-b550f94916c7,1,0.263048354609752,2.0,8
3d722c30-2254-4269-b85b-b550f94916c7,2,0.0573187296813575,4.0,8
3d722c30-2254-4269-b85b-b550f94916c7,3,0.0453833193730971,5.0,8
3d722c30-2254-4269-b85b-b550f94916c7,4,0.0039130424753818,8.0,8
3d722c30-2254-4269-b85b-b550f94916c7,5,0.0771459276764412,3.0,8
3d722c30-2254-4269-b85b-b550f94916c7,6,0.0096486268175726,6.0,8
3d722c30-2254-4269-b85b-b550f94916c7,7,0.5359752822293045,1.0,8
3dd7e182-6c0d-4d2f-af70-a18a605f7f70,0,0.1635683252173209,3.0,8
3dd7e182-6c0d-4d2f-af70-a18a605f7f70,1,0.4832038537074725,1.0,8
3dd7e182-6c0d-4d2f-af70-a18a605f7f70,2,0.0018127709659679,7.0,8
3dd7e182-6c0d-4d2f-af70-a18a605f7f70,3,0.0028178966489365,6.0,8
3dd7e182-6c0d-4d2f-af70-a18a605f7f70,4,0.0168848639220033,5.0,8
3dd7e182-6c0d-4d2f-af70-a18a605f7f70,5,0.2279873353513154,2.0,8
3dd7e182-6c0d-4d2f-af70-a18a605f7f70,6,0.0017797765089428,8.0,8
3dd7e182-6c0d-4d2f-af70-a18a605f7f70,7,0.1019451784482493,4.0,8
3e15e76a-57d2-4114-9b99-2804f0939d19,0,0.0024007657057701,8.0,8
3e15e76a-57d2-4114-9b99-2804f0939d19,1,0.0111054345371186,7.0,8
3e15e76a-57d2-4114-9b99-2804f0939d19,2,0.0184770991292277,6.0,8
3e15e76a-57d2-4114-9b99-2804f0939d19,3,0.1027002929280475,3.0,8
3e15e76a-57d2-4114-9b99-2804f0939d19,4,0.4991629175159435,1.0,8
3e15e76a-57d2-4114-9b99-2804f0939d19,5,0.2975439357568181,2.0,8
3e15e76a-57d2-4114-9b99-2804f0939d19,6,0.0252986527823261,5.0,8
3e15e76a-57d2-4114-9b99-2804f0939d19,7,0.0433108996470213,4.0,8
3e718c45-7901-490e-8f5a-fbaa6f5ee582,0,0.0031429351604101,8.0,8
3e718c45-7901-490e-8f5a-fbaa6f5ee582,1,0.1007933455421797,5.0,8
3e718c45-7901-490e-8f5a-fbaa6f5ee582,2,0.0659877308018663,6.0,8
3e718c45-7901-490e-8f5a-fbaa6f5ee582,3,0.3780976798157713,2.0,8
3e718c45-7901-490e-8f5a-fbaa6f5ee582,4,0.1390643303261962,3.0,8
3e718c45-7901-490e-8f5a-fbaa6f5ee582,5,0.0182292313487686,7.0,8
3e718c45-7901-490e-8f5a-fbaa6f5ee582,6,0.1130808857253891,4.0,8
3e718c45-7901-490e-8f5a-fbaa6f5ee582,7,0.3790976798157713,1.0,8
3f4d06a8-6c49-497c-93b4-fc86958facdb,0,0.002723829053439,8.0,8
3f4d06a8-6c49-497c-93b4-fc86958facdb,1,0.0624883849836432,4.0,8
3f4d06a8-6c49-497c-93b4-fc86958facdb,2,0.0337487339909775,7.0,8
3f4d06a8-6c49-497c-93b4-fc86958facdb,3,0.0449877210295347,6.0,8
3f4d06a8-6c49-497c-93b4-fc86958facdb,4,0.0607155313613567,5.0,8
3f4d06a8-6c49-497c-93b4-fc86958facdb,5,0.2714357223328202,3.0,8
3f4d06a8-6c49-497c-93b4-fc86958facdb,6,0.2976417704375206,2.0,8
3f4d06a8-6c49-497c-93b4-fc86958facdb,7,0.2986417704375206,1.0,8
3f4ee2cb-58c2-4a7f-b2e3-53d35831d917,0,0.0047459722876618,6.0,8
3f4ee2cb-58c2-4a7f-b2e3-53d35831d917,1,0.0028947322463589,8.0,8
3f4ee2cb-58c2-4a7f-b2e3-53d35831d917,2,0.0166357083192809,4.0,8
3f4ee2cb-58c2-4a7f-b2e3-53d35831d917,3,0.7651675596537535,1.0,8
3f4ee2cb-58c2-4a7f-b2e3-53d35831d917,4,0.1142777652193698,2.0,8
3f4ee2cb-58c2-4a7f-b2e3-53d35831d917,5,0.0038280430199204,7.0,8
3f4ee2cb-58c2-4a7f-b2e3-53d35831d917,6,0.0122045850135368,5.0,8
3f4ee2cb-58c2-4a7f-b2e3-53d35831d917,7,0.0802456419907679,3.0,8
3fc0873e-2078-48bd-b94e-25899b688586,0,0.0043785931514942,8.0,8
3fc0873e-2078-48bd-b94e-25899b688586,1,0.0051809691602294,7.0,8
3fc0873e-2078-48bd-b94e-25899b688586,2,0.0493360549627858,4.0,8
3fc0873e-2078-48bd-b94e-25899b688586,3,0.4275159049534435,1.0,8
3fc0873e-2078-48bd-b94e-25899b688586,4,0.3595145513477962,2.0,8
3fc0873e-2078-48bd-b94e-25899b688586,5,0.0114547232396881,6.0,8
3fc0873e-2078-48bd-b94e-25899b688586,6,0.0137731589577846,5.0,8
3fc0873e-2078-48bd-b94e-25899b688586,7,0.1288460385743457,3.0,8
3ff6cd8d-6a99-4680-b475-8a2b4696bdd5,0,0.0177397156656555,6.0,8
3ff6cd8d-6a99-4680-b475-8a2b4696bdd5,1,0.0636214355402272,4.0,8
3ff6cd8d-6a99-4680-b475-8a2b4696bdd5,2,0.0092700735534959,7.0,8
3ff6cd8d-6a99-4680-b475-8a2b4696bdd5,3,0.034034076742188,5.0,8
3ff6cd8d-6a99-4680-b475-8a2b4696bdd5,4,0.1341301820374325,3.0,8
3ff6cd8d-6a99-4680-b475-8a2b4696bdd5,5,0.0022981684625328,8.0,8
3ff6cd8d-6a99-4680-b475-8a2b4696bdd5,6,0.1522954911462913,2.0,8
3ff6cd8d-6a99-4680-b475-8a2b4696bdd5,7,0.5866108572502272,1.0,8
4017f5d8-6c44-4d90-8fea-4e8074c167ac,0,0.4631664441687327,1.0,8
4017f5d8-6c44-4d90-8fea-4e8074c167ac,1,0.4621664441687327,2.0,8
4017f5d8-6c44-4d90-8fea-4e8074c167ac,2,0.0029911576408326,7.0,8
4017f5d8-6c44-4d90-8fea-4e8074c167ac,3,0.0201632791518011,5.0,8
4017f5d8-6c44-4d90-8fea-4e8074c167ac,4,0.0023705578405325,8.0,8
4017f5d8-6c44-4d90-8fea-4e8074c167ac,5,0.0871145628205062,4.0,8
4017f5d8-6c44-4d90-8fea-4e8074c167ac,6,0.0100392337561593,6.0,8
4017f5d8-6c44-4d90-8fea-4e8074c167ac,7,0.1322652623444851,3.0,8
4063c0da-951e-42f9-a930-0985cd415826,0,0.0175913692357642,6.0,8
4063c0da-951e-42f9-a930-0985cd415826,1,0.4515647706290806,2.0,8
4063c0da-951e-42f9-a930-0985cd415826,2,0.0030409783207165,8.0,8
4063c0da-951e-42f9-a930-0985cd415826,3,0.0303906445854159,4.0,8
4063c0da-951e-42f9-a930-0985cd415826,4,0.0114047321217104,7.0,8
4063c0da-951e-42f9-a930-0985cd415826,5,0.01970203036624,5.0,8
4063c0da-951e-42f9-a930-0985cd415826,6,0.4525647706290806,1.0,8
4063c0da-951e-42f9-a930-0985cd415826,7,0.3368716069255337,3.0,8
409c5862-9133-445a-a122-ab67013af40f,0,0.0034228198819917,8.0,8
409c5862-9133-445a-a122-ab67013af40f,1,0.0045898050316828,7.0,8
409c5862-9133-445a-a122-ab67013af40f,2,0.0057949094514698,6.0,8
409c5862-9133-445a-a122-ab67013af40f,3,0.0178179267421472,3.0,8
409c5862-9133-445a-a122-ab67013af40f,4,0.8539573338262743,1.0,8
409c5862-9133-445a-a122-ab67013af40f,5,0.0071903294017706,5.0,8
409c5862-9133-445a-a122-ab67013af40f,6,0.0173045197752634,4.0,8
409c5862-9133-445a-a122-ab67013af40f,7,0.0899223581275757,2.0,8
40a8c63b-a2ed-4f72-8913-6329514ad0ee,0,0.0651986837528564,5.0,8
40a8c63b-a2ed-4f72-8913-6329514ad0ee,1,0.1533930236713877,3.0,8
40a8c63b-a2ed-4f72-8913-6329514ad0ee,2,0.0022431692503675,8.0,8
40a8c63b-a2ed-4f72-8913-6329514ad0ee,3,0.4301103621427342,2.0,8
40a8c63b-a2ed-4f72-8913-6329514ad0ee,4,0.0250967356621414,6.0,8
40a8c63b-a2ed-4f72-8913-6329514ad0ee,5,0.0744412538409159,4.0,8
40a8c63b-a2ed-4f72-8913-6329514ad0ee,6,0.0041266795105063,7.0,8
40a8c63b-a2ed-4f72-8913-6329514ad0ee,7,0.4311103621427342,1.0,8
418730dd-5a04-45ba-a6f2-f2b52f44cd13,0,0.4839796910904959,1.0,8
418730dd-5a04-45ba-a6f2-f2b52f44cd13,1,0.1448668520347525,3.0,8
418730dd-5a04-45ba-a6f2-f2b52f44cd13,2,0.002455421120211,8.0,8
418730dd-5a04-45ba-a6f2-f2b52f44cd13,3,0.0317396428806885,5.0,8
418730dd-5a04-45ba-a6f2-f2b52f44cd13,4,0.0614715582472451,4.0,8
418730dd-5a04-45ba-a6f2-f2b52f44cd13,5,0.0179684030600854,7.0,8
418730dd-5a04-45ba-a6f2-f2b52f44cd13,6,0.0184422916871091,6.0,8
418730dd-5a04-45ba-a6f2-f2b52f44cd13,7,0.2390761384472968,2.0,8
41e197de-eac5-4b42-af71-205d3d09e633,0,0.0046971098388468,8.0,8
41e197de-eac5-4b42-af71-205d3d09e633,1,0.0605550814562372,4.0,8
41e197de-eac5-4b42-af71-205d3d09e633,2,0.6347965456689051,2.0,8
41e197de-eac5-4b42-af71-205d3d09e633,3,0.0095841485705898,6.0,8
41e197de-eac5-4b42-af71-205d3d09e633,4,0.0049531858183283,7.0,8
41e197de-eac5-4b42-af71-205d3d09e633,5,0.0282139284941239,5.0,8
41e197de-eac5-4b42-af71-205d3d09e633,6,0.6357965456689051,1.0,8
41e197de-eac5-4b42-af71-205d3d09e633,7,0.1027343488953925,3.0,8
42692dcd-f6a0-4a0a-b4b6-3cf35bc75f76,0,0.3615547154134986,1.0,8
42692dcd-f6a0-4a0a-b4b6-3cf35bc75f76,1,0.3605547154134986,2.0,8
42692dcd-f6a0-4a0a-b4b6-3cf35bc75f76,2,0.0030726584931462,8.0,8
42692dcd-f6a0-4a0a-b4b6-3cf35bc75f76,3,0.0075516205570479,7.0,8
42692dcd-f6a0-4a0a-b4b6-3cf35bc75f76,4,0.0581389450933264,6.0,8
42692dcd-f6a0-4a0a-b4b6-3cf35bc75f76,5,0.0902256958802892,5.0,8
42692dcd-f6a0-4a0a-b4b6-3cf35bc75f76,6,0.1109171817540323,4.0,8
42692dcd-f6a0-4a0a-b4b6-3cf35bc75f76,7,0.132146683019239,3.0,8
42b6a6f2-e817-4bb9-aaf9-98a89e1df481,0,0.0175399013327248,6.0,8
42b6a6f2-e817-4bb9-aaf9-98a89e1df481,1,0.7233618366146006,1.0,8
42b6a6f2-e817-4bb9-aaf9-98a89e1df481,2,0.0258894533964032,4.0,8
42b6a6f2-e817-4bb9-aaf9-98a89e1df481,3,0.0339293980252358,3.0,8
42b6a6f2-e817-4bb9-aaf9-98a89e1df481,4,0.0025837667315483,8.0,8
42b6a6f2-e817-4bb9-aaf9-98a89e1df481,5,0.02008886764775,5.0,8
42b6a6f2-e817-4bb9-aaf9-98a89e1df481,6,0.1717593621367734,2.0,8
42b6a6f2-e817-4bb9-aaf9-98a89e1df481,7,0.0048474147793658,7.0,8
42f64927-de72-4394-9474-892a1467ce2e,0,0.0021494476693846,8.0,8
42f64927-de72-4394-9474-892a1467ce2e,1,0.101330594286355,4.0,8
42f64927-de72-4394-9474-892a1467ce2e,2,0.009652081326801,7.0,8
42f64927-de72-4394-9474-892a1467ce2e,3,0.0651280162926825,6.0,8
42f64927-de72-4394-9474-892a1467ce2e,4,0.1030257244458471,3.0,8
42f64927-de72-4394-9474-892a1467ce2e,5,0.0908982541679614,5.0,8
42f64927-de72-4394-9474-892a1467ce2e,6,0.414263629492011,1.0,8
42f64927-de72-4394-9474-892a1467ce2e,7,0.413263629492011,2.0,8
436b7162-a7c3-4c70-92f7-ced74da8ce5e,0,0.0184957942895421,7.0,8
436b7162-a7c3-4c70-92f7-ced74da8ce5e,1,0.038698098973261,3.0,8
436b7162-a7c3-4c70-92f7-ced74da8ce5e,2,0.7103998703453857,1.0,8
436b7162-a7c3-4c70-92f7-ced74da8ce5e,3,0.034178625117517,4.0,8
436b7162-a7c3-4c70-92f7-ced74da8ce5e,4,0.002044635851225,8.0,8
436b7162-a7c3-4c70-92f7-ced74da8ce5e,5,0.1439258145777031,2.0,8
436b7162-a7c3-4c70-92f7-ced74da8ce5e,6,0.0225284175550275,6.0,8
436b7162-a7c3-4c70-92f7-ced74da8ce5e,7,0.0297287433454975,5.0,8
4394c18b-e135-411c-ae96-f603e4b2fc32,0,0.0180058455053475,5.0,8
4394c18b-e135-411c-ae96-f603e4b2fc32,1,0.0503082541565698,2.0,8
4394c18b-e135-411c-ae96-f603e4b2fc32,2,0.0254941120922346,4.0,8
4394c18b-e135-411c-ae96-f603e4b2fc32,3,0.030531616711792,3.0,8
4394c18b-e135-411c-ae96-f603e4b2fc32,4,0.011884593028754,7.0,8
4394c18b-e135-411c-ae96-f603e4b2fc32,5,0.0120609566423162,6.0,8
4394c18b-e135-411c-ae96-f603e4b2fc32,6,0.0079883576620601,8.0,8
4394c18b-e135-411c-ae96-f603e4b2fc32,7,0.8437262671512052,1.0,8
43b5d72e-a714-482c-b2c7-4540e76f76f8,0,0.2279366014759469,2.0,8
43b5d72e-a714-482c-b2c7-4540e76f76f8,1,0.0476605892356154,6.0,8
43b5d72e-a714-482c-b2c7-4540e76f76f8,2,0.0485253692386077,5.0,8
43b5d72e-a714-482c-b2c7-4540e76f76f8,3,0.1930684549708505,3.0,8
43b5d72e-a714-482c-b2c7-4540e76f76f8,4,0.0076057605138154,7.0,8
43b5d72e-a714-482c-b2c7-4540e76f76f8,5,0.0743575816461518,4.0,8
43b5d72e-a714-482c-b2c7-4540e76f76f8,6,0.0043610334109478,8.0,8
43b5d72e-a714-482c-b2c7-4540e76f76f8,7,0.3964846085748967,1.0,8
43d149ef-4ebc-4492-ac8e-2f334e388c23,0,0.0167979615293006,5.0,8
43d149ef-4ebc-4492-ac8e-2f334e388c23,1,0.6674841117104684,1.0,8
43d149ef-4ebc-4492-ac8e-2f334e388c23,2,0.1471548594009711,2.0,8
43d149ef-4ebc-4492-ac8e-2f334e388c23,3,0.0038109488032669,7.0,8
43d149ef-4ebc-4492-ac8e-2f334e388c23,4,0.0024968932094011,8.0,8
43d149ef-4ebc-4492-ac8e-2f334e388c23,5,0.0570371716150981,4.0,8
43d149ef-4ebc-4492-ac8e-2f334e388c23,6,0.0091084025724059,6.0,8
43d149ef-4ebc-4492-ac8e-2f334e388c23,7,0.0961096483581074,3.0,8
440f06c4-c5f1-4185-af21-835b50763206,0,0.7169892009740358,1.0,8
440f06c4-c5f1-4185-af21-835b50763206,1,0.1246737345017937,2.0,8
440f06c4-c5f1-4185-af21-835b50763206,2,0.0044726930016983,6.0,8
440f06c4-c5f1-4185-af21-835b50763206,3,0.0030594430078547,8.0,8
440f06c4-c5f1-4185-af21-835b50763206,4,0.0238191113689318,4.0,8
440f06c4-c5f1-4185-af21-835b50763206,5,0.007230906327786,5.0,8
440f06c4-c5f1-4185-af21-835b50763206,6,0.0034314122234049,7.0,8
440f06c4-c5f1-4185-af21-835b50763206,7,0.1163234971327031,3.0,8
44310407-d634-4f22-9f06-15addfd01967,0,0.005407646122261,8.0,8
44310407-d634-4f22-9f06-15addfd01967,1,0.0089225737604769,7.0,8
44310407-d634-4f22-9f06-15addfd01967,2,0.0165678135955197,6.0,8
44310407-d634-4f22-9f06-15addfd01967,3,0.1114787762020557,5.0,8
44310407-d634-4f22-9f06-15addfd01967,4,0.1400272901729013,3.0,8
44310407-d634-4f22-9f06-15addfd01967,5,0.1356168810184779,4.0,8
44310407-d634-4f22-9f06-15addfd01967,6,0.3074749080662879,1.0,8
44310407-d634-4f22-9f06-15addfd01967,7,0.3064749080662879,2.0,8
453ce606-7368-4793-a911-2487346d3d5a,0,0.0047954910405127,7.0,8
453ce606-7368-4793-a911-2487346d3d5a,1,0.2156262616427134,3.0,8
453ce606-7368-4793-a911-2487346d3d5a,2,0.3634226019207645,2.0,8
453ce606-7368-4793-a911-2487346d3d5a,3,0.006545608337274,6.0,8
453ce606-7368-4793-a911-2487346d3d5a,4,0.0014587424345361,8.0,8
453ce606-7368-4793-a911-2487346d3d5a,5,0.185277897473385,4.0,8
453ce606-7368-4793-a911-2487346d3d5a,6,0.3644226019207645,1.0,8
453ce606-7368-4793-a911-2487346d3d5a,7,0.0467611557866911,5.0,8
45becbc4-3e19-4aab-8255-8d5691271a19,0,0.2163884348801377,2.0,8
45becbc4-3e19-4aab-8255-8d5691271a19,1,0.4483582167674586,1.0,8
45becbc4-3e19-4aab-8255-8d5691271a19,2,0.053649818576513,4.0,8
45becbc4-3e19-4aab-8255-8d5691271a19,3,0.019329827568698,7.0,8
45becbc4-3e19-4aab-8255-8d5691271a19,4,0.007384271155086,8.0,8
45becbc4-3e19-4aab-8255-8d5691271a19,5,0.0210271747662054,6.0,8
45becbc4-3e19-4aab-8255-8d5691271a19,6,0.0252026967761088,5.0,8
45becbc4-3e19-4aab-8255-8d5691271a19,7,0.2086595627374862,3.0,8
46b7983b-4984-419a-8f79-21630d231761,0,0.0828620021931181,4.0,8
46b7983b-4984-419a-8f79-21630d231761,1,0.3378890025941804,1.0,8
46b7983b-4984-419a-8f79-21630d231761,2,0.0088109906812646,7.0,8
46b7983b-4984-419a-8f79-21630d231761,3,0.2682357163610193,2.0,8
46b7983b-4984-419a-8f79-21630d231761,4,0.0011164283637286,8.0,8
46b7983b-4984-419a-8f79-21630d231761,5,0.1626674648839394,3.0,8
46b7983b-4984-419a-8f79-21630d231761,6,0.0609657698521198,6.0,8
46b7983b-4984-419a-8f79-21630d231761,7,0.0774526252904834,5.0,8
4730cf44-b870-45b1-bf20-f522c3e2288d,0,0.0193835825199877,7.0,8
4730cf44-b870-45b1-bf20-f522c3e2288d,1,0.0275760572987391,4.0,8
4730cf44-b870-45b1-bf20-f522c3e2288d,2,0.6310651917661846,1.0,8
4730cf44-b870-45b1-bf20-f522c3e2288d,3,0.0251778904865972,6.0,8
4730cf44-b870-45b1-bf20-f522c3e2288d,4,0.0107748242000223,8.0,8
4730cf44-b870-45b1-bf20-f522c3e2288d,5,0.0592746571225339,3.0,8
4730cf44-b870-45b1-bf20-f522c3e2288d,6,0.2009289820866391,2.0,8
4730cf44-b870-45b1-bf20-f522c3e2288d,7,0.0258188101066677,5.0,8
4756dbe4-6589-4a8c-a8f7-404c928b384b,0,0.1765511424501481,3.0,8
4756dbe4-6589-4a8c-a8f7-404c928b384b,1,0.2987913603592975,1.0,8
4756dbe4-6589-4a8c-a8f7-404c928b384b,2,0.0029982854278259,8.0,8
4756dbe4-6589-4a8c-a8f7-404c928b384b,3,0.0958165704017183,5.0,8
4756dbe4-6589-4a8c-a8f7-404c928b384b,4,0.0101019303512553,6.0,8
4756dbe4-6589-4a8c-a8f7-404c928b384b,5,0.2411832546092011,2.0,8
4756dbe4-6589-4a8c-a8f7-404c928b384b,6,0.0049168478975266,7.0,8
4756dbe4-6589-4a8c-a8f7-404c928b384b,7,0.1696406115112121,4.0,8
47bafccf-9175-4248-bffc-d7f6ba1df012,0,0.0078168373804669,5.0,8
47bafccf-9175-4248-bffc-d7f6ba1df012,1,0.061029913692252,2.0,8
47bafccf-9175-4248-bffc-d7f6ba1df012,2,0.8778105080909092,1.0,8
47bafccf-9175-4248-bffc-d7f6ba1df012,3,0.0036840138337722,7.0,8
47bafccf-9175-4248-bffc-d7f6ba1df012,4,0.0022522164411441,8.0,8
47bafccf-9175-4248-bffc-d7f6ba1df012,5,0.0187683503720754,4.0,8
47bafccf-9175-4248-bffc-d7f6ba1df012,6,0.0062719981681487,6.0,8
47bafccf-9175-4248-bffc-d7f6ba1df012,7,0.0223661617967441,3.0,8
484b8448-8f23-4554-a5a7-cc1afd980916,0,0.3978689548792011,1.0,8
484b8448-8f23-4554-a5a7-cc1afd980916,1,0.2031522836528822,2.0,8
484b8448-8f23-4554-a5a7-cc1afd980916,2,0.0041416405573791,8.0,8
484b8448-8f23-4554-a5a7-cc1afd980916,3,0.0132947066208501,7.0,8
484b8448-8f23-4554-a5a7-cc1afd980916,4,0.1234914928539049,3.0,8
484b8448-8f23-4554-a5a7-cc1afd980916,5,0.0905149057603443,4.0,8
484b8448-8f23-4554-a5a7-cc1afd980916,6,0.0811973077232555,6.0,8
484b8448-8f23-4554-a5a7-cc1afd980916,7,0.0863387068732197,5.0,8
4850b7ad-4a67-4961-a505-dd0f83967730,0,0.0204258059978953,6.0,8
4850b7ad-4a67-4961-a505-dd0f83967730,1,0.0801224935760007,4.0,8
4850b7ad-4a67-4961-a505-dd0f83967730,2,0.3853550104051308,2.0,8
4850b7ad-4a67-4961-a505-dd0f83967730,3,0.0070756226492654,7.0,8
4850b7ad-4a67-4961-a505-dd0f83967730,4,0.0029560641466927,8.0,8
4850b7ad-4a67-4961-a505-dd0f83967730,5,0.3863550104051308,1.0,8
4850b7ad-4a67-4961-a505-dd0f83967730,6,0.147667775236553,3.0,8
4850b7ad-4a67-4961-a505-dd0f83967730,7,0.0231622509003075,5.0,8
486b3ea4-8782-42d2-a8c7-750f241bcbd2,0,0.001912570230746,8.0,8
486b3ea4-8782-42d2-a8c7-750f241bcbd2,1,0.0071295074761885,7.0,8
486b3ea4-8782-42d2-a8c7-750f241bcbd2,2,0.0107757029529278,6.0,8
486b3ea4-8782-42d2-a8c7-750f241bcbd2,3,0.0108694880592026,5.0,8
486b3ea4-8782-42d2-a8c7-750f241bcbd2,4,0.067417016010042,3.0,8
486b3ea4-8782-42d2-a8c7-750f241bcbd2,5,0.0182991351572004,4.0,8
486b3ea4-8782-42d2-a8c7-750f241bcbd2,6,0.1253098030786501,2.0,8
486b3ea4-8782-42d2-a8c7-750f241bcbd2,7,0.7582867782250344,1.0,8
486c63e5-3e46-4369-bf6b-67721296d31c,0,0.0386212911617679,4.0,8
486c63e5-3e46-4369-bf6b-67721296d31c,1,0.111790419007543,2.0,8
486c63e5-3e46-4369-bf6b-67721296d31c,2,0.002602235813022,8.0,8
486c63e5-3e46-4369-bf6b-67721296d31c,3,0.0978796449623967,3.0,8
486c63e5-3e46-4369-bf6b-67721296d31c,4,0.0130905732843059,7.0,8
486c63e5-3e46-4369-bf6b-67721296d31c,5,0.0214114207196039,5.0,8
486c63e5-3e46-4369-bf6b-67721296d31c,6,0.0158741143256594,6.0,8
486c63e5-3e46-4369-bf6b-67721296d31c,7,0.6987303007066116,1.0,8
486d948b-a7e2-44e8-bc61-a8f5e6b8ba05,0,0.0238772228104151,6.0,8
486d948b-a7e2-44e8-bc61-a8f5e6b8ba05,1,0.0323114167273846,5.0,8
486d948b-a7e2-44e8-bc61-a8f5e6b8ba05,2,0.6414277446658575,1.0,8
486d948b-a7e2-44e8-bc61-a8f5e6b8ba05,3,0.0750795689638309,3.0,8
486d948b-a7e2-44e8-bc61-a8f5e6b8ba05,4,0.0022586878959481,8.0,8
486d948b-a7e2-44e8-bc61-a8f5e6b8ba05,5,0.1590408795207179,2.0,8
486d948b-a7e2-44e8-bc61-a8f5e6b8ba05,6,0.0190033722613367,7.0,8
486d948b-a7e2-44e8-bc61-a8f5e6b8ba05,7,0.0470011069034913,4.0,8
495b274c-9766-4e2e-a893-20109c295c59,0,0.0030394879042995,8.0,8
495b274c-9766-4e2e-a893-20109c295c59,1,0.065805091728497,4.0,8
495b274c-9766-4e2e-a893-20109c295c59,2,0.007350875768221,6.0,8
495b274c-9766-4e2e-a893-20109c295c59,3,0.0048503229034793,7.0,8
495b274c-9766-4e2e-a893-20109c295c59,4,0.3300935653669077,2.0,8
495b274c-9766-4e2e-a893-20109c295c59,5,0.0877471758418905,3.0,8
495b274c-9766-4e2e-a893-20109c295c59,6,0.0158802241634555,5.0,8
495b274c-9766-4e2e-a893-20109c295c59,7,0.4852332552038568,1.0,8
49732566-6b8c-4ebb-b35b-346b6304055d,0,0.1038941284313001,3.0,8
49732566-6b8c-4ebb-b35b-346b6304055d,1,0.6459376360910813,1.0,8
49732566-6b8c-4ebb-b35b-346b6304055d,2,0.0017258414627105,8.0,8
49732566-6b8c-4ebb-b35b-346b6304055d,3,0.0680833698203116,4.0,8
49732566-6b8c-4ebb-b35b-346b6304055d,4,0.003490598589419,7.0,8
49732566-6b8c-4ebb-b35b-346b6304055d,5,0.0095193664568734,6.0,8
49732566-6b8c-4ebb-b35b-346b6304055d,6,0.0151801121717906,5.0,8
49732566-6b8c-4ebb-b35b-346b6304055d,7,0.1521689498840048,2.0,8
49edb947-f249-4166-9cd5-8e275d03d48e,0,0.039977257752615,5.0,8
49edb947-f249-4166-9cd5-8e275d03d48e,1,0.1161322303814938,3.0,8
49edb947-f249-4166-9cd5-8e275d03d48e,2,0.2488601143299586,2.0,8
49edb947-f249-4166-9cd5-8e275d03d48e,3,0.4352716659256301,1.0,8
49edb947-f249-4166-9cd5-8e275d03d48e,4,0.0087200643482902,8.0,8
49edb947-f249-4166-9cd5-8e275d03d48e,5,0.0330091062881772,7.0,8
49edb947-f249-4166-9cd5-8e275d03d48e,6,0.0333238576663398,6.0,8
49edb947-f249-4166-9cd5-8e275d03d48e,7,0.0847057058027924,4.0,8
4a12caa6-c07b-4639-8347-d960dd8bc24d,0,0.2384176520897382,3.0,8
4a12caa6-c07b-4639-8347-d960dd8bc24d,1,0.2653399219396349,2.0,8
4a12caa6-c07b-4639-8347-d960dd8bc24d,2,0.0025716615579327,7.0,8
4a12caa6-c07b-4639-8347-d960dd8bc24d,3,0.0019149844215541,8.0,8
4a12caa6-c07b-4639-8347-d960dd8bc24d,4,0.0039196598465128,6.0,8
4a12caa6-c07b-4639-8347-d960dd8bc24d,5,0.0961090562699053,4.0,8
4a12caa6-c07b-4639-8347-d960dd8bc24d,6,0.0071112478301955,5.0,8
4a12caa6-c07b-4639-8347-d960dd8bc24d,7,0.38461580997073,1.0,8
4a39e729-dfd2-4a20-8183-311e3a89898f,0,0.0026725946476825,8.0,8
4a39e729-dfd2-4a20-8183-311e3a89898f,1,0.0506171857881883,6.0,8
4a39e729-dfd2-4a20-8183-311e3a89898f,2,0.01966914045399,7.0,8
4a39e729-dfd2-4a20-8183-311e3a89898f,3,0.1840538397452961,4.0,8
4a39e729-dfd2-4a20-8183-311e3a89898f,4,0.278583763533781,2.0,8
4a39e729-dfd2-4a20-8183-311e3a89898f,5,0.0558569617197038,5.0,8
4a39e729-dfd2-4a20-8183-311e3a89898f,6,0.2652533911538671,3.0,8
4a39e729-dfd2-4a20-8183-311e3a89898f,7,0.279583763533781,1.0,8
4a8f8882-2681-4869-bfd8-f1b7aa11d39d,0,0.2428187980125792,2.0,8
4a8f8882-2681-4869-bfd8-f1b7aa11d39d,1,0.5206813284968663,1.0,8
4a8f8882-2681-4869-bfd8-f1b7aa11d39d,2,0.0021123092045707,8.0,8
4a8f8882-2681-4869-bfd8-f1b7aa11d39d,3,0.0752901781039359,4.0,8
4a8f8882-2681-4869-bfd8-f1b7aa11d39d,4,0.0089891734201978,7.0,8
4a8f8882-2681-4869-bfd8-f1b7aa11d39d,5,0.0257515097996745,5.0,8
4a8f8882-2681-4869-bfd8-f1b7aa11d39d,6,0.019317285456698,6.0,8
4a8f8882-2681-4869-bfd8-f1b7aa11d39d,7,0.1050394147685433,3.0,8
4b39eca2-bb18-42b7-a618-b35371523a87,0,0.0195285102855468,6.0,8
4b39eca2-bb18-42b7-a618-b35371523a87,1,0.0436003271729035,4.0,8
4b39eca2-bb18-42b7-a618-b35371523a87,2,0.2168514619195798,3.0,8
4b39eca2-bb18-42b7-a618-b35371523a87,3,0.0113190748216258,7.0,8
4b39eca2-bb18-42b7-a618-b35371523a87,4,0.3471379229143733,2.0,8
4b39eca2-bb18-42b7-a618-b35371523a87,5,0.0056272102079533,8.0,8
4b39eca2-bb18-42b7-a618-b35371523a87,6,0.0339800330042314,5.0,8
4b39eca2-bb18-42b7-a618-b35371523a87,7,0.3481379229143733,1.0,8
4b81016c-bfe7-445f-bf55-1a988a8b60e2,0,0.0108807851777952,7.0,8
4b81016c-bfe7-445f-bf55-1a988a8b60e2,1,0.0352946515202083,4.0,8
4b81016c-bfe7-445f-bf55-1a988a8b60e2,2,0.7457298857076446,1.0,8
4b81016c-bfe7-445f-bf55-1a988a8b60e2,3,0.0110477783305323,6.0,8
4b81016c-bfe7-445f-bf55-1a988a8b60e2,4,0.002747307441485,8.0,8
4b81016c-bfe7-445f-bf55-1a988a8b60e2,5,0.0763563451953736,3.0,8
4b81016c-bfe7-445f-bf55-1a988a8b60e2,6,0.087534468964189,2.0,8
4b81016c-bfe7-445f-bf55-1a988a8b60e2,7,0.0304087830245058,5.0,8
4bb05220-cd48-4644-9e79-2aba279a8e91,0,0.3598517420359159,1.0,8
4bb05220-cd48-4644-9e79-2aba279a8e91,1,0.1659272569584807,3.0,8
4bb05220-cd48-4644-9e79-2aba279a8e91,2,0.0169000716440162,6.0,8
4bb05220-cd48-4644-9e79-2aba279a8e91,3,0.0206511472679092,5.0,8
4bb05220-cd48-4644-9e79-2aba279a8e91,4,0.0160130414172517,7.0,8
4bb05220-cd48-4644-9e79-2aba279a8e91,5,0.0909991127469631,4.0,8
4bb05220-cd48-4644-9e79-2aba279a8e91,6,0.0126915848925802,8.0,8
4bb05220-cd48-4644-9e79-2aba279a8e91,7,0.3169660350950654,2.0,8
4c543dcc-e944-4d33-81e3-45338f2f9fd1,0,0.0410289138400378,5.0,8
4c543dcc-e944-4d33-81e3-45338f2f9fd1,1,0.3533372033171143,2.0,8
4c543dcc-e944-4d33-81e3-45338f2f9fd1,2,0.0024795371097891,8.0,8
4c543dcc-e944-4d33-81e3-45338f2f9fd1,3,0.0163853933401904,7.0,8
4c543dcc-e944-4d33-81e3-45338f2f9fd1,4,0.0291722552088065,6.0,8
4c543dcc-e944-4d33-81e3-45338f2f9fd1,5,0.2238029162796694,3.0,8
4c543dcc-e944-4d33-81e3-45338f2f9fd1,6,0.0486498226745129,4.0,8
4c543dcc-e944-4d33-81e3-45338f2f9fd1,7,0.3543372033171143,1.0,8
4c614dd0-7bed-418e-a158-abc1ac7e3fcb,0,0.0513840202098484,5.0,8
4c614dd0-7bed-418e-a158-abc1ac7e3fcb,1,0.3370889898673898,2.0,8
4c614dd0-7bed-418e-a158-abc1ac7e3fcb,2,0.0015987602047771,8.0,8
4c614dd0-7bed-418e-a158-abc1ac7e3fcb,3,0.0031210938493391,7.0,8
4c614dd0-7bed-418e-a158-abc1ac7e3fcb,4,0.0047623352106775,6.0,8
4c614dd0-7bed-418e-a158-abc1ac7e3fcb,5,0.3380889898673898,1.0,8
4c614dd0-7bed-418e-a158-abc1ac7e3fcb,6,0.1843785363628099,3.0,8
4c614dd0-7bed-418e-a158-abc1ac7e3fcb,7,0.1632508444160468,4.0,8
4cb8a0c2-384a-43d0-8107-380004532c5b,0,0.0034971702049922,8.0,8
4cb8a0c2-384a-43d0-8107-380004532c5b,1,0.0136313163242252,6.0,8
4cb8a0c2-384a-43d0-8107-380004532c5b,2,0.0415281356494474,4.0,8
4cb8a0c2-384a-43d0-8107-380004532c5b,3,0.0199603685532834,5.0,8
4cb8a0c2-384a-43d0-8107-380004532c5b,4,0.1535429756134521,2.0,8
4cb8a0c2-384a-43d0-8107-380004532c5b,5,0.0039523719464209,7.0,8
4cb8a0c2-384a-43d0-8107-380004532c5b,6,0.0748487142734263,3.0,8
4cb8a0c2-384a-43d0-8107-380004532c5b,7,0.689038947488292,1.0,8
4cf3c59f-4ce4-4461-a65d-256f8d51de94,0,0.0087598479738538,7.0,8
4cf3c59f-4ce4-4461-a65d-256f8d51de94,1,0.0366275788178581,4.0,8
4cf3c59f-4ce4-4461-a65d-256f8d51de94,2,0.8515854501163912,1.0,8
4cf3c59f-4ce4-4461-a65d-256f8d51de94,3,0.0115284612256513,5.0,8
4cf3c59f-4ce4-4461-a65d-256f8d51de94,4,0.0014872488381067,8.0,8
4cf3c59f-4ce4-4461-a65d-256f8d51de94,5,0.0374455891697921,3.0,8
4cf3c59f-4ce4-4461-a65d-256f8d51de94,6,0.0106120936591559,6.0,8
4cf3c59f-4ce4-4461-a65d-256f8d51de94,7,0.0419537356213791,2.0,8
4d3bd16b-5324-468a-931c-dbdf8b314f23,0,0.1565607954376343,2.0,8
4d3bd16b-5324-468a-931c-dbdf8b314f23,1,0.0132219395360507,5.0,8
4d3bd16b-5324-468a-931c-dbdf8b314f23,2,0.727657022951033,1.0,8
4d3bd16b-5324-468a-931c-dbdf8b314f23,3,0.0047683825098901,7.0,8
4d3bd16b-5324-468a-931c-dbdf8b314f23,4,0.0020850862059081,8.0,8
4d3bd16b-5324-468a-931c-dbdf8b314f23,5,0.060094723108099,3.0,8
4d3bd16b-5324-468a-931c-dbdf8b314f23,6,0.0251476196360838,4.0,8
4d3bd16b-5324-468a-931c-dbdf8b314f23,7,0.0104644355432224,6.0,8
4dd7914b-27ef-40c5-938c-fbdc5a4fe0f2,0,0.1523101596715702,4.0,8
4dd7914b-27ef-40c5-938c-fbdc5a4fe0f2,1,0.2326766530370516,2.0,8
4dd7914b-27ef-40c5-938c-fbdc5a4fe0f2,2,0.0181706804875442,7.0,8
4dd7914b-27ef-40c5-938c-fbdc5a4fe0f2,3,0.1806912277631407,3.0,8
4dd7914b-27ef-40c5-938c-fbdc5a4fe0f2,4,0.0925909642500468,5.0,8
4dd7914b-27ef-40c5-938c-fbdc5a4fe0f2,5,0.0027281294073682,8.0,8
4dd7914b-27ef-40c5-938c-fbdc5a4fe0f2,6,0.2469675821149759,1.0,8
4dd7914b-27ef-40c5-938c-fbdc5a4fe0f2,7,0.073864604091057,6.0,8
4dd8e015-d3da-4b90-b455-8261d27b60e6,0,0.6833760485757232,1.0,8
4dd8e015-d3da-4b90-b455-8261d27b60e6,1,0.0383087712616911,3.0,8
4dd8e015-d3da-4b90-b455-8261d27b60e6,2,0.0057153048154414,6.0,8
4dd8e015-d3da-4b90-b455-8261d27b60e6,3,0.0026360723126265,8.0,8
4dd8e015-d3da-4b90-b455-8261d27b60e6,4,0.0035594030107576,7.0,8
4dd8e015-d3da-4b90-b455-8261d27b60e6,5,0.007728554256559,5.0,8
4dd8e015-d3da-4b90-b455-8261d27b60e6,6,0.0303139775660109,4.0,8
4dd8e015-d3da-4b90-b455-8261d27b60e6,7,0.2283618715373106,2.0,8
4f1ac0e3-61c1-409c-8dc0-fbedd5e478b1,0,0.1826721569269283,4.0,8
4f1ac0e3-61c1-409c-8dc0-fbedd5e478b1,1,0.0430178940731439,5.0,8
4f1ac0e3-61c1-409c-8dc0-fbedd5e478b1,2,0.0074638117949115,8.0,8
4f1ac0e3-61c1-409c-8dc0-fbedd5e478b1,3,0.0234857048397913,6.0,8
4f1ac0e3-61c1-409c-8dc0-fbedd5e478b1,4,0.2116438719393973,3.0,8
4f1ac0e3-61c1-409c-8dc0-fbedd5e478b1,5,0.0223780717531868,7.0,8
4f1ac0e3-61c1-409c-8dc0-fbedd5e478b1,6,0.2927856307736398,1.0,8
4f1ac0e3-61c1-409c-8dc0-fbedd5e478b1,7,0.2917856307736398,2.0,8
4f8e411d-70fa-4baf-bc9b-c1ff6a7653f8,0,0.0030089506251787,8.0,8
4f8e411d-70fa-4baf-bc9b-c1ff6a7653f8,1,0.0526291164202875,6.0,8
4f8e411d-70fa-4baf-bc9b-c1ff6a7653f8,2,0.0098703821169784,7.0,8
4f8e411d-70fa-4baf-bc9b-c1ff6a7653f8,3,0.1600480695576102,3.0,8
4f8e411d-70fa-4baf-bc9b-c1ff6a7653f8,4,0.3355118144942149,2.0,8
4f8e411d-70fa-4baf-bc9b-c1ff6a7653f8,5,0.1310094151991367,5.0,8
4f8e411d-70fa-4baf-bc9b-c1ff6a7653f8,6,0.3365118144942149,1.0,8
4f8e411d-70fa-4baf-bc9b-c1ff6a7653f8,7,0.1489895930998137,4.0,8
4fd15098-0e17-4679-a131-466135828c59,0,0.5690783274509298,1.0,8
4fd15098-0e17-4679-a131-466135828c59,1,0.5680783274509298,2.0,8
4fd15098-0e17-4679-a131-466135828c59,2,0.0295892339754313,3.0,8
4fd15098-0e17-4679-a131-466135828c59,3,0.0011468950444779,8.0,8
4fd15098-0e17-4679-a131-466135828c59,4,0.0127291589826716,7.0,8
4fd15098-0e17-4679-a131-466135828c59,5,0.0267418510879981,4.0,8
4fd15098-0e17-4679-a131-466135828c59,6,0.0262307163487644,5.0,8
4fd15098-0e17-4679-a131-466135828c59,7,0.0168572831870246,6.0,8
4fdb71e9-1366-4782-906e-caa4e6aa592e,0,0.0274090874648674,5.0,8
4fdb71e9-1366-4782-906e-caa4e6aa592e,1,0.0596621599167648,2.0,8
4fdb71e9-1366-4782-906e-caa4e6aa592e,2,0.0415980306950554,4.0,8
4fdb71e9-1366-4782-906e-caa4e6aa592e,3,0.0079116635833994,6.0,8
4fdb71e9-1366-4782-906e-caa4e6aa592e,4,0.0052605543943261,8.0,8
4fdb71e9-1366-4782-906e-caa4e6aa592e,5,0.8106848670905646,1.0,8
4fdb71e9-1366-4782-906e-caa4e6aa592e,6,0.0054096993103793,7.0,8
4fdb71e9-1366-4782-906e-caa4e6aa592e,7,0.0420639359729314,3.0,8
500506a7-a2fd-48a8-a4b0-5957f2c077ae,0,0.0018781654773102,8.0,8
500506a7-a2fd-48a8-a4b0-5957f2c077ae,1,0.0257647028883419,5.0,8
500506a7-a2fd-48a8-a4b0-5957f2c077ae,2,0.0163133474826,6.0,8
500506a7-a2fd-48a8-a4b0-5957f2c077ae,3,0.0110872805411139,7.0,8
500506a7-a2fd-48a8-a4b0-5957f2c077ae,4,0.0771751121554059,4.0,8
500506a7-a2fd-48a8-a4b0-5957f2c077ae,5,0.1654475312877238,3.0,8
500506a7-a2fd-48a8-a4b0-5957f2c077ae,6,0.294222994475637,2.0,8
500506a7-a2fd-48a8-a4b0-5957f2c077ae,7,0.4081108605977961,1.0,8
50178829-171a-47fd-a9cc-3fdf977cfd0e,0,0.4886815566680785,2.0,8
50178829-171a-47fd-a9cc-3fdf977cfd0e,1,0.0961613902820306,4.0,8
50178829-171a-47fd-a9cc-3fdf977cfd0e,2,0.0064149508592399,7.0,8
50178829-171a-47fd-a9cc-3fdf977cfd0e,3,0.0033985452737452,8.0,8
50178829-171a-47fd-a9cc-3fdf977cfd0e,4,0.0157001748843686,6.0,8
50178829-171a-47fd-a9cc-3fdf977cfd0e,5,0.4896815566680785,1.0,8
50178829-171a-47fd-a9cc-3fdf977cfd0e,6,0.0909946232447142,5.0,8
50178829-171a-47fd-a9cc-3fdf977cfd0e,7,0.1889108087501032,3.0,8
505bd9d8-0417-4aa8-9083-1b8fe7a54312,0,0.0089698059111673,6.0,8
505bd9d8-0417-4aa8-9083-1b8fe7a54312,1,0.656957330320248,2.0,8
505bd9d8-0417-4aa8-9083-1b8fe7a54312,2,0.0032355217343534,8.0,8
505bd9d8-0417-4aa8-9083-1b8fe7a54312,3,0.0196468671109263,4.0,8
505bd9d8-0417-4aa8-9083-1b8fe7a54312,4,0.0041970394212427,7.0,8
505bd9d8-0417-4aa8-9083-1b8fe7a54312,5,0.010621351248513,5.0,8
505bd9d8-0417-4aa8-9083-1b8fe7a54312,6,0.0294023616007076,3.0,8
505bd9d8-0417-4aa8-9083-1b8fe7a54312,7,0.657957330320248,1.0,8
50e02b5a-d901-4761-8275-503234acbd16,0,0.270475783486398,2.0,8
50e02b5a-d901-4761-8275-503234acbd16,1,0.0474571705021504,4.0,8
50e02b5a-d901-4761-8275-503234acbd16,2,0.0041769583926148,8.0,8
50e02b5a-d901-4761-8275-503234acbd16,3,0.0044113254908069,7.0,8
50e02b5a-d901-4761-8275-503234acbd16,4,0.0076644271936647,6.0,8
50e02b5a-d901-4761-8275-503234acbd16,5,0.1231600562636535,3.0,8
50e02b5a-d901-4761-8275-503234acbd16,6,0.0177335288711405,5.0,8
50e02b5a-d901-4761-8275-503234acbd16,7,0.5249207508672521,1.0,8
514e26cf-beb1-4dc3-8ddc-a3896e31f6fa,0,0.0070612880959625,7.0,8
514e26cf-beb1-4dc3-8ddc-a3896e31f6fa,1,0.1371119049688257,4.0,8
514e26cf-beb1-4dc3-8ddc-a3896e31f6fa,2,0.018726059062882,5.0,8
514e26cf-beb1-4dc3-8ddc-a3896e31f6fa,3,0.4212875007363292,1.0,8
514e26cf-beb1-4dc3-8ddc-a3896e31f6fa,4,0.0046257958542385,8.0,8
514e26cf-beb1-4dc3-8ddc-a3896e31f6fa,5,0.4202875007363292,2.0,8
514e26cf-beb1-4dc3-8ddc-a3896e31f6fa,6,0.0156260577608385,6.0,8
514e26cf-beb1-4dc3-8ddc-a3896e31f6fa,7,0.189430938706553,3.0,8
515ecb92-c6ff-4e89-a6bd-ac2aab87e151,0,0.0021368153069418,8.0,8
515ecb92-c6ff-4e89-a6bd-ac2aab87e151,1,0.0135471167186332,6.0,8
515ecb92-c6ff-4e89-a6bd-ac2aab87e151,2,0.0046037608015117,7.0,8
515ecb92-c6ff-4e89-a6bd-ac2aab87e151,3,0.6879293315513603,1.0,8
515ecb92-c6ff-4e89-a6bd-ac2aab87e151,4,0.1247237112960812,2.0,8
515ecb92-c6ff-4e89-a6bd-ac2aab87e151,5,0.023638985319814,5.0,8
515ecb92-c6ff-4e89-a6bd-ac2aab87e151,6,0.0538389394395182,4.0,8
515ecb92-c6ff-4e89-a6bd-ac2aab87e151,7,0.0895813418166706,3.0,8
51ca9ae5-e5cb-4ebd-9e62-5315f122cb3f,0,0.0073611957602536,8.0,8
51ca9ae5-e5cb-4ebd-9e62-5315f122cb3f,1,0.0164762985306951,5.0,8
51ca9ae5-e5cb-4ebd-9e62-5315f122cb3f,2,0.0090021657596294,7.0,8
51ca9ae5-e5cb-4ebd-9e62-5315f122cb3f,3,0.0106412615032716,6.0,8
51ca9ae5-e5cb-4ebd-9e62-5315f122cb3f,4,0.2740735823136364,2.0,8
51ca9ae5-e5cb-4ebd-9e62-5315f122cb3f,5,0.138925068957593,4.0,8
51ca9ae5-e5cb-4ebd-9e62-5315f122cb3f,6,0.3386330070058608,1.0,8
51ca9ae5-e5cb-4ebd-9e62-5315f122cb3f,7,0.204887418491148,3.0,8
52486a97-64f6-4a7a-9f9a-615a3353ce10,0,0.0073743151782262,7.0,8
52486a97-64f6-4a7a-9f9a-615a3353ce10,1,0.1348867109053237,5.0,8
52486a97-64f6-4a7a-9f9a-615a3353ce10,2,0.3052863246829339,1.0,8
52486a97-64f6-4a7a-9f9a-615a3353ce10,3,0.1594491996419524,3.0,8
52486a97-64f6-4a7a-9f9a-615a3353ce10,4,0.0015582672352112,8.0,8
52486a97-64f6-4a7a-9f9a-615a3353ce10,5,0.2058888997059538,2.0,8
52486a97-64f6-4a7a-9f9a-615a3353ce10,6,0.0347298611262887,6.0,8
52486a97-64f6-4a7a-9f9a-615a3353ce10,7,0.1508264213340702,4.0,8
5271cd81-d158-4913-867d-15133403b760,0,0.0293220752028502,6.0,8
5271cd81-d158-4913-867d-15133403b760,1,0.2834006472132231,3.0,8
5271cd81-d158-4913-867d-15133403b760,2,0.3165080976983781,1.0,8
5271cd81-d158-4913-867d-15133403b760,3,0.0128504486487808,7.0,8
5271cd81-d158-4913-867d-15133403b760,4,0.0025642797838826,8.0,8
5271cd81-d158-4913-867d-15133403b760,5,0.3155080976983781,2.0,8
5271cd81-d158-4913-867d-15133403b760,6,0.0915087999424679,5.0,8
5271cd81-d158-4913-867d-15133403b760,7,0.1098138930359745,4.0,8
530e321e-2c48-4074-b559-fcb3fd1088b5,0,0.0021250722593016,8.0,8
530e321e-2c48-4074-b559-fcb3fd1088b5,1,0.0249774042291107,6.0,8
530e321e-2c48-4074-b559-fcb3fd1088b5,2,0.0234169636151387,7.0,8
530e321e-2c48-4074-b559-fcb3fd1088b5,3,0.0643046508145902,5.0,8
530e321e-2c48-4074-b559-fcb3fd1088b5,4,0.2353536687053064,2.0,8
530e321e-2c48-4074-b559-fcb3fd1088b5,5,0.0913968690956009,4.0,8
530e321e-2c48-4074-b559-fcb3fd1088b5,6,0.1150635468990737,3.0,8
530e321e-2c48-4074-b559-fcb3fd1088b5,7,0.4433618191872934,1.0,8
53e5792c-7c5e-4d3d-b575-92e7b9ef2a46,0,0.0237636410693165,3.0,8
53e5792c-7c5e-4d3d-b575-92e7b9ef2a46,1,0.6841505660420111,1.0,8
53e5792c-7c5e-4d3d-b575-92e7b9ef2a46,2,0.0028599576264437,8.0,8
53e5792c-7c5e-4d3d-b575-92e7b9ef2a46,3,0.0155742844245166,4.0,8
53e5792c-7c5e-4d3d-b575-92e7b9ef2a46,4,0.0041258292049991,7.0,8
53e5792c-7c5e-4d3d-b575-92e7b9ef2a46,5,0.0042018396156653,6.0,8
53e5792c-7c5e-4d3d-b575-92e7b9ef2a46,6,0.0053361379529559,5.0,8
53e5792c-7c5e-4d3d-b575-92e7b9ef2a46,7,0.2599877429419249,2.0,8
53f40649-628c-4816-a6e4-a4f59501d458,0,0.4263135953399793,1.0,8
53f40649-628c-4816-a6e4-a4f59501d458,1,0.2460083535145833,2.0,8
53f40649-628c-4816-a6e4-a4f59501d458,2,0.0023572323813412,8.0,8
53f40649-628c-4816-a6e4-a4f59501d458,3,0.0051485655638111,7.0,8
53f40649-628c-4816-a6e4-a4f59501d458,4,0.0815193092953329,4.0,8
53f40649-628c-4816-a6e4-a4f59501d458,5,0.0217500829447231,6.0,8
53f40649-628c-4816-a6e4-a4f59501d458,6,0.042124120078571,5.0,8
53f40649-628c-4816-a6e4-a4f59501d458,7,0.1747787392429063,3.0,8
540d7ee6-2fdf-4471-9a5d-d755ee07e2f5,0,0.0131974227559716,7.0,8
540d7ee6-2fdf-4471-9a5d-d755ee07e2f5,1,0.1494612289415255,2.0,8
540d7ee6-2fdf-4471-9a5d-d755ee07e2f5,2,0.1364345426562775,3.0,8
540d7ee6-2fdf-4471-9a5d-d755ee07e2f5,3,0.0343209073759904,5.0,8
540d7ee6-2fdf-4471-9a5d-d755ee07e2f5,4,0.0105749563147717,8.0,8
540d7ee6-2fdf-4471-9a5d-d755ee07e2f5,5,0.5994032705897382,1.0,8
540d7ee6-2fdf-4471-9a5d-d755ee07e2f5,6,0.0193137919346792,6.0,8
540d7ee6-2fdf-4471-9a5d-d755ee07e2f5,7,0.0372938830666133,4.0,8
542d1897-4633-42c0-bdce-d8ee3865d7e1,0,0.3588686166736914,1.0,8
542d1897-4633-42c0-bdce-d8ee3865d7e1,1,0.2172225523942183,3.0,8
542d1897-4633-42c0-bdce-d8ee3865d7e1,2,0.0094681002832981,6.0,8
542d1897-4633-42c0-bdce-d8ee3865d7e1,3,0.0041705746474818,8.0,8
542d1897-4633-42c0-bdce-d8ee3865d7e1,4,0.038119654777119,4.0,8
542d1897-4633-42c0-bdce-d8ee3865d7e1,5,0.0045397851365241,7.0,8
542d1897-4633-42c0-bdce-d8ee3865d7e1,6,0.0263113910457267,5.0,8
542d1897-4633-42c0-bdce-d8ee3865d7e1,7,0.3578686166736914,2.0,8
548022c3-123a-48a0-beff-aa06576cdff2,0,0.0122965773218009,7.0,8
548022c3-123a-48a0-beff-aa06576cdff2,1,0.2017684828426481,3.0,8
548022c3-123a-48a0-beff-aa06576cdff2,2,0.0538665938829855,4.0,8
548022c3-123a-48a0-beff-aa06576cdff2,3,0.434870756699363,1.0,8
548022c3-123a-48a0-beff-aa06576cdff2,4,0.0019509975956947,8.0,8
548022c3-123a-48a0-beff-aa06576cdff2,5,0.2371837561576515,2.0,8
548022c3-123a-48a0-beff-aa06576cdff2,6,0.0372501877733608,5.0,8
548022c3-123a-48a0-beff-aa06576cdff2,7,0.0208126469890499,6.0,8
54c53dfd-a925-42bc-965d-c0d9cd063fa9,0,0.0018316613745048,8.0,8
54c53dfd-a925-42bc-965d-c0d9cd063fa9,1,0.0078832105760311,7.0,8
54c53dfd-a925-42bc-965d-c0d9cd063fa9,2,0.034132579805439,3.0,8
54c53dfd-a925-42bc-965d-c0d9cd063fa9,3,0.0194625022982163,5.0,8
54c53dfd-a925-42bc-965d-c0d9cd063fa9,4,0.8523490530134298,1.0,8
54c53dfd-a925-42bc-965d-c0d9cd063fa9,5,0.0241525138003297,4.0,8
54c53dfd-a925-42bc-965d-c0d9cd063fa9,6,0.0159655979218677,6.0,8
54c53dfd-a925-42bc-965d-c0d9cd063fa9,7,0.044222884552367,2.0,8
55086429-04dd-43df-abc2-dc0ec1e168bd,0,0.1151288085119408,3.0,8
55086429-04dd-43df-abc2-dc0ec1e168bd,1,0.4947204639973657,1.0,8
55086429-04dd-43df-abc2-dc0ec1e168bd,2,0.0172398770180748,7.0,8
55086429-04dd-43df-abc2-dc0ec1e168bd,3,0.0241882679002634,6.0,8
55086429-04dd-43df-abc2-dc0ec1e168bd,4,0.4937204639973657,2.0,8
55086429-04dd-43df-abc2-dc0ec1e168bd,5,0.0020408091644125,8.0,8
55086429-04dd-43df-abc2-dc0ec1e168bd,6,0.078795858064781,4.0,8
55086429-04dd-43df-abc2-dc0ec1e168bd,7,0.0269135739912242,5.0,8
552f3e20-debf-445e-80a1-518fa80b921b,0,0.0753467518067989,5.0,8
552f3e20-debf-445e-80a1-518fa80b921b,1,0.0327325421382546,7.0,8
552f3e20-debf-445e-80a1-518fa80b921b,2,0.3138603971917217,3.0,8
552f3e20-debf-445e-80a1-518fa80b921b,3,0.0524051502412878,6.0,8
552f3e20-debf-445e-80a1-518fa80b921b,4,0.0179289014569077,8.0,8
552f3e20-debf-445e-80a1-518fa80b921b,5,0.0784583159488323,4.0,8
552f3e20-debf-445e-80a1-518fa80b921b,6,0.3408677977406336,2.0,8
552f3e20-debf-445e-80a1-518fa80b921b,7,0.3418677977406336,1.0,8
55430d4a-8f54-4379-967d-6e2851d55849,0,0.7854642014435261,1.0,8
55430d4a-8f54-4379-967d-6e2851d55849,1,0.1003991364023329,2.0,8
55430d4a-8f54-4379-967d-6e2851d55849,2,0.00331198316895,6.0,8
55430d4a-8f54-4379-967d-6e2851d55849,3,0.0020560535607487,8.0,8
55430d4a-8f54-4379-967d-6e2851d55849,4,0.0047779219559774,5.0,8
55430d4a-8f54-4379-967d-6e2851d55849,5,0.0125643809460773,4.0,8
55430d4a-8f54-4379-967d-6e2851d55849,6,0.0031055995448601,7.0,8
55430d4a-8f54-4379-967d-6e2851d55849,7,0.0883207265835072,3.0,8
556a62cb-3276-4d37-b600-8f11206e1553,0,0.0039241735214764,8.0,8
556a62cb-3276-4d37-b600-8f11206e1553,1,0.0164626567664796,6.0,8
556a62cb-3276-4d37-b600-8f11206e1553,2,0.0085188609789658,7.0,8
556a62cb-3276-4d37-b600-8f11206e1553,3,0.0946276202432782,3.0,8
556a62cb-3276-4d37-b600-8f11206e1553,4,0.5252671663829546,1.0,8
556a62cb-3276-4d37-b600-8f11206e1553,5,0.2266410493225482,2.0,8
556a62cb-3276-4d37-b600-8f11206e1553,6,0.0913213036452307,4.0,8
556a62cb-3276-4d37-b600-8f11206e1553,7,0.0332371706105517,5.0,8
55a4b925-4a4c-4cc0-9434-c360fc3111f1,0,0.0152034538760403,8.0,8
55a4b925-4a4c-4cc0-9434-c360fc3111f1,1,0.3573355914290634,1.0,8
55a4b925-4a4c-4cc0-9434-c360fc3111f1,2,0.1392626711320523,3.0,8
55a4b925-4a4c-4cc0-9434-c360fc3111f1,3,0.1049860763287146,4.0,8
55a4b925-4a4c-4cc0-9434-c360fc3111f1,4,0.0183793563831258,7.0,8
55a4b925-4a4c-4cc0-9434-c360fc3111f1,5,0.0290423449091694,6.0,8
55a4b925-4a4c-4cc0-9434-c360fc3111f1,6,0.2324760061283058,2.0,8
55a4b925-4a4c-4cc0-9434-c360fc3111f1,7,0.10331450162619,5.0,8
55b67522-1b72-4060-ab9a-9daf083a6abd,0,0.0078764480103836,7.0,8
55b67522-1b72-4060-ab9a-9daf083a6abd,1,0.0543480951550909,4.0,8
55b67522-1b72-4060-ab9a-9daf083a6abd,2,0.1137885271795249,2.0,8
55b67522-1b72-4060-ab9a-9daf083a6abd,3,0.0377265314424204,5.0,8
55b67522-1b72-4060-ab9a-9daf083a6abd,4,0.0023523683389672,8.0,8
55b67522-1b72-4060-ab9a-9daf083a6abd,5,0.0890057150787658,3.0,8
55b67522-1b72-4060-ab9a-9daf083a6abd,6,0.0197432080187684,6.0,8
55b67522-1b72-4060-ab9a-9daf083a6abd,7,0.6751591079722797,1.0,8
55b888c6-1116-4f0b-abbc-6c48b717899c,0,0.0018872998367143,8.0,8
55b888c6-1116-4f0b-abbc-6c48b717899c,1,0.0085629528663416,6.0,8
55b888c6-1116-4f0b-abbc-6c48b717899c,2,0.0071720545635935,7.0,8
55b888c6-1116-4f0b-abbc-6c48b717899c,3,0.4194822998307335,1.0,8
55b888c6-1116-4f0b-abbc-6c48b717899c,4,0.4184822998307335,2.0,8
55b888c6-1116-4f0b-abbc-6c48b717899c,5,0.1246273458289049,4.0,8
55b888c6-1116-4f0b-abbc-6c48b717899c,6,0.1041921618785227,5.0,8
55b888c6-1116-4f0b-abbc-6c48b717899c,7,0.149737952309084,3.0,8
56550eef-e77f-4447-a1ac-c0d792c34603,0,0.0253580855187718,5.0,8
56550eef-e77f-4447-a1ac-c0d792c34603,1,0.1591867078273932,3.0,8
56550eef-e77f-4447-a1ac-c0d792c34603,2,0.0373158206081076,4.0,8
56550eef-e77f-4447-a1ac-c0d792c34603,3,0.5626195314807507,1.0,8
56550eef-e77f-4447-a1ac-c0d792c34603,4,0.0079641460772408,8.0,8
56550eef-e77f-4447-a1ac-c0d792c34603,5,0.1851680077524554,2.0,8
56550eef-e77f-4447-a1ac-c0d792c34603,6,0.0088941872402396,7.0,8
56550eef-e77f-4447-a1ac-c0d792c34603,7,0.0134935125127741,6.0,8
565f92ea-3112-49c6-8198-af8722e923f9,0,0.4577139291507231,1.0,8
565f92ea-3112-49c6-8198-af8722e923f9,1,0.0627219657259609,4.0,8
565f92ea-3112-49c6-8198-af8722e923f9,2,0.0025796315705715,6.0,8
565f92ea-3112-49c6-8198-af8722e923f9,3,0.0023865188564413,7.0,8
565f92ea-3112-49c6-8198-af8722e923f9,4,0.0023774568468378,8.0,8
565f92ea-3112-49c6-8198-af8722e923f9,5,0.2448468871443973,2.0,8
565f92ea-3112-49c6-8198-af8722e923f9,6,0.0060852761139567,5.0,8
565f92ea-3112-49c6-8198-af8722e923f9,7,0.2212883339378064,3.0,8
5692adf5-e555-4c27-8d43-643e9b2e5222,0,0.0019287152307324,8.0,8
5692adf5-e555-4c27-8d43-643e9b2e5222,1,0.0758147581490013,5.0,8
5692adf5-e555-4c27-8d43-643e9b2e5222,2,0.0104635806626095,7.0,8
5692adf5-e555-4c27-8d43-643e9b2e5222,3,0.0147356348683508,6.0,8
5692adf5-e555-4c27-8d43-643e9b2e5222,4,0.1710503171269284,4.0,8
5692adf5-e555-4c27-8d43-643e9b2e5222,5,0.3318916903064979,1.0,8
5692adf5-e555-4c27-8d43-643e9b2e5222,6,0.1902715207332954,3.0,8
5692adf5-e555-4c27-8d43-643e9b2e5222,7,0.2038437792214938,2.0,8
571bb312-5fb1-41f0-a92e-7744dc920ffc,0,0.7024801275802341,1.0,8
571bb312-5fb1-41f0-a92e-7744dc920ffc,1,0.0119368842836381,5.0,8
571bb312-5fb1-41f0-a92e-7744dc920ffc,2,0.002234905790194,7.0,8
571bb312-5fb1-41f0-a92e-7744dc920ffc,3,0.0017627635621034,8.0,8
571bb312-5fb1-41f0-a92e-7744dc920ffc,4,0.0115823471967124,6.0,8
571bb312-5fb1-41f0-a92e-7744dc920ffc,5,0.0126225087674781,4.0,8
571bb312-5fb1-41f0-a92e-7744dc920ffc,6,0.0629974632183798,3.0,8
571bb312-5fb1-41f0-a92e-7744dc920ffc,7,0.1943829996154958,2.0,8
575994b4-a4db-4e12-a890-b28cbe6aced3,0,0.0094751288436606,6.0,8
575994b4-a4db-4e12-a890-b28cbe6aced3,1,0.5308771800221763,1.0,8
575994b4-a4db-4e12-a890-b28cbe6aced3,2,0.110682832414752,3.0,8
575994b4-a4db-4e12-a890-b28cbe6aced3,3,0.00497908086545,7.0,8
575994b4-a4db-4e12-a890-b28cbe6aced3,4,0.001814014829552,8.0,8
575994b4-a4db-4e12-a890-b28cbe6aced3,5,0.5298771800221763,2.0,8
575994b4-a4db-4e12-a890-b28cbe6aced3,6,0.0531895210955743,4.0,8
575994b4-a4db-4e12-a890-b28cbe6aced3,7,0.0099503130673012,5.0,8
577ddbd8-e135-49d0-9e8f-e09182a02a82,0,0.0506458419880296,5.0,8
577ddbd8-e135-49d0-9e8f-e09182a02a82,1,0.0193877723776851,7.0,8
577ddbd8-e135-49d0-9e8f-e09182a02a82,2,0.0143905720193798,8.0,8
577ddbd8-e135-49d0-9e8f-e09182a02a82,3,0.0388404932010991,6.0,8
577ddbd8-e135-49d0-9e8f-e09182a02a82,4,0.5089976813349518,2.0,8
577ddbd8-e135-49d0-9e8f-e09182a02a82,5,0.0856550003030922,3.0,8
577ddbd8-e135-49d0-9e8f-e09182a02a82,6,0.0714283732354201,4.0,8
577ddbd8-e135-49d0-9e8f-e09182a02a82,7,0.5099976813349518,1.0,8
57924026-949d-46d1-aa40-3f46c68ee71e,0,0.2629262370525654,2.0,8
57924026-949d-46d1-aa40-3f46c68ee71e,1,0.0519765772911546,4.0,8
57924026-949d-46d1-aa40-3f46c68ee71e,2,0.0031794692583899,8.0,8
57924026-949d-46d1-aa40-3f46c68ee71e,3,0.0179595423572725,5.0,8
57924026-949d-46d1-aa40-3f46c68ee71e,4,0.0146644142271504,6.0,8
57924026-949d-46d1-aa40-3f46c68ee71e,5,0.0593128325138567,3.0,8
57924026-949d-46d1-aa40-3f46c68ee71e,6,0.0068463517154872,7.0,8
57924026-949d-46d1-aa40-3f46c68ee71e,7,0.583134580138602,1.0,8
57a08bcc-dbdf-44b6-aba4-33b40ec7fa69,0,0.0031962500358629,8.0,8
57a08bcc-dbdf-44b6-aba4-33b40ec7fa69,1,0.0301994701834969,5.0,8
57a08bcc-dbdf-44b6-aba4-33b40ec7fa69,2,0.4577462793032024,1.0,8
57a08bcc-dbdf-44b6-aba4-33b40ec7fa69,3,0.0050238453977954,6.0,8
57a08bcc-dbdf-44b6-aba4-33b40ec7fa69,4,0.0049064440233503,7.0,8
57a08bcc-dbdf-44b6-aba4-33b40ec7fa69,5,0.391008467632042,2.0,8
57a08bcc-dbdf-44b6-aba4-33b40ec7fa69,6,0.0550765751944817,3.0,8
57a08bcc-dbdf-44b6-aba4-33b40ec7fa69,7,0.0528426710835244,4.0,8
58029cc7-a16c-46f7-8bd8-6b829da6a5b8,0,0.0093617742528663,5.0,8
58029cc7-a16c-46f7-8bd8-6b829da6a5b8,1,0.0086415620582443,6.0,8
58029cc7-a16c-46f7-8bd8-6b829da6a5b8,2,0.007321573306735,7.0,8
58029cc7-a16c-46f7-8bd8-6b829da6a5b8,3,0.0880631042034607,4.0,8
58029cc7-a16c-46f7-8bd8-6b829da6a5b8,4,0.1670745613048543,2.0,8
58029cc7-a16c-46f7-8bd8-6b829da6a5b8,5,0.0049659443152386,8.0,8
58029cc7-a16c-46f7-8bd8-6b829da6a5b8,6,0.622769016918509,1.0,8
58029cc7-a16c-46f7-8bd8-6b829da6a5b8,7,0.0918024606256728,3.0,8
58751910-7083-43d0-b423-ffe988ab52f9,0,0.0014217956879105,8.0,8
58751910-7083-43d0-b423-ffe988ab52f9,1,0.0433629958378362,5.0,8
58751910-7083-43d0-b423-ffe988ab52f9,2,0.0132876955898696,6.0,8
58751910-7083-43d0-b423-ffe988ab52f9,3,0.1895991625185985,3.0,8
58751910-7083-43d0-b423-ffe988ab52f9,4,0.0721229798807283,4.0,8
58751910-7083-43d0-b423-ffe988ab52f9,5,0.0101940062874175,7.0,8
58751910-7083-43d0-b423-ffe988ab52f9,6,0.3002722547559228,2.0,8
58751910-7083-43d0-b423-ffe988ab52f9,7,0.3697391097725034,1.0,8
58790c39-d2ad-44fa-bf49-43051e72b03e,0,0.0126609161541534,7.0,8
58790c39-d2ad-44fa-bf49-43051e72b03e,1,0.1167277952307093,2.0,8
58790c39-d2ad-44fa-bf49-43051e72b03e,2,0.6888670398613637,1.0,8
58790c39-d2ad-44fa-bf49-43051e72b03e,3,0.0313468266094817,5.0,8
58790c39-d2ad-44fa-bf49-43051e72b03e,4,0.0013870172744177,8.0,8
58790c39-d2ad-44fa-bf49-43051e72b03e,5,0.0420433074698259,4.0,8
58790c39-d2ad-44fa-bf49-43051e72b03e,6,0.0195274921497487,6.0,8
58790c39-d2ad-44fa-bf49-43051e72b03e,7,0.0874396071297882,3.0,8
587e94b4-b975-4e59-814b-edcd9df0b0fe,0,0.0030580318433436,8.0,8
587e94b4-b975-4e59-814b-edcd9df0b0fe,1,0.0073565258056305,7.0,8
587e94b4-b975-4e59-814b-edcd9df0b0fe,2,0.0134883712390115,6.0,8
587e94b4-b975-4e59-814b-edcd9df0b0fe,3,0.025118560965897,4.0,8
587e94b4-b975-4e59-814b-edcd9df0b0fe,4,0.7817108100923725,1.0,8
587e94b4-b975-4e59-814b-edcd9df0b0fe,5,0.0135151767900439,5.0,8
587e94b4-b975-4e59-814b-edcd9df0b0fe,6,0.0422432965995504,3.0,8
587e94b4-b975-4e59-814b-edcd9df0b0fe,7,0.1135092329529786,2.0,8
58da9171-9dde-4744-a624-1d1805718507,0,0.0013234110260244,8.0,8
58da9171-9dde-4744-a624-1d1805718507,1,0.0688207854023002,5.0,8
58da9171-9dde-4744-a624-1d1805718507,2,0.0190995119212277,7.0,8
58da9171-9dde-4744-a624-1d1805718507,3,0.186605078635761,2.0,8
58da9171-9dde-4744-a624-1d1805718507,4,0.1021484419758236,4.0,8
58da9171-9dde-4744-a624-1d1805718507,5,0.0193553969563781,6.0,8
58da9171-9dde-4744-a624-1d1805718507,6,0.1285584995739807,3.0,8
58da9171-9dde-4744-a624-1d1805718507,7,0.4740888751316805,1.0,8
59886ab0-74bc-476e-a3ba-b839505c428e,0,0.0102870586024473,7.0,8
59886ab0-74bc-476e-a3ba-b839505c428e,1,0.3334796940817355,1.0,8
59886ab0-74bc-476e-a3ba-b839505c428e,2,0.1371811452325895,4.0,8
59886ab0-74bc-476e-a3ba-b839505c428e,3,0.0023289133081559,8.0,8
59886ab0-74bc-476e-a3ba-b839505c428e,4,0.3324796940817355,2.0,8
59886ab0-74bc-476e-a3ba-b839505c428e,5,0.1805162906353719,3.0,8
59886ab0-74bc-476e-a3ba-b839505c428e,6,0.1073336900020661,5.0,8
59886ab0-74bc-476e-a3ba-b839505c428e,7,0.0476256769553234,6.0,8
5a426973-bed6-401a-a9e1-7ae45e18c167,0,0.0780515242045557,3.0,8
5a426973-bed6-401a-a9e1-7ae45e18c167,1,0.0057997452371862,7.0,8
5a426973-bed6-401a-a9e1-7ae45e18c167,2,0.0240691665022807,6.0,8
5a426973-bed6-401a-a9e1-7ae45e18c167,3,0.0544166614665323,5.0,8
5a426973-bed6-401a-a9e1-7ae45e18c167,4,0.6113368216855716,1.0,8
5a426973-bed6-401a-a9e1-7ae45e18c167,5,0.0026647066843258,8.0,8
5a426973-bed6-401a-a9e1-7ae45e18c167,6,0.1488124763869928,2.0,8
5a426973-bed6-401a-a9e1-7ae45e18c167,7,0.0748488970748319,4.0,8
5aa9813d-35c5-411c-96f8-5b00c9f5bd58,0,0.004450572328568,8.0,8
5aa9813d-35c5-411c-96f8-5b00c9f5bd58,1,0.0904890859951894,4.0,8
5aa9813d-35c5-411c-96f8-5b00c9f5bd58,2,0.0279508900625676,6.0,8
5aa9813d-35c5-411c-96f8-5b00c9f5bd58,3,0.0117917660386114,7.0,8
5aa9813d-35c5-411c-96f8-5b00c9f5bd58,4,0.1995506774029787,3.0,8
5aa9813d-35c5-411c-96f8-5b00c9f5bd58,5,0.0671491257441184,5.0,8
5aa9813d-35c5-411c-96f8-5b00c9f5bd58,6,0.3185163962359849,1.0,8
5aa9813d-35c5-411c-96f8-5b00c9f5bd58,7,0.3175163962359849,2.0,8
5b3a71f9-8a8f-4c45-9074-e6a8a8ff2920,0,0.0062203636414431,7.0,8
5b3a71f9-8a8f-4c45-9074-e6a8a8ff2920,1,0.1688405246571453,2.0,8
5b3a71f9-8a8f-4c45-9074-e6a8a8ff2920,2,0.3078666975530131,1.0,8
5b3a71f9-8a8f-4c45-9074-e6a8a8ff2920,3,0.1317989958996384,5.0,8
5b3a71f9-8a8f-4c45-9074-e6a8a8ff2920,4,0.0011585410121547,8.0,8
5b3a71f9-8a8f-4c45-9074-e6a8a8ff2920,5,0.1565054647046832,4.0,8
5b3a71f9-8a8f-4c45-9074-e6a8a8ff2920,6,0.0659678665022968,6.0,8
5b3a71f9-8a8f-4c45-9074-e6a8a8ff2920,7,0.1616415459753529,3.0,8
5c002694-cafb-4932-ab08-b9653188a3eb,0,0.0066668714585321,6.0,8
5c002694-cafb-4932-ab08-b9653188a3eb,1,0.0565827345242286,4.0,8
5c002694-cafb-4932-ab08-b9653188a3eb,2,0.7648755113980371,1.0,8
5c002694-cafb-4932-ab08-b9653188a3eb,3,0.0043468589943414,7.0,8
5c002694-cafb-4932-ab08-b9653188a3eb,4,0.0034129106872701,8.0,8
5c002694-cafb-4932-ab08-b9653188a3eb,5,0.0191043637647937,5.0,8
5c002694-cafb-4932-ab08-b9653188a3eb,6,0.0755043610149431,2.0,8
5c002694-cafb-4932-ab08-b9653188a3eb,7,0.0695063905562878,3.0,8
5c1cb6b7-e03e-4d6a-895b-24f79ff1c034,0,0.0165830006458777,5.0,8
5c1cb6b7-e03e-4d6a-895b-24f79ff1c034,1,0.0236867790598037,4.0,8
5c1cb6b7-e03e-4d6a-895b-24f79ff1c034,2,0.7311516268572659,1.0,8
5c1cb6b7-e03e-4d6a-895b-24f79ff1c034,3,0.0152760757264633,6.0,8
5c1cb6b7-e03e-4d6a-895b-24f79ff1c034,4,0.0043297729766325,8.0,8
5c1cb6b7-e03e-4d6a-895b-24f79ff1c034,5,0.1735839997553202,2.0,8
5c1cb6b7-e03e-4d6a-895b-24f79ff1c034,6,0.0114501534219142,7.0,8
5c1cb6b7-e03e-4d6a-895b-24f79ff1c034,7,0.0239385975993899,3.0,8
5c2a5136-5b38-4d59-bd51-7890be6a05de,0,0.0252368974738694,4.0,8
5c2a5136-5b38-4d59-bd51-7890be6a05de,1,0.0098363330736924,6.0,8
5c2a5136-5b38-4d59-bd51-7890be6a05de,2,0.0071506447126833,7.0,8
5c2a5136-5b38-4d59-bd51-7890be6a05de,3,0.0213402940067217,5.0,8
5c2a5136-5b38-4d59-bd51-7890be6a05de,4,0.3102014094334538,3.0,8
5c2a5136-5b38-4d59-bd51-7890be6a05de,5,0.0044734503261023,8.0,8
5c2a5136-5b38-4d59-bd51-7890be6a05de,6,0.4573919551909091,1.0,8
5c2a5136-5b38-4d59-bd51-7890be6a05de,7,0.4563919551909091,2.0,8
5c6c56b4-2d47-4e3d-82aa-fdbafdd100f0,0,0.0020537085061897,8.0,8
5c6c56b4-2d47-4e3d-82aa-fdbafdd100f0,1,0.0050120403161587,7.0,8
5c6c56b4-2d47-4e3d-82aa-fdbafdd100f0,2,0.0119117979274991,4.0,8
5c6c56b4-2d47-4e3d-82aa-fdbafdd100f0,3,0.0076896411697973,6.0,8
5c6c56b4-2d47-4e3d-82aa-fdbafdd100f0,4,0.8668787097792701,1.0,8
5c6c56b4-2d47-4e3d-82aa-fdbafdd100f0,5,0.0636551953347629,2.0,8
5c6c56b4-2d47-4e3d-82aa-fdbafdd100f0,6,0.010712793197455,5.0,8
5c6c56b4-2d47-4e3d-82aa-fdbafdd100f0,7,0.0320861158083675,3.0,8
5ccc897c-2f05-45d7-9b09-deb4cd177300,0,0.0034225536249983,7.0,8
5ccc897c-2f05-45d7-9b09-deb4cd177300,1,0.0238202103986918,5.0,8
5ccc897c-2f05-45d7-9b09-deb4cd177300,2,0.5258470416657713,1.0,8
5ccc897c-2f05-45d7-9b09-deb4cd177300,3,0.0074818954743703,6.0,8
5ccc897c-2f05-45d7-9b09-deb4cd177300,4,0.0014683553402195,8.0,8
5ccc897c-2f05-45d7-9b09-deb4cd177300,5,0.1853400203949552,3.0,8
5ccc897c-2f05-45d7-9b09-deb4cd177300,6,0.2021329480915633,2.0,8
5ccc897c-2f05-45d7-9b09-deb4cd177300,7,0.0504869774921043,4.0,8
5d31984a-9921-4529-a71a-2e943dd0747d,0,0.0034181575246296,8.0,8
5d31984a-9921-4529-a71a-2e943dd0747d,1,0.0377172099342493,6.0,8
5d31984a-9921-4529-a71a-2e943dd0747d,2,0.0080374404583894,7.0,8
5d31984a-9921-4529-a71a-2e943dd0747d,3,0.0848345043966081,4.0,8
5d31984a-9921-4529-a71a-2e943dd0747d,4,0.1003717805653357,3.0,8
5d31984a-9921-4529-a71a-2e943dd0747d,5,0.0706585811645265,5.0,8
5d31984a-9921-4529-a71a-2e943dd0747d,6,0.2793366859402204,2.0,8
5d31984a-9921-4529-a71a-2e943dd0747d,7,0.4156256421296488,1.0,8
5d859dd2-52bd-4728-aa18-acecb5dc11f2,0,0.0168841715919712,5.0,8
5d859dd2-52bd-4728-aa18-acecb5dc11f2,1,0.1136027734869318,3.0,8
5d859dd2-52bd-4728-aa18-acecb5dc11f2,2,0.5754005637639463,1.0,8
5d859dd2-52bd-4728-aa18-acecb5dc11f2,3,0.0064933364180473,7.0,8
5d859dd2-52bd-4728-aa18-acecb5dc11f2,4,0.0020814685910969,8.0,8
5d859dd2-52bd-4728-aa18-acecb5dc11f2,5,0.2110033668155819,2.0,8
5d859dd2-52bd-4728-aa18-acecb5dc11f2,6,0.0097298628862195,6.0,8
5d859dd2-52bd-4728-aa18-acecb5dc11f2,7,0.0648044550436639,4.0,8
5d89b6f1-57ed-4941-8eac-5be8826c8370,0,0.0107259329127582,6.0,8
5d89b6f1-57ed-4941-8eac-5be8826c8370,1,0.0098255838075635,7.0,8
5d89b6f1-57ed-4941-8eac-5be8826c8370,2,0.4809390355521694,1.0,8
5d89b6f1-57ed-4941-8eac-5be8826c8370,3,0.0462674379731546,3.0,8
5d89b6f1-57ed-4941-8eac-5be8826c8370,4,0.0133152587852619,5.0,8
5d89b6f1-57ed-4941-8eac-5be8826c8370,5,0.3977009501214876,2.0,8
5d89b6f1-57ed-4941-8eac-5be8826c8370,6,0.0051661266739725,8.0,8
5d89b6f1-57ed-4941-8eac-5be8826c8370,7,0.0360596787768545,4.0,8
5daaf657-f06d-400b-babe-1ecd27e4f749,0,0.0793222307698243,5.0,8
5daaf657-f06d-400b-babe-1ecd27e4f749,1,0.3991056978176997,1.0,8
5daaf657-f06d-400b-babe-1ecd27e4f749,2,0.002582754664254,8.0,8
5daaf657-f06d-400b-babe-1ecd27e4f749,3,0.1340134872183853,3.0,8
5daaf657-f06d-400b-babe-1ecd27e4f749,4,0.0034732872097734,7.0,8
5daaf657-f06d-400b-babe-1ecd27e4f749,5,0.0192312354972753,6.0,8
5daaf657-f06d-400b-babe-1ecd27e4f749,6,0.0894534595310503,4.0,8
5daaf657-f06d-400b-babe-1ecd27e4f749,7,0.3981056978176997,2.0,8
5de9400b-6fe5-4a81-ad6e-4abeedd2debb,0,0.3437478133551825,2.0,8
5de9400b-6fe5-4a81-ad6e-4abeedd2debb,1,0.326818551832197,3.0,8
5de9400b-6fe5-4a81-ad6e-4abeedd2debb,2,0.0023606677555265,7.0,8
5de9400b-6fe5-4a81-ad6e-4abeedd2debb,3,0.0065555871214028,6.0,8
5de9400b-6fe5-4a81-ad6e-4abeedd2debb,4,0.0020730277800078,8.0,8
5de9400b-6fe5-4a81-ad6e-4abeedd2debb,5,0.3447478133551825,1.0,8
5de9400b-6fe5-4a81-ad6e-4abeedd2debb,6,0.0105060830315004,5.0,8
5de9400b-6fe5-4a81-ad6e-4abeedd2debb,7,0.0283864807669517,4.0,8
5eead298-9709-48ed-a8e0-9abb4c6b293a,0,0.0190370173563688,6.0,8
5eead298-9709-48ed-a8e0-9abb4c6b293a,1,0.0603305304689307,4.0,8
5eead298-9709-48ed-a8e0-9abb4c6b293a,2,0.4311081820103478,1.0,8
5eead298-9709-48ed-a8e0-9abb4c6b293a,3,0.0310094528910614,5.0,8
5eead298-9709-48ed-a8e0-9abb4c6b293a,4,0.0026965790490575,8.0,8
5eead298-9709-48ed-a8e0-9abb4c6b293a,5,0.375129215934022,2.0,8
5eead298-9709-48ed-a8e0-9abb4c6b293a,6,0.013998847974898,7.0,8
5eead298-9709-48ed-a8e0-9abb4c6b293a,7,0.0666901740662224,3.0,8
5f2495b1-cf11-49ca-9fe9-3eaf14ed5879,0,0.0038990597264616,6.0,8
5f2495b1-cf11-49ca-9fe9-3eaf14ed5879,1,0.7957402734452479,2.0,8
5f2495b1-cf11-49ca-9fe9-3eaf14ed5879,2,0.0027498009523997,7.0,8
5f2495b1-cf11-49ca-9fe9-3eaf14ed5879,3,0.0087294618266501,4.0,8
5f2495b1-cf11-49ca-9fe9-3eaf14ed5879,4,0.0014247788120068,8.0,8
5f2495b1-cf11-49ca-9fe9-3eaf14ed5879,5,0.7967402734452479,1.0,8
5f2495b1-cf11-49ca-9fe9-3eaf14ed5879,6,0.0045903580133944,5.0,8
5f2495b1-cf11-49ca-9fe9-3eaf14ed5879,7,0.0749906248678791,3.0,8
5f26ff90-f942-4bde-baa4-0524e497a130,0,0.0172844197797225,7.0,8
5f26ff90-f942-4bde-baa4-0524e497a130,1,0.3640913398754132,2.0,8
5f26ff90-f942-4bde-baa4-0524e497a130,2,0.4060786651202823,1.0,8
5f26ff90-f942-4bde-baa4-0524e497a130,3,0.0276713625088543,6.0,8
5f26ff90-f942-4bde-baa4-0524e497a130,4,0.0038907654213316,8.0,8
5f26ff90-f942-4bde-baa4-0524e497a130,5,0.0622303524463291,4.0,8
5f26ff90-f942-4bde-baa4-0524e497a130,6,0.0437651082775796,5.0,8
5f26ff90-f942-4bde-baa4-0524e497a130,7,0.0749879848144716,3.0,8
5f739855-55e1-40db-b43e-24a01c1b8c29,0,0.1248709191663471,3.0,8
5f739855-55e1-40db-b43e-24a01c1b8c29,1,0.0666542653258705,5.0,8
5f739855-55e1-40db-b43e-24a01c1b8c29,2,0.0581394392271401,6.0,8
5f739855-55e1-40db-b43e-24a01c1b8c29,3,0.1479829735120454,2.0,8
5f739855-55e1-40db-b43e-24a01c1b8c29,4,0.49670116847896,1.0,8
5f739855-55e1-40db-b43e-24a01c1b8c29,5,0.0048608066262232,8.0,8
5f739855-55e1-40db-b43e-24a01c1b8c29,6,0.0852523920464868,4.0,8
5f739855-55e1-40db-b43e-24a01c1b8c29,7,0.0155380390272438,7.0,8
5fada895-50d3-4e9c-bc97-b213ab884bea,0,0.0069498975254379,6.0,8
5fada895-50d3-4e9c-bc97-b213ab884bea,1,0.031404325783042,5.0,8
5fada895-50d3-4e9c-bc97-b213ab884bea,2,0.0063134940936083,7.0,8
5fada895-50d3-4e9c-bc97-b213ab884bea,3,0.1230591840125103,4.0,8
5fada895-50d3-4e9c-bc97-b213ab884bea,4,0.5109451861322314,2.0,8
5fada895-50d3-4e9c-bc97-b213ab884bea,5,0.0055544241969626,8.0,8
5fada895-50d3-4e9c-bc97-b213ab884bea,6,0.5119451861322314,1.0,8
5fada895-50d3-4e9c-bc97-b213ab884bea,7,0.1658914946686061,3.0,8
5fec82f2-1211-40bd-8fe5-09e7af1ea48e,0,0.0061483743333862,7.0,8
5fec82f2-1211-40bd-8fe5-09e7af1ea48e,1,0.0528164257745344,4.0,8
5fec82f2-1211-40bd-8fe5-09e7af1ea48e,2,0.0103538375908955,5.0,8
5fec82f2-1211-40bd-8fe5-09e7af1ea48e,3,0.0090268147790299,6.0,8
5fec82f2-1211-40bd-8fe5-09e7af1ea48e,4,0.1259896391447672,3.0,8
5fec82f2-1211-40bd-8fe5-09e7af1ea48e,5,0.001095294165344,8.0,8
5fec82f2-1211-40bd-8fe5-09e7af1ea48e,6,0.5697462074864326,1.0,8
5fec82f2-1211-40bd-8fe5-09e7af1ea48e,7,0.5687462074864326,2.0,8
6022ce19-9ba4-4ccc-888d-ab426b921ac0,0,0.002177673725708,8.0,8
6022ce19-9ba4-4ccc-888d-ab426b921ac0,1,0.5374956588920352,1.0,8
6022ce19-9ba4-4ccc-888d-ab426b921ac0,2,0.0166904821572668,6.0,8
6022ce19-9ba4-4ccc-888d-ab426b921ac0,3,0.0118299834080465,7.0,8
6022ce19-9ba4-4ccc-888d-ab426b921ac0,4,0.1679435785092128,2.0,8
6022ce19-9ba4-4ccc-888d-ab426b921ac0,5,0.08922205442622,4.0,8
6022ce19-9ba4-4ccc-888d-ab426b921ac0,6,0.0244253564405326,5.0,8
6022ce19-9ba4-4ccc-888d-ab426b921ac0,7,0.1502152086662121,3.0,8
610e1ec5-92ff-4bf7-be11-418ac59f2380,0,0.4814265314485194,1.0,8
610e1ec5-92ff-4bf7-be11-418ac59f2380,1,0.2741033886345523,3.0,8
610e1ec5-92ff-4bf7-be11-418ac59f2380,2,0.0047254413931126,7.0,8
610e1ec5-92ff-4bf7-be11-418ac59f2380,3,0.0055841749684198,6.0,8
610e1ec5-92ff-4bf7-be11-418ac59f2380,4,0.0072009309616049,5.0,8
610e1ec5-92ff-4bf7-be11-418ac59f2380,5,0.0042372118327714,8.0,8
610e1ec5-92ff-4bf7-be11-418ac59f2380,6,0.0235759857635603,4.0,8
610e1ec5-92ff-4bf7-be11-418ac59f2380,7,0.4804265314485194,2.0,8
613aa40f-578f-48aa-9f1a-f466b89cc58a,0,0.0028046560576844,8.0,8
613aa40f-578f-48aa-9f1a-f466b89cc58a,1,0.5017332395634987,1.0,8
613aa40f-578f-48aa-9f1a-f466b89cc58a,2,0.008251834792026,5.0,8
613aa40f-578f-48aa-9f1a-f466b89cc58a,3,0.0076748586939309,6.0,8
613aa40f-578f-48aa-9f1a-f466b89cc58a,4,0.0683247017990353,4.0,8
613aa40f-578f-48aa-9f1a-f466b89cc58a,5,0.0063881402494101,7.0,8
613aa40f-578f-48aa-9f1a-f466b89cc58a,6,0.1664346119960692,3.0,8
613aa40f-578f-48aa-9f1a-f466b89cc58a,7,0.2383879586573702,2.0,8
6227bced-9ad4-4e1c-8b16-960ce7a7ecd9,0,0.0035753359880684,7.0,8
6227bced-9ad4-4e1c-8b16-960ce7a7ecd9,1,0.0810838499010375,3.0,8
6227bced-9ad4-4e1c-8b16-960ce7a7ecd9,2,0.210148168282042,2.0,8
6227bced-9ad4-4e1c-8b16-960ce7a7ecd9,3,0.0093966246992232,6.0,8
6227bced-9ad4-4e1c-8b16-960ce7a7ecd9,4,0.0010600814020791,8.0,8
6227bced-9ad4-4e1c-8b16-960ce7a7ecd9,5,0.6086411312990013,1.0,8
6227bced-9ad4-4e1c-8b16-960ce7a7ecd9,6,0.0225487585000096,5.0,8
6227bced-9ad4-4e1c-8b16-960ce7a7ecd9,7,0.0635460463216024,4.0,8
622e8eed-68a8-4b24-9d17-131c98f78e4f,0,0.0439886865804144,3.0,8
622e8eed-68a8-4b24-9d17-131c98f78e4f,1,0.7836628008277549,1.0,8
622e8eed-68a8-4b24-9d17-131c98f78e4f,2,0.0966952869180528,2.0,8
622e8eed-68a8-4b24-9d17-131c98f78e4f,3,0.0085430142150056,6.0,8
622e8eed-68a8-4b24-9d17-131c98f78e4f,4,0.017596304541709,5.0,8
622e8eed-68a8-4b24-9d17-131c98f78e4f,5,0.0360206789792036,4.0,8
622e8eed-68a8-4b24-9d17-131c98f78e4f,6,0.0068106360304335,7.0,8
622e8eed-68a8-4b24-9d17-131c98f78e4f,7,0.0066825860368651,8.0,8
62448d11-5667-46c8-9888-252229b786e7,0,0.1425541254479201,3.0,8
62448d11-5667-46c8-9888-252229b786e7,1,0.6125348320115702,1.0,8
62448d11-5667-46c8-9888-252229b786e7,2,0.0030141771512117,8.0,8
62448d11-5667-46c8-9888-252229b786e7,3,0.0038548275165776,7.0,8
62448d11-5667-46c8-9888-252229b786e7,4,0.0099360500411561,6.0,8
62448d11-5667-46c8-9888-252229b786e7,5,0.0631168911664463,4.0,8
62448d11-5667-46c8-9888-252229b786e7,6,0.0109079626202763,5.0,8
62448d11-5667-46c8-9888-252229b786e7,7,0.1540811254418801,2.0,8
62516273-7e2b-459a-976d-1a36dc9306c1,0,0.0240640622011573,5.0,8
62516273-7e2b-459a-976d-1a36dc9306c1,1,0.0147857709729061,6.0,8
62516273-7e2b-459a-976d-1a36dc9306c1,2,0.5816339569956267,1.0,8
62516273-7e2b-459a-976d-1a36dc9306c1,3,0.2998663311712775,2.0,8
62516273-7e2b-459a-976d-1a36dc9306c1,4,0.0308896664695656,4.0,8
62516273-7e2b-459a-976d-1a36dc9306c1,5,0.0405984555280809,3.0,8
62516273-7e2b-459a-976d-1a36dc9306c1,6,0.003291709531148,8.0,8
62516273-7e2b-459a-976d-1a36dc9306c1,7,0.0048700449997973,7.0,8
627d02bb-9d09-4cf8-853c-bbeb091b4b18,0,0.0343815988910401,3.0,8
627d02bb-9d09-4cf8-853c-bbeb091b4b18,1,0.5088311237579718,2.0,8
627d02bb-9d09-4cf8-853c-bbeb091b4b18,2,0.0104026883627186,6.0,8
627d02bb-9d09-4cf8-853c-bbeb091b4b18,3,0.0179765588875749,4.0,8
627d02bb-9d09-4cf8-853c-bbeb091b4b18,4,0.0129648687708446,5.0,8
627d02bb-9d09-4cf8-853c-bbeb091b4b18,5,0.0048733414229256,8.0,8
627d02bb-9d09-4cf8-853c-bbeb091b4b18,6,0.0050804290333677,7.0,8
627d02bb-9d09-4cf8-853c-bbeb091b4b18,7,0.5098311237579718,1.0,8
62b7fc17-8534-42cf-86e8-9f7203bc6e31,0,0.0178912173724242,5.0,8
62b7fc17-8534-42cf-86e8-9f7203bc6e31,1,0.0947796980747589,3.0,8
62b7fc17-8534-42cf-86e8-9f7203bc6e31,2,0.0071170164102405,7.0,8
62b7fc17-8534-42cf-86e8-9f7203bc6e31,3,0.0060396449934357,8.0,8
62b7fc17-8534-42cf-86e8-9f7203bc6e31,4,0.0610774450932372,4.0,8
62b7fc17-8534-42cf-86e8-9f7203bc6e31,5,0.0137236123935366,6.0,8
62b7fc17-8534-42cf-86e8-9f7203bc6e31,6,0.1684089555260037,2.0,8
62b7fc17-8534-42cf-86e8-9f7203bc6e31,7,0.6309624147933712,1.0,8
62f7e02e-b034-42df-8ceb-6b67fe70cb27,0,0.0033848528568791,8.0,8
62f7e02e-b034-42df-8ceb-6b67fe70cb27,1,0.0844866596487699,4.0,8
62f7e02e-b034-42df-8ceb-6b67fe70cb27,2,0.0057464478874791,7.0,8
62f7e02e-b034-42df-8ceb-6b67fe70cb27,3,0.0988275024564944,3.0,8
62f7e02e-b034-42df-8ceb-6b67fe70cb27,4,0.5663089970437672,1.0,8
62f7e02e-b034-42df-8ceb-6b67fe70cb27,5,0.0132864438532596,6.0,8
62f7e02e-b034-42df-8ceb-6b67fe70cb27,6,0.0155030572807767,5.0,8
62f7e02e-b034-42df-8ceb-6b67fe70cb27,7,0.212456038898763,2.0,8
62fcf9c3-af26-48a5-b127-250d4f90ee65,0,0.0037262780655307,8.0,8
62fcf9c3-af26-48a5-b127-250d4f90ee65,1,0.1105108897693939,5.0,8
62fcf9c3-af26-48a5-b127-250d4f90ee65,2,0.0428308147142803,6.0,8
62fcf9c3-af26-48a5-b127-250d4f90ee65,3,0.1425241494886845,3.0,8
62fcf9c3-af26-48a5-b127-250d4f90ee65,4,0.1294700247994731,4.0,8
62fcf9c3-af26-48a5-b127-250d4f90ee65,5,0.3597499922321074,1.0,8
62fcf9c3-af26-48a5-b127-250d4f90ee65,6,0.1853205599447072,2.0,8
62fcf9c3-af26-48a5-b127-250d4f90ee65,7,0.025867287159699,7.0,8
632776ec-f1bd-4813-a96a-10704842a014,0,0.1107463740782076,2.0,8
632776ec-f1bd-4813-a96a-10704842a014,1,0.8214969901232781,1.0,8
632776ec-f1bd-4813-a96a-10704842a014,2,0.0063695770911217,5.0,8
632776ec-f1bd-4813-a96a-10704842a014,3,0.0033886720171102,7.0,8
632776ec-f1bd-4813-a96a-10704842a014,4,0.0025826425166138,8.0,8
632776ec-f1bd-4813-a96a-10704842a014,5,0.0035581751280142,6.0,8
632776ec-f1bd-4813-a96a-10704842a014,6,0.0097888818066422,4.0,8
632776ec-f1bd-4813-a96a-10704842a014,7,0.0420686913610229,3.0,8
635ee51d-b746-44c4-9d2f-3a1668951e59,0,0.4143609369091994,1.0,8
635ee51d-b746-44c4-9d2f-3a1668951e59,1,0.2826200261523244,3.0,8
635ee51d-b746-44c4-9d2f-3a1668951e59,2,0.0062052346517634,7.0,8
635ee51d-b746-44c4-9d2f-3a1668951e59,3,0.0009945682664293,8.0,8
635ee51d-b746-44c4-9d2f-3a1668951e59,4,0.0089495024002561,6.0,8
635ee51d-b746-44c4-9d2f-3a1668951e59,5,0.4133609369091994,2.0,8
635ee51d-b746-44c4-9d2f-3a1668951e59,6,0.0131527601990776,5.0,8
635ee51d-b746-44c4-9d2f-3a1668951e59,7,0.0160288261970287,4.0,8
63a1e34a-abd7-4c14-b7f8-88a544c3abc0,0,0.0186143569506294,7.0,8
63a1e34a-abd7-4c14-b7f8-88a544c3abc0,1,0.0668281895395468,5.0,8
63a1e34a-abd7-4c14-b7f8-88a544c3abc0,2,0.1130835216957162,3.0,8
63a1e34a-abd7-4c14-b7f8-88a544c3abc0,3,0.0286920812565334,6.0,8
63a1e34a-abd7-4c14-b7f8-88a544c3abc0,4,0.1631625876176928,2.0,8
63a1e34a-abd7-4c14-b7f8-88a544c3abc0,5,0.0169063577189174,8.0,8
63a1e34a-abd7-4c14-b7f8-88a544c3abc0,6,0.0819299330106542,4.0,8
63a1e34a-abd7-4c14-b7f8-88a544c3abc0,7,0.51078297118604,1.0,8
63a31d92-960f-4efb-a8b7-2be54d760f74,0,0.0414971799297159,4.0,8
63a31d92-960f-4efb-a8b7-2be54d760f74,1,0.5518698581821626,2.0,8
63a31d92-960f-4efb-a8b7-2be54d760f74,2,0.010792688609461,6.0,8
63a31d92-960f-4efb-a8b7-2be54d760f74,3,0.0606124503753219,3.0,8
63a31d92-960f-4efb-a8b7-2be54d760f74,4,0.0074996089563102,8.0,8
63a31d92-960f-4efb-a8b7-2be54d760f74,5,0.0083520709543949,7.0,8
63a31d92-960f-4efb-a8b7-2be54d760f74,6,0.0195720460443078,5.0,8
63a31d92-960f-4efb-a8b7-2be54d760f74,7,0.5528698581821626,1.0,8
63b9a4ec-d2be-4f51-83e2-c8e4e896724b,0,0.005185376518339,7.0,8
63b9a4ec-d2be-4f51-83e2-c8e4e896724b,1,0.0827855254250196,4.0,8
63b9a4ec-d2be-4f51-83e2-c8e4e896724b,2,0.108603441422462,3.0,8
63b9a4ec-d2be-4f51-83e2-c8e4e896724b,3,0.0200265769162573,5.0,8
63b9a4ec-d2be-4f51-83e2-c8e4e896724b,4,0.0099824718424503,6.0,8
63b9a4ec-d2be-4f51-83e2-c8e4e896724b,5,0.6046616544586089,1.0,8
63b9a4ec-d2be-4f51-83e2-c8e4e896724b,6,0.003934613444009,8.0,8
63b9a4ec-d2be-4f51-83e2-c8e4e896724b,7,0.1648203432811467,2.0,8
63f2181e-1ca0-4b9a-95ae-4dc13beb7e40,0,0.1916942918184745,3.0,8
63f2181e-1ca0-4b9a-95ae-4dc13beb7e40,1,0.3525415412327824,1.0,8
63f2181e-1ca0-4b9a-95ae-4dc13beb7e40,2,0.0040276718534386,7.0,8
63f2181e-1ca0-4b9a-95ae-4dc13beb7e40,3,0.0048462634996673,6.0,8
63f2181e-1ca0-4b9a-95ae-4dc13beb7e40,4,0.0022266609664012,8.0,8
63f2181e-1ca0-4b9a-95ae-4dc13beb7e40,5,0.0179417601910468,5.0,8
63f2181e-1ca0-4b9a-95ae-4dc13beb7e40,6,0.1016285595483746,4.0,8
63f2181e-1ca0-4b9a-95ae-4dc13beb7e40,7,0.325093250880489,2.0,8
6430e524-f20a-426b-8e02-6842c6ed59d1,0,0.0146691374500335,7.0,8
6430e524-f20a-426b-8e02-6842c6ed59d1,1,0.3785601684229408,1.0,8
6430e524-f20a-426b-8e02-6842c6ed59d1,2,0.0125298417250027,8.0,8
6430e524-f20a-426b-8e02-6842c6ed59d1,3,0.0194751332556907,6.0,8
6430e524-f20a-426b-8e02-6842c6ed59d1,4,0.19590432104557,3.0,8
6430e524-f20a-426b-8e02-6842c6ed59d1,5,0.0318234544792757,5.0,8
6430e524-f20a-426b-8e02-6842c6ed59d1,6,0.0483274683720898,4.0,8
6430e524-f20a-426b-8e02-6842c6ed59d1,7,0.2987104748128265,2.0,8
64b48280-5e37-42ae-8dd4-eea2ee2900ba,0,0.0034883494608279,8.0,8
64b48280-5e37-42ae-8dd4-eea2ee2900ba,1,0.0311815487710416,6.0,8
64b48280-5e37-42ae-8dd4-eea2ee2900ba,2,0.0116783714231986,7.0,8
64b48280-5e37-42ae-8dd4-eea2ee2900ba,3,0.0588039727922398,4.0,8
64b48280-5e37-42ae-8dd4-eea2ee2900ba,4,0.3152631652301136,1.0,8
64b48280-5e37-42ae-8dd4-eea2ee2900ba,5,0.2618940294326274,3.0,8
64b48280-5e37-42ae-8dd4-eea2ee2900ba,6,0.0405072066954855,5.0,8
64b48280-5e37-42ae-8dd4-eea2ee2900ba,7,0.3142631652301136,2.0,8
667ccd48-9c88-40fe-a926-f062154ad250,0,0.0155714243596339,6.0,8
667ccd48-9c88-40fe-a926-f062154ad250,1,0.0530443312223261,3.0,8
667ccd48-9c88-40fe-a926-f062154ad250,2,0.0042626613037928,8.0,8
667ccd48-9c88-40fe-a926-f062154ad250,3,0.0291799873503812,5.0,8
667ccd48-9c88-40fe-a926-f062154ad250,4,0.491299994524208,2.0,8
667ccd48-9c88-40fe-a926-f062154ad250,5,0.0072471728616518,7.0,8
667ccd48-9c88-40fe-a926-f062154ad250,6,0.0333413600705913,4.0,8
667ccd48-9c88-40fe-a926-f062154ad250,7,0.492299994524208,1.0,8
66afc152-9058-4285-9ab3-a9b13bd2eedb,0,0.7860731173941117,1.0,8
66afc152-9058-4285-9ab3-a9b13bd2eedb,1,0.0675841522725515,3.0,8
66afc152-9058-4285-9ab3-a9b13bd2eedb,2,0.0020471796345633,7.0,8
66afc152-9058-4285-9ab3-a9b13bd2eedb,3,0.0016785541576207,8.0,8
66afc152-9058-4285-9ab3-a9b13bd2eedb,4,0.0079983628410678,6.0,8
66afc152-9058-4285-9ab3-a9b13bd2eedb,5,0.0379493145920489,4.0,8
66afc152-9058-4285-9ab3-a9b13bd2eedb,6,0.0156006124714948,5.0,8
66afc152-9058-4285-9ab3-a9b13bd2eedb,7,0.0810687038624139,2.0,8
66f65c0a-f147-41e3-b411-eae574b50158,0,0.5404638048964876,2.0,8
66f65c0a-f147-41e3-b411-eae574b50158,1,0.0584266709801852,4.0,8
66f65c0a-f147-41e3-b411-eae574b50158,2,0.0025920022038933,7.0,8
66f65c0a-f147-41e3-b411-eae574b50158,3,0.0012166468717703,8.0,8
66f65c0a-f147-41e3-b411-eae574b50158,4,0.0324447936672574,5.0,8
66f65c0a-f147-41e3-b411-eae574b50158,5,0.1229435006314084,3.0,8
66f65c0a-f147-41e3-b411-eae574b50158,6,0.0113242730845227,6.0,8
66f65c0a-f147-41e3-b411-eae574b50158,7,0.5414638048964876,1.0,8
670e0223-5d86-4289-bc7b-6a0ebe8e36bf,0,0.0026197662095098,8.0,8
670e0223-5d86-4289-bc7b-6a0ebe8e36bf,1,0.0061169139287723,7.0,8
670e0223-5d86-4289-bc7b-6a0ebe8e36bf,2,0.0992132202656284,4.0,8
670e0223-5d86-4289-bc7b-6a0ebe8e36bf,3,0.0263103243230754,6.0,8
670e0223-5d86-4289-bc7b-6a0ebe8e36bf,4,0.1168759992433126,3.0,8
670e0223-5d86-4289-bc7b-6a0ebe8e36bf,5,0.0398146197053202,5.0,8
670e0223-5d86-4289-bc7b-6a0ebe8e36bf,6,0.1508206605024793,2.0,8
670e0223-5d86-4289-bc7b-6a0ebe8e36bf,7,0.558228496361622,1.0,8
673f9e93-e425-4fdd-85c3-3c09aaaa68ff,0,0.1404134313154821,3.0,8
673f9e93-e425-4fdd-85c3-3c09aaaa68ff,1,0.100332623732834,4.0,8
673f9e93-e425-4fdd-85c3-3c09aaaa68ff,2,0.4785219782705578,1.0,8
673f9e93-e425-4fdd-85c3-3c09aaaa68ff,3,0.0202798178839703,5.0,8
673f9e93-e425-4fdd-85c3-3c09aaaa68ff,4,0.0057588626415773,8.0,8
673f9e93-e425-4fdd-85c3-3c09aaaa68ff,5,0.0193906808750666,6.0,8
673f9e93-e425-4fdd-85c3-3c09aaaa68ff,6,0.0112667886082592,7.0,8
673f9e93-e425-4fdd-85c3-3c09aaaa68ff,7,0.224035814252772,2.0,8
67434753-f8c3-4945-bd3a-c61413c4b225,0,0.0110188983477076,5.0,8
67434753-f8c3-4945-bd3a-c61413c4b225,1,0.021606458016386,4.0,8
67434753-f8c3-4945-bd3a-c61413c4b225,2,0.8087411036024793,1.0,8
67434753-f8c3-4945-bd3a-c61413c4b225,3,0.0051402654172642,7.0,8
67434753-f8c3-4945-bd3a-c61413c4b225,4,0.0034105725154936,8.0,8
67434753-f8c3-4945-bd3a-c61413c4b225,5,0.0848811048478185,2.0,8
67434753-f8c3-4945-bd3a-c61413c4b225,6,0.0103260247948577,6.0,8
67434753-f8c3-4945-bd3a-c61413c4b225,7,0.0548755758336088,3.0,8
676374cd-563e-4225-94d5-b3dc444584ff,0,0.0030398028964606,8.0,8
676374cd-563e-4225-94d5-b3dc444584ff,1,0.0108380952830467,7.0,8
676374cd-563e-4225-94d5-b3dc444584ff,2,0.0121395326416856,5.0,8
676374cd-563e-4225-94d5-b3dc444584ff,3,0.0113766213763563,6.0,8
676374cd-563e-4225-94d5-b3dc444584ff,4,0.2864931138298588,2.0,8
676374cd-563e-4225-94d5-b3dc444584ff,5,0.0237792286513354,4.0,8
676374cd-563e-4225-94d5-b3dc444584ff,6,0.0690378828002763,3.0,8
676374cd-563e-4225-94d5-b3dc444584ff,7,0.5832957290567149,1.0,8
681ad6af-45e2-4e14-ba48-040624deecf3,0,0.2043186194714875,2.0,8
681ad6af-45e2-4e14-ba48-040624deecf3,1,0.0391918362751306,4.0,8
681ad6af-45e2-4e14-ba48-040624deecf3,2,0.0075541944323305,7.0,8
681ad6af-45e2-4e14-ba48-040624deecf3,3,0.0025787052485325,8.0,8
681ad6af-45e2-4e14-ba48-040624deecf3,4,0.0190491961543243,5.0,8
681ad6af-45e2-4e14-ba48-040624deecf3,5,0.5946390507775654,1.0,8
681ad6af-45e2-4e14-ba48-040624deecf3,6,0.0190294811399676,6.0,8
681ad6af-45e2-4e14-ba48-040624deecf3,7,0.1136389165164411,3.0,8
683d7301-8353-4ec0-9f7d-806714829dea,0,0.7583937253241392,1.0,8
683d7301-8353-4ec0-9f7d-806714829dea,1,0.1205527156719373,2.0,8
683d7301-8353-4ec0-9f7d-806714829dea,2,0.0052420693392493,7.0,8
683d7301-8353-4ec0-9f7d-806714829dea,3,0.0015837764774851,8.0,8
683d7301-8353-4ec0-9f7d-806714829dea,4,0.0060221023348712,6.0,8
683d7301-8353-4ec0-9f7d-806714829dea,5,0.0137183399561198,5.0,8
683d7301-8353-4ec0-9f7d-806714829dea,6,0.0148376278808278,4.0,8
683d7301-8353-4ec0-9f7d-806714829dea,7,0.0796496382416422,3.0,8
685a6a3f-f026-407e-bcb0-866fb1148e69,0,0.0080656978617803,5.0,8
685a6a3f-f026-407e-bcb0-866fb1148e69,1,0.4587276489075413,1.0,8
685a6a3f-f026-407e-bcb0-866fb1148e69,2,0.0654048138035523,3.0,8
685a6a3f-f026-407e-bcb0-866fb1148e69,3,0.0166226238302265,4.0,8
685a6a3f-f026-407e-bcb0-866fb1148e69,4,0.0079928907411432,6.0,8
685a6a3f-f026-407e-bcb0-866fb1148e69,5,0.433065623776188,2.0,8
685a6a3f-f026-407e-bcb0-866fb1148e69,6,0.0067328359573081,7.0,8
685a6a3f-f026-407e-bcb0-866fb1148e69,7,0.0033878590605902,8.0,8
68cf9e96-5497-4883-ad45-8eec34da6f27,0,0.0131014002251074,7.0,8
68cf9e96-5497-4883-ad45-8eec34da6f27,1,0.0524028852342389,5.0,8
68cf9e96-5497-4883-ad45-8eec34da6f27,2,0.3638670049804924,1.0,8
68cf9e96-5497-4883-ad45-8eec34da6f27,3,0.1405417233334974,3.0,8
68cf9e96-5497-4883-ad45-8eec34da6f27,4,0.0044548441850702,8.0,8
68cf9e96-5497-4883-ad45-8eec34da6f27,5,0.1165318405105337,4.0,8
68cf9e96-5497-4883-ad45-8eec34da6f27,6,0.2703460400646005,2.0,8
68cf9e96-5497-4883-ad45-8eec34da6f27,7,0.03875426287787,6.0,8
690bb1e0-a554-457e-acb3-b8ffdedcf876,0,0.2027183615667872,3.0,8
690bb1e0-a554-457e-acb3-b8ffdedcf876,1,0.2698020508181818,1.0,8
690bb1e0-a554-457e-acb3-b8ffdedcf876,2,0.0060212648200149,8.0,8
690bb1e0-a554-457e-acb3-b8ffdedcf876,3,0.2426857798929132,2.0,8
690bb1e0-a554-457e-acb3-b8ffdedcf876,4,0.0286055590157132,6.0,8
690bb1e0-a554-457e-acb3-b8ffdedcf876,5,0.156880441472531,4.0,8
690bb1e0-a554-457e-acb3-b8ffdedcf876,6,0.0061337346002828,7.0,8
690bb1e0-a554-457e-acb3-b8ffdedcf876,7,0.0871528075671315,5.0,8
6974970b-2fcc-4a37-ae36-a430f89ec2b3,0,0.0825023550259297,3.0,8
6974970b-2fcc-4a37-ae36-a430f89ec2b3,1,0.124201258470012,2.0,8
6974970b-2fcc-4a37-ae36-a430f89ec2b3,2,0.0220603093708402,5.0,8
6974970b-2fcc-4a37-ae36-a430f89ec2b3,3,0.0030121306485635,8.0,8
6974970b-2fcc-4a37-ae36-a430f89ec2b3,4,0.0051266115044511,6.0,8
6974970b-2fcc-4a37-ae36-a430f89ec2b3,5,0.7210332947582473,1.0,8
6974970b-2fcc-4a37-ae36-a430f89ec2b3,6,0.0037508187395692,7.0,8
6974970b-2fcc-4a37-ae36-a430f89ec2b3,7,0.0383132183623402,4.0,8
69d1a2a5-6613-4cce-9be0-b24c2477975e,0,0.0559057786680041,4.0,8
69d1a2a5-6613-4cce-9be0-b24c2477975e,1,0.2934317726939945,2.0,8
69d1a2a5-6613-4cce-9be0-b24c2477975e,2,0.051358407040907,5.0,8
69d1a2a5-6613-4cce-9be0-b24c2477975e,3,0.003292320776888,8.0,8
69d1a2a5-6613-4cce-9be0-b24c2477975e,4,0.4549586124759091,1.0,8
69d1a2a5-6613-4cce-9be0-b24c2477975e,5,0.0404713712827985,6.0,8
69d1a2a5-6613-4cce-9be0-b24c2477975e,6,0.0215300484205272,7.0,8
69d1a2a5-6613-4cce-9be0-b24c2477975e,7,0.079051693646741,3.0,8
6a3c2314-b18b-48bf-a6ef-16211121aef5,0,0.0076241212315289,7.0,8
6a3c2314-b18b-48bf-a6ef-16211121aef5,1,0.0179920594121435,4.0,8
6a3c2314-b18b-48bf-a6ef-16211121aef5,2,0.8241252056305097,1.0,8
6a3c2314-b18b-48bf-a6ef-16211121aef5,3,0.0094448820187794,6.0,8
6a3c2314-b18b-48bf-a6ef-16211121aef5,4,0.0067640281460468,8.0,8
6a3c2314-b18b-48bf-a6ef-16211121aef5,5,0.084031660360928,2.0,8
6a3c2314-b18b-48bf-a6ef-16211121aef5,6,0.0126860375988481,5.0,8
6a3c2314-b18b-48bf-a6ef-16211121aef5,7,0.0373320056448657,3.0,8
6b1b62f8-89c4-43bf-ae8e-4fe7ec5234ff,0,0.0041337343259371,8.0,8
6b1b62f8-89c4-43bf-ae8e-4fe7ec5234ff,1,0.0182379722151486,7.0,8
6b1b62f8-89c4-43bf-ae8e-4fe7ec5234ff,2,0.0232462191257371,6.0,8
6b1b62f8-89c4-43bf-ae8e-4fe7ec5234ff,3,0.0311945208100912,5.0,8
6b1b62f8-89c4-43bf-ae8e-4fe7ec5234ff,4,0.3264294233629821,1.0,8
6b1b62f8-89c4-43bf-ae8e-4fe7ec5234ff,5,0.1913031882754993,3.0,8
6b1b62f8-89c4-43bf-ae8e-4fe7ec5234ff,6,0.0818526880479803,4.0,8
6b1b62f8-89c4-43bf-ae8e-4fe7ec5234ff,7,0.3236022575846281,2.0,8
6b24025d-209d-4af5-8d0f-efacd7427e04,0,0.0546389597355059,4.0,8
6b24025d-209d-4af5-8d0f-efacd7427e04,1,0.155076688323979,2.0,8
6b24025d-209d-4af5-8d0f-efacd7427e04,2,0.004099858178018,8.0,8
6b24025d-209d-4af5-8d0f-efacd7427e04,3,0.0113082583072423,5.0,8
6b24025d-209d-4af5-8d0f-efacd7427e04,4,0.0105133941356876,6.0,8
6b24025d-209d-4af5-8d0f-efacd7427e04,5,0.1323062902545558,3.0,8
6b24025d-209d-4af5-8d0f-efacd7427e04,6,0.0062623690219521,7.0,8
6b24025d-209d-4af5-8d0f-efacd7427e04,7,0.6257941844832989,1.0,8
6b826e7e-ae25-49eb-978a-68c910d20751,0,0.0016854150445263,8.0,8
6b826e7e-ae25-49eb-978a-68c910d20751,1,0.0850679830402748,5.0,8
6b826e7e-ae25-49eb-978a-68c910d20751,2,0.0113331350324497,7.0,8
6b826e7e-ae25-49eb-978a-68c910d20751,3,0.031685746440232,6.0,8
6b826e7e-ae25-49eb-978a-68c910d20751,4,0.1255648230128581,3.0,8
6b826e7e-ae25-49eb-978a-68c910d20751,5,0.4667214669017769,1.0,8
6b826e7e-ae25-49eb-978a-68c910d20751,6,0.1636566883182421,2.0,8
6b826e7e-ae25-49eb-978a-68c910d20751,7,0.1142847399145479,4.0,8
6bd9e772-e010-4f95-b107-59195ec41ddb,0,0.1704264727889979,3.0,8
6bd9e772-e010-4f95-b107-59195ec41ddb,1,0.3393983295895489,2.0,8
6bd9e772-e010-4f95-b107-59195ec41ddb,2,0.013367208857803,4.0,8
6bd9e772-e010-4f95-b107-59195ec41ddb,3,0.0017522105954912,8.0,8
6bd9e772-e010-4f95-b107-59195ec41ddb,4,0.0026229369545816,7.0,8
6bd9e772-e010-4f95-b107-59195ec41ddb,5,0.0054041843724984,6.0,8
6bd9e772-e010-4f95-b107-59195ec41ddb,6,0.0081762261032939,5.0,8
6bd9e772-e010-4f95-b107-59195ec41ddb,7,0.4588524291907713,1.0,8
6bf8b70c-bb1f-45c5-934a-8f0fff236853,0,0.01096001124815,6.0,8
6bf8b70c-bb1f-45c5-934a-8f0fff236853,1,0.1348450447193457,2.0,8
6bf8b70c-bb1f-45c5-934a-8f0fff236853,2,0.6835988353409092,1.0,8
6bf8b70c-bb1f-45c5-934a-8f0fff236853,3,0.0315151983784184,4.0,8
6bf8b70c-bb1f-45c5-934a-8f0fff236853,4,0.023114883978528,5.0,8
6bf8b70c-bb1f-45c5-934a-8f0fff236853,5,0.1088075497697658,3.0,8
6bf8b70c-bb1f-45c5-934a-8f0fff236853,6,0.0037941322137353,7.0,8
6bf8b70c-bb1f-45c5-934a-8f0fff236853,7,0.0033643382810185,8.0,8
6c3ef154-d04b-4999-be84-28b6707bc17f,0,0.0020939110253369,8.0,8
6c3ef154-d04b-4999-be84-28b6707bc17f,1,0.0114228497867338,5.0,8
6c3ef154-d04b-4999-be84-28b6707bc17f,2,0.0048983442182513,7.0,8
6c3ef154-d04b-4999-be84-28b6707bc17f,3,0.0312239794458023,2.0,8
6c3ef154-d04b-4999-be84-28b6707bc17f,4,0.8921587897990703,1.0,8
6c3ef154-d04b-4999-be84-28b6707bc17f,5,0.0103919918648966,6.0,8
6c3ef154-d04b-4999-be84-28b6707bc17f,6,0.0212013607239962,4.0,8
6c3ef154-d04b-4999-be84-28b6707bc17f,7,0.0266087752467603,3.0,8
6c5e4136-d0ba-4287-b158-ccf300d9d42b,0,0.1995910449408712,2.0,8
6c5e4136-d0ba-4287-b158-ccf300d9d42b,1,0.6265048156590909,1.0,8
6c5e4136-d0ba-4287-b158-ccf300d9d42b,2,0.0030306141257309,6.0,8
6c5e4136-d0ba-4287-b158-ccf300d9d42b,3,0.0029541470477801,7.0,8
6c5e4136-d0ba-4287-b158-ccf300d9d42b,4,0.0027635389029557,8.0,8
6c5e4136-d0ba-4287-b158-ccf300d9d42b,5,0.0204409360636239,5.0,8
6c5e4136-d0ba-4287-b158-ccf300d9d42b,6,0.0436519486575186,4.0,8
6c5e4136-d0ba-4287-b158-ccf300d9d42b,7,0.101062955381429,3.0,8
6c5f9731-aaa7-479b-b407-ff1f91e6aa5e,0,0.0122520008706336,4.0,8
6c5f9731-aaa7-479b-b407-ff1f91e6aa5e,1,0.0114577749223557,5.0,8
6c5f9731-aaa7-479b-b407-ff1f91e6aa5e,2,0.8724728656497246,1.0,8
6c5f9731-aaa7-479b-b407-ff1f91e6aa5e,3,0.007959043264099,7.0,8
6c5f9731-aaa7-479b-b407-ff1f91e6aa5e,4,0.0028055862394915,8.0,8
6c5f9731-aaa7-479b-b407-ff1f91e6aa5e,5,0.0685238817210864,2.0,8
6c5f9731-aaa7-479b-b407-ff1f91e6aa5e,6,0.0103710649989239,6.0,8
6c5f9731-aaa7-479b-b407-ff1f91e6aa5e,7,0.01415778538249,3.0,8
6c8a8677-5be0-4201-9662-dda73ed1eeed,0,0.01546395673881,4.0,8
6c8a8677-5be0-4201-9662-dda73ed1eeed,1,0.0755645259049368,3.0,8
6c8a8677-5be0-4201-9662-dda73ed1eeed,2,0.0044418007238727,8.0,8
6c8a8677-5be0-4201-9662-dda73ed1eeed,3,0.0046103271927317,7.0,8
6c8a8677-5be0-4201-9662-dda73ed1eeed,4,0.0062554187513264,6.0,8
6c8a8677-5be0-4201-9662-dda73ed1eeed,5,0.7554832098839531,1.0,8
6c8a8677-5be0-4201-9662-dda73ed1eeed,6,0.007061319069246,5.0,8
6c8a8677-5be0-4201-9662-dda73ed1eeed,7,0.7544832098839531,2.0,8
6c8c20bf-6547-4512-8ca4-ff644342f2ff,0,0.2617506945493242,3.0,8
6c8c20bf-6547-4512-8ca4-ff644342f2ff,1,0.2826566821129132,2.0,8
6c8c20bf-6547-4512-8ca4-ff644342f2ff,2,0.3532888466790634,1.0,8
6c8c20bf-6547-4512-8ca4-ff644342f2ff,3,0.0014190654387537,8.0,8
6c8c20bf-6547-4512-8ca4-ff644342f2ff,4,0.010490727960716,6.0,8
6c8c20bf-6547-4512-8ca4-ff644342f2ff,5,0.0079510113454719,7.0,8
6c8c20bf-6547-4512-8ca4-ff644342f2ff,6,0.0410822447990375,5.0,8
6c8c20bf-6547-4512-8ca4-ff644342f2ff,7,0.0413607287508338,4.0,8
6c8cd8b7-f94c-4fd3-979e-5e195060f264,0,0.006183114922985,7.0,8
6c8cd8b7-f94c-4fd3-979e-5e195060f264,1,0.057559499258867,2.0,8
6c8cd8b7-f94c-4fd3-979e-5e195060f264,2,0.8580090402890497,1.0,8
6c8cd8b7-f94c-4fd3-979e-5e195060f264,3,0.0161037871268646,5.0,8
6c8cd8b7-f94c-4fd3-979e-5e195060f264,4,0.002545797526948,8.0,8
6c8cd8b7-f94c-4fd3-979e-5e195060f264,5,0.0103050469902195,6.0,8
6c8cd8b7-f94c-4fd3-979e-5e195060f264,6,0.0245136171311329,4.0,8
6c8cd8b7-f94c-4fd3-979e-5e195060f264,7,0.0247800952164428,3.0,8
6d0f3d35-ddf6-4b54-9b0e-efa029a6392b,0,0.6802229323891185,2.0,8
6d0f3d35-ddf6-4b54-9b0e-efa029a6392b,1,0.0776498596468207,4.0,8
6d0f3d35-ddf6-4b54-9b0e-efa029a6392b,2,0.0036426487899699,8.0,8
6d0f3d35-ddf6-4b54-9b0e-efa029a6392b,3,0.0042588374253857,7.0,8
6d0f3d35-ddf6-4b54-9b0e-efa029a6392b,4,0.0120482877763215,5.0,8
6d0f3d35-ddf6-4b54-9b0e-efa029a6392b,5,0.6812229323891185,1.0,8
6d0f3d35-ddf6-4b54-9b0e-efa029a6392b,6,0.0067088668893594,6.0,8
6d0f3d35-ddf6-4b54-9b0e-efa029a6392b,7,0.1044495385593061,3.0,8
6d393396-f09e-4dfc-9375-8027464e0192,0,0.0025199971222343,7.0,8
6d393396-f09e-4dfc-9375-8027464e0192,1,0.0340906188952875,4.0,8
6d393396-f09e-4dfc-9375-8027464e0192,2,0.6924820275375345,1.0,8
6d393396-f09e-4dfc-9375-8027464e0192,3,0.0283631733576962,5.0,8
6d393396-f09e-4dfc-9375-8027464e0192,4,0.0021407958095731,8.0,8
6d393396-f09e-4dfc-9375-8027464e0192,5,0.0401934139267252,3.0,8
6d393396-f09e-4dfc-9375-8027464e0192,6,0.0088897743477694,6.0,8
6d393396-f09e-4dfc-9375-8027464e0192,7,0.1913202039495351,2.0,8
6de93a12-3926-4e84-9373-e2ef03a62fe0,0,0.5082871780238981,1.0,8
6de93a12-3926-4e84-9373-e2ef03a62fe0,1,0.5072871780238981,2.0,8
6de93a12-3926-4e84-9373-e2ef03a62fe0,2,0.0042718266771682,7.0,8
6de93a12-3926-4e84-9373-e2ef03a62fe0,3,0.0030209692016671,8.0,8
6de93a12-3926-4e84-9373-e2ef03a62fe0,4,0.0071664896545186,6.0,8
6de93a12-3926-4e84-9373-e2ef03a62fe0,5,0.0829048128885124,3.0,8
6de93a12-3926-4e84-9373-e2ef03a62fe0,6,0.0089230407572798,5.0,8
6de93a12-3926-4e84-9373-e2ef03a62fe0,7,0.0404585850156566,4.0,8
6e609ba2-6d55-4d27-aa03-3f19e83b2fb9,0,0.0054026308539571,7.0,8
6e609ba2-6d55-4d27-aa03-3f19e83b2fb9,1,0.0483426393408006,2.0,8
6e609ba2-6d55-4d27-aa03-3f19e83b2fb9,2,0.860280891925792,1.0,8
6e609ba2-6d55-4d27-aa03-3f19e83b2fb9,3,0.0096902151303832,5.0,8
6e609ba2-6d55-4d27-aa03-3f19e83b2fb9,4,0.0031513399179605,8.0,8
6e609ba2-6d55-4d27-aa03-3f19e83b2fb9,5,0.0308400681584486,4.0,8
6e609ba2-6d55-4d27-aa03-3f19e83b2fb9,6,0.008508018827464,6.0,8
6e609ba2-6d55-4d27-aa03-3f19e83b2fb9,7,0.0337841963606966,3.0,8
6eace25b-8f25-4f37-8def-c2529c7e374d,0,0.0231462490894828,6.0,8
6eace25b-8f25-4f37-8def-c2529c7e374d,1,0.0765553285996999,3.0,8
6eace25b-8f25-4f37-8def-c2529c7e374d,2,0.621684023068044,1.0,8
6eace25b-8f25-4f37-8def-c2529c7e374d,3,0.0154744807128754,7.0,8
6eace25b-8f25-4f37-8def-c2529c7e374d,4,0.0400620328540218,5.0,8
6eace25b-8f25-4f37-8def-c2529c7e374d,5,0.0083571520913755,8.0,8
6eace25b-8f25-4f37-8def-c2529c7e374d,6,0.0609068803999797,4.0,8
6eace25b-8f25-4f37-8def-c2529c7e374d,7,0.1538138492219421,2.0,8
6f51ef01-f8bc-4295-bce8-25fe21b9e817,0,0.4188154747490015,1.0,8
6f51ef01-f8bc-4295-bce8-25fe21b9e817,1,0.091981724064938,4.0,8
6f51ef01-f8bc-4295-bce8-25fe21b9e817,2,0.0026410057784167,7.0,8
6f51ef01-f8bc-4295-bce8-25fe21b9e817,3,0.1028911239660248,3.0,8
6f51ef01-f8bc-4295-bce8-25fe21b9e817,4,0.0128665182722984,5.0,8
6f51ef01-f8bc-4295-bce8-25fe21b9e817,5,0.0026184333925496,8.0,8
6f51ef01-f8bc-4295-bce8-25fe21b9e817,6,0.0038337004898119,6.0,8
6f51ef01-f8bc-4295-bce8-25fe21b9e817,7,0.3643520187358471,2.0,8
6f5913a4-95c8-462a-8c72-1d99d4d172b9,0,0.1407413114832128,4.0,8
6f5913a4-95c8-462a-8c72-1d99d4d172b9,1,0.251787152403478,3.0,8
6f5913a4-95c8-462a-8c72-1d99d4d172b9,2,0.0013304388323543,8.0,8
6f5913a4-95c8-462a-8c72-1d99d4d172b9,3,0.1071643902232007,5.0,8
6f5913a4-95c8-462a-8c72-1d99d4d172b9,4,0.0081424855145401,7.0,8
6f5913a4-95c8-462a-8c72-1d99d4d172b9,5,0.2889202824746212,2.0,8
6f5913a4-95c8-462a-8c72-1d99d4d172b9,6,0.2899202824746212,1.0,8
6f5913a4-95c8-462a-8c72-1d99d4d172b9,7,0.03497477801837,6.0,8
700299df-e734-4a33-a88e-3cb7c26613bf,0,0.0055480414099667,6.0,8
700299df-e734-4a33-a88e-3cb7c26613bf,1,0.0039650878922682,7.0,8
700299df-e734-4a33-a88e-3cb7c26613bf,2,0.0188512691238691,4.0,8
700299df-e734-4a33-a88e-3cb7c26613bf,3,0.0558129791045977,3.0,8
700299df-e734-4a33-a88e-3cb7c26613bf,4,0.7736420865816115,1.0,8
700299df-e734-4a33-a88e-3cb7c26613bf,5,0.0023820526480092,8.0,8
700299df-e734-4a33-a88e-3cb7c26613bf,6,0.0157437376349674,5.0,8
700299df-e734-4a33-a88e-3cb7c26613bf,7,0.1240547488140274,2.0,8
702bf859-5bed-4319-bbdf-b08cafae3ec9,0,0.0251876893896623,6.0,8
702bf859-5bed-4319-bbdf-b08cafae3ec9,1,0.4725777210268871,1.0,8
702bf859-5bed-4319-bbdf-b08cafae3ec9,2,0.0069139447096002,7.0,8
702bf859-5bed-4319-bbdf-b08cafae3ec9,3,0.117323363227404,4.0,8
702bf859-5bed-4319-bbdf-b08cafae3ec9,4,0.2187445323870506,2.0,8
702bf859-5bed-4319-bbdf-b08cafae3ec9,5,0.0017656321874881,8.0,8
702bf859-5bed-4319-bbdf-b08cafae3ec9,6,0.1311271100169612,3.0,8
702bf859-5bed-4319-bbdf-b08cafae3ec9,7,0.0263600028825677,5.0,8
70ddb76b-357f-4229-b54e-0e010029f5d7,0,0.0044893759275035,8.0,8
70ddb76b-357f-4229-b54e-0e010029f5d7,1,0.0165702203319282,6.0,8
70ddb76b-357f-4229-b54e-0e010029f5d7,2,0.0077488823407525,7.0,8
70ddb76b-357f-4229-b54e-0e010029f5d7,3,0.0803152634665633,5.0,8
70ddb76b-357f-4229-b54e-0e010029f5d7,4,0.4493767903610193,1.0,8
70ddb76b-357f-4229-b54e-0e010029f5d7,5,0.0854781445142286,4.0,8
70ddb76b-357f-4229-b54e-0e010029f5d7,6,0.1480323883284779,3.0,8
70ddb76b-357f-4229-b54e-0e010029f5d7,7,0.2079889295611928,2.0,8
7149c143-430d-4d43-b196-9ed756d5456d,0,0.0296926025131379,3.0,8
7149c143-430d-4d43-b196-9ed756d5456d,1,0.5151946706693525,2.0,8
7149c143-430d-4d43-b196-9ed756d5456d,2,0.0016389510984777,8.0,8
7149c143-430d-4d43-b196-9ed756d5456d,3,0.0135690138857105,4.0,8
7149c143-430d-4d43-b196-9ed756d5456d,4,0.0020819272233846,7.0,8
7149c143-430d-4d43-b196-9ed756d5456d,5,0.0063137982475915,5.0,8
7149c143-430d-4d43-b196-9ed756d5456d,6,0.0050172276461148,6.0,8
7149c143-430d-4d43-b196-9ed756d5456d,7,0.5161946706693525,1.0,8
7153a84e-3392-41be-9965-ebcdafd71544,0,0.0033351684054762,8.0,8
7153a84e-3392-41be-9965-ebcdafd71544,1,0.0386677367609002,5.0,8
7153a84e-3392-41be-9965-ebcdafd71544,2,0.3596980310963292,2.0,8
7153a84e-3392-41be-9965-ebcdafd71544,3,0.003630364121236,7.0,8
7153a84e-3392-41be-9965-ebcdafd71544,4,0.0678525397958591,4.0,8
7153a84e-3392-41be-9965-ebcdafd71544,5,0.0253191720393939,6.0,8
7153a84e-3392-41be-9965-ebcdafd71544,6,0.3606980310963292,1.0,8
7153a84e-3392-41be-9965-ebcdafd71544,7,0.2829252619052858,3.0,8
716e7862-ca99-4683-a781-64de8c4d8933,0,0.0088474696565931,7.0,8
716e7862-ca99-4683-a781-64de8c4d8933,1,0.0164057646291046,6.0,8
716e7862-ca99-4683-a781-64de8c4d8933,2,0.5757415235525137,1.0,8
716e7862-ca99-4683-a781-64de8c4d8933,3,0.0512593045773416,5.0,8
716e7862-ca99-4683-a781-64de8c4d8933,4,0.0016105380744469,8.0,8
716e7862-ca99-4683-a781-64de8c4d8933,5,0.0640893044203726,4.0,8
716e7862-ca99-4683-a781-64de8c4d8933,6,0.1920448202443354,2.0,8
716e7862-ca99-4683-a781-64de8c4d8933,7,0.0900012777550223,3.0,8
728e9b3e-8672-4f95-bc5b-f85f2d7cf082,0,0.0036282808196391,8.0,8
728e9b3e-8672-4f95-bc5b-f85f2d7cf082,1,0.0068753725103609,7.0,8
728e9b3e-8672-4f95-bc5b-f85f2d7cf082,2,0.1850530870184607,3.0,8
728e9b3e-8672-4f95-bc5b-f85f2d7cf082,3,0.3347624862988085,1.0,8
728e9b3e-8672-4f95-bc5b-f85f2d7cf082,4,0.2988300459464532,2.0,8
728e9b3e-8672-4f95-bc5b-f85f2d7cf082,5,0.0420938692876308,6.0,8
728e9b3e-8672-4f95-bc5b-f85f2d7cf082,6,0.0690664172856336,4.0,8
728e9b3e-8672-4f95-bc5b-f85f2d7cf082,7,0.0596904417584771,5.0,8
72f87c44-c41f-4ab5-a1fc-b75b74662838,0,0.0716911641588133,5.0,8
72f87c44-c41f-4ab5-a1fc-b75b74662838,1,0.509266839234332,1.0,8
72f87c44-c41f-4ab5-a1fc-b75b74662838,2,0.0019772217709263,8.0,8
72f87c44-c41f-4ab5-a1fc-b75b74662838,3,0.1082426190735192,3.0,8
72f87c44-c41f-4ab5-a1fc-b75b74662838,4,0.0048996424259776,7.0,8
72f87c44-c41f-4ab5-a1fc-b75b74662838,5,0.099378274564938,4.0,8
72f87c44-c41f-4ab5-a1fc-b75b74662838,6,0.0295514896708336,6.0,8
72f87c44-c41f-4ab5-a1fc-b75b74662838,7,0.1749927474089738,2.0,8
735a9fbe-f15f-4a32-99f5-06c9a72c3ce3,0,0.657286989749208,1.0,8
735a9fbe-f15f-4a32-99f5-06c9a72c3ce3,1,0.1483752809880864,3.0,8
735a9fbe-f15f-4a32-99f5-06c9a72c3ce3,2,0.0023402417734596,8.0,8
735a9fbe-f15f-4a32-99f5-06c9a72c3ce3,3,0.005575182635192,7.0,8
735a9fbe-f15f-4a32-99f5-06c9a72c3ce3,4,0.0058272455204757,6.0,8
735a9fbe-f15f-4a32-99f5-06c9a72c3ce3,5,0.0212886515330728,4.0,8
735a9fbe-f15f-4a32-99f5-06c9a72c3ce3,6,0.0103766031220804,5.0,8
735a9fbe-f15f-4a32-99f5-06c9a72c3ce3,7,0.1489298047648174,2.0,8
736b4a0a-23eb-4862-b4f9-f996cca2de63,0,0.0036973641179409,5.0,8
736b4a0a-23eb-4862-b4f9-f996cca2de63,1,0.0235928056994738,4.0,8
736b4a0a-23eb-4862-b4f9-f996cca2de63,2,0.81944120340031,1.0,8
736b4a0a-23eb-4862-b4f9-f996cca2de63,3,0.0019670616319891,8.0,8
736b4a0a-23eb-4862-b4f9-f996cca2de63,4,0.0021789687386761,7.0,8
736b4a0a-23eb-4862-b4f9-f996cca2de63,5,0.1168790535628901,2.0,8
736b4a0a-23eb-4862-b4f9-f996cca2de63,6,0.0036868405370991,6.0,8
736b4a0a-23eb-4862-b4f9-f996cca2de63,7,0.0285567032830699,3.0,8
7403b8c4-ed2c-4dff-be63-ebab1899cce6,0,0.002365435524221,8.0,8
7403b8c4-ed2c-4dff-be63-ebab1899cce6,1,0.0060384773689101,6.0,8
7403b8c4-ed2c-4dff-be63-ebab1899cce6,2,0.0048125228480945,7.0,8
7403b8c4-ed2c-4dff-be63-ebab1899cce6,3,0.0698043820221935,4.0,8
7403b8c4-ed2c-4dff-be63-ebab1899cce6,4,0.563487472501033,1.0,8
7403b8c4-ed2c-4dff-be63-ebab1899cce6,5,0.0200041013387758,5.0,8
7403b8c4-ed2c-4dff-be63-ebab1899cce6,6,0.2167288656969593,2.0,8
7403b8c4-ed2c-4dff-be63-ebab1899cce6,7,0.1167587432430303,3.0,8
743057de-a4d8-4211-8799-cdd02f4a9b72,0,0.0067370987864963,7.0,8
743057de-a4d8-4211-8799-cdd02f4a9b72,1,0.0747251119068967,5.0,8
743057de-a4d8-4211-8799-cdd02f4a9b72,2,0.3994247585657232,1.0,8
743057de-a4d8-4211-8799-cdd02f4a9b72,3,0.1728566179443113,3.0,8
743057de-a4d8-4211-8799-cdd02f4a9b72,4,0.0015671735565642,8.0,8
743057de-a4d8-4211-8799-cdd02f4a9b72,5,0.1173046496944698,4.0,8
743057de-a4d8-4211-8799-cdd02f4a9b72,6,0.0177810424485053,6.0,8
743057de-a4d8-4211-8799-cdd02f4a9b72,7,0.2096035463500206,2.0,8
743f39c8-daea-42b2-870f-977e999bf500,0,0.002929685054027,7.0,8
743f39c8-daea-42b2-870f-977e999bf500,1,0.0029090154733968,8.0,8
743f39c8-daea-42b2-870f-977e999bf500,2,0.0309913043630092,5.0,8
743f39c8-daea-42b2-870f-977e999bf500,3,0.2828044733011536,3.0,8
743f39c8-daea-42b2-870f-977e999bf500,4,0.2872797012694766,2.0,8
743f39c8-daea-42b2-870f-977e999bf500,5,0.0221110289297553,6.0,8
743f39c8-daea-42b2-870f-977e999bf500,6,0.2882797012694766,1.0,8
743f39c8-daea-42b2-870f-977e999bf500,7,0.1557610416940048,4.0,8
74add9d5-bafb-4719-ab0a-cc30ec5dbbe5,0,0.0131730916484554,5.0,8
74add9d5-bafb-4719-ab0a-cc30ec5dbbe5,1,0.0239086666653805,4.0,8
74add9d5-bafb-4719-ab0a-cc30ec5dbbe5,2,0.8694820585475207,1.0,8
74add9d5-bafb-4719-ab0a-cc30ec5dbbe5,3,0.0085812996901618,6.0,8
74add9d5-bafb-4719-ab0a-cc30ec5dbbe5,4,0.0032493493618956,8.0,8
74add9d5-bafb-4719-ab0a-cc30ec5dbbe5,5,0.0381431691759905,3.0,8
74add9d5-bafb-4719-ab0a-cc30ec5dbbe5,6,0.0045088376146491,7.0,8
74add9d5-bafb-4719-ab0a-cc30ec5dbbe5,7,0.0389535186395592,2.0,8
750c792b-fc23-4b2e-a3c0-3012a8072385,0,0.1097666253372606,4.0,8
750c792b-fc23-4b2e-a3c0-3012a8072385,1,0.394143571326188,2.0,8
750c792b-fc23-4b2e-a3c0-3012a8072385,2,0.0077010342989273,8.0,8
750c792b-fc23-4b2e-a3c0-3012a8072385,3,0.010226580493293,7.0,8
750c792b-fc23-4b2e-a3c0-3012a8072385,4,0.0940461080091098,5.0,8
750c792b-fc23-4b2e-a3c0-3012a8072385,5,0.0549386294392596,6.0,8
750c792b-fc23-4b2e-a3c0-3012a8072385,6,0.395143571326188,1.0,8
750c792b-fc23-4b2e-a3c0-3012a8072385,7,0.1442625773680613,3.0,8
75b2962c-6a7e-4ddf-9f7a-b9caa9a4866b,0,0.0066624669116868,7.0,8
75b2962c-6a7e-4ddf-9f7a-b9caa9a4866b,1,0.037975085387023,3.0,8
75b2962c-6a7e-4ddf-9f7a-b9caa9a4866b,2,0.6601740409633265,1.0,8
75b2962c-6a7e-4ddf-9f7a-b9caa9a4866b,3,0.0064367165513128,8.0,8
75b2962c-6a7e-4ddf-9f7a-b9caa9a4866b,4,0.023868189031844,6.0,8
75b2962c-6a7e-4ddf-9f7a-b9caa9a4866b,5,0.2149266069816391,2.0,8
75b2962c-6a7e-4ddf-9f7a-b9caa9a4866b,6,0.0246775706647331,5.0,8
75b2962c-6a7e-4ddf-9f7a-b9caa9a4866b,7,0.0252793196433307,4.0,8
764fb753-92a3-44d5-8fd2-0fb0630b58a9,0,0.3650585334021521,1.0,8
764fb753-92a3-44d5-8fd2-0fb0630b58a9,1,0.3640585334021521,2.0,8
764fb753-92a3-44d5-8fd2-0fb0630b58a9,2,0.0006116354635093,8.0,8
764fb753-92a3-44d5-8fd2-0fb0630b58a9,3,0.1777434004686467,3.0,8
764fb753-92a3-44d5-8fd2-0fb0630b58a9,4,0.0054850893856167,6.0,8
764fb753-92a3-44d5-8fd2-0fb0630b58a9,5,0.1099093268664939,4.0,8
764fb753-92a3-44d5-8fd2-0fb0630b58a9,6,0.0052511092810811,7.0,8
764fb753-92a3-44d5-8fd2-0fb0630b58a9,7,0.0581314220163755,5.0,8
767f3593-a4d8-4f4d-8ebb-8775fe0be5c4,0,0.365659536189084,1.0,8
767f3593-a4d8-4f4d-8ebb-8775fe0be5c4,1,0.1702017004643354,3.0,8
767f3593-a4d8-4f4d-8ebb-8775fe0be5c4,2,0.0201492804067033,5.0,8
767f3593-a4d8-4f4d-8ebb-8775fe0be5c4,3,0.0024937336309793,8.0,8
767f3593-a4d8-4f4d-8ebb-8775fe0be5c4,4,0.0042218021326842,7.0,8
767f3593-a4d8-4f4d-8ebb-8775fe0be5c4,5,0.3588076611355028,2.0,8
767f3593-a4d8-4f4d-8ebb-8775fe0be5c4,6,0.0188708249949112,6.0,8
767f3593-a4d8-4f4d-8ebb-8775fe0be5c4,7,0.0595954605929655,4.0,8
7684d1ce-62f4-4317-9c42-b45774ae8a17,0,0.0051962301774567,6.0,8
7684d1ce-62f4-4317-9c42-b45774ae8a17,1,0.0328802582050463,4.0,8
7684d1ce-62f4-4317-9c42-b45774ae8a17,2,0.5459300267592976,1.0,8
7684d1ce-62f4-4317-9c42-b45774ae8a17,3,0.0249683059386492,5.0,8
7684d1ce-62f4-4317-9c42-b45774ae8a17,4,0.0024095609220883,8.0,8
7684d1ce-62f4-4317-9c42-b45774ae8a17,5,0.3010438321115702,2.0,8
7684d1ce-62f4-4317-9c42-b45774ae8a17,6,0.0044583897031666,7.0,8
7684d1ce-62f4-4317-9c42-b45774ae8a17,7,0.0831133988685261,3.0,8
76921710-7454-4c0d-8ce0-2c091e5b3338,0,0.0253789753920157,4.0,8
76921710-7454-4c0d-8ce0-2c091e5b3338,1,0.7529803296848829,1.0,8
76921710-7454-4c0d-8ce0-2c091e5b3338,2,0.0042134732267895,7.0,8
76921710-7454-4c0d-8ce0-2c091e5b3338,3,0.0087931796926561,6.0,8
76921710-7454-4c0d-8ce0-2c091e5b3338,4,0.1197367848348484,2.0,8
76921710-7454-4c0d-8ce0-2c091e5b3338,5,0.0022675457038094,8.0,8
76921710-7454-4c0d-8ce0-2c091e5b3338,6,0.0202360977556374,5.0,8
76921710-7454-4c0d-8ce0-2c091e5b3338,7,0.0663936171373641,3.0,8
76d6fec2-eb44-47b9-9290-da62be34836d,0,0.001780872225148,8.0,8
76d6fec2-eb44-47b9-9290-da62be34836d,1,0.0132572654459719,6.0,8
76d6fec2-eb44-47b9-9290-da62be34836d,2,0.011383407075793,7.0,8
76d6fec2-eb44-47b9-9290-da62be34836d,3,0.0696526824638774,5.0,8
76d6fec2-eb44-47b9-9290-da62be34836d,4,0.1991594973510503,2.0,8
76d6fec2-eb44-47b9-9290-da62be34836d,5,0.0818533883576532,4.0,8
76d6fec2-eb44-47b9-9290-da62be34836d,6,0.1076841344273243,3.0,8
76d6fec2-eb44-47b9-9290-da62be34836d,7,0.5152287563932507,1.0,8
77271e5b-5dd5-4a86-a044-7f654229d949,0,0.0093784732630733,8.0,8
77271e5b-5dd5-4a86-a044-7f654229d949,1,0.0294829729440389,5.0,8
77271e5b-5dd5-4a86-a044-7f654229d949,2,0.0137031988894371,7.0,8
77271e5b-5dd5-4a86-a044-7f654229d949,3,0.0145931179278676,6.0,8
77271e5b-5dd5-4a86-a044-7f654229d949,4,0.3156041872355716,2.0,8
77271e5b-5dd5-4a86-a044-7f654229d949,5,0.2245024711033058,4.0,8
77271e5b-5dd5-4a86-a044-7f654229d949,6,0.2614325481782266,3.0,8
77271e5b-5dd5-4a86-a044-7f654229d949,7,0.3166041872355716,1.0,8
772d6f16-2d83-4162-b8d0-b5fcb0ef1cfb,0,0.3630261159378788,2.0,8
772d6f16-2d83-4162-b8d0-b5fcb0ef1cfb,1,0.1215017697973398,3.0,8
772d6f16-2d83-4162-b8d0-b5fcb0ef1cfb,2,0.0064130979133229,5.0,8
772d6f16-2d83-4162-b8d0-b5fcb0ef1cfb,3,0.0020558563562748,8.0,8
772d6f16-2d83-4162-b8d0-b5fcb0ef1cfb,4,0.0053464797448353,6.0,8
772d6f16-2d83-4162-b8d0-b5fcb0ef1cfb,5,0.3821779802682989,1.0,8
772d6f16-2d83-4162-b8d0-b5fcb0ef1cfb,6,0.0034461499521515,7.0,8
772d6f16-2d83-4162-b8d0-b5fcb0ef1cfb,7,0.1160325489331267,4.0,8
772ec3c5-5300-4086-91da-fbb3697e4d8b,0,0.0301203554725612,6.0,8
772ec3c5-5300-4086-91da-fbb3697e4d8b,1,0.0761321426185777,5.0,8
772ec3c5-5300-4086-91da-fbb3697e4d8b,2,0.0225918140376897,7.0,8
772ec3c5-5300-4086-91da-fbb3697e4d8b,3,0.146652177084835,4.0,8
772ec3c5-5300-4086-91da-fbb3697e4d8b,4,0.2594793786361226,3.0,8
772ec3c5-5300-4086-91da-fbb3697e4d8b,5,0.3393362449343664,1.0,8
772ec3c5-5300-4086-91da-fbb3697e4d8b,6,0.0059392689768667,8.0,8
772ec3c5-5300-4086-91da-fbb3697e4d8b,7,0.3383362449343664,2.0,8
78165da7-dcfc-4269-a81d-70fc4f6c1512,0,0.0070495366156425,6.0,8
78165da7-dcfc-4269-a81d-70fc4f6c1512,1,0.0381197688500223,4.0,8
78165da7-dcfc-4269-a81d-70fc4f6c1512,2,0.7715175732229682,1.0,8
78165da7-dcfc-4269-a81d-70fc4f6c1512,3,0.010808375556047,5.0,8
78165da7-dcfc-4269-a81d-70fc4f6c1512,4,0.0031440588927582,8.0,8
78165da7-dcfc-4269-a81d-70fc4f6c1512,5,0.0422117427617775,3.0,8
78165da7-dcfc-4269-a81d-70fc4f6c1512,6,0.0051993790919802,7.0,8
78165da7-dcfc-4269-a81d-70fc4f6c1512,7,0.1219495657009641,2.0,8
7817eb18-bc19-4640-94a7-9099533b804c,0,0.0548394062052558,5.0,8
7817eb18-bc19-4640-94a7-9099533b804c,1,0.031779027699043,6.0,8
7817eb18-bc19-4640-94a7-9099533b804c,2,0.3384204349537534,1.0,8
7817eb18-bc19-4640-94a7-9099533b804c,3,0.2050325434561707,2.0,8
7817eb18-bc19-4640-94a7-9099533b804c,4,0.0051512952837566,8.0,8
7817eb18-bc19-4640-94a7-9099533b804c,5,0.1920475320712886,3.0,8
7817eb18-bc19-4640-94a7-9099533b804c,6,0.1529506345761088,4.0,8
7817eb18-bc19-4640-94a7-9099533b804c,7,0.0197791260122295,7.0,8
78de4b0e-84e5-491e-9a2d-b03ebdd4d2e0,0,0.0069331153220368,7.0,8
78de4b0e-84e5-491e-9a2d-b03ebdd4d2e0,1,0.017022333962211,5.0,8
78de4b0e-84e5-491e-9a2d-b03ebdd4d2e0,2,0.532908919996677,1.0,8
78de4b0e-84e5-491e-9a2d-b03ebdd4d2e0,3,0.0138136388971709,6.0,8
78de4b0e-84e5-491e-9a2d-b03ebdd4d2e0,4,0.0014823212540661,8.0,8
78de4b0e-84e5-491e-9a2d-b03ebdd4d2e0,5,0.0664398336005389,3.0,8
78de4b0e-84e5-491e-9a2d-b03ebdd4d2e0,6,0.343734290988051,2.0,8
78de4b0e-84e5-491e-9a2d-b03ebdd4d2e0,7,0.0176655486957713,4.0,8
793b4384-b540-4b55-8906-abae614feb3b,0,0.0025655709801092,8.0,8
793b4384-b540-4b55-8906-abae614feb3b,1,0.07509076130961,4.0,8
793b4384-b540-4b55-8906-abae614feb3b,2,0.028143976131238,6.0,8
793b4384-b540-4b55-8906-abae614feb3b,3,0.0206123094772888,7.0,8
793b4384-b540-4b55-8906-abae614feb3b,4,0.0635823440859111,5.0,8
793b4384-b540-4b55-8906-abae614feb3b,5,0.1032771693492424,3.0,8
793b4384-b540-4b55-8906-abae614feb3b,6,0.2703994436226481,2.0,8
793b4384-b540-4b55-8906-abae614feb3b,7,0.4363284220443525,1.0,8
7982b7e3-8362-4576-bd46-680d55f23bd2,0,0.0038235383343621,8.0,8
7982b7e3-8362-4576-bd46-680d55f23bd2,1,0.3187612658716662,1.0,8
7982b7e3-8362-4576-bd46-680d55f23bd2,2,0.0134108168008179,7.0,8
7982b7e3-8362-4576-bd46-680d55f23bd2,3,0.0186448552463405,6.0,8
7982b7e3-8362-4576-bd46-680d55f23bd2,4,0.3177612658716662,2.0,8
7982b7e3-8362-4576-bd46-680d55f23bd2,5,0.0965790445611649,4.0,8
7982b7e3-8362-4576-bd46-680d55f23bd2,6,0.1574638383177789,3.0,8
7982b7e3-8362-4576-bd46-680d55f23bd2,7,0.0964330022455061,5.0,8
799eb7a2-09de-4302-8c2b-fbfc0a7f23e1,0,0.3951071636251894,2.0,8
799eb7a2-09de-4302-8c2b-fbfc0a7f23e1,1,0.1680747600216959,4.0,8
799eb7a2-09de-4302-8c2b-fbfc0a7f23e1,2,0.0040488907500318,6.0,8
799eb7a2-09de-4302-8c2b-fbfc0a7f23e1,3,0.0020696092693099,8.0,8
799eb7a2-09de-4302-8c2b-fbfc0a7f23e1,4,0.0037864104656782,7.0,8
799eb7a2-09de-4302-8c2b-fbfc0a7f23e1,5,0.1972018831841942,3.0,8
799eb7a2-09de-4302-8c2b-fbfc0a7f23e1,6,0.0142020256290937,5.0,8
799eb7a2-09de-4302-8c2b-fbfc0a7f23e1,7,0.3961071636251894,1.0,8
79de8260-ada3-4659-82e3-2bb855c23c11,0,0.5973034182207301,1.0,8
79de8260-ada3-4659-82e3-2bb855c23c11,1,0.3187856680496728,2.0,8
79de8260-ada3-4659-82e3-2bb855c23c11,2,0.0030825024099827,7.0,8
79de8260-ada3-4659-82e3-2bb855c23c11,3,0.0015164960443102,8.0,8
79de8260-ada3-4659-82e3-2bb855c23c11,4,0.0295231661405688,3.0,8
79de8260-ada3-4659-82e3-2bb855c23c11,5,0.005470586617803,6.0,8
79de8260-ada3-4659-82e3-2bb855c23c11,6,0.0172795698885847,5.0,8
79de8260-ada3-4659-82e3-2bb855c23c11,7,0.0270385890949332,4.0,8
7a64cb17-8eef-4295-9ecb-6b456e2f695a,0,0.0219842991142141,3.0,8
7a64cb17-8eef-4295-9ecb-6b456e2f695a,1,0.7588987379283746,2.0,8
7a64cb17-8eef-4295-9ecb-6b456e2f695a,2,0.0136949784856465,4.0,8
7a64cb17-8eef-4295-9ecb-6b456e2f695a,3,0.0023604199133948,8.0,8
7a64cb17-8eef-4295-9ecb-6b456e2f695a,4,0.0030737649164535,7.0,8
7a64cb17-8eef-4295-9ecb-6b456e2f695a,5,0.0032789596265936,6.0,8
7a64cb17-8eef-4295-9ecb-6b456e2f695a,6,0.0098942393000261,5.0,8
7a64cb17-8eef-4295-9ecb-6b456e2f695a,7,0.7598987379283746,1.0,8
7acc5024-96ca-455e-a4de-f8a658628a23,0,0.0522480266326242,4.0,8
7acc5024-96ca-455e-a4de-f8a658628a23,1,0.1873546281734159,2.0,8
7acc5024-96ca-455e-a4de-f8a658628a23,2,0.040852534643996,5.0,8
7acc5024-96ca-455e-a4de-f8a658628a23,3,0.1674962034650096,3.0,8
7acc5024-96ca-455e-a4de-f8a658628a23,4,0.0015883652056364,8.0,8
7acc5024-96ca-455e-a4de-f8a658628a23,5,0.0134798313550206,7.0,8
7acc5024-96ca-455e-a4de-f8a658628a23,6,0.0403033446109583,6.0,8
7acc5024-96ca-455e-a4de-f8a658628a23,7,0.4966770692849173,1.0,8
7ae684e4-6ce8-4b72-bdf9-5928f752c048,0,0.0025170216732728,8.0,8
7ae684e4-6ce8-4b72-bdf9-5928f752c048,1,0.0896509658464187,4.0,8
7ae684e4-6ce8-4b72-bdf9-5928f752c048,2,0.0051956408783278,7.0,8
7ae684e4-6ce8-4b72-bdf9-5928f752c048,3,0.0351281156326153,5.0,8
7ae684e4-6ce8-4b72-bdf9-5928f752c048,4,0.561603385868113,1.0,8
7ae684e4-6ce8-4b72-bdf9-5928f752c048,5,0.0110293411455464,6.0,8
7ae684e4-6ce8-4b72-bdf9-5928f752c048,6,0.1784658409760158,2.0,8
7ae684e4-6ce8-4b72-bdf9-5928f752c048,7,0.116409693606095,3.0,8
7b119c9a-4af1-4b15-b563-47b31f5162ac,0,0.1761311243278236,3.0,8
7b119c9a-4af1-4b15-b563-47b31f5162ac,1,0.2213529269759297,2.0,8
7b119c9a-4af1-4b15-b563-47b31f5162ac,2,0.0069187691780416,6.0,8
7b119c9a-4af1-4b15-b563-47b31f5162ac,3,0.0031141985545173,8.0,8
7b119c9a-4af1-4b15-b563-47b31f5162ac,4,0.0265753713130105,5.0,8
7b119c9a-4af1-4b15-b563-47b31f5162ac,5,0.0060259430701506,7.0,8
7b119c9a-4af1-4b15-b563-47b31f5162ac,6,0.0631096875467956,4.0,8
7b119c9a-4af1-4b15-b563-47b31f5162ac,7,0.4967719827336432,1.0,8
7c1a7498-ec1f-4978-bb50-b0b4059bf756,0,0.0066486721921336,6.0,8
7c1a7498-ec1f-4978-bb50-b0b4059bf756,1,0.0060264939698658,7.0,8
7c1a7498-ec1f-4978-bb50-b0b4059bf756,2,0.5422402621839876,1.0,8
7c1a7498-ec1f-4978-bb50-b0b4059bf756,3,0.0069000389604359,5.0,8
7c1a7498-ec1f-4978-bb50-b0b4059bf756,4,0.0020109062656785,8.0,8
7c1a7498-ec1f-4978-bb50-b0b4059bf756,5,0.3331617832432851,2.0,8
7c1a7498-ec1f-4978-bb50-b0b4059bf756,6,0.0189917658834366,4.0,8
7c1a7498-ec1f-4978-bb50-b0b4059bf756,7,0.0840200789230991,3.0,8
7c2e51f4-3068-42a9-9a23-27bf05bb5118,0,0.213401268512617,2.0,8
7c2e51f4-3068-42a9-9a23-27bf05bb5118,1,0.0914851445027475,3.0,8
7c2e51f4-3068-42a9-9a23-27bf05bb5118,2,0.547632984509115,1.0,8
7c2e51f4-3068-42a9-9a23-27bf05bb5118,3,0.0408430176872438,5.0,8
7c2e51f4-3068-42a9-9a23-27bf05bb5118,4,0.0033320393301997,8.0,8
7c2e51f4-3068-42a9-9a23-27bf05bb5118,5,0.0786690441130234,4.0,8
7c2e51f4-3068-42a9-9a23-27bf05bb5118,6,0.0090085760572845,7.0,8
7c2e51f4-3068-42a9-9a23-27bf05bb5118,7,0.0156279219547247,6.0,8
7d0bcb57-5c0d-45bd-acd6-807d36a3b427,0,0.0080154895016563,5.0,8
7d0bcb57-5c0d-45bd-acd6-807d36a3b427,1,0.0440607172397761,3.0,8
7d0bcb57-5c0d-45bd-acd6-807d36a3b427,2,0.7856515493121556,1.0,8
7d0bcb57-5c0d-45bd-acd6-807d36a3b427,3,0.0047058364452396,7.0,8
7d0bcb57-5c0d-45bd-acd6-807d36a3b427,4,0.0019226116596317,8.0,8
7d0bcb57-5c0d-45bd-acd6-807d36a3b427,5,0.1220461249186845,2.0,8
7d0bcb57-5c0d-45bd-acd6-807d36a3b427,6,0.0062576863222682,6.0,8
7d0bcb57-5c0d-45bd-acd6-807d36a3b427,7,0.0273399844552462,4.0,8
7d135a2a-b7a6-4997-9267-185617a3f1ee,0,0.0431624161542665,3.0,8
7d135a2a-b7a6-4997-9267-185617a3f1ee,1,0.0352880432587913,4.0,8
7d135a2a-b7a6-4997-9267-185617a3f1ee,2,0.7824093859197658,1.0,8
7d135a2a-b7a6-4997-9267-185617a3f1ee,3,0.0127887648726506,5.0,8
7d135a2a-b7a6-4997-9267-185617a3f1ee,4,0.0036821864668348,8.0,8
7d135a2a-b7a6-4997-9267-185617a3f1ee,5,0.0126700472823407,6.0,8
7d135a2a-b7a6-4997-9267-185617a3f1ee,6,0.0111101888237357,7.0,8
7d135a2a-b7a6-4997-9267-185617a3f1ee,7,0.0988889631975018,2.0,8
7d16f2d7-c8dc-4a74-acdd-3cae1ffcf978,0,0.0018079755762894,8.0,8
7d16f2d7-c8dc-4a74-acdd-3cae1ffcf978,1,0.0322255091916432,6.0,8
7d16f2d7-c8dc-4a74-acdd-3cae1ffcf978,2,0.0044347293590811,7.0,8
7d16f2d7-c8dc-4a74-acdd-3cae1ffcf978,3,0.1509181254236233,2.0,8
7d16f2d7-c8dc-4a74-acdd-3cae1ffcf978,4,0.0798379159392478,4.0,8
7d16f2d7-c8dc-4a74-acdd-3cae1ffcf978,5,0.0653708441277417,5.0,8
7d16f2d7-c8dc-4a74-acdd-3cae1ffcf978,6,0.1099642228401687,3.0,8
7d16f2d7-c8dc-4a74-acdd-3cae1ffcf978,7,0.5554406755841254,1.0,8
7d1da41c-eaa2-40b7-9cfd-65b272f85f89,0,0.1124560881996935,5.0,8
7d1da41c-eaa2-40b7-9cfd-65b272f85f89,1,0.2106498950939945,3.0,8
7d1da41c-eaa2-40b7-9cfd-65b272f85f89,2,0.0948891345432885,6.0,8
7d1da41c-eaa2-40b7-9cfd-65b272f85f89,3,0.0045560311477085,8.0,8
7d1da41c-eaa2-40b7-9cfd-65b272f85f89,4,0.0125113870773524,7.0,8
7d1da41c-eaa2-40b7-9cfd-65b272f85f89,5,0.2986315679828856,1.0,8
7d1da41c-eaa2-40b7-9cfd-65b272f85f89,6,0.1663564276166253,4.0,8
7d1da41c-eaa2-40b7-9cfd-65b272f85f89,7,0.2976315679828856,2.0,8
7d428b9f-76cf-48b8-9e50-34cd539cc0fc,0,0.0015727113833272,8.0,8
7d428b9f-76cf-48b8-9e50-34cd539cc0fc,1,0.3517046779464187,2.0,8
7d428b9f-76cf-48b8-9e50-34cd539cc0fc,2,0.0042069819232951,7.0,8
7d428b9f-76cf-48b8-9e50-34cd539cc0fc,3,0.3527046779464187,1.0,8
7d428b9f-76cf-48b8-9e50-34cd539cc0fc,4,0.1560221776224759,3.0,8
7d428b9f-76cf-48b8-9e50-34cd539cc0fc,5,0.0361904903480991,6.0,8
7d428b9f-76cf-48b8-9e50-34cd539cc0fc,6,0.0817558182155854,5.0,8
7d428b9f-76cf-48b8-9e50-34cd539cc0fc,7,0.1280852897678729,4.0,8
7e06b989-8675-4b46-b371-d27677c22b43,0,0.0028236641056057,8.0,8
7e06b989-8675-4b46-b371-d27677c22b43,1,0.0339721000605073,7.0,8
7e06b989-8675-4b46-b371-d27677c22b43,2,0.0710457902700812,6.0,8
7e06b989-8675-4b46-b371-d27677c22b43,3,0.1199043460138239,4.0,8
7e06b989-8675-4b46-b371-d27677c22b43,4,0.1249163077674417,3.0,8
7e06b989-8675-4b46-b371-d27677c22b43,5,0.437584791156887,2.0,8
7e06b989-8675-4b46-b371-d27677c22b43,6,0.438584791156887,1.0,8
7e06b989-8675-4b46-b371-d27677c22b43,7,0.1024443130116252,5.0,8
7e0f2047-cf12-4c89-94ea-c9d1ea9d338a,0,0.0055172402871253,8.0,8
7e0f2047-cf12-4c89-94ea-c9d1ea9d338a,1,0.0344133221783701,6.0,8
7e0f2047-cf12-4c89-94ea-c9d1ea9d338a,2,0.0364176877553099,5.0,8
7e0f2047-cf12-4c89-94ea-c9d1ea9d338a,3,0.0233025526948719,7.0,8
7e0f2047-cf12-4c89-94ea-c9d1ea9d338a,4,0.5009392552137052,2.0,8
7e0f2047-cf12-4c89-94ea-c9d1ea9d338a,5,0.5019392552137052,1.0,8
7e0f2047-cf12-4c89-94ea-c9d1ea9d338a,6,0.088623241200022,4.0,8
7e0f2047-cf12-4c89-94ea-c9d1ea9d338a,7,0.1090409064591417,3.0,8
7e2187d1-4900-434f-90e4-2382cac91d16,0,0.3838131653704684,1.0,8
7e2187d1-4900-434f-90e4-2382cac91d16,1,0.1035410676782659,4.0,8
7e2187d1-4900-434f-90e4-2382cac91d16,2,0.0034754771745035,8.0,8
7e2187d1-4900-434f-90e4-2382cac91d16,3,0.2037450666187603,2.0,8
7e2187d1-4900-434f-90e4-2382cac91d16,4,0.0966254046616442,5.0,8
7e2187d1-4900-434f-90e4-2382cac91d16,5,0.0079526069274168,7.0,8
7e2187d1-4900-434f-90e4-2382cac91d16,6,0.036354088174325,6.0,8
7e2187d1-4900-434f-90e4-2382cac91d16,7,0.1644931248642837,3.0,8
7ec7cdda-5154-47ce-96c0-5f966043a7fe,0,0.0032142567813998,8.0,8
7ec7cdda-5154-47ce-96c0-5f966043a7fe,1,0.0087515072367923,6.0,8
7ec7cdda-5154-47ce-96c0-5f966043a7fe,2,0.0065078491490242,7.0,8
7ec7cdda-5154-47ce-96c0-5f966043a7fe,3,0.3065230235589704,2.0,8
7ec7cdda-5154-47ce-96c0-5f966043a7fe,4,0.0561797437084003,5.0,8
7ec7cdda-5154-47ce-96c0-5f966043a7fe,5,0.1449653310621108,4.0,8
7ec7cdda-5154-47ce-96c0-5f966043a7fe,6,0.1672654076964566,3.0,8
7ec7cdda-5154-47ce-96c0-5f966043a7fe,7,0.3065928789461501,1.0,8
801e526d-7370-4b9b-9144-35f70d9d441e,0,0.0362245260186826,4.0,8
801e526d-7370-4b9b-9144-35f70d9d441e,1,0.0075402054213911,7.0,8
801e526d-7370-4b9b-9144-35f70d9d441e,2,0.8332924686561639,1.0,8
801e526d-7370-4b9b-9144-35f70d9d441e,3,0.0408009217286845,3.0,8
801e526d-7370-4b9b-9144-35f70d9d441e,4,0.0045208736278118,8.0,8
801e526d-7370-4b9b-9144-35f70d9d441e,5,0.0175292143054697,5.0,8
801e526d-7370-4b9b-9144-35f70d9d441e,6,0.0104999662669511,6.0,8
801e526d-7370-4b9b-9144-35f70d9d441e,7,0.0495918222998312,2.0,8
80255d11-1849-4f46-a869-9ef896e1579d,0,0.0262864277959036,4.0,8
80255d11-1849-4f46-a869-9ef896e1579d,1,0.1191262978563498,2.0,8
80255d11-1849-4f46-a869-9ef896e1579d,2,0.0141709288569977,6.0,8
80255d11-1849-4f46-a869-9ef896e1579d,3,0.1129642001011293,3.0,8
80255d11-1849-4f46-a869-9ef896e1579d,4,0.0055763016088868,8.0,8
80255d11-1849-4f46-a869-9ef896e1579d,5,0.6954217991882921,1.0,8
80255d11-1849-4f46-a869-9ef896e1579d,6,0.0060500759524012,7.0,8
80255d11-1849-4f46-a869-9ef896e1579d,7,0.0204039676200101,5.0,8
808f6259-31b7-4365-8c46-382e71ef49f8,0,0.3936578795933368,1.0,8
808f6259-31b7-4365-8c46-382e71ef49f8,1,0.0256199815005223,5.0,8
808f6259-31b7-4365-8c46-382e71ef49f8,2,0.0233207421728929,6.0,8
808f6259-31b7-4365-8c46-382e71ef49f8,3,0.3926578795933368,2.0,8
808f6259-31b7-4365-8c46-382e71ef49f8,4,0.0270166228744955,4.0,8
808f6259-31b7-4365-8c46-382e71ef49f8,5,0.0017765723394335,8.0,8
808f6259-31b7-4365-8c46-382e71ef49f8,6,0.0129089485114819,7.0,8
808f6259-31b7-4365-8c46-382e71ef49f8,7,0.3206935356668388,3.0,8
8091c3bc-c007-4d2a-8b3e-3c19eda11cd7,0,0.0123843109056343,6.0,8
8091c3bc-c007-4d2a-8b3e-3c19eda11cd7,1,0.1144617754529803,3.0,8
8091c3bc-c007-4d2a-8b3e-3c19eda11cd7,2,0.0815094326788753,4.0,8
8091c3bc-c007-4d2a-8b3e-3c19eda11cd7,3,0.1408672286132162,2.0,8
8091c3bc-c007-4d2a-8b3e-3c19eda11cd7,4,0.0032585048694784,8.0,8
8091c3bc-c007-4d2a-8b3e-3c19eda11cd7,5,0.0067336267776985,7.0,8
8091c3bc-c007-4d2a-8b3e-3c19eda11cd7,6,0.0379763075058991,5.0,8
8091c3bc-c007-4d2a-8b3e-3c19eda11cd7,7,0.6028088157165289,1.0,8
810fb01d-ee47-4b67-9c0c-d72215565349,0,0.0018268981013878,8.0,8
810fb01d-ee47-4b67-9c0c-d72215565349,1,0.0115957753903004,6.0,8
810fb01d-ee47-4b67-9c0c-d72215565349,2,0.0069175648730532,7.0,8
810fb01d-ee47-4b67-9c0c-d72215565349,3,0.2686806493757576,1.0,8
810fb01d-ee47-4b67-9c0c-d72215565349,4,0.0630705369533837,5.0,8
810fb01d-ee47-4b67-9c0c-d72215565349,5,0.1199091641763843,4.0,8
810fb01d-ee47-4b67-9c0c-d72215565349,6,0.2607202963449208,3.0,8
810fb01d-ee47-4b67-9c0c-d72215565349,7,0.2672791142847623,2.0,8
8120fb52-3606-4cde-9f5f-ea472b65e7af,0,0.003076623612709,8.0,8
8120fb52-3606-4cde-9f5f-ea472b65e7af,1,0.0111978547611992,7.0,8
8120fb52-3606-4cde-9f5f-ea472b65e7af,2,0.0716233934455578,5.0,8
8120fb52-3606-4cde-9f5f-ea472b65e7af,3,0.1978595844762396,3.0,8
8120fb52-3606-4cde-9f5f-ea472b65e7af,4,0.289622364138929,2.0,8
8120fb52-3606-4cde-9f5f-ea472b65e7af,5,0.019991677561611,6.0,8
8120fb52-3606-4cde-9f5f-ea472b65e7af,6,0.290622364138929,1.0,8
8120fb52-3606-4cde-9f5f-ea472b65e7af,7,0.1427091989614841,4.0,8
819e87c8-8eac-4019-8224-0d1ecedb688c,0,0.0158540844757438,5.0,8
819e87c8-8eac-4019-8224-0d1ecedb688c,1,0.7364469625151515,1.0,8
819e87c8-8eac-4019-8224-0d1ecedb688c,2,0.0031880873955521,8.0,8
819e87c8-8eac-4019-8224-0d1ecedb688c,3,0.1322429050302781,2.0,8
819e87c8-8eac-4019-8224-0d1ecedb688c,4,0.0051686428836598,7.0,8
819e87c8-8eac-4019-8224-0d1ecedb688c,5,0.0384830432067183,4.0,8
819e87c8-8eac-4019-8224-0d1ecedb688c,6,0.0103498688745895,6.0,8
819e87c8-8eac-4019-8224-0d1ecedb688c,7,0.0582664052385034,3.0,8
81c07bc8-af59-482e-9b40-3e017047f915,0,0.0030229390827744,8.0,8
81c07bc8-af59-482e-9b40-3e017047f915,1,0.0155808768981177,6.0,8
81c07bc8-af59-482e-9b40-3e017047f915,2,0.0069572909480464,7.0,8
81c07bc8-af59-482e-9b40-3e017047f915,3,0.0987193471244628,3.0,8
81c07bc8-af59-482e-9b40-3e017047f915,4,0.4919200730182507,2.0,8
81c07bc8-af59-482e-9b40-3e017047f915,5,0.0296204017936504,5.0,8
81c07bc8-af59-482e-9b40-3e017047f915,6,0.0959234276739807,4.0,8
81c07bc8-af59-482e-9b40-3e017047f915,7,0.4929200730182507,1.0,8
81ca1e8f-6875-4d46-a43b-2edc715ea8fa,0,0.0201778079403698,6.0,8
81ca1e8f-6875-4d46-a43b-2edc715ea8fa,1,0.044033291574678,4.0,8
81ca1e8f-6875-4d46-a43b-2edc715ea8fa,2,0.4217461557936812,1.0,8
81ca1e8f-6875-4d46-a43b-2edc715ea8fa,3,0.0109547400361553,7.0,8
81ca1e8f-6875-4d46-a43b-2edc715ea8fa,4,0.0080426360751695,8.0,8
81ca1e8f-6875-4d46-a43b-2edc715ea8fa,5,0.4146724421594353,2.0,8
81ca1e8f-6875-4d46-a43b-2edc715ea8fa,6,0.0321911285354424,5.0,8
81ca1e8f-6875-4d46-a43b-2edc715ea8fa,7,0.0481817976825912,3.0,8
81dede13-3a96-4b07-b130-ed5cf1162bc7,0,0.008718489434615,7.0,8
81dede13-3a96-4b07-b130-ed5cf1162bc7,1,0.0728910603842011,3.0,8
81dede13-3a96-4b07-b130-ed5cf1162bc7,2,0.7054314466923554,1.0,8
81dede13-3a96-4b07-b130-ed5cf1162bc7,3,0.026161745361679,6.0,8
81dede13-3a96-4b07-b130-ed5cf1162bc7,4,0.0023310869253252,8.0,8
81dede13-3a96-4b07-b130-ed5cf1162bc7,5,0.0564756224641029,4.0,8
81dede13-3a96-4b07-b130-ed5cf1162bc7,6,0.0285008908666701,5.0,8
81dede13-3a96-4b07-b130-ed5cf1162bc7,7,0.0994896600278013,2.0,8
81e63408-cc99-4f29-ad82-a7f5b0f8028f,0,0.0137793335525258,7.0,8
81e63408-cc99-4f29-ad82-a7f5b0f8028f,1,0.0418673762558264,5.0,8
81e63408-cc99-4f29-ad82-a7f5b0f8028f,2,0.3118097002543388,1.0,8
81e63408-cc99-4f29-ad82-a7f5b0f8028f,3,0.0596959981665909,4.0,8
81e63408-cc99-4f29-ad82-a7f5b0f8028f,4,0.0065177795734917,8.0,8
81e63408-cc99-4f29-ad82-a7f5b0f8028f,5,0.3108097002543388,2.0,8
81e63408-cc99-4f29-ad82-a7f5b0f8028f,6,0.0289864793169008,6.0,8
81e63408-cc99-4f29-ad82-a7f5b0f8028f,7,0.2609186230960744,3.0,8
8261357f-0451-4578-9eec-b3e227c721ed,0,0.2511662590543957,2.0,8
8261357f-0451-4578-9eec-b3e227c721ed,1,0.0172024594887803,5.0,8
8261357f-0451-4578-9eec-b3e227c721ed,2,0.5792816709058196,1.0,8
8261357f-0451-4578-9eec-b3e227c721ed,3,0.0125720755946531,6.0,8
8261357f-0451-4578-9eec-b3e227c721ed,4,0.0033929626122269,8.0,8
8261357f-0451-4578-9eec-b3e227c721ed,5,0.0655375395370929,3.0,8
8261357f-0451-4578-9eec-b3e227c721ed,6,0.0620975457392189,4.0,8
8261357f-0451-4578-9eec-b3e227c721ed,7,0.0087494828654621,7.0,8
83d48fd1-651c-4ee1-8d7b-e0fbc15ec1ce,0,0.010953170156375,6.0,8
83d48fd1-651c-4ee1-8d7b-e0fbc15ec1ce,1,0.0084416325311136,7.0,8
83d48fd1-651c-4ee1-8d7b-e0fbc15ec1ce,2,0.8044327933247246,1.0,8
83d48fd1-651c-4ee1-8d7b-e0fbc15ec1ce,3,0.0326707232297543,4.0,8
83d48fd1-651c-4ee1-8d7b-e0fbc15ec1ce,4,0.0020410761282661,8.0,8
83d48fd1-651c-4ee1-8d7b-e0fbc15ec1ce,5,0.0701240187562153,2.0,8
83d48fd1-651c-4ee1-8d7b-e0fbc15ec1ce,6,0.031221278702199,5.0,8
83d48fd1-651c-4ee1-8d7b-e0fbc15ec1ce,7,0.0401153096810812,3.0,8
84975404-e6e0-4a73-895a-1e75289b729f,0,0.0010364006563755,8.0,8
84975404-e6e0-4a73-895a-1e75289b729f,1,0.0136311441651694,6.0,8
84975404-e6e0-4a73-895a-1e75289b729f,2,0.0049841847609845,7.0,8
84975404-e6e0-4a73-895a-1e75289b729f,3,0.0340703367069834,5.0,8
84975404-e6e0-4a73-895a-1e75289b729f,4,0.4022801265149793,2.0,8
84975404-e6e0-4a73-895a-1e75289b729f,5,0.0630956454801704,4.0,8
84975404-e6e0-4a73-895a-1e75289b729f,6,0.1946590439698347,3.0,8
84975404-e6e0-4a73-895a-1e75289b729f,7,0.4032801265149793,1.0,8
84b5e091-d31e-48af-98d5-27875d45e19b,0,0.0093682299481482,6.0,8
84b5e091-d31e-48af-98d5-27875d45e19b,1,0.0298787999263878,5.0,8
84b5e091-d31e-48af-98d5-27875d45e19b,2,0.3950019409077824,1.0,8
84b5e091-d31e-48af-98d5-27875d45e19b,3,0.0038781761505064,8.0,8
84b5e091-d31e-48af-98d5-27875d45e19b,4,0.0060982784016755,7.0,8
84b5e091-d31e-48af-98d5-27875d45e19b,5,0.0657622574852744,4.0,8
84b5e091-d31e-48af-98d5-27875d45e19b,6,0.2592739499593354,2.0,8
84b5e091-d31e-48af-98d5-27875d45e19b,7,0.2307383643534504,3.0,8
850e3eae-879c-4340-9377-21ba63538607,0,0.4934073798069904,1.0,8
850e3eae-879c-4340-9377-21ba63538607,1,0.4924073798069904,2.0,8
850e3eae-879c-4340-9377-21ba63538607,2,0.0353101998867891,3.0,8
850e3eae-879c-4340-9377-21ba63538607,3,0.0051858794266852,7.0,8
850e3eae-879c-4340-9377-21ba63538607,4,0.0051915047250629,6.0,8
850e3eae-879c-4340-9377-21ba63538607,5,0.0026705762756333,8.0,8
850e3eae-879c-4340-9377-21ba63538607,6,0.0227973555970712,4.0,8
850e3eae-879c-4340-9377-21ba63538607,7,0.0223018553812899,5.0,8
8522ebd4-502d-4eec-8015-18e0c6f13935,0,0.0061263685377055,7.0,8
8522ebd4-502d-4eec-8015-18e0c6f13935,1,0.014774952422148,6.0,8
8522ebd4-502d-4eec-8015-18e0c6f13935,2,0.0041439728021256,8.0,8
8522ebd4-502d-4eec-8015-18e0c6f13935,3,0.2134474029923106,4.0,8
8522ebd4-502d-4eec-8015-18e0c6f13935,4,0.288615952981949,2.0,8
8522ebd4-502d-4eec-8015-18e0c6f13935,5,0.0154099970972121,5.0,8
8522ebd4-502d-4eec-8015-18e0c6f13935,6,0.289615952981949,1.0,8
8522ebd4-502d-4eec-8015-18e0c6f13935,7,0.2551343015855027,3.0,8
852f7d05-a3cf-47dd-9418-e8089af604df,0,0.3482649190457301,1.0,8
852f7d05-a3cf-47dd-9418-e8089af604df,1,0.3472649190457301,2.0,8
852f7d05-a3cf-47dd-9418-e8089af604df,2,0.0412127861447988,5.0,8
852f7d05-a3cf-47dd-9418-e8089af604df,3,0.0617343113711759,4.0,8
852f7d05-a3cf-47dd-9418-e8089af604df,4,0.0062520889605142,7.0,8
852f7d05-a3cf-47dd-9418-e8089af604df,5,0.0066025168362033,6.0,8
852f7d05-a3cf-47dd-9418-e8089af604df,6,0.005580341073006,8.0,8
852f7d05-a3cf-47dd-9418-e8089af604df,7,0.2305513848959676,3.0,8
8532f60a-f982-4644-8529-6124f2c72082,0,0.0662117755996573,4.0,8
8532f60a-f982-4644-8529-6124f2c72082,1,0.6758025419739324,1.0,8
8532f60a-f982-4644-8529-6124f2c72082,2,0.0026389070398362,8.0,8
8532f60a-f982-4644-8529-6124f2c72082,3,0.1040504876912758,3.0,8
8532f60a-f982-4644-8529-6124f2c72082,4,0.0194534070300907,5.0,8
8532f60a-f982-4644-8529-6124f2c72082,5,0.0042519417203185,7.0,8
8532f60a-f982-4644-8529-6124f2c72082,6,0.0052993829443865,6.0,8
8532f60a-f982-4644-8529-6124f2c72082,7,0.1222915566661157,2.0,8
859d713e-bdf1-4b61-8794-d443b45616e3,0,0.0056048601740025,7.0,8
859d713e-bdf1-4b61-8794-d443b45616e3,1,0.1012910305986139,2.0,8
859d713e-bdf1-4b61-8794-d443b45616e3,2,0.7876953832636021,1.0,8
859d713e-bdf1-4b61-8794-d443b45616e3,3,0.0069499707223882,6.0,8
859d713e-bdf1-4b61-8794-d443b45616e3,4,0.0017999557341527,8.0,8
859d713e-bdf1-4b61-8794-d443b45616e3,5,0.062935880866226,3.0,8
859d713e-bdf1-4b61-8794-d443b45616e3,6,0.0112718154521711,5.0,8
859d713e-bdf1-4b61-8794-d443b45616e3,7,0.0224511080564204,4.0,8
85cc06ac-e89a-4493-92e0-6c306e4276b6,0,0.0128995815797209,6.0,8
85cc06ac-e89a-4493-92e0-6c306e4276b6,1,0.0350455641160279,4.0,8
85cc06ac-e89a-4493-92e0-6c306e4276b6,2,0.8216830593780992,1.0,8
85cc06ac-e89a-4493-92e0-6c306e4276b6,3,0.0124584999067064,7.0,8
85cc06ac-e89a-4493-92e0-6c306e4276b6,4,0.0026122969416478,8.0,8
85cc06ac-e89a-4493-92e0-6c306e4276b6,5,0.046178929703626,3.0,8
85cc06ac-e89a-4493-92e0-6c306e4276b6,6,0.0199974212582927,5.0,8
85cc06ac-e89a-4493-92e0-6c306e4276b6,7,0.0491246502278157,2.0,8
86119b99-5924-458d-8559-f65409a12793,0,0.0024975998584603,8.0,8
86119b99-5924-458d-8559-f65409a12793,1,0.0042297666724096,7.0,8
86119b99-5924-458d-8559-f65409a12793,2,0.0077752050422968,6.0,8
86119b99-5924-458d-8559-f65409a12793,3,0.6412351198838154,1.0,8
86119b99-5924-458d-8559-f65409a12793,4,0.1263412570607558,2.0,8
86119b99-5924-458d-8559-f65409a12793,5,0.1149125357751807,3.0,8
86119b99-5924-458d-8559-f65409a12793,6,0.0549080041492062,4.0,8
86119b99-5924-458d-8559-f65409a12793,7,0.0481005126702513,5.0,8
862f9634-784d-4d77-b31b-9a989667a169,0,0.0042337652143487,8.0,8
862f9634-784d-4d77-b31b-9a989667a169,1,0.0052899672105645,7.0,8
862f9634-784d-4d77-b31b-9a989667a169,2,0.0098972106457018,6.0,8
862f9634-784d-4d77-b31b-9a989667a169,3,0.0840843214367166,4.0,8
862f9634-784d-4d77-b31b-9a989667a169,4,0.5184425934009986,1.0,8
862f9634-784d-4d77-b31b-9a989667a169,5,0.013761146152677,5.0,8
862f9634-784d-4d77-b31b-9a989667a169,6,0.1041162263358471,3.0,8
862f9634-784d-4d77-b31b-9a989667a169,7,0.2601747658610709,2.0,8
87e741aa-e848-4bc4-9b69-54450272a215,0,0.0027836029169733,8.0,8
87e741aa-e848-4bc4-9b69-54450272a215,1,0.1289077009581749,4.0,8
87e741aa-e848-4bc4-9b69-54450272a215,2,0.0347521448647524,5.0,8
87e741aa-e848-4bc4-9b69-54450272a215,3,0.0072518217007664,7.0,8
87e741aa-e848-4bc4-9b69-54450272a215,4,0.1384806599314728,3.0,8
87e741aa-e848-4bc4-9b69-54450272a215,5,0.0321000116271914,6.0,8
87e741aa-e848-4bc4-9b69-54450272a215,6,0.4142147080695764,2.0,8
87e741aa-e848-4bc4-9b69-54450272a215,7,0.4152147080695764,1.0,8
882e80d3-5aaa-4a9b-bfd3-7a3c3bfe0b4f,0,0.052320123905575,5.0,8
882e80d3-5aaa-4a9b-bfd3-7a3c3bfe0b4f,1,0.0094676003312286,7.0,8
882e80d3-5aaa-4a9b-bfd3-7a3c3bfe0b4f,2,0.0054018263952187,8.0,8
882e80d3-5aaa-4a9b-bfd3-7a3c3bfe0b4f,3,0.4110673270618113,1.0,8
882e80d3-5aaa-4a9b-bfd3-7a3c3bfe0b4f,4,0.1579109199150441,4.0,8
882e80d3-5aaa-4a9b-bfd3-7a3c3bfe0b4f,5,0.0402426777281623,6.0,8
882e80d3-5aaa-4a9b-bfd3-7a3c3bfe0b4f,6,0.1980482685913464,3.0,8
882e80d3-5aaa-4a9b-bfd3-7a3c3bfe0b4f,7,0.4100673270618113,2.0,8
89a35f5c-73d7-4c32-a9ac-fdc08d307073,0,0.0078276868902427,7.0,8
89a35f5c-73d7-4c32-a9ac-fdc08d307073,1,0.0463548302288722,4.0,8
89a35f5c-73d7-4c32-a9ac-fdc08d307073,2,0.129994003846677,2.0,8
89a35f5c-73d7-4c32-a9ac-fdc08d307073,3,0.026951671294845,5.0,8
89a35f5c-73d7-4c32-a9ac-fdc08d307073,4,0.0025369266001296,8.0,8
89a35f5c-73d7-4c32-a9ac-fdc08d307073,5,0.1127974263751652,3.0,8
89a35f5c-73d7-4c32-a9ac-fdc08d307073,6,0.0210264672920316,6.0,8
89a35f5c-73d7-4c32-a9ac-fdc08d307073,7,0.6525109851480717,1.0,8
8a02a64e-b1ce-48c5-9285-222c4c6d43a6,0,0.009589151658367,8.0,8
8a02a64e-b1ce-48c5-9285-222c4c6d43a6,1,0.1130553018285155,4.0,8
8a02a64e-b1ce-48c5-9285-222c4c6d43a6,2,0.4755802796812328,1.0,8
8a02a64e-b1ce-48c5-9285-222c4c6d43a6,3,0.1440061468075723,3.0,8
8a02a64e-b1ce-48c5-9285-222c4c6d43a6,4,0.0135563694114433,6.0,8
8a02a64e-b1ce-48c5-9285-222c4c6d43a6,5,0.0099734807614555,7.0,8
8a02a64e-b1ce-48c5-9285-222c4c6d43a6,6,0.0279459652183426,5.0,8
8a02a64e-b1ce-48c5-9285-222c4c6d43a6,7,0.2062933063571694,2.0,8
8a18053f-eea1-4a40-820e-cac777286238,0,0.0111228915760812,5.0,8
8a18053f-eea1-4a40-820e-cac777286238,1,0.0286412099144335,4.0,8
8a18053f-eea1-4a40-820e-cac777286238,2,0.7344794953730889,1.0,8
8a18053f-eea1-4a40-820e-cac777286238,3,0.0039894019339151,7.0,8
8a18053f-eea1-4a40-820e-cac777286238,4,0.0033582728174803,8.0,8
8a18053f-eea1-4a40-820e-cac777286238,5,0.1678349585705131,2.0,8
8a18053f-eea1-4a40-820e-cac777286238,6,0.0091344104235747,6.0,8
8a18053f-eea1-4a40-820e-cac777286238,7,0.0414393607332283,3.0,8
8a59f940-9e3d-4860-aa95-1713f34afc96,0,0.0037555807679049,8.0,8
8a59f940-9e3d-4860-aa95-1713f34afc96,1,0.0052599895311056,7.0,8
8a59f940-9e3d-4860-aa95-1713f34afc96,2,0.0077702707185027,6.0,8
8a59f940-9e3d-4860-aa95-1713f34afc96,3,0.1077403768839118,3.0,8
8a59f940-9e3d-4860-aa95-1713f34afc96,4,0.4177596745626722,1.0,8
8a59f940-9e3d-4860-aa95-1713f34afc96,5,0.022092069255491,5.0,8
8a59f940-9e3d-4860-aa95-1713f34afc96,6,0.0854570955609331,4.0,8
8a59f940-9e3d-4860-aa95-1713f34afc96,7,0.3501649404182162,2.0,8
8a5a63c6-2efb-4c12-a005-52c666930289,0,0.0208878563245944,7.0,8
8a5a63c6-2efb-4c12-a005-52c666930289,1,0.2121206393133333,4.0,8
8a5a63c6-2efb-4c12-a005-52c666930289,2,0.2748803256873691,2.0,8
8a5a63c6-2efb-4c12-a005-52c666930289,3,0.2758803256873691,1.0,8
8a5a63c6-2efb-4c12-a005-52c666930289,4,0.0082609138069283,8.0,8
8a5a63c6-2efb-4c12-a005-52c666930289,5,0.0283505487630344,6.0,8
8a5a63c6-2efb-4c12-a005-52c666930289,6,0.0915744163546501,5.0,8
8a5a63c6-2efb-4c12-a005-52c666930289,7,0.2171698892367217,3.0,8
8a612327-1cac-47da-a02a-cfeb5af7ae61,0,0.0051048000703921,8.0,8
8a612327-1cac-47da-a02a-cfeb5af7ae61,1,0.0256776202155897,5.0,8
8a612327-1cac-47da-a02a-cfeb5af7ae61,2,0.0194855562356708,6.0,8
8a612327-1cac-47da-a02a-cfeb5af7ae61,3,0.1413524230989359,4.0,8
8a612327-1cac-47da-a02a-cfeb5af7ae61,4,0.2989627765263912,2.0,8
8a612327-1cac-47da-a02a-cfeb5af7ae61,5,0.0136600591383721,7.0,8
8a612327-1cac-47da-a02a-cfeb5af7ae61,6,0.1993924632745764,3.0,8
8a612327-1cac-47da-a02a-cfeb5af7ae61,7,0.2999627765263912,1.0,8
8a612820-8436-42ee-a68c-86fe11b34d44,0,0.0015453291166767,8.0,8
8a612820-8436-42ee-a68c-86fe11b34d44,1,0.0135236616711077,6.0,8
8a612820-8436-42ee-a68c-86fe11b34d44,2,0.006119500360146,7.0,8
8a612820-8436-42ee-a68c-86fe11b34d44,3,0.3676331424372761,2.0,8
8a612820-8436-42ee-a68c-86fe11b34d44,4,0.1495825205508195,3.0,8
8a612820-8436-42ee-a68c-86fe11b34d44,5,0.031446078169522,5.0,8
8a612820-8436-42ee-a68c-86fe11b34d44,6,0.1009605194909005,4.0,8
8a612820-8436-42ee-a68c-86fe11b34d44,7,0.3686331424372761,1.0,8
8a8a38b7-1832-4f9c-83e5-7b5ed6500904,0,0.0027865538230709,8.0,8
8a8a38b7-1832-4f9c-83e5-7b5ed6500904,1,0.0051740581716037,6.0,8
8a8a38b7-1832-4f9c-83e5-7b5ed6500904,2,0.0046164726963771,7.0,8
8a8a38b7-1832-4f9c-83e5-7b5ed6500904,3,0.3164341716370523,1.0,8
8a8a38b7-1832-4f9c-83e5-7b5ed6500904,4,0.1907736006092734,3.0,8
8a8a38b7-1832-4f9c-83e5-7b5ed6500904,5,0.3154341716370523,2.0,8
8a8a38b7-1832-4f9c-83e5-7b5ed6500904,6,0.1801595976126963,4.0,8
8a8a38b7-1832-4f9c-83e5-7b5ed6500904,7,0.0426880392829353,5.0,8
8ab16e4e-09b6-43d9-b281-77e5a05b9d23,0,0.0404879476243636,5.0,8
8ab16e4e-09b6-43d9-b281-77e5a05b9d23,1,0.6356336117352961,1.0,8
8ab16e4e-09b6-43d9-b281-77e5a05b9d23,2,0.0031905349474686,7.0,8
8ab16e4e-09b6-43d9-b281-77e5a05b9d23,3,0.0583744798636944,4.0,8
8ab16e4e-09b6-43d9-b281-77e5a05b9d23,4,0.1823161223143441,2.0,8
8ab16e4e-09b6-43d9-b281-77e5a05b9d23,5,0.0061829599707964,6.0,8
8ab16e4e-09b6-43d9-b281-77e5a05b9d23,6,0.0031076712201635,8.0,8
8ab16e4e-09b6-43d9-b281-77e5a05b9d23,7,0.0707066719050365,3.0,8
8aebe367-3e3c-421e-a2fd-e53c0adf2259,0,0.0151887499570554,5.0,8
8aebe367-3e3c-421e-a2fd-e53c0adf2259,1,0.0603903562288171,3.0,8
8aebe367-3e3c-421e-a2fd-e53c0adf2259,2,0.8003865908360881,1.0,8
8aebe367-3e3c-421e-a2fd-e53c0adf2259,3,0.0088269189996661,6.0,8
8aebe367-3e3c-421e-a2fd-e53c0adf2259,4,0.0053370888107541,7.0,8
8aebe367-3e3c-421e-a2fd-e53c0adf2259,5,0.0207210054765242,4.0,8
8aebe367-3e3c-421e-a2fd-e53c0adf2259,6,0.0038405863702649,8.0,8
8aebe367-3e3c-421e-a2fd-e53c0adf2259,7,0.0853087090548553,2.0,8
8c27b4a1-4d45-4bd3-8d20-1bd7ae67e641,0,0.6504452213978995,1.0,8
8c27b4a1-4d45-4bd3-8d20-1bd7ae67e641,1,0.0723751739492157,3.0,8
8c27b4a1-4d45-4bd3-8d20-1bd7ae67e641,2,0.008523007423758,6.0,8
8c27b4a1-4d45-4bd3-8d20-1bd7ae67e641,3,0.0481356015048781,4.0,8
8c27b4a1-4d45-4bd3-8d20-1bd7ae67e641,4,0.002324658835571,8.0,8
8c27b4a1-4d45-4bd3-8d20-1bd7ae67e641,5,0.1984768241647038,2.0,8
8c27b4a1-4d45-4bd3-8d20-1bd7ae67e641,6,0.0051028261846827,7.0,8
8c27b4a1-4d45-4bd3-8d20-1bd7ae67e641,7,0.0146166844998403,5.0,8
8c7bc88e-686a-4aed-98ed-eae673ed5e8b,0,0.0082021407962314,7.0,8
8c7bc88e-686a-4aed-98ed-eae673ed5e8b,1,0.0143507554147644,6.0,8
8c7bc88e-686a-4aed-98ed-eae673ed5e8b,2,0.8155550996526171,1.0,8
8c7bc88e-686a-4aed-98ed-eae673ed5e8b,3,0.0212455146333104,5.0,8
8c7bc88e-686a-4aed-98ed-eae673ed5e8b,4,0.0062051310338348,8.0,8
8c7bc88e-686a-4aed-98ed-eae673ed5e8b,5,0.0645669302463508,2.0,8
8c7bc88e-686a-4aed-98ed-eae673ed5e8b,6,0.0250151722236582,4.0,8
8c7bc88e-686a-4aed-98ed-eae673ed5e8b,7,0.0448592555125241,3.0,8
8c81647b-995d-45ac-b5fd-60ba2063210c,0,0.2345550439956852,2.0,8
8c81647b-995d-45ac-b5fd-60ba2063210c,1,0.0609966572476554,4.0,8
8c81647b-995d-45ac-b5fd-60ba2063210c,2,0.4904922093445592,1.0,8
8c81647b-995d-45ac-b5fd-60ba2063210c,3,0.0021743426090203,7.0,8
8c81647b-995d-45ac-b5fd-60ba2063210c,4,0.0015843323734702,8.0,8
8c81647b-995d-45ac-b5fd-60ba2063210c,5,0.1386976382205175,3.0,8
8c81647b-995d-45ac-b5fd-60ba2063210c,6,0.0363445376979028,5.0,8
8c81647b-995d-45ac-b5fd-60ba2063210c,7,0.0351552371987358,6.0,8
8d9dca10-7b1f-4379-9d09-1eeab187efb4,0,0.0045454020043358,8.0,8
8d9dca10-7b1f-4379-9d09-1eeab187efb4,1,0.039248314108794,5.0,8
8d9dca10-7b1f-4379-9d09-1eeab187efb4,2,0.0067484834043692,7.0,8
8d9dca10-7b1f-4379-9d09-1eeab187efb4,3,0.0390695238544598,6.0,8
8d9dca10-7b1f-4379-9d09-1eeab187efb4,4,0.4618471349296144,1.0,8
8d9dca10-7b1f-4379-9d09-1eeab187efb4,5,0.232818881541522,2.0,8
8d9dca10-7b1f-4379-9d09-1eeab187efb4,6,0.1098532404653684,3.0,8
8d9dca10-7b1f-4379-9d09-1eeab187efb4,7,0.1058690165335395,4.0,8
8de7cdab-ba70-41aa-872c-ace32a08b9ac,0,0.0103737510753186,6.0,8
8de7cdab-ba70-41aa-872c-ace32a08b9ac,1,0.444506680430544,1.0,8
8de7cdab-ba70-41aa-872c-ace32a08b9ac,2,0.2746597280048622,2.0,8
8de7cdab-ba70-41aa-872c-ace32a08b9ac,3,0.0087872221709269,7.0,8
8de7cdab-ba70-41aa-872c-ace32a08b9ac,4,0.0024554440280506,8.0,8
8de7cdab-ba70-41aa-872c-ace32a08b9ac,5,0.0178268890398455,5.0,8
8de7cdab-ba70-41aa-872c-ace32a08b9ac,6,0.0222534599066283,4.0,8
8de7cdab-ba70-41aa-872c-ace32a08b9ac,7,0.2191368269484538,3.0,8
8deaeceb-3ff5-40d4-b579-49774ab5abdc,0,0.0340482080820905,5.0,8
8deaeceb-3ff5-40d4-b579-49774ab5abdc,1,0.0458183837971287,3.0,8
8deaeceb-3ff5-40d4-b579-49774ab5abdc,2,0.0463988873840823,2.0,8
8deaeceb-3ff5-40d4-b579-49774ab5abdc,3,0.0023549138743199,8.0,8
8deaeceb-3ff5-40d4-b579-49774ab5abdc,4,0.0046589968996339,7.0,8
8deaeceb-3ff5-40d4-b579-49774ab5abdc,5,0.0174988549406685,6.0,8
8deaeceb-3ff5-40d4-b579-49774ab5abdc,6,0.037855666252345,4.0,8
8deaeceb-3ff5-40d4-b579-49774ab5abdc,7,0.8113660872482783,1.0,8
8df475da-5b24-4f1e-87c0-97d66138ef80,0,0.3764528773514118,1.0,8
8df475da-5b24-4f1e-87c0-97d66138ef80,1,0.3754528773514118,2.0,8
8df475da-5b24-4f1e-87c0-97d66138ef80,2,0.1820899105533412,3.0,8
8df475da-5b24-4f1e-87c0-97d66138ef80,3,0.0119752559325186,7.0,8
8df475da-5b24-4f1e-87c0-97d66138ef80,4,0.0055241724142503,8.0,8
8df475da-5b24-4f1e-87c0-97d66138ef80,5,0.0518518922655931,6.0,8
8df475da-5b24-4f1e-87c0-97d66138ef80,6,0.0541101157565643,5.0,8
8df475da-5b24-4f1e-87c0-97d66138ef80,7,0.0668029973268578,4.0,8
8e48d027-9aeb-4ed4-88a0-5f709abdb08f,0,0.0017906476088345,8.0,8
8e48d027-9aeb-4ed4-88a0-5f709abdb08f,1,0.0575740064542386,4.0,8
8e48d027-9aeb-4ed4-88a0-5f709abdb08f,2,0.0161163759121346,6.0,8
8e48d027-9aeb-4ed4-88a0-5f709abdb08f,3,0.0091564382334155,7.0,8
8e48d027-9aeb-4ed4-88a0-5f709abdb08f,4,0.1480079923964695,3.0,8
8e48d027-9aeb-4ed4-88a0-5f709abdb08f,5,0.0368839498171453,5.0,8
8e48d027-9aeb-4ed4-88a0-5f709abdb08f,6,0.384027831188137,2.0,8
8e48d027-9aeb-4ed4-88a0-5f709abdb08f,7,0.385027831188137,1.0,8
8f03e9de-db33-4ec8-ab08-156062448b27,0,0.6543462330491392,1.0,8
8f03e9de-db33-4ec8-ab08-156062448b27,1,0.0723931050462876,4.0,8
8f03e9de-db33-4ec8-ab08-156062448b27,2,0.003310137136422,8.0,8
8f03e9de-db33-4ec8-ab08-156062448b27,3,0.0060791165614396,7.0,8
8f03e9de-db33-4ec8-ab08-156062448b27,4,0.0164555841061743,5.0,8
8f03e9de-db33-4ec8-ab08-156062448b27,5,0.1250940717150837,2.0,8
8f03e9de-db33-4ec8-ab08-156062448b27,6,0.008242470473555,6.0,8
8f03e9de-db33-4ec8-ab08-156062448b27,7,0.1140792865561845,3.0,8
8f13f876-9206-4f16-aa6c-157ca1202739,0,0.0023780381484428,8.0,8
8f13f876-9206-4f16-aa6c-157ca1202739,1,0.3541991288488292,1.0,8
8f13f876-9206-4f16-aa6c-157ca1202739,2,0.0064707906699012,7.0,8
8f13f876-9206-4f16-aa6c-157ca1202739,3,0.0069928899806483,6.0,8
8f13f876-9206-4f16-aa6c-157ca1202739,4,0.1151685065071622,4.0,8
8f13f876-9206-4f16-aa6c-157ca1202739,5,0.0337085745093256,5.0,8
8f13f876-9206-4f16-aa6c-157ca1202739,6,0.3400614150058919,2.0,8
8f13f876-9206-4f16-aa6c-157ca1202739,7,0.1410206587337345,3.0,8
8f2b0e81-1ad6-451c-816b-23bd193050f0,0,0.0037851742226481,7.0,8
8f2b0e81-1ad6-451c-816b-23bd193050f0,1,0.0116982623888098,5.0,8
8f2b0e81-1ad6-451c-816b-23bd193050f0,2,0.0029318712640128,8.0,8
8f2b0e81-1ad6-451c-816b-23bd193050f0,3,0.258532974168657,2.0,8
8f2b0e81-1ad6-451c-816b-23bd193050f0,4,0.2421446435844559,3.0,8
8f2b0e81-1ad6-451c-816b-23bd193050f0,5,0.0095407501195679,6.0,8
8f2b0e81-1ad6-451c-816b-23bd193050f0,6,0.0550210399493179,4.0,8
8f2b0e81-1ad6-451c-816b-23bd193050f0,7,0.4163452869794455,1.0,8
8f3ac315-896e-4e4b-be8a-13a99df23468,0,0.0302605398667885,4.0,8
8f3ac315-896e-4e4b-be8a-13a99df23468,1,0.0116322424802238,6.0,8
8f3ac315-896e-4e4b-be8a-13a99df23468,2,0.702052631013774,1.0,8
8f3ac315-896e-4e4b-be8a-13a99df23468,3,0.0193695874619848,5.0,8
8f3ac315-896e-4e4b-be8a-13a99df23468,4,0.0041276717264163,8.0,8
8f3ac315-896e-4e4b-be8a-13a99df23468,5,0.0082096877594862,7.0,8
8f3ac315-896e-4e4b-be8a-13a99df23468,6,0.1686902836899812,2.0,8
8f3ac315-896e-4e4b-be8a-13a99df23468,7,0.0556573527493865,3.0,8
8f4b2427-a798-4149-ac5c-c2dca549782e,0,0.0103834775543195,6.0,8
8f4b2427-a798-4149-ac5c-c2dca549782e,1,0.0247944948741477,5.0,8
8f4b2427-a798-4149-ac5c-c2dca549782e,2,0.5589336495471764,1.0,8
8f4b2427-a798-4149-ac5c-c2dca549782e,3,0.0103715906801267,7.0,8
8f4b2427-a798-4149-ac5c-c2dca549782e,4,0.0018436295060828,8.0,8
8f4b2427-a798-4149-ac5c-c2dca549782e,5,0.5579336495471764,2.0,8
8f4b2427-a798-4149-ac5c-c2dca549782e,6,0.0627610089698605,3.0,8
8f4b2427-a798-4149-ac5c-c2dca549782e,7,0.0335682370170034,4.0,8
8f89e59b-a3cc-4d09-9562-655099a3dddb,0,0.0281015202259411,6.0,8
8f89e59b-a3cc-4d09-9562-655099a3dddb,1,0.3701515417389807,2.0,8
8f89e59b-a3cc-4d09-9562-655099a3dddb,2,0.0014703960751892,8.0,8
8f89e59b-a3cc-4d09-9562-655099a3dddb,3,0.4533575443535296,1.0,8
8f89e59b-a3cc-4d09-9562-655099a3dddb,4,0.0042429452456603,7.0,8
8f89e59b-a3cc-4d09-9562-655099a3dddb,5,0.0370264187497417,4.0,8
8f89e59b-a3cc-4d09-9562-655099a3dddb,6,0.0321598833933436,5.0,8
8f89e59b-a3cc-4d09-9562-655099a3dddb,7,0.0734897513522469,3.0,8
900c9eba-602a-43a7-a474-6a08a64a162e,0,0.0113624210477262,6.0,8
900c9eba-602a-43a7-a474-6a08a64a162e,1,0.0039923905542346,7.0,8
900c9eba-602a-43a7-a474-6a08a64a162e,2,0.0035754091424729,8.0,8
900c9eba-602a-43a7-a474-6a08a64a162e,3,0.17747206775823,3.0,8
900c9eba-602a-43a7-a474-6a08a64a162e,4,0.2707194731153064,2.0,8
900c9eba-602a-43a7-a474-6a08a64a162e,5,0.0175440274472856,5.0,8
900c9eba-602a-43a7-a474-6a08a64a162e,6,0.0261795496576842,4.0,8
900c9eba-602a-43a7-a474-6a08a64a162e,7,0.489154660846763,1.0,8
91ae91e3-e38f-4890-bfcb-b29162be9955,0,0.0079694033322772,7.0,8
91ae91e3-e38f-4890-bfcb-b29162be9955,1,0.091726201885031,3.0,8
91ae91e3-e38f-4890-bfcb-b29162be9955,2,0.0308683563628133,5.0,8
91ae91e3-e38f-4890-bfcb-b29162be9955,3,0.0319826618511535,4.0,8
91ae91e3-e38f-4890-bfcb-b29162be9955,4,0.0021751054629753,8.0,8
91ae91e3-e38f-4890-bfcb-b29162be9955,5,0.7048212282093664,1.0,8
91ae91e3-e38f-4890-bfcb-b29162be9955,6,0.0126091133050332,6.0,8
91ae91e3-e38f-4890-bfcb-b29162be9955,7,0.1178479251858453,2.0,8
92ffc125-480c-4b44-8800-f25567b4f094,0,0.0047097973599834,8.0,8
92ffc125-480c-4b44-8800-f25567b4f094,1,0.0812579947624173,5.0,8
92ffc125-480c-4b44-8800-f25567b4f094,2,0.0237957414619417,7.0,8
92ffc125-480c-4b44-8800-f25567b4f094,3,0.1142351812876856,4.0,8
92ffc125-480c-4b44-8800-f25567b4f094,4,0.1245590740334917,3.0,8
92ffc125-480c-4b44-8800-f25567b4f094,5,0.0253028888659236,6.0,8
92ffc125-480c-4b44-8800-f25567b4f094,6,0.3601118630862259,1.0,8
92ffc125-480c-4b44-8800-f25567b4f094,7,0.3591118630862259,2.0,8
93acd0df-2efd-4fca-9788-56caceddba54,0,0.051126977929013,4.0,8
93acd0df-2efd-4fca-9788-56caceddba54,1,0.5752528758987948,1.0,8
93acd0df-2efd-4fca-9788-56caceddba54,2,0.1023719278363978,3.0,8
93acd0df-2efd-4fca-9788-56caceddba54,3,0.1975879778969146,2.0,8
93acd0df-2efd-4fca-9788-56caceddba54,4,0.0337302297341331,5.0,8
93acd0df-2efd-4fca-9788-56caceddba54,5,0.0135979334884059,7.0,8
93acd0df-2efd-4fca-9788-56caceddba54,6,0.0064576814700552,8.0,8
93acd0df-2efd-4fca-9788-56caceddba54,7,0.0198743943098115,6.0,8
948790c0-bb0c-4f9f-a525-591930df6413,0,0.0187639944058441,6.0,8
948790c0-bb0c-4f9f-a525-591930df6413,1,0.0845903603387086,3.0,8
948790c0-bb0c-4f9f-a525-591930df6413,2,0.0609421394546878,5.0,8
948790c0-bb0c-4f9f-a525-591930df6413,3,0.0050169948210043,7.0,8
948790c0-bb0c-4f9f-a525-591930df6413,4,0.0047657224443619,8.0,8
948790c0-bb0c-4f9f-a525-591930df6413,5,0.0621345774561983,4.0,8
948790c0-bb0c-4f9f-a525-591930df6413,6,0.6528702708060262,1.0,8
948790c0-bb0c-4f9f-a525-591930df6413,7,0.1109159363552754,2.0,8
94c5d3c0-bbdc-4f3a-b246-3ea37d7ca191,0,0.0084803259295743,7.0,8
94c5d3c0-bbdc-4f3a-b246-3ea37d7ca191,1,0.1391321233913223,3.0,8
94c5d3c0-bbdc-4f3a-b246-3ea37d7ca191,2,0.3440944059836088,2.0,8
94c5d3c0-bbdc-4f3a-b246-3ea37d7ca191,3,0.0381225539830747,6.0,8
94c5d3c0-bbdc-4f3a-b246-3ea37d7ca191,4,0.0034191830398889,8.0,8
94c5d3c0-bbdc-4f3a-b246-3ea37d7ca191,5,0.3450944059836088,1.0,8
94c5d3c0-bbdc-4f3a-b246-3ea37d7ca191,6,0.0869691715087775,5.0,8
94c5d3c0-bbdc-4f3a-b246-3ea37d7ca191,7,0.1210314934941893,4.0,8
953a8fe1-ec07-436e-b4b4-677b8285f9c6,0,0.0026189746433614,8.0,8
953a8fe1-ec07-436e-b4b4-677b8285f9c6,1,0.0485904081734104,3.0,8
953a8fe1-ec07-436e-b4b4-677b8285f9c6,2,0.0058493151487777,7.0,8
953a8fe1-ec07-436e-b4b4-677b8285f9c6,3,0.0361690018468645,4.0,8
953a8fe1-ec07-436e-b4b4-677b8285f9c6,4,0.1795224940519456,2.0,8
953a8fe1-ec07-436e-b4b4-677b8285f9c6,5,0.0087013502463171,6.0,8
953a8fe1-ec07-436e-b4b4-677b8285f9c6,6,0.0360374035567566,5.0,8
953a8fe1-ec07-436e-b4b4-677b8285f9c6,7,0.6825110537509297,1.0,8
9595e48c-dc35-4a12-9a1f-0244f5cafccb,0,0.3955882694303375,2.0,8
9595e48c-dc35-4a12-9a1f-0244f5cafccb,1,0.3052056402562156,3.0,8
9595e48c-dc35-4a12-9a1f-0244f5cafccb,2,0.0016373637322353,8.0,8
9595e48c-dc35-4a12-9a1f-0244f5cafccb,3,0.007680615347028,5.0,8
9595e48c-dc35-4a12-9a1f-0244f5cafccb,4,0.0022423160649006,7.0,8
9595e48c-dc35-4a12-9a1f-0244f5cafccb,5,0.004362368521558,6.0,8
9595e48c-dc35-4a12-9a1f-0244f5cafccb,6,0.3965882694303375,1.0,8
9595e48c-dc35-4a12-9a1f-0244f5cafccb,7,0.0363278840075223,4.0,8
9612514f-b868-4ee5-8252-f27e8c5babd1,0,0.0185520168073413,4.0,8
9612514f-b868-4ee5-8252-f27e8c5babd1,1,0.4609899725444559,1.0,8
9612514f-b868-4ee5-8252-f27e8c5babd1,2,0.0075689500332069,5.0,8
9612514f-b868-4ee5-8252-f27e8c5babd1,3,0.0041049147905371,7.0,8
9612514f-b868-4ee5-8252-f27e8c5babd1,4,0.0018821041492314,8.0,8
9612514f-b868-4ee5-8252-f27e8c5babd1,5,0.0069075330932234,6.0,8
9612514f-b868-4ee5-8252-f27e8c5babd1,6,0.1932055036733092,3.0,8
9612514f-b868-4ee5-8252-f27e8c5babd1,7,0.3067890068424415,2.0,8
968be2d1-62b2-4d32-b915-f55858118acf,0,0.0055999701065189,7.0,8
968be2d1-62b2-4d32-b915-f55858118acf,1,0.082373499047011,3.0,8
968be2d1-62b2-4d32-b915-f55858118acf,2,0.7514147179411157,1.0,8
968be2d1-62b2-4d32-b915-f55858118acf,3,0.005878490617542,6.0,8
968be2d1-62b2-4d32-b915-f55858118acf,4,0.0019600406590275,8.0,8
968be2d1-62b2-4d32-b915-f55858118acf,5,0.0403065722920421,4.0,8
968be2d1-62b2-4d32-b915-f55858118acf,6,0.0198867727728615,5.0,8
968be2d1-62b2-4d32-b915-f55858118acf,7,0.0925799434520316,2.0,8
96a23146-7026-40c1-b7c3-2142e8f94071,0,0.003393328678148,7.0,8
96a23146-7026-40c1-b7c3-2142e8f94071,1,0.1884975896559228,3.0,8
96a23146-7026-40c1-b7c3-2142e8f94071,2,0.4558669476952479,1.0,8
96a23146-7026-40c1-b7c3-2142e8f94071,3,0.1933417778930302,2.0,8
96a23146-7026-40c1-b7c3-2142e8f94071,4,0.0026461210920729,8.0,8
96a23146-7026-40c1-b7c3-2142e8f94071,5,0.0408966097091163,5.0,8
96a23146-7026-40c1-b7c3-2142e8f94071,6,0.0335702777935,6.0,8
96a23146-7026-40c1-b7c3-2142e8f94071,7,0.0817873528987431,4.0,8
96e4f806-755b-4d2c-a275-98a6fc5f511a,0,0.0127973493955988,7.0,8
96e4f806-755b-4d2c-a275-98a6fc5f511a,1,0.2798447318749759,3.0,8
96e4f806-755b-4d2c-a275-98a6fc5f511a,2,0.4290744490818526,1.0,8
96e4f806-755b-4d2c-a275-98a6fc5f511a,3,0.0136254453177616,6.0,8
96e4f806-755b-4d2c-a275-98a6fc5f511a,4,0.003559688603296,8.0,8
96e4f806-755b-4d2c-a275-98a6fc5f511a,5,0.0504651196646993,4.0,8
96e4f806-755b-4d2c-a275-98a6fc5f511a,6,0.0411693153742803,5.0,8
96e4f806-755b-4d2c-a275-98a6fc5f511a,7,0.4280744490818526,2.0,8
9708558b-2d6e-4d1f-8aa4-58cc32d83bc9,0,0.0163336192068949,6.0,8
9708558b-2d6e-4d1f-8aa4-58cc32d83bc9,1,0.2913642487326722,2.0,8
9708558b-2d6e-4d1f-8aa4-58cc32d83bc9,2,0.0362479015280385,5.0,8
9708558b-2d6e-4d1f-8aa4-58cc32d83bc9,3,0.009151298010249,7.0,8
9708558b-2d6e-4d1f-8aa4-58cc32d83bc9,4,0.0037450567132527,8.0,8
9708558b-2d6e-4d1f-8aa4-58cc32d83bc9,5,0.1603419203421074,4.0,8
9708558b-2d6e-4d1f-8aa4-58cc32d83bc9,6,0.1974088971560468,3.0,8
9708558b-2d6e-4d1f-8aa4-58cc32d83bc9,7,0.2923642487326722,1.0,8
9714aa8b-d945-4f74-a8cd-00079c1fb529,0,0.2542907990069387,3.0,8
9714aa8b-d945-4f74-a8cd-00079c1fb529,1,0.4359989674894973,2.0,8
9714aa8b-d945-4f74-a8cd-00079c1fb529,2,0.0010863246908844,8.0,8
9714aa8b-d945-4f74-a8cd-00079c1fb529,3,0.0256914219395179,5.0,8
9714aa8b-d945-4f74-a8cd-00079c1fb529,4,0.0017963389086794,7.0,8
9714aa8b-d945-4f74-a8cd-00079c1fb529,5,0.0039969553422531,6.0,8
9714aa8b-d945-4f74-a8cd-00079c1fb529,6,0.4369989674894973,1.0,8
9714aa8b-d945-4f74-a8cd-00079c1fb529,7,0.0903571062380681,4.0,8
97ad6c13-17c9-441c-bb18-06aa57b1491b,0,0.4475301726248623,1.0,8
97ad6c13-17c9-441c-bb18-06aa57b1491b,1,0.0949567195292717,4.0,8
97ad6c13-17c9-441c-bb18-06aa57b1491b,2,0.0025560911242555,8.0,8
97ad6c13-17c9-441c-bb18-06aa57b1491b,3,0.0038777143394426,7.0,8
97ad6c13-17c9-441c-bb18-06aa57b1491b,4,0.0058795308922158,6.0,8
97ad6c13-17c9-441c-bb18-06aa57b1491b,5,0.1326719893542011,3.0,8
97ad6c13-17c9-441c-bb18-06aa57b1491b,6,0.0469859961429924,5.0,8
97ad6c13-17c9-441c-bb18-06aa57b1491b,7,0.2655417815276515,2.0,8
97f1ae34-2c63-4a07-9066-878d5e93824d,0,0.0187887548666788,3.0,8
97f1ae34-2c63-4a07-9066-878d5e93824d,1,0.8597937998966942,1.0,8
97f1ae34-2c63-4a07-9066-878d5e93824d,2,0.0064490546490263,5.0,8
97f1ae34-2c63-4a07-9066-878d5e93824d,3,0.0057350113314485,6.0,8
97f1ae34-2c63-4a07-9066-878d5e93824d,4,0.0023799730005278,7.0,8
97f1ae34-2c63-4a07-9066-878d5e93824d,5,0.0017861534358505,8.0,8
97f1ae34-2c63-4a07-9066-878d5e93824d,6,0.0176002707251747,4.0,8
97f1ae34-2c63-4a07-9066-878d5e93824d,7,0.0874669823902066,2.0,8
983f92f6-1558-4682-827c-83a73bf217e9,0,0.257549724930699,2.0,8
983f92f6-1558-4682-827c-83a73bf217e9,1,0.0342032986227954,5.0,8
983f92f6-1558-4682-827c-83a73bf217e9,2,0.0021359062421353,8.0,8
983f92f6-1558-4682-827c-83a73bf217e9,3,0.0404167884644128,4.0,8
983f92f6-1558-4682-827c-83a73bf217e9,4,0.0188201755829321,6.0,8
983f92f6-1558-4682-827c-83a73bf217e9,5,0.533057505604821,1.0,8
983f92f6-1558-4682-827c-83a73bf217e9,6,0.0052235759536833,7.0,8
983f92f6-1558-4682-827c-83a73bf217e9,7,0.1085930219579717,3.0,8
98fb4518-dcf4-4a85-81ae-ecbe17dc5ba0,0,0.0031911458086993,7.0,8
98fb4518-dcf4-4a85-81ae-ecbe17dc5ba0,1,0.3183013747831784,2.0,8
98fb4518-dcf4-4a85-81ae-ecbe17dc5ba0,2,0.3193013747831784,1.0,8
98fb4518-dcf4-4a85-81ae-ecbe17dc5ba0,3,0.0076723490820696,6.0,8
98fb4518-dcf4-4a85-81ae-ecbe17dc5ba0,4,0.0012679746010131,8.0,8
98fb4518-dcf4-4a85-81ae-ecbe17dc5ba0,5,0.0468995484189347,5.0,8
98fb4518-dcf4-4a85-81ae-ecbe17dc5ba0,6,0.2924667436830441,3.0,8
98fb4518-dcf4-4a85-81ae-ecbe17dc5ba0,7,0.1626114287734745,4.0,8
99146aaf-aabc-43d9-a51d-ba53ec9cdfde,0,0.0195219880381458,7.0,8
99146aaf-aabc-43d9-a51d-ba53ec9cdfde,1,0.0271600086553002,6.0,8
99146aaf-aabc-43d9-a51d-ba53ec9cdfde,2,0.0088683909355864,8.0,8
99146aaf-aabc-43d9-a51d-ba53ec9cdfde,3,0.1155241675263223,3.0,8
99146aaf-aabc-43d9-a51d-ba53ec9cdfde,4,0.0461591750593705,5.0,8
99146aaf-aabc-43d9-a51d-ba53ec9cdfde,5,0.084110736021417,4.0,8
99146aaf-aabc-43d9-a51d-ba53ec9cdfde,6,0.1244262318517699,2.0,8
99146aaf-aabc-43d9-a51d-ba53ec9cdfde,7,0.5742293004705579,1.0,8
9921da32-8c9a-40fe-9b34-c18e001b6cc6,0,0.0033971375126444,8.0,8
9921da32-8c9a-40fe-9b34-c18e001b6cc6,1,0.0562050927502365,5.0,8
9921da32-8c9a-40fe-9b34-c18e001b6cc6,2,0.0355221538687797,6.0,8
9921da32-8c9a-40fe-9b34-c18e001b6cc6,3,0.1549987867000726,3.0,8
9921da32-8c9a-40fe-9b34-c18e001b6cc6,4,0.0100603067872443,7.0,8
9921da32-8c9a-40fe-9b34-c18e001b6cc6,5,0.1136900325326773,4.0,8
9921da32-8c9a-40fe-9b34-c18e001b6cc6,6,0.2006931032586948,2.0,8
9921da32-8c9a-40fe-9b34-c18e001b6cc6,7,0.4254333874490014,1.0,8
9a18d874-f6f4-4f46-9dca-5fc2411331db,0,0.0832706651989621,4.0,8
9a18d874-f6f4-4f46-9dca-5fc2411331db,1,0.0170867597066453,7.0,8
9a18d874-f6f4-4f46-9dca-5fc2411331db,2,0.4502305971752411,1.0,8
9a18d874-f6f4-4f46-9dca-5fc2411331db,3,0.0471491065083453,5.0,8
9a18d874-f6f4-4f46-9dca-5fc2411331db,4,0.0023361026067246,8.0,8
9a18d874-f6f4-4f46-9dca-5fc2411331db,5,0.0243565014668216,6.0,8
9a18d874-f6f4-4f46-9dca-5fc2411331db,6,0.0933131590314042,3.0,8
9a18d874-f6f4-4f46-9dca-5fc2411331db,7,0.2822571061835227,2.0,8
9a1a08f3-ea4f-4e71-8004-0385b942bfc3,0,0.0031835992852563,8.0,8
9a1a08f3-ea4f-4e71-8004-0385b942bfc3,1,0.0271797390060838,4.0,8
9a1a08f3-ea4f-4e71-8004-0385b942bfc3,2,0.0053601352705468,6.0,8
9a1a08f3-ea4f-4e71-8004-0385b942bfc3,3,0.0047880556067558,7.0,8
9a1a08f3-ea4f-4e71-8004-0385b942bfc3,4,0.4957713825438017,2.0,8
9a1a08f3-ea4f-4e71-8004-0385b942bfc3,5,0.0053635661300627,5.0,8
9a1a08f3-ea4f-4e71-8004-0385b942bfc3,6,0.4967713825438017,1.0,8
9a1a08f3-ea4f-4e71-8004-0385b942bfc3,7,0.302491063774604,3.0,8
9aafc224-68a4-48f6-aa6f-2cee3574a13d,0,0.0014069705621878,8.0,8
9aafc224-68a4-48f6-aa6f-2cee3574a13d,1,0.0074611321251559,7.0,8
9aafc224-68a4-48f6-aa6f-2cee3574a13d,2,0.0101017771846711,6.0,8
9aafc224-68a4-48f6-aa6f-2cee3574a13d,3,0.7385199477546489,1.0,8
9aafc224-68a4-48f6-aa6f-2cee3574a13d,4,0.1012968436499104,2.0,8
9aafc224-68a4-48f6-aa6f-2cee3574a13d,5,0.0156321311443577,5.0,8
9aafc224-68a4-48f6-aa6f-2cee3574a13d,6,0.0645658659129648,3.0,8
9aafc224-68a4-48f6-aa6f-2cee3574a13d,7,0.0610153283096935,4.0,8
9b116316-f772-4b44-ae28-593e965b6577,0,0.0056210497090298,7.0,8
9b116316-f772-4b44-ae28-593e965b6577,1,0.0080011681644782,6.0,8
9b116316-f772-4b44-ae28-593e965b6577,2,0.0035832957985593,8.0,8
9b116316-f772-4b44-ae28-593e965b6577,3,0.1295403829887086,3.0,8
9b116316-f772-4b44-ae28-593e965b6577,4,0.4065098808747245,2.0,8
9b116316-f772-4b44-ae28-593e965b6577,5,0.4075098808747245,1.0,8
9b116316-f772-4b44-ae28-593e965b6577,6,0.068061056973479,4.0,8
9b116316-f772-4b44-ae28-593e965b6577,7,0.0673072766286227,5.0,8
9b39cf10-a719-4b34-af2b-71f0b675c21f,0,0.0184782611675128,8.0,8
9b39cf10-a719-4b34-af2b-71f0b675c21f,1,0.1190569380097751,4.0,8
9b39cf10-a719-4b34-af2b-71f0b675c21f,2,0.1334492052441047,3.0,8
9b39cf10-a719-4b34-af2b-71f0b675c21f,3,0.0427469678038505,5.0,8
9b39cf10-a719-4b34-af2b-71f0b675c21f,4,0.4259849144018595,1.0,8
9b39cf10-a719-4b34-af2b-71f0b675c21f,5,0.0356170765199014,6.0,8
9b39cf10-a719-4b34-af2b-71f0b675c21f,6,0.0301055793350647,7.0,8
9b39cf10-a719-4b34-af2b-71f0b675c21f,7,0.4249849144018595,2.0,8
9b462183-7051-48b3-80fd-8652e050dbfd,0,0.0385775335497596,5.0,8
9b462183-7051-48b3-80fd-8652e050dbfd,1,0.0723941745804435,4.0,8
9b462183-7051-48b3-80fd-8652e050dbfd,2,0.2329103875135158,3.0,8
9b462183-7051-48b3-80fd-8652e050dbfd,3,0.3160007493825758,2.0,8
9b462183-7051-48b3-80fd-8652e050dbfd,4,0.0011840922956008,8.0,8
9b462183-7051-48b3-80fd-8652e050dbfd,5,0.0067593034373953,7.0,8
9b462183-7051-48b3-80fd-8652e050dbfd,6,0.0106136026039882,6.0,8
9b462183-7051-48b3-80fd-8652e050dbfd,7,0.3215601556709022,1.0,8
9bd1d156-99d0-4eeb-a124-2448c267b170,0,0.5890286056014119,1.0,8
9bd1d156-99d0-4eeb-a124-2448c267b170,1,0.2793313418638946,2.0,8
9bd1d156-99d0-4eeb-a124-2448c267b170,2,0.0015233830839345,8.0,8
9bd1d156-99d0-4eeb-a124-2448c267b170,3,0.0018047464231535,7.0,8
9bd1d156-99d0-4eeb-a124-2448c267b170,4,0.0180733567787821,6.0,8
9bd1d156-99d0-4eeb-a124-2448c267b170,5,0.054662500462492,3.0,8
9bd1d156-99d0-4eeb-a124-2448c267b170,6,0.0290563822423327,4.0,8
9bd1d156-99d0-4eeb-a124-2448c267b170,7,0.0265196813040392,5.0,8
9c0e885c-b66a-458d-a071-9728054c06da,0,0.2007531348920325,2.0,8
9c0e885c-b66a-458d-a071-9728054c06da,1,0.5773807868595042,1.0,8
9c0e885c-b66a-458d-a071-9728054c06da,2,0.0021313962175423,8.0,8
9c0e885c-b66a-458d-a071-9728054c06da,3,0.0028445416534287,7.0,8
9c0e885c-b66a-458d-a071-9728054c06da,4,0.0049731304026952,6.0,8
9c0e885c-b66a-458d-a071-9728054c06da,5,0.0076649342791735,5.0,8
9c0e885c-b66a-458d-a071-9728054c06da,6,0.0127078066707345,4.0,8
9c0e885c-b66a-458d-a071-9728054c06da,7,0.1915442668389463,3.0,8
9c2763d8-79a5-47b1-ab58-fc3a2aec00fa,0,0.1115864580759001,2.0,8
9c2763d8-79a5-47b1-ab58-fc3a2aec00fa,1,0.0260780108047684,6.0,8
9c2763d8-79a5-47b1-ab58-fc3a2aec00fa,2,0.6670960303445249,1.0,8
9c2763d8-79a5-47b1-ab58-fc3a2aec00fa,3,0.0392344337769658,4.0,8
9c2763d8-79a5-47b1-ab58-fc3a2aec00fa,4,0.0068148206214227,8.0,8
9c2763d8-79a5-47b1-ab58-fc3a2aec00fa,5,0.1088700213538177,3.0,8
9c2763d8-79a5-47b1-ab58-fc3a2aec00fa,6,0.0135076885922813,7.0,8
9c2763d8-79a5-47b1-ab58-fc3a2aec00fa,7,0.0268125392434917,5.0,8
9c9b7151-fa4a-4142-98a4-78028b71e310,0,0.0029675089587279,8.0,8
9c9b7151-fa4a-4142-98a4-78028b71e310,1,0.0100331066074857,6.0,8
9c9b7151-fa4a-4142-98a4-78028b71e310,2,0.005546886213267,7.0,8
9c9b7151-fa4a-4142-98a4-78028b71e310,3,0.0423285690204888,5.0,8
9c9b7151-fa4a-4142-98a4-78028b71e310,4,0.1262287580145592,4.0,8
9c9b7151-fa4a-4142-98a4-78028b71e310,5,0.1410921508872658,3.0,8
9c9b7151-fa4a-4142-98a4-78028b71e310,6,0.3260152527910468,2.0,8
9c9b7151-fa4a-4142-98a4-78028b71e310,7,0.345787768834573,1.0,8
9cc8c3b9-a609-4584-a8a6-bb1e9e8db6b2,0,0.4658432999986226,2.0,8
9cc8c3b9-a609-4584-a8a6-bb1e9e8db6b2,1,0.0088887553694533,6.0,8
9cc8c3b9-a609-4584-a8a6-bb1e9e8db6b2,2,0.4668432999986226,1.0,8
9cc8c3b9-a609-4584-a8a6-bb1e9e8db6b2,3,0.0029699148553247,8.0,8
9cc8c3b9-a609-4584-a8a6-bb1e9e8db6b2,4,0.003368879791549,7.0,8
9cc8c3b9-a609-4584-a8a6-bb1e9e8db6b2,5,0.0870195523419938,3.0,8
9cc8c3b9-a609-4584-a8a6-bb1e9e8db6b2,6,0.0131598168071415,5.0,8
9cc8c3b9-a609-4584-a8a6-bb1e9e8db6b2,7,0.0673649857442321,4.0,8
9cdb4216-58af-4c55-b63d-7dc8389ccfcc,0,0.0061880778526074,7.0,8
9cdb4216-58af-4c55-b63d-7dc8389ccfcc,1,0.8947845140876377,1.0,8
9cdb4216-58af-4c55-b63d-7dc8389ccfcc,2,0.0416615053593092,2.0,8
9cdb4216-58af-4c55-b63d-7dc8389ccfcc,3,0.0292847991083109,3.0,8
9cdb4216-58af-4c55-b63d-7dc8389ccfcc,4,0.0074392027296677,6.0,8
9cdb4216-58af-4c55-b63d-7dc8389ccfcc,5,0.0075750273309108,5.0,8
9cdb4216-58af-4c55-b63d-7dc8389ccfcc,6,0.0053562335157634,8.0,8
9cdb4216-58af-4c55-b63d-7dc8389ccfcc,7,0.0077106355418763,4.0,8
9d41cde0-89b2-43cf-b50e-33509ba83886,0,0.0588490740548691,3.0,8
9d41cde0-89b2-43cf-b50e-33509ba83886,1,0.030126447873459,4.0,8
9d41cde0-89b2-43cf-b50e-33509ba83886,2,0.8165178921584023,1.0,8
9d41cde0-89b2-43cf-b50e-33509ba83886,3,0.0093604092104302,6.0,8
9d41cde0-89b2-43cf-b50e-33509ba83886,4,0.0020283655085767,8.0,8
9d41cde0-89b2-43cf-b50e-33509ba83886,5,0.0149553022904242,5.0,8
9d41cde0-89b2-43cf-b50e-33509ba83886,6,0.0092720238697276,7.0,8
9d41cde0-89b2-43cf-b50e-33509ba83886,7,0.0588904717231427,2.0,8
9d61b243-3823-4582-b7aa-c7b7abc505fa,0,0.5903084665358127,2.0,8
9d61b243-3823-4582-b7aa-c7b7abc505fa,1,0.0612241590965416,4.0,8
9d61b243-3823-4582-b7aa-c7b7abc505fa,2,0.0037660991016056,7.0,8
9d61b243-3823-4582-b7aa-c7b7abc505fa,3,0.0032779824261237,8.0,8
9d61b243-3823-4582-b7aa-c7b7abc505fa,4,0.0050189015320702,6.0,8
9d61b243-3823-4582-b7aa-c7b7abc505fa,5,0.1555139161454373,3.0,8
9d61b243-3823-4582-b7aa-c7b7abc505fa,6,0.0100162774284057,5.0,8
9d61b243-3823-4582-b7aa-c7b7abc505fa,7,0.5913084665358127,1.0,8
9e423697-81c5-4a0d-b66f-ae11f74c397a,0,0.1907041701762059,1.0,8
9e423697-81c5-4a0d-b66f-ae11f74c397a,1,0.1532557594748794,5.0,8
9e423697-81c5-4a0d-b66f-ae11f74c397a,2,0.008034342666925,8.0,8
9e423697-81c5-4a0d-b66f-ae11f74c397a,3,0.1549744132216925,4.0,8
9e423697-81c5-4a0d-b66f-ae11f74c397a,4,0.1897041701762059,2.0,8
9e423697-81c5-4a0d-b66f-ae11f74c397a,5,0.0600707546536081,7.0,8
9e423697-81c5-4a0d-b66f-ae11f74c397a,6,0.1206904469953478,6.0,8
9e423697-81c5-4a0d-b66f-ae11f74c397a,7,0.1739008866826687,3.0,8
9e7aa02a-2176-4db8-b11b-a90329ed1c2e,0,0.0068646730145318,6.0,8
9e7aa02a-2176-4db8-b11b-a90329ed1c2e,1,0.024920893368188,4.0,8
9e7aa02a-2176-4db8-b11b-a90329ed1c2e,2,0.6161769962517217,1.0,8
9e7aa02a-2176-4db8-b11b-a90329ed1c2e,3,0.0047740047135268,7.0,8
9e7aa02a-2176-4db8-b11b-a90329ed1c2e,4,0.0019914770184345,8.0,8
9e7aa02a-2176-4db8-b11b-a90329ed1c2e,5,0.2867299777569387,2.0,8
9e7aa02a-2176-4db8-b11b-a90329ed1c2e,6,0.0224306149414187,5.0,8
9e7aa02a-2176-4db8-b11b-a90329ed1c2e,7,0.0361113618758126,3.0,8
9ea45ad7-46bc-4b93-9caf-abcf29d18e1d,0,0.0041107373391386,8.0,8
9ea45ad7-46bc-4b93-9caf-abcf29d18e1d,1,0.02450162356128,5.0,8
9ea45ad7-46bc-4b93-9caf-abcf29d18e1d,2,0.0147642482047247,6.0,8
9ea45ad7-46bc-4b93-9caf-abcf29d18e1d,3,0.00812029695584,7.0,8
9ea45ad7-46bc-4b93-9caf-abcf29d18e1d,4,0.1171544796925035,4.0,8
9ea45ad7-46bc-4b93-9caf-abcf29d18e1d,5,0.1941910917246591,3.0,8
9ea45ad7-46bc-4b93-9caf-abcf29d18e1d,6,0.3459192612213257,1.0,8
9ea45ad7-46bc-4b93-9caf-abcf29d18e1d,7,0.2912382621831473,2.0,8
9ebac4be-70f9-4466-aed4-80f3d0fb4acb,0,0.0036005741342996,8.0,8
9ebac4be-70f9-4466-aed4-80f3d0fb4acb,1,0.0041277367164404,7.0,8
9ebac4be-70f9-4466-aed4-80f3d0fb4acb,2,0.3101083123476688,1.0,8
9ebac4be-70f9-4466-aed4-80f3d0fb4acb,3,0.0752723328166253,5.0,8
9ebac4be-70f9-4466-aed4-80f3d0fb4acb,4,0.3091083123476688,2.0,8
9ebac4be-70f9-4466-aed4-80f3d0fb4acb,5,0.0719934956778271,6.0,8
9ebac4be-70f9-4466-aed4-80f3d0fb4acb,6,0.2631335140394421,3.0,8
9ebac4be-70f9-4466-aed4-80f3d0fb4acb,7,0.0828279192122872,4.0,8
9f74f57d-e8ff-4600-bf0b-837beb2bfc80,0,0.0018356807315878,8.0,8
9f74f57d-e8ff-4600-bf0b-837beb2bfc80,1,0.0095852195278768,6.0,8
9f74f57d-e8ff-4600-bf0b-837beb2bfc80,2,0.0071988285155072,7.0,8
9f74f57d-e8ff-4600-bf0b-837beb2bfc80,3,0.1703008649148932,3.0,8
9f74f57d-e8ff-4600-bf0b-837beb2bfc80,4,0.0772271284273329,5.0,8
9f74f57d-e8ff-4600-bf0b-837beb2bfc80,5,0.08745920396844,4.0,8
9f74f57d-e8ff-4600-bf0b-837beb2bfc80,6,0.2788074426065771,2.0,8
9f74f57d-e8ff-4600-bf0b-837beb2bfc80,7,0.3675856336410124,1.0,8
9f8ff780-96e5-4df2-aab0-96bbc64de10b,0,0.2146323521308196,3.0,8
9f8ff780-96e5-4df2-aab0-96bbc64de10b,1,0.2381742976509641,2.0,8
9f8ff780-96e5-4df2-aab0-96bbc64de10b,2,0.0017163202214005,8.0,8
9f8ff780-96e5-4df2-aab0-96bbc64de10b,3,0.0927049395888533,4.0,8
9f8ff780-96e5-4df2-aab0-96bbc64de10b,4,0.0073739746254026,7.0,8
9f8ff780-96e5-4df2-aab0-96bbc64de10b,5,0.0642311911731095,5.0,8
9f8ff780-96e5-4df2-aab0-96bbc64de10b,6,0.0167280735955092,6.0,8
9f8ff780-96e5-4df2-aab0-96bbc64de10b,7,0.3644388501419766,1.0,8
9f983258-b970-49dd-bb80-98474e54d147,0,0.0168927940290518,5.0,8
9f983258-b970-49dd-bb80-98474e54d147,1,0.5651739165360709,1.0,8
9f983258-b970-49dd-bb80-98474e54d147,2,0.129022495111949,3.0,8
9f983258-b970-49dd-bb80-98474e54d147,3,0.0036115690832467,7.0,8
9f983258-b970-49dd-bb80-98474e54d147,4,0.0014033475236976,8.0,8
9f983258-b970-49dd-bb80-98474e54d147,5,0.2311152422623622,2.0,8
9f983258-b970-49dd-bb80-98474e54d147,6,0.00540062136168,6.0,8
9f983258-b970-49dd-bb80-98474e54d147,7,0.0473800126854338,4.0,8
9ff2d6c4-7881-427f-b4ea-d723aa1c9520,0,0.2844474138758195,1.0,8
9ff2d6c4-7881-427f-b4ea-d723aa1c9520,1,0.2696094766626533,2.0,8
9ff2d6c4-7881-427f-b4ea-d723aa1c9520,2,0.0143293510203438,6.0,8
9ff2d6c4-7881-427f-b4ea-d723aa1c9520,3,0.063562246043627,5.0,8
9ff2d6c4-7881-427f-b4ea-d723aa1c9520,4,0.0073449689064355,8.0,8
9ff2d6c4-7881-427f-b4ea-d723aa1c9520,5,0.2344656021759091,3.0,8
9ff2d6c4-7881-427f-b4ea-d723aa1c9520,6,0.0092483763585701,7.0,8
9ff2d6c4-7881-427f-b4ea-d723aa1c9520,7,0.1169925611337086,4.0,8
a058cbce-dc0d-4774-9e75-88199afd9f79,0,0.0211440091746714,5.0,8
a058cbce-dc0d-4774-9e75-88199afd9f79,1,0.009683444597961,7.0,8
a058cbce-dc0d-4774-9e75-88199afd9f79,2,0.007152831729461,8.0,8
a058cbce-dc0d-4774-9e75-88199afd9f79,3,0.3457531392612775,2.0,8
a058cbce-dc0d-4774-9e75-88199afd9f79,4,0.0266599083775759,4.0,8
a058cbce-dc0d-4774-9e75-88199afd9f79,5,0.0137692073245625,6.0,8
a058cbce-dc0d-4774-9e75-88199afd9f79,6,0.0502825211820075,3.0,8
a058cbce-dc0d-4774-9e75-88199afd9f79,7,0.525554938031715,1.0,8
a06c3fd0-c6e3-4147-8aa4-39817c8f81ac,0,0.0101722262412923,8.0,8
a06c3fd0-c6e3-4147-8aa4-39817c8f81ac,1,0.0389718011187575,6.0,8
a06c3fd0-c6e3-4147-8aa4-39817c8f81ac,2,0.0163184186986868,7.0,8
a06c3fd0-c6e3-4147-8aa4-39817c8f81ac,3,0.1086098336068724,4.0,8
a06c3fd0-c6e3-4147-8aa4-39817c8f81ac,4,0.0458923336881281,5.0,8
a06c3fd0-c6e3-4147-8aa4-39817c8f81ac,5,0.1462640599284194,3.0,8
a06c3fd0-c6e3-4147-8aa4-39817c8f81ac,6,0.4497363147695937,1.0,8
a06c3fd0-c6e3-4147-8aa4-39817c8f81ac,7,0.4487363147695937,2.0,8
a0f3548c-202a-4d03-a49e-08313606b815,0,0.0095599786562896,8.0,8
a0f3548c-202a-4d03-a49e-08313606b815,1,0.1626245674471157,4.0,8
a0f3548c-202a-4d03-a49e-08313606b815,2,0.4243405389832989,1.0,8
a0f3548c-202a-4d03-a49e-08313606b815,3,0.0188056763782855,5.0,8
a0f3548c-202a-4d03-a49e-08313606b815,4,0.0124801192416345,7.0,8
a0f3548c-202a-4d03-a49e-08313606b815,5,0.1830383198482713,3.0,8
a0f3548c-202a-4d03-a49e-08313606b815,6,0.0145317910313281,6.0,8
a0f3548c-202a-4d03-a49e-08313606b815,7,0.4233405389832989,2.0,8
a13d57f2-54aa-43e9-a1a4-d865a2f347b5,0,0.0052623189287815,8.0,8
a13d57f2-54aa-43e9-a1a4-d865a2f347b5,1,0.0151862402038601,6.0,8
a13d57f2-54aa-43e9-a1a4-d865a2f347b5,2,0.042025165168044,4.0,8
a13d57f2-54aa-43e9-a1a4-d865a2f347b5,3,0.411035784530303,1.0,8
a13d57f2-54aa-43e9-a1a4-d865a2f347b5,4,0.410035784530303,2.0,8
a13d57f2-54aa-43e9-a1a4-d865a2f347b5,5,0.0071137269654044,7.0,8
a13d57f2-54aa-43e9-a1a4-d865a2f347b5,6,0.0407219843442228,5.0,8
a13d57f2-54aa-43e9-a1a4-d865a2f347b5,7,0.0797292205576067,3.0,8
a1f834f6-80de-4cc2-813c-e355c3ad0071,0,0.0020795049579009,8.0,8
a1f834f6-80de-4cc2-813c-e355c3ad0071,1,0.0385430680040323,6.0,8
a1f834f6-80de-4cc2-813c-e355c3ad0071,2,0.007023446542964,7.0,8
a1f834f6-80de-4cc2-813c-e355c3ad0071,3,0.0431974931180416,5.0,8
a1f834f6-80de-4cc2-813c-e355c3ad0071,4,0.2214074398050103,3.0,8
a1f834f6-80de-4cc2-813c-e355c3ad0071,5,0.0523741309057954,4.0,8
a1f834f6-80de-4cc2-813c-e355c3ad0071,6,0.2229947184436295,2.0,8
a1f834f6-80de-4cc2-813c-e355c3ad0071,7,0.4123802009710744,1.0,8
a207b758-a9b6-45c5-bc0f-31eed461b595,0,0.0043478692095921,8.0,8
a207b758-a9b6-45c5-bc0f-31eed461b595,1,0.0971722854724483,3.0,8
a207b758-a9b6-45c5-bc0f-31eed461b595,2,0.0203561796930424,6.0,8
a207b758-a9b6-45c5-bc0f-31eed461b595,3,0.1121683409212603,2.0,8
a207b758-a9b6-45c5-bc0f-31eed461b595,4,0.0824332298705754,4.0,8
a207b758-a9b6-45c5-bc0f-31eed461b595,5,0.0477800846094072,5.0,8
a207b758-a9b6-45c5-bc0f-31eed461b595,6,0.0077733598736632,7.0,8
a207b758-a9b6-45c5-bc0f-31eed461b595,7,0.6279686493569215,1.0,8
a245d839-1714-4bf7-9b3a-5568f0c080b9,0,0.4200569988838498,1.0,8
a245d839-1714-4bf7-9b3a-5568f0c080b9,1,0.3672913284384986,2.0,8
a245d839-1714-4bf7-9b3a-5568f0c080b9,2,0.0016930402330712,8.0,8
a245d839-1714-4bf7-9b3a-5568f0c080b9,3,0.0028552661077167,7.0,8
a245d839-1714-4bf7-9b3a-5568f0c080b9,4,0.002976702386694,6.0,8
a245d839-1714-4bf7-9b3a-5568f0c080b9,5,0.1402172545053374,3.0,8
a245d839-1714-4bf7-9b3a-5568f0c080b9,6,0.010537824684084,5.0,8
a245d839-1714-4bf7-9b3a-5568f0c080b9,7,0.0543715860779786,4.0,8
a2735050-7398-44f5-a67b-32293eb5d498,0,0.354730353149573,2.0,8
a2735050-7398-44f5-a67b-32293eb5d498,1,0.1976502623339142,3.0,8
a2735050-7398-44f5-a67b-32293eb5d498,2,0.0622861234979493,4.0,8
a2735050-7398-44f5-a67b-32293eb5d498,3,0.355730353149573,1.0,8
a2735050-7398-44f5-a67b-32293eb5d498,4,0.0260705099713867,6.0,8
a2735050-7398-44f5-a67b-32293eb5d498,5,0.0410050179236827,5.0,8
a2735050-7398-44f5-a67b-32293eb5d498,6,0.0114865924228163,8.0,8
a2735050-7398-44f5-a67b-32293eb5d498,7,0.0129438820614788,7.0,8
a2c2effd-b67f-447d-b2ee-108226e48b53,0,0.0421784886256654,3.0,8
a2c2effd-b67f-447d-b2ee-108226e48b53,1,0.0137445986115747,6.0,8
a2c2effd-b67f-447d-b2ee-108226e48b53,2,0.7462128062601584,1.0,8
a2c2effd-b67f-447d-b2ee-108226e48b53,3,0.0231860820676696,5.0,8
a2c2effd-b67f-447d-b2ee-108226e48b53,4,0.0060722156604615,8.0,8
a2c2effd-b67f-447d-b2ee-108226e48b53,5,0.1310631779790805,2.0,8
a2c2effd-b67f-447d-b2ee-108226e48b53,6,0.0071696072569325,7.0,8
a2c2effd-b67f-447d-b2ee-108226e48b53,7,0.0303730266189325,4.0,8
a4c61ef2-6cf7-45f9-9557-218d7e32e501,0,0.0446156984648037,4.0,8
a4c61ef2-6cf7-45f9-9557-218d7e32e501,1,0.1906049947137741,2.0,8
a4c61ef2-6cf7-45f9-9557-218d7e32e501,2,0.0030589815863037,8.0,8
a4c61ef2-6cf7-45f9-9557-218d7e32e501,3,0.0746453834314394,3.0,8
a4c61ef2-6cf7-45f9-9557-218d7e32e501,4,0.0084637643326966,5.0,8
a4c61ef2-6cf7-45f9-9557-218d7e32e501,5,0.0053476084910881,7.0,8
a4c61ef2-6cf7-45f9-9557-218d7e32e501,6,0.0067101320120299,6.0,8
a4c61ef2-6cf7-45f9-9557-218d7e32e501,7,0.6665534381480717,1.0,8
a4e48ad3-b804-4a5a-890d-1855acd39fd6,0,0.3686703895425965,2.0,8
a4e48ad3-b804-4a5a-890d-1855acd39fd6,1,0.0729468192613624,3.0,8
a4e48ad3-b804-4a5a-890d-1855acd39fd6,2,0.002600977457718,8.0,8
a4e48ad3-b804-4a5a-890d-1855acd39fd6,3,0.0054932827100266,6.0,8
a4e48ad3-b804-4a5a-890d-1855acd39fd6,4,0.0059576207626856,5.0,8
a4e48ad3-b804-4a5a-890d-1855acd39fd6,5,0.0155596908537164,4.0,8
a4e48ad3-b804-4a5a-890d-1855acd39fd6,6,0.0039130431442739,7.0,8
a4e48ad3-b804-4a5a-890d-1855acd39fd6,7,0.524858171508695,1.0,8
a516dc63-ff1c-4c7d-897b-50052f9cc49a,0,0.0023386185357303,8.0,8
a516dc63-ff1c-4c7d-897b-50052f9cc49a,1,0.0703297369446281,4.0,8
a516dc63-ff1c-4c7d-897b-50052f9cc49a,2,0.0433525455389893,6.0,8
a516dc63-ff1c-4c7d-897b-50052f9cc49a,3,0.3029886753453857,2.0,8
a516dc63-ff1c-4c7d-897b-50052f9cc49a,4,0.3964448195471763,1.0,8
a516dc63-ff1c-4c7d-897b-50052f9cc49a,5,0.0236356585478314,7.0,8
a516dc63-ff1c-4c7d-897b-50052f9cc49a,6,0.0526283347973199,5.0,8
a516dc63-ff1c-4c7d-897b-50052f9cc49a,7,0.1082816107887569,3.0,8
a53e07e0-4129-42b1-904f-749691b1d87c,0,0.300625070603478,2.0,8
a53e07e0-4129-42b1-904f-749691b1d87c,1,0.1637647778073002,3.0,8
a53e07e0-4129-42b1-904f-749691b1d87c,2,0.1311374741246901,4.0,8
a53e07e0-4129-42b1-904f-749691b1d87c,3,0.0009532274519973,8.0,8
a53e07e0-4129-42b1-904f-749691b1d87c,4,0.0027945089481585,7.0,8
a53e07e0-4129-42b1-904f-749691b1d87c,5,0.3499699163645317,1.0,8
a53e07e0-4129-42b1-904f-749691b1d87c,6,0.0396243533518509,5.0,8
a53e07e0-4129-42b1-904f-749691b1d87c,7,0.0111306719102957,6.0,8
a5545a98-0fbe-43ac-bfac-f769df224db2,0,0.0026845444881203,8.0,8
a5545a98-0fbe-43ac-bfac-f769df224db2,1,0.1156205398703402,3.0,8
a5545a98-0fbe-43ac-bfac-f769df224db2,2,0.0047525990422818,7.0,8
a5545a98-0fbe-43ac-bfac-f769df224db2,3,0.0066485770277722,6.0,8
a5545a98-0fbe-43ac-bfac-f769df224db2,4,0.1289818885286536,2.0,8
a5545a98-0fbe-43ac-bfac-f769df224db2,5,0.7252043551402547,1.0,8
a5545a98-0fbe-43ac-bfac-f769df224db2,6,0.0071593725322153,5.0,8
a5545a98-0fbe-43ac-bfac-f769df224db2,7,0.0089481263723422,4.0,8
a573b5a8-d1dc-466a-ae56-ba672cbc40e5,0,0.0044173453155031,7.0,8
a573b5a8-d1dc-466a-ae56-ba672cbc40e5,1,0.1482348292792906,4.0,8
a573b5a8-d1dc-466a-ae56-ba672cbc40e5,2,0.0305469073111716,6.0,8
a573b5a8-d1dc-466a-ae56-ba672cbc40e5,3,0.2025170412822899,3.0,8
a573b5a8-d1dc-466a-ae56-ba672cbc40e5,4,0.0032884950833272,8.0,8
a573b5a8-d1dc-466a-ae56-ba672cbc40e5,5,0.3316297579689462,2.0,8
a573b5a8-d1dc-466a-ae56-ba672cbc40e5,6,0.3326297579689462,1.0,8
a573b5a8-d1dc-466a-ae56-ba672cbc40e5,7,0.0715389694683261,5.0,8
a5c3824c-c195-40c1-b18f-83d9d0a06330,0,0.0076054965744175,4.0,8
a5c3824c-c195-40c1-b18f-83d9d0a06330,1,0.1827955501014273,2.0,8
a5c3824c-c195-40c1-b18f-83d9d0a06330,2,0.0009245183126289,8.0,8
a5c3824c-c195-40c1-b18f-83d9d0a06330,3,0.0094709246361322,3.0,8
a5c3824c-c195-40c1-b18f-83d9d0a06330,4,0.0017108198749733,7.0,8
a5c3824c-c195-40c1-b18f-83d9d0a06330,5,0.0028854932848278,6.0,8
a5c3824c-c195-40c1-b18f-83d9d0a06330,6,0.0042898765270463,5.0,8
a5c3824c-c195-40c1-b18f-83d9d0a06330,7,0.7903173160344353,1.0,8
a5f202b5-dd03-4cd7-a382-88562001cc2d,0,0.0022745600904788,8.0,8
a5f202b5-dd03-4cd7-a382-88562001cc2d,1,0.0115491232425237,7.0,8
a5f202b5-dd03-4cd7-a382-88562001cc2d,2,0.0137958954641597,6.0,8
a5f202b5-dd03-4cd7-a382-88562001cc2d,3,0.4167290950539772,1.0,8
a5f202b5-dd03-4cd7-a382-88562001cc2d,4,0.2531777547636708,2.0,8
a5f202b5-dd03-4cd7-a382-88562001cc2d,5,0.106648237961565,4.0,8
a5f202b5-dd03-4cd7-a382-88562001cc2d,6,0.1538113686731405,3.0,8
a5f202b5-dd03-4cd7-a382-88562001cc2d,7,0.0420139654051267,5.0,8
a628201e-69b3-43e7-ab3e-ff1bf4faed73,0,0.0021942057932881,8.0,8
a628201e-69b3-43e7-ab3e-ff1bf4faed73,1,0.0133307578281069,6.0,8
a628201e-69b3-43e7-ab3e-ff1bf4faed73,2,0.0050092490205483,7.0,8
a628201e-69b3-43e7-ab3e-ff1bf4faed73,3,0.1993127007424518,2.0,8
a628201e-69b3-43e7-ab3e-ff1bf4faed73,4,0.5385314242998968,1.0,8
a628201e-69b3-43e7-ab3e-ff1bf4faed73,5,0.1704405814184883,3.0,8
a628201e-69b3-43e7-ab3e-ff1bf4faed73,6,0.0321264985518522,5.0,8
a628201e-69b3-43e7-ab3e-ff1bf4faed73,7,0.0390545805427121,4.0,8
a68cee57-35e4-4934-b71f-ec13232fec86,0,0.049710738424605,5.0,8
a68cee57-35e4-4934-b71f-ec13232fec86,1,0.5294349695254821,1.0,8
a68cee57-35e4-4934-b71f-ec13232fec86,2,0.0887836367934328,4.0,8
a68cee57-35e4-4934-b71f-ec13232fec86,3,0.1449327504904168,3.0,8
a68cee57-35e4-4934-b71f-ec13232fec86,4,0.0039005300198096,8.0,8
a68cee57-35e4-4934-b71f-ec13232fec86,5,0.0265171587559247,6.0,8
a68cee57-35e4-4934-b71f-ec13232fec86,6,0.0053860912014811,7.0,8
a68cee57-35e4-4934-b71f-ec13232fec86,7,0.1513341276226246,2.0,8
a6da6c6b-a1d8-4ef5-8ee3-2af39da81997,0,0.0075818459911644,8.0,8
a6da6c6b-a1d8-4ef5-8ee3-2af39da81997,1,0.2383141082409538,2.0,8
a6da6c6b-a1d8-4ef5-8ee3-2af39da81997,2,0.0982044274912775,4.0,8
a6da6c6b-a1d8-4ef5-8ee3-2af39da81997,3,0.0551252023296453,7.0,8
a6da6c6b-a1d8-4ef5-8ee3-2af39da81997,4,0.2931023089888154,1.0,8
a6da6c6b-a1d8-4ef5-8ee3-2af39da81997,5,0.1465769056077341,3.0,8
a6da6c6b-a1d8-4ef5-8ee3-2af39da81997,6,0.09765337949946,5.0,8
a6da6c6b-a1d8-4ef5-8ee3-2af39da81997,7,0.0634418186676153,6.0,8
a763914c-7350-44c5-9b33-24e12a92b5f3,0,0.0056801532671038,7.0,8
a763914c-7350-44c5-9b33-24e12a92b5f3,1,0.0882087095611312,4.0,8
a763914c-7350-44c5-9b33-24e12a92b5f3,2,0.4143586166532369,1.0,8
a763914c-7350-44c5-9b33-24e12a92b5f3,3,0.0534703656126632,6.0,8
a763914c-7350-44c5-9b33-24e12a92b5f3,4,0.001793990610751,8.0,8
a763914c-7350-44c5-9b33-24e12a92b5f3,5,0.4133586166532369,2.0,8
a763914c-7350-44c5-9b33-24e12a92b5f3,6,0.103600789619053,3.0,8
a763914c-7350-44c5-9b33-24e12a92b5f3,7,0.080330668235408,5.0,8
a7b60e24-36a8-4fb0-b087-368f71e8909d,0,0.0145818431096472,7.0,8
a7b60e24-36a8-4fb0-b087-368f71e8909d,1,0.1122191675397279,3.0,8
a7b60e24-36a8-4fb0-b087-368f71e8909d,2,0.0267410878687326,6.0,8
a7b60e24-36a8-4fb0-b087-368f71e8909d,3,0.5349826615717631,1.0,8
a7b60e24-36a8-4fb0-b087-368f71e8909d,4,0.0055356318709357,8.0,8
a7b60e24-36a8-4fb0-b087-368f71e8909d,5,0.1833016320984246,2.0,8
a7b60e24-36a8-4fb0-b087-368f71e8909d,6,0.0892744165073347,4.0,8
a7b60e24-36a8-4fb0-b087-368f71e8909d,7,0.0333635665891597,5.0,8
a7cd5bff-fdfd-46e3-a19c-495fef60de96,0,0.0650532574134962,4.0,8
a7cd5bff-fdfd-46e3-a19c-495fef60de96,1,0.4635971680086089,2.0,8
a7cd5bff-fdfd-46e3-a19c-495fef60de96,2,0.0014545072556955,8.0,8
a7cd5bff-fdfd-46e3-a19c-495fef60de96,3,0.0287617309636911,5.0,8
a7cd5bff-fdfd-46e3-a19c-495fef60de96,4,0.0016965500827625,7.0,8
a7cd5bff-fdfd-46e3-a19c-495fef60de96,5,0.0112630300656846,6.0,8
a7cd5bff-fdfd-46e3-a19c-495fef60de96,6,0.4645971680086089,1.0,8
a7cd5bff-fdfd-46e3-a19c-495fef60de96,7,0.3423664566937982,3.0,8
a828bd0f-a39c-447e-8a58-954149ef29e8,0,0.0121509519386821,5.0,8
a828bd0f-a39c-447e-8a58-954149ef29e8,1,0.0179276498424397,4.0,8
a828bd0f-a39c-447e-8a58-954149ef29e8,2,0.8148283343670799,1.0,8
a828bd0f-a39c-447e-8a58-954149ef29e8,3,0.0073405709391823,7.0,8
a828bd0f-a39c-447e-8a58-954149ef29e8,4,0.0018447779934362,8.0,8
a828bd0f-a39c-447e-8a58-954149ef29e8,5,0.0739280607862413,2.0,8
a828bd0f-a39c-447e-8a58-954149ef29e8,6,0.0101732503551034,6.0,8
a828bd0f-a39c-447e-8a58-954149ef29e8,7,0.0618064049323605,3.0,8
a847fdcb-72ea-4fb8-99f2-cd5327138fb9,0,0.1110639217350206,3.0,8
a847fdcb-72ea-4fb8-99f2-cd5327138fb9,1,0.0891673226095583,4.0,8
a847fdcb-72ea-4fb8-99f2-cd5327138fb9,2,0.0028560594861787,7.0,8
a847fdcb-72ea-4fb8-99f2-cd5327138fb9,3,0.0023313164837919,8.0,8
a847fdcb-72ea-4fb8-99f2-cd5327138fb9,4,0.0056474077490473,6.0,8
a847fdcb-72ea-4fb8-99f2-cd5327138fb9,5,0.4139360064085228,1.0,8
a847fdcb-72ea-4fb8-99f2-cd5327138fb9,6,0.0095162834038094,5.0,8
a847fdcb-72ea-4fb8-99f2-cd5327138fb9,7,0.3654816780833678,2.0,8
a8623943-edbe-4b59-8adb-41ecb522f58b,0,0.0016014185685569,8.0,8
a8623943-edbe-4b59-8adb-41ecb522f58b,1,0.0017086370958357,7.0,8
a8623943-edbe-4b59-8adb-41ecb522f58b,2,0.007219968828671,6.0,8
a8623943-edbe-4b59-8adb-41ecb522f58b,3,0.1105292826587844,4.0,8
a8623943-edbe-4b59-8adb-41ecb522f58b,4,0.5018729068805441,1.0,8
a8623943-edbe-4b59-8adb-41ecb522f58b,5,0.1334107459061398,3.0,8
a8623943-edbe-4b59-8adb-41ecb522f58b,6,0.1468742554945041,2.0,8
a8623943-edbe-4b59-8adb-41ecb522f58b,7,0.0967827824042665,5.0,8
a884d0b0-ad34-4668-b345-556650c9938c,0,0.001901165061256,8.0,8
a884d0b0-ad34-4668-b345-556650c9938c,1,0.0189689691250955,6.0,8
a884d0b0-ad34-4668-b345-556650c9938c,2,0.0097081806828581,7.0,8
a884d0b0-ad34-4668-b345-556650c9938c,3,0.4402593641302858,1.0,8
a884d0b0-ad34-4668-b345-556650c9938c,4,0.173140157311794,3.0,8
a884d0b0-ad34-4668-b345-556650c9938c,5,0.026102239375408,5.0,8
a884d0b0-ad34-4668-b345-556650c9938c,6,0.0970206228544938,4.0,8
a884d0b0-ad34-4668-b345-556650c9938c,7,0.2328993035875258,2.0,8
a960d71e-992a-48e5-9665-055737c7cd5e,0,0.0358142756243016,6.0,8
a960d71e-992a-48e5-9665-055737c7cd5e,1,0.0891765717762338,3.0,8
a960d71e-992a-48e5-9665-055737c7cd5e,2,0.4247918717874655,1.0,8
a960d71e-992a-48e5-9665-055737c7cd5e,3,0.0615569657501356,4.0,8
a960d71e-992a-48e5-9665-055737c7cd5e,4,0.0059562481314838,8.0,8
a960d71e-992a-48e5-9665-055737c7cd5e,5,0.0538699975024951,5.0,8
a960d71e-992a-48e5-9665-055737c7cd5e,6,0.3078792123859848,2.0,8
a960d71e-992a-48e5-9665-055737c7cd5e,7,0.020954860006125,7.0,8
a9bb9bc8-c8f1-45ad-8b6a-b2b97b48036c,0,0.020883726011253,5.0,8
a9bb9bc8-c8f1-45ad-8b6a-b2b97b48036c,1,0.122187008533793,3.0,8
a9bb9bc8-c8f1-45ad-8b6a-b2b97b48036c,2,0.4646010079245523,1.0,8
a9bb9bc8-c8f1-45ad-8b6a-b2b97b48036c,3,0.0254276290113092,4.0,8
a9bb9bc8-c8f1-45ad-8b6a-b2b97b48036c,4,0.0009741529306532,8.0,8
a9bb9bc8-c8f1-45ad-8b6a-b2b97b48036c,5,0.0099509347111717,7.0,8
a9bb9bc8-c8f1-45ad-8b6a-b2b97b48036c,6,0.0128205290868412,6.0,8
a9bb9bc8-c8f1-45ad-8b6a-b2b97b48036c,7,0.4636010079245523,2.0,8
aa20feb7-51b2-4460-9dad-e35551dfedfc,0,0.00202928701271,8.0,8
aa20feb7-51b2-4460-9dad-e35551dfedfc,1,0.0841582387332721,3.0,8
aa20feb7-51b2-4460-9dad-e35551dfedfc,2,0.0028140463740542,7.0,8
aa20feb7-51b2-4460-9dad-e35551dfedfc,3,0.0547085232184759,5.0,8
aa20feb7-51b2-4460-9dad-e35551dfedfc,4,0.0507428783596667,6.0,8
aa20feb7-51b2-4460-9dad-e35551dfedfc,5,0.652778344167197,1.0,8
aa20feb7-51b2-4460-9dad-e35551dfedfc,6,0.0966933420312431,2.0,8
aa20feb7-51b2-4460-9dad-e35551dfedfc,7,0.0560753406753667,4.0,8
aa2ba0a0-b461-4c2d-bd9a-1e8ee02be475,0,0.0562202189780547,5.0,8
aa2ba0a0-b461-4c2d-bd9a-1e8ee02be475,1,0.1364960891657796,4.0,8
aa2ba0a0-b461-4c2d-bd9a-1e8ee02be475,2,0.172971310067648,3.0,8
aa2ba0a0-b461-4c2d-bd9a-1e8ee02be475,3,0.0341224202507144,6.0,8
aa2ba0a0-b461-4c2d-bd9a-1e8ee02be475,4,0.0036780400201337,8.0,8
aa2ba0a0-b461-4c2d-bd9a-1e8ee02be475,5,0.0106968971895471,7.0,8
aa2ba0a0-b461-4c2d-bd9a-1e8ee02be475,6,0.4028926264429133,1.0,8
aa2ba0a0-b461-4c2d-bd9a-1e8ee02be475,7,0.4018926264429133,2.0,8
aa963f10-cf5f-4107-a741-4594f0643da3,0,0.0624270402981542,2.0,8
aa963f10-cf5f-4107-a741-4594f0643da3,1,0.0402671747821642,3.0,8
aa963f10-cf5f-4107-a741-4594f0643da3,2,0.8110235571983473,1.0,8
aa963f10-cf5f-4107-a741-4594f0643da3,3,0.0110203088685795,7.0,8
aa963f10-cf5f-4107-a741-4594f0643da3,4,0.0051976470908531,8.0,8
aa963f10-cf5f-4107-a741-4594f0643da3,5,0.0187794587960189,5.0,8
aa963f10-cf5f-4107-a741-4594f0643da3,6,0.015008429568449,6.0,8
aa963f10-cf5f-4107-a741-4594f0643da3,7,0.0362763802612534,4.0,8
ab857aac-6459-4d02-9699-ef575b18c027,0,0.0172458420918527,6.0,8
ab857aac-6459-4d02-9699-ef575b18c027,1,0.0379409613616184,5.0,8
ab857aac-6459-4d02-9699-ef575b18c027,2,0.7355062530491391,1.0,8
ab857aac-6459-4d02-9699-ef575b18c027,3,0.091463955131657,2.0,8
ab857aac-6459-4d02-9699-ef575b18c027,4,0.0051019324517011,8.0,8
ab857aac-6459-4d02-9699-ef575b18c027,5,0.0466322791965339,4.0,8
ab857aac-6459-4d02-9699-ef575b18c027,6,0.0499259414658178,3.0,8
ab857aac-6459-4d02-9699-ef575b18c027,7,0.0161828356164366,7.0,8
ab8915dd-0b10-481b-bf89-7f3490187399,0,0.3777098316273071,1.0,8
ab8915dd-0b10-481b-bf89-7f3490187399,1,0.0138394810902641,6.0,8
ab8915dd-0b10-481b-bf89-7f3490187399,2,0.1847789852011364,3.0,8
ab8915dd-0b10-481b-bf89-7f3490187399,3,0.027257217093651,5.0,8
ab8915dd-0b10-481b-bf89-7f3490187399,4,0.3767098316273071,2.0,8
ab8915dd-0b10-481b-bf89-7f3490187399,5,0.0075612768443965,8.0,8
ab8915dd-0b10-481b-bf89-7f3490187399,6,0.0080895370101518,7.0,8
ab8915dd-0b10-481b-bf89-7f3490187399,7,0.0533973014001528,4.0,8
abab289e-ace9-47c7-b93d-b2eae8d22a85,0,0.2269825527109401,3.0,8
abab289e-ace9-47c7-b93d-b2eae8d22a85,1,0.3818814368351929,2.0,8
abab289e-ace9-47c7-b93d-b2eae8d22a85,2,0.0017130863277259,7.0,8
abab289e-ace9-47c7-b93d-b2eae8d22a85,3,0.0017120031508661,8.0,8
abab289e-ace9-47c7-b93d-b2eae8d22a85,4,0.0281979248354202,5.0,8
abab289e-ace9-47c7-b93d-b2eae8d22a85,5,0.06148915665637,4.0,8
abab289e-ace9-47c7-b93d-b2eae8d22a85,6,0.0087973589993056,6.0,8
abab289e-ace9-47c7-b93d-b2eae8d22a85,7,0.3828814368351929,1.0,8
abe155cf-1ffe-496f-a261-36474e2b7a50,0,0.0112728913229307,7.0,8
abe155cf-1ffe-496f-a261-36474e2b7a50,1,0.055009928471305,5.0,8
abe155cf-1ffe-496f-a261-36474e2b7a50,2,0.0068560345822529,8.0,8
abe155cf-1ffe-496f-a261-36474e2b7a50,3,0.0567980494634958,4.0,8
abe155cf-1ffe-496f-a261-36474e2b7a50,4,0.0757124836377958,2.0,8
abe155cf-1ffe-496f-a261-36474e2b7a50,5,0.0374761153602524,6.0,8
abe155cf-1ffe-496f-a261-36474e2b7a50,6,0.0742912612996177,3.0,8
abe155cf-1ffe-496f-a261-36474e2b7a50,7,0.6825832410575413,1.0,8
abe803c8-e120-4cc5-bcde-dff9366fc47c,0,0.0181439196326573,6.0,8
abe803c8-e120-4cc5-bcde-dff9366fc47c,1,0.044796330343762,5.0,8
abe803c8-e120-4cc5-bcde-dff9366fc47c,2,0.7396403351880166,1.0,8
abe803c8-e120-4cc5-bcde-dff9366fc47c,3,0.058178029992351,3.0,8
abe803c8-e120-4cc5-bcde-dff9366fc47c,4,0.0025881130684068,8.0,8
abe803c8-e120-4cc5-bcde-dff9366fc47c,5,0.0116403642340309,7.0,8
abe803c8-e120-4cc5-bcde-dff9366fc47c,6,0.0758571772086153,2.0,8
abe803c8-e120-4cc5-bcde-dff9366fc47c,7,0.0491557280537431,4.0,8
ac4eaaae-16f5-46ec-b72e-c67f90575175,0,0.004085692424886,7.0,8
ac4eaaae-16f5-46ec-b72e-c67f90575175,1,0.0243859159902093,6.0,8
ac4eaaae-16f5-46ec-b72e-c67f90575175,2,0.0268866700767011,5.0,8
ac4eaaae-16f5-46ec-b72e-c67f90575175,3,0.3588117151911846,2.0,8
ac4eaaae-16f5-46ec-b72e-c67f90575175,4,0.0563215989260552,4.0,8
ac4eaaae-16f5-46ec-b72e-c67f90575175,5,0.0028970428744233,8.0,8
ac4eaaae-16f5-46ec-b72e-c67f90575175,6,0.0757294334122761,3.0,8
ac4eaaae-16f5-46ec-b72e-c67f90575175,7,0.4508819309647038,1.0,8
ac5e8718-a563-42bd-9410-195a4c608477,0,0.0397802896221779,4.0,8
ac5e8718-a563-42bd-9410-195a4c608477,1,0.6801732779914256,1.0,8
ac5e8718-a563-42bd-9410-195a4c608477,2,0.0156915048399875,7.0,8
ac5e8718-a563-42bd-9410-195a4c608477,3,0.0638853481175188,3.0,8
ac5e8718-a563-42bd-9410-195a4c608477,4,0.0301582506388605,6.0,8
ac5e8718-a563-42bd-9410-195a4c608477,5,0.123864292388079,2.0,8
ac5e8718-a563-42bd-9410-195a4c608477,6,0.0125047774586388,8.0,8
ac5e8718-a563-42bd-9410-195a4c608477,7,0.0339422597711385,5.0,8
aca29efd-5b01-4b8b-9423-ae31d679abaf,0,0.7355315567257921,1.0,8
aca29efd-5b01-4b8b-9423-ae31d679abaf,1,0.1285216145643064,2.0,8
aca29efd-5b01-4b8b-9423-ae31d679abaf,2,0.0026727076209106,7.0,8
aca29efd-5b01-4b8b-9423-ae31d679abaf,3,0.0025716876126832,8.0,8
aca29efd-5b01-4b8b-9423-ae31d679abaf,4,0.0027254185701212,6.0,8
aca29efd-5b01-4b8b-9423-ae31d679abaf,5,0.06959760547524,3.0,8
aca29efd-5b01-4b8b-9423-ae31d679abaf,6,0.0303341951464994,4.0,8
aca29efd-5b01-4b8b-9423-ae31d679abaf,7,0.02804521706476,5.0,8
ad5b30bf-7974-4405-9909-6ad68108cd2e,0,0.00765521416756,7.0,8
ad5b30bf-7974-4405-9909-6ad68108cd2e,1,0.0526221881046659,4.0,8
ad5b30bf-7974-4405-9909-6ad68108cd2e,2,0.5684599365176654,1.0,8
ad5b30bf-7974-4405-9909-6ad68108cd2e,3,0.0233466606036912,6.0,8
ad5b30bf-7974-4405-9909-6ad68108cd2e,4,0.0027837034589924,8.0,8
ad5b30bf-7974-4405-9909-6ad68108cd2e,5,0.0506580090300709,5.0,8
ad5b30bf-7974-4405-9909-6ad68108cd2e,6,0.1600859988747761,2.0,8
ad5b30bf-7974-4405-9909-6ad68108cd2e,7,0.1343882898965823,3.0,8
aeac9f1b-8cda-4e81-a72a-dd3bf3ee1c09,0,0.0082470903387031,5.0,8
aeac9f1b-8cda-4e81-a72a-dd3bf3ee1c09,1,0.0907053106716253,3.0,8
aeac9f1b-8cda-4e81-a72a-dd3bf3ee1c09,2,0.2971769901456804,2.0,8
aeac9f1b-8cda-4e81-a72a-dd3bf3ee1c09,3,0.0073847852064559,6.0,8
aeac9f1b-8cda-4e81-a72a-dd3bf3ee1c09,4,0.0019262100287734,8.0,8
aeac9f1b-8cda-4e81-a72a-dd3bf3ee1c09,5,0.0188030145933158,4.0,8
aeac9f1b-8cda-4e81-a72a-dd3bf3ee1c09,6,0.0071800389627149,7.0,8
aeac9f1b-8cda-4e81-a72a-dd3bf3ee1c09,7,0.5685765589292011,1.0,8
aed755cb-2305-4a2c-b3bf-d8591488bf23,0,0.0016854687243838,8.0,8
aed755cb-2305-4a2c-b3bf-d8591488bf23,1,0.0412645921165495,5.0,8
aed755cb-2305-4a2c-b3bf-d8591488bf23,2,0.0064041594382933,7.0,8
aed755cb-2305-4a2c-b3bf-d8591488bf23,3,0.0386586204497382,6.0,8
aed755cb-2305-4a2c-b3bf-d8591488bf23,4,0.1788436078186811,4.0,8
aed755cb-2305-4a2c-b3bf-d8591488bf23,5,0.279121584380854,3.0,8
aed755cb-2305-4a2c-b3bf-d8591488bf23,6,0.3988734168944903,1.0,8
aed755cb-2305-4a2c-b3bf-d8591488bf23,7,0.3978734168944903,2.0,8
afa78be3-06e9-45f0-b961-5e98719be55b,0,0.2215775238441804,2.0,8
afa78be3-06e9-45f0-b961-5e98719be55b,1,0.1106326632934276,5.0,8
afa78be3-06e9-45f0-b961-5e98719be55b,2,0.0042811410815831,8.0,8
afa78be3-06e9-45f0-b961-5e98719be55b,3,0.0135666522415693,6.0,8
afa78be3-06e9-45f0-b961-5e98719be55b,4,0.0049437231348102,7.0,8
afa78be3-06e9-45f0-b961-5e98719be55b,5,0.1764160199642045,3.0,8
afa78be3-06e9-45f0-b961-5e98719be55b,6,0.153900391756689,4.0,8
afa78be3-06e9-45f0-b961-5e98719be55b,7,0.31468188302823,1.0,8
afbcfe40-5ece-464f-bb26-4b17f3c02406,0,0.0068513640099843,6.0,8
afbcfe40-5ece-464f-bb26-4b17f3c02406,1,0.0062639382796401,7.0,8
afbcfe40-5ece-464f-bb26-4b17f3c02406,2,0.0091066190974572,5.0,8
afbcfe40-5ece-464f-bb26-4b17f3c02406,3,0.0332556927471074,3.0,8
afbcfe40-5ece-464f-bb26-4b17f3c02406,4,0.5574270865884987,1.0,8
afbcfe40-5ece-464f-bb26-4b17f3c02406,5,0.0045489478728867,8.0,8
afbcfe40-5ece-464f-bb26-4b17f3c02406,6,0.0114614738671558,4.0,8
afbcfe40-5ece-464f-bb26-4b17f3c02406,7,0.3710848774817493,2.0,8
aff56e9f-3b8e-46a3-aacc-6d0ee66e89a2,0,0.0083499112644946,6.0,8
aff56e9f-3b8e-46a3-aacc-6d0ee66e89a2,1,0.0059184848126065,8.0,8
aff56e9f-3b8e-46a3-aacc-6d0ee66e89a2,2,0.0136770786015735,4.0,8
aff56e9f-3b8e-46a3-aacc-6d0ee66e89a2,3,0.007836773622898,7.0,8
aff56e9f-3b8e-46a3-aacc-6d0ee66e89a2,4,0.3356447847444559,3.0,8
aff56e9f-3b8e-46a3-aacc-6d0ee66e89a2,5,0.013011348126695,5.0,8
aff56e9f-3b8e-46a3-aacc-6d0ee66e89a2,6,0.3425235720939049,1.0,8
aff56e9f-3b8e-46a3-aacc-6d0ee66e89a2,7,0.3415235720939049,2.0,8
b129ebe8-eeea-49e9-b511-eab22d7a69ee,0,0.004368371528256,7.0,8
b129ebe8-eeea-49e9-b511-eab22d7a69ee,1,0.3136254513543664,1.0,8
b129ebe8-eeea-49e9-b511-eab22d7a69ee,2,0.2076003235589393,3.0,8
b129ebe8-eeea-49e9-b511-eab22d7a69ee,3,0.2980319637725585,2.0,8
b129ebe8-eeea-49e9-b511-eab22d7a69ee,4,0.0028744746039871,8.0,8
b129ebe8-eeea-49e9-b511-eab22d7a69ee,5,0.0130756450744428,6.0,8
b129ebe8-eeea-49e9-b511-eab22d7a69ee,6,0.0378110332572954,5.0,8
b129ebe8-eeea-49e9-b511-eab22d7a69ee,7,0.122612739200053,4.0,8
b1a311f4-ef14-4cfa-adb8-107c0366b740,0,0.016465038224256,4.0,8
b1a311f4-ef14-4cfa-adb8-107c0366b740,1,0.5302487068226585,1.0,8
b1a311f4-ef14-4cfa-adb8-107c0366b740,2,0.003811806622277,8.0,8
b1a311f4-ef14-4cfa-adb8-107c0366b740,3,0.3158860015794766,2.0,8
b1a311f4-ef14-4cfa-adb8-107c0366b740,4,0.006944692392089,7.0,8
b1a311f4-ef14-4cfa-adb8-107c0366b740,5,0.0072666576910471,6.0,8
b1a311f4-ef14-4cfa-adb8-107c0366b740,6,0.0113870330256778,5.0,8
b1a311f4-ef14-4cfa-adb8-107c0366b740,7,0.1079900651531026,3.0,8
b1a67167-27cc-4551-b800-6be3a22fed4c,0,0.0025457890392439,7.0,8
b1a67167-27cc-4551-b800-6be3a22fed4c,1,0.0932956253226067,2.0,8
b1a67167-27cc-4551-b800-6be3a22fed4c,2,0.8085895589671145,1.0,8
b1a67167-27cc-4551-b800-6be3a22fed4c,3,0.0109804129267935,5.0,8
b1a67167-27cc-4551-b800-6be3a22fed4c,4,0.0021684031965001,8.0,8
b1a67167-27cc-4551-b800-6be3a22fed4c,5,0.0471216819598297,3.0,8
b1a67167-27cc-4551-b800-6be3a22fed4c,6,0.0041388639877737,6.0,8
b1a67167-27cc-4551-b800-6be3a22fed4c,7,0.0311596692499982,4.0,8
b21bfe0e-fa6e-4985-8de8-41e60d06b9d3,0,0.0080695683510717,7.0,8
b21bfe0e-fa6e-4985-8de8-41e60d06b9d3,1,0.0146601608854442,5.0,8
b21bfe0e-fa6e-4985-8de8-41e60d06b9d3,2,0.8945233870378788,1.0,8
b21bfe0e-fa6e-4985-8de8-41e60d06b9d3,3,0.0138257345331873,6.0,8
b21bfe0e-fa6e-4985-8de8-41e60d06b9d3,4,0.0045181731421361,8.0,8
b21bfe0e-fa6e-4985-8de8-41e60d06b9d3,5,0.022908033104615,2.0,8
b21bfe0e-fa6e-4985-8de8-41e60d06b9d3,6,0.0205951621839789,4.0,8
b21bfe0e-fa6e-4985-8de8-41e60d06b9d3,7,0.0208997828506973,3.0,8
b2324829-04fd-41ad-9419-f9e422454a88,0,0.030229400090834,5.0,8
b2324829-04fd-41ad-9419-f9e422454a88,1,0.0930808100918491,4.0,8
b2324829-04fd-41ad-9419-f9e422454a88,2,0.0259554197767024,6.0,8
b2324829-04fd-41ad-9419-f9e422454a88,3,0.0096038737377365,7.0,8
b2324829-04fd-41ad-9419-f9e422454a88,4,0.1601023849724883,3.0,8
b2324829-04fd-41ad-9419-f9e422454a88,5,0.0038792705411047,8.0,8
b2324829-04fd-41ad-9419-f9e422454a88,6,0.4935334330125345,1.0,8
b2324829-04fd-41ad-9419-f9e422454a88,7,0.4925334330125345,2.0,8
b2a7e80c-077c-4434-9533-c8d2d9ab683a,0,0.00741458036471,5.0,8
b2a7e80c-077c-4434-9533-c8d2d9ab683a,1,0.0527002072649009,3.0,8
b2a7e80c-077c-4434-9533-c8d2d9ab683a,2,0.7101589364547176,1.0,8
b2a7e80c-077c-4434-9533-c8d2d9ab683a,3,0.0057311569336293,6.0,8
b2a7e80c-077c-4434-9533-c8d2d9ab683a,4,0.0020618052557813,8.0,8
b2a7e80c-077c-4434-9533-c8d2d9ab683a,5,0.0288611029836444,4.0,8
b2a7e80c-077c-4434-9533-c8d2d9ab683a,6,0.0055757705921337,7.0,8
b2a7e80c-077c-4434-9533-c8d2d9ab683a,7,0.1874964414661501,2.0,8
b2dc63c9-4840-454b-bd43-b9770bca983f,0,0.7557423705636537,1.0,8
b2dc63c9-4840-454b-bd43-b9770bca983f,1,0.1576017734231742,2.0,8
b2dc63c9-4840-454b-bd43-b9770bca983f,2,0.0045603464927994,7.0,8
b2dc63c9-4840-454b-bd43-b9770bca983f,3,0.0014570592230886,8.0,8
b2dc63c9-4840-454b-bd43-b9770bca983f,4,0.013291009507938,5.0,8
b2dc63c9-4840-454b-bd43-b9770bca983f,5,0.0046920570264578,6.0,8
b2dc63c9-4840-454b-bd43-b9770bca983f,6,0.0146187002249648,4.0,8
b2dc63c9-4840-454b-bd43-b9770bca983f,7,0.0480366863281683,3.0,8
b3c816fb-2b31-4096-80c6-9acf8db1706f,0,0.0224305124526639,5.0,8
b3c816fb-2b31-4096-80c6-9acf8db1706f,1,0.4733571683112947,2.0,8
b3c816fb-2b31-4096-80c6-9acf8db1706f,2,0.0027946745806912,8.0,8
b3c816fb-2b31-4096-80c6-9acf8db1706f,3,0.1402908563507059,3.0,8
b3c816fb-2b31-4096-80c6-9acf8db1706f,4,0.0066615639054688,7.0,8
b3c816fb-2b31-4096-80c6-9acf8db1706f,5,0.4743571683112947,1.0,8
b3c816fb-2b31-4096-80c6-9acf8db1706f,6,0.0116916747721379,6.0,8
b3c816fb-2b31-4096-80c6-9acf8db1706f,7,0.1224073691795265,4.0,8
b3ed91a3-bb3e-437b-a304-9254841a6df0,0,0.0024784023570423,8.0,8
b3ed91a3-bb3e-437b-a304-9254841a6df0,1,0.0155273559302544,6.0,8
b3ed91a3-bb3e-437b-a304-9254841a6df0,2,0.0034387658681158,7.0,8
b3ed91a3-bb3e-437b-a304-9254841a6df0,3,0.0385987849162773,5.0,8
b3ed91a3-bb3e-437b-a304-9254841a6df0,4,0.2034157932684298,3.0,8
b3ed91a3-bb3e-437b-a304-9254841a6df0,5,0.1916384964679683,4.0,8
b3ed91a3-bb3e-437b-a304-9254841a6df0,6,0.2346950183478305,2.0,8
b3ed91a3-bb3e-437b-a304-9254841a6df0,7,0.3102073816855716,1.0,8
b3f1bf5d-0359-468e-b68e-05ccbabffd5c,0,0.0440476225405289,5.0,8
b3f1bf5d-0359-468e-b68e-05ccbabffd5c,1,0.0084679010445671,7.0,8
b3f1bf5d-0359-468e-b68e-05ccbabffd5c,2,0.0218864540915196,6.0,8
b3f1bf5d-0359-468e-b68e-05ccbabffd5c,3,0.1099112765811983,4.0,8
b3f1bf5d-0359-468e-b68e-05ccbabffd5c,4,0.2581884059503099,2.0,8
b3f1bf5d-0359-468e-b68e-05ccbabffd5c,5,0.0042628968223166,8.0,8
b3f1bf5d-0359-468e-b68e-05ccbabffd5c,6,0.1515446240077995,3.0,8
b3f1bf5d-0359-468e-b68e-05ccbabffd5c,7,0.4016908206249999,1.0,8
b41da7a7-3ab5-4871-aa78-53968f537e1e,0,0.009964873969283,7.0,8
b41da7a7-3ab5-4871-aa78-53968f537e1e,1,0.0171832391045798,5.0,8
b41da7a7-3ab5-4871-aa78-53968f537e1e,2,0.833604677366219,1.0,8
b41da7a7-3ab5-4871-aa78-53968f537e1e,3,0.0272599528325792,4.0,8
b41da7a7-3ab5-4871-aa78-53968f537e1e,4,0.0015997055359691,8.0,8
b41da7a7-3ab5-4871-aa78-53968f537e1e,5,0.0138084361862877,6.0,8
b41da7a7-3ab5-4871-aa78-53968f537e1e,6,0.0648588582636122,2.0,8
b41da7a7-3ab5-4871-aa78-53968f537e1e,7,0.0317202543535675,3.0,8
b43ab2b8-df05-49ae-9cf1-413d57206411,0,0.0062422015677548,8.0,8
b43ab2b8-df05-49ae-9cf1-413d57206411,1,0.2201356990243182,2.0,8
b43ab2b8-df05-49ae-9cf1-413d57206411,2,0.0072210944397028,7.0,8
b43ab2b8-df05-49ae-9cf1-413d57206411,3,0.044360952601634,6.0,8
b43ab2b8-df05-49ae-9cf1-413d57206411,4,0.1139262050817334,4.0,8
b43ab2b8-df05-49ae-9cf1-413d57206411,5,0.0583915367706559,5.0,8
b43ab2b8-df05-49ae-9cf1-413d57206411,6,0.2089364258250895,3.0,8
b43ab2b8-df05-49ae-9cf1-413d57206411,7,0.3407858864403581,1.0,8
b4a130ed-808f-44c6-9360-e4c870987f86,0,0.053091201099616,3.0,8
b4a130ed-808f-44c6-9360-e4c870987f86,1,0.1847779699504873,2.0,8
b4a130ed-808f-44c6-9360-e4c870987f86,2,0.044010513665184,4.0,8
b4a130ed-808f-44c6-9360-e4c870987f86,3,0.0435728099748986,5.0,8
b4a130ed-808f-44c6-9360-e4c870987f86,4,0.0059768363682404,8.0,8
b4a130ed-808f-44c6-9360-e4c870987f86,5,0.0208022848761101,6.0,8
b4a130ed-808f-44c6-9360-e4c870987f86,6,0.0068326888777362,7.0,8
b4a130ed-808f-44c6-9360-e4c870987f86,7,0.6409356916578512,1.0,8
b4c0ebfa-3b2f-4456-ab52-20fa3525b474,0,0.0051348808137621,6.0,8
b4c0ebfa-3b2f-4456-ab52-20fa3525b474,1,0.2241317943580062,3.0,8
b4c0ebfa-3b2f-4456-ab52-20fa3525b474,2,0.0028622765621432,8.0,8
b4c0ebfa-3b2f-4456-ab52-20fa3525b474,3,0.0825591896698193,4.0,8
b4c0ebfa-3b2f-4456-ab52-20fa3525b474,4,0.0034277960459477,7.0,8
b4c0ebfa-3b2f-4456-ab52-20fa3525b474,5,0.0118675830603056,5.0,8
b4c0ebfa-3b2f-4456-ab52-20fa3525b474,6,0.391423248455148,1.0,8
b4c0ebfa-3b2f-4456-ab52-20fa3525b474,7,0.2785932281894112,2.0,8
b4dc1a8b-b26d-4ffc-ac3b-108bd2e29d74,0,0.6494008306206956,1.0,8
b4dc1a8b-b26d-4ffc-ac3b-108bd2e29d74,1,0.0598140670639307,4.0,8
b4dc1a8b-b26d-4ffc-ac3b-108bd2e29d74,2,0.0046297307877405,6.0,8
b4dc1a8b-b26d-4ffc-ac3b-108bd2e29d74,3,0.0020173745506105,8.0,8
b4dc1a8b-b26d-4ffc-ac3b-108bd2e29d74,4,0.002851868364157,7.0,8
b4dc1a8b-b26d-4ffc-ac3b-108bd2e29d74,5,0.1567902034566064,2.0,8
b4dc1a8b-b26d-4ffc-ac3b-108bd2e29d74,6,0.0089317542287914,5.0,8
b4dc1a8b-b26d-4ffc-ac3b-108bd2e29d74,7,0.1155641727872761,3.0,8
b4f9b1c0-1bee-4ecd-895f-f67e695117b7,0,0.0386560101577253,3.0,8
b4f9b1c0-1bee-4ecd-895f-f67e695117b7,1,0.8761125606814738,1.0,8
b4f9b1c0-1bee-4ecd-895f-f67e695117b7,2,0.0025708324788684,8.0,8
b4f9b1c0-1bee-4ecd-895f-f67e695117b7,3,0.002598912414647,7.0,8
b4f9b1c0-1bee-4ecd-895f-f67e695117b7,4,0.0049946084052878,5.0,8
b4f9b1c0-1bee-4ecd-895f-f67e695117b7,5,0.0028794199987879,6.0,8
b4f9b1c0-1bee-4ecd-895f-f67e695117b7,6,0.0116193023790321,4.0,8
b4f9b1c0-1bee-4ecd-895f-f67e695117b7,7,0.0605683579033953,2.0,8
b5601e77-6b5c-40a7-842e-d43ea28f9886,0,0.0031621747168005,8.0,8
b5601e77-6b5c-40a7-842e-d43ea28f9886,1,0.4787839940694215,1.0,8
b5601e77-6b5c-40a7-842e-d43ea28f9886,2,0.0058543815063331,7.0,8
b5601e77-6b5c-40a7-842e-d43ea28f9886,3,0.0142753803813878,5.0,8
b5601e77-6b5c-40a7-842e-d43ea28f9886,4,0.2269368071980582,2.0,8
b5601e77-6b5c-40a7-842e-d43ea28f9886,5,0.012652381684387,6.0,8
b5601e77-6b5c-40a7-842e-d43ea28f9886,6,0.093438932276615,4.0,8
b5601e77-6b5c-40a7-842e-d43ea28f9886,7,0.1648959485034435,3.0,8
b6212003-60a3-4727-967b-6f9ed7edcb20,0,0.4103586155888775,1.0,8
b6212003-60a3-4727-967b-6f9ed7edcb20,1,0.214989052086281,3.0,8
b6212003-60a3-4727-967b-6f9ed7edcb20,2,0.0228004628974982,6.0,8
b6212003-60a3-4727-967b-6f9ed7edcb20,3,0.0023997645136594,8.0,8
b6212003-60a3-4727-967b-6f9ed7edcb20,4,0.0039532533898301,7.0,8
b6212003-60a3-4727-967b-6f9ed7edcb20,5,0.0756822764853753,4.0,8
b6212003-60a3-4727-967b-6f9ed7edcb20,6,0.0436970078392785,5.0,8
b6212003-60a3-4727-967b-6f9ed7edcb20,7,0.4093586155888775,2.0,8
b633982b-d7f3-4b85-a164-69877fd9ead1,0,0.3064657616354339,3.0,8
b633982b-d7f3-4b85-a164-69877fd9ead1,1,0.1293428036883815,4.0,8
b633982b-d7f3-4b85-a164-69877fd9ead1,2,0.0017724090982232,8.0,8
b633982b-d7f3-4b85-a164-69877fd9ead1,3,0.0021358456719155,7.0,8
b633982b-d7f3-4b85-a164-69877fd9ead1,4,0.0313252873903468,5.0,8
b633982b-d7f3-4b85-a164-69877fd9ead1,5,0.4315976810315427,1.0,8
b633982b-d7f3-4b85-a164-69877fd9ead1,6,0.0031823616725774,6.0,8
b633982b-d7f3-4b85-a164-69877fd9ead1,7,0.4305976810315427,2.0,8
b6875d19-f75d-4b64-ba01-0d527bef43e1,0,0.0469022865213009,6.0,8
b6875d19-f75d-4b64-ba01-0d527bef43e1,1,0.2045573484232507,4.0,8
b6875d19-f75d-4b64-ba01-0d527bef43e1,2,0.3297140500657989,2.0,8
b6875d19-f75d-4b64-ba01-0d527bef43e1,3,0.2224992223604683,3.0,8
b6875d19-f75d-4b64-ba01-0d527bef43e1,4,0.0010456611958692,8.0,8
b6875d19-f75d-4b64-ba01-0d527bef43e1,5,0.0844984348356865,5.0,8
b6875d19-f75d-4b64-ba01-0d527bef43e1,6,0.0175892964651734,7.0,8
b6875d19-f75d-4b64-ba01-0d527bef43e1,7,0.3307140500657989,1.0,8
b7445e0b-0ef9-41d8-afd4-6dcf5f92dc07,0,0.0096616959218699,6.0,8
b7445e0b-0ef9-41d8-afd4-6dcf5f92dc07,1,0.4345569164165979,1.0,8
b7445e0b-0ef9-41d8-afd4-6dcf5f92dc07,2,0.2893643905627824,2.0,8
b7445e0b-0ef9-41d8-afd4-6dcf5f92dc07,3,0.0061270751281818,7.0,8
b7445e0b-0ef9-41d8-afd4-6dcf5f92dc07,4,0.0043617735615335,8.0,8
b7445e0b-0ef9-41d8-afd4-6dcf5f92dc07,5,0.0818908549592754,4.0,8
b7445e0b-0ef9-41d8-afd4-6dcf5f92dc07,6,0.0375539106642282,5.0,8
b7445e0b-0ef9-41d8-afd4-6dcf5f92dc07,7,0.136483386479573,3.0,8
b7900134-97b1-4196-a481-be007956e0ed,0,0.0027468007911158,8.0,8
b7900134-97b1-4196-a481-be007956e0ed,1,0.0715738974998278,5.0,8
b7900134-97b1-4196-a481-be007956e0ed,2,0.1089235012020799,4.0,8
b7900134-97b1-4196-a481-be007956e0ed,3,0.0066987438537905,7.0,8
b7900134-97b1-4196-a481-be007956e0ed,4,0.3711164013809573,1.0,8
b7900134-97b1-4196-a481-be007956e0ed,5,0.0376205485645981,6.0,8
b7900134-97b1-4196-a481-be007956e0ed,6,0.1733414090146935,3.0,8
b7900134-97b1-4196-a481-be007956e0ed,7,0.2279786993394834,2.0,8
b7970425-e288-46f8-8ea3-728fd6142c03,0,0.0236244150700245,5.0,8
b7970425-e288-46f8-8ea3-728fd6142c03,1,0.2738417470069283,2.0,8
b7970425-e288-46f8-8ea3-728fd6142c03,2,0.1504031932851171,3.0,8
b7970425-e288-46f8-8ea3-728fd6142c03,3,0.0126549596036493,7.0,8
b7970425-e288-46f8-8ea3-728fd6142c03,4,0.0031779664929385,8.0,8
b7970425-e288-46f8-8ea3-728fd6142c03,5,0.0306892668747567,4.0,8
b7970425-e288-46f8-8ea3-728fd6142c03,6,0.0232251482251708,6.0,8
b7970425-e288-46f8-8ea3-728fd6142c03,7,0.4823833056768596,1.0,8
b7b5b580-a277-4863-afbf-e6e4ba224fac,0,0.2772474467526963,3.0,8
b7b5b580-a277-4863-afbf-e6e4ba224fac,1,0.44051229108292,1.0,8
b7b5b580-a277-4863-afbf-e6e4ba224fac,2,0.0018102925852743,8.0,8
b7b5b580-a277-4863-afbf-e6e4ba224fac,3,0.014372358112938,5.0,8
b7b5b580-a277-4863-afbf-e6e4ba224fac,4,0.0020016460157266,6.0,8
b7b5b580-a277-4863-afbf-e6e4ba224fac,5,0.0289903199636759,4.0,8
b7b5b580-a277-4863-afbf-e6e4ba224fac,6,0.001981971291412,7.0,8
b7b5b580-a277-4863-afbf-e6e4ba224fac,7,0.43951229108292,2.0,8
b7dc8d59-483d-484c-b1cb-fc044ab6eae0,0,0.0040848435803872,8.0,8
b7dc8d59-483d-484c-b1cb-fc044ab6eae0,1,0.0146215610471108,6.0,8
b7dc8d59-483d-484c-b1cb-fc044ab6eae0,2,0.0054118678725325,7.0,8
b7dc8d59-483d-484c-b1cb-fc044ab6eae0,3,0.0172301772962541,5.0,8
b7dc8d59-483d-484c-b1cb-fc044ab6eae0,4,0.0532051303894144,3.0,8
b7dc8d59-483d-484c-b1cb-fc044ab6eae0,5,0.0201251349721248,4.0,8
b7dc8d59-483d-484c-b1cb-fc044ab6eae0,6,0.0910256147355974,2.0,8
b7dc8d59-483d-484c-b1cb-fc044ab6eae0,7,0.7942956698014807,1.0,8
b82722d9-f62f-474c-af39-846c03c8a9b1,0,0.1975050781691942,3.0,8
b82722d9-f62f-474c-af39-846c03c8a9b1,1,0.080047014819939,5.0,8
b82722d9-f62f-474c-af39-846c03c8a9b1,2,0.2827670944919525,1.0,8
b82722d9-f62f-474c-af39-846c03c8a9b1,3,0.1701684937114509,4.0,8
b82722d9-f62f-474c-af39-846c03c8a9b1,4,0.0655807116697224,6.0,8
b82722d9-f62f-474c-af39-846c03c8a9b1,5,0.0066617318390905,8.0,8
b82722d9-f62f-474c-af39-846c03c8a9b1,6,0.0149137121452272,7.0,8
b82722d9-f62f-474c-af39-846c03c8a9b1,7,0.2817670944919525,2.0,8
b8430413-2a03-474d-bc09-871e52b1ffe5,0,0.0101677184495375,8.0,8
b8430413-2a03-474d-bc09-871e52b1ffe5,1,0.0680145995944931,6.0,8
b8430413-2a03-474d-bc09-871e52b1ffe5,2,0.012645420368394,7.0,8
b8430413-2a03-474d-bc09-871e52b1ffe5,3,0.2495398658366253,1.0,8
b8430413-2a03-474d-bc09-871e52b1ffe5,4,0.2485398658366253,2.0,8
b8430413-2a03-474d-bc09-871e52b1ffe5,5,0.1618393994379339,4.0,8
b8430413-2a03-474d-bc09-871e52b1ffe5,6,0.1324416123533305,5.0,8
b8430413-2a03-474d-bc09-871e52b1ffe5,7,0.1848635147707403,3.0,8
b8671f32-a412-45a3-b5bb-a2e45d264f6a,0,0.0017669338988647,8.0,8
b8671f32-a412-45a3-b5bb-a2e45d264f6a,1,0.0114040736325414,6.0,8
b8671f32-a412-45a3-b5bb-a2e45d264f6a,2,0.0147535667514776,5.0,8
b8671f32-a412-45a3-b5bb-a2e45d264f6a,3,0.3538993626017562,1.0,8
b8671f32-a412-45a3-b5bb-a2e45d264f6a,4,0.0523547813538808,4.0,8
b8671f32-a412-45a3-b5bb-a2e45d264f6a,5,0.0049177902756084,7.0,8
b8671f32-a412-45a3-b5bb-a2e45d264f6a,6,0.3191626079917355,2.0,8
b8671f32-a412-45a3-b5bb-a2e45d264f6a,7,0.241740887432679,3.0,8
b90f9b6a-954b-4c39-b165-241570df8da5,0,0.5163857537105717,1.0,8
b90f9b6a-954b-4c39-b165-241570df8da5,1,0.2713193433884986,2.0,8
b90f9b6a-954b-4c39-b165-241570df8da5,2,0.0024731188193889,8.0,8
b90f9b6a-954b-4c39-b165-241570df8da5,3,0.0027833194508677,7.0,8
b90f9b6a-954b-4c39-b165-241570df8da5,4,0.0074129566602068,6.0,8
b90f9b6a-954b-4c39-b165-241570df8da5,5,0.0485898417152002,4.0,8
b90f9b6a-954b-4c39-b165-241570df8da5,6,0.0102654807341949,5.0,8
b90f9b6a-954b-4c39-b165-241570df8da5,7,0.1407701866963051,3.0,8
b96cba63-c9a7-4edf-9131-bfa6041a973a,0,0.0049522097701902,8.0,8
b96cba63-c9a7-4edf-9131-bfa6041a973a,1,0.3392927910086776,2.0,8
b96cba63-c9a7-4edf-9131-bfa6041a973a,2,0.0111754288275647,6.0,8
b96cba63-c9a7-4edf-9131-bfa6041a973a,3,0.0260873970907722,5.0,8
b96cba63-c9a7-4edf-9131-bfa6041a973a,4,0.1252079431885659,4.0,8
b96cba63-c9a7-4edf-9131-bfa6041a973a,5,0.0059109078058651,7.0,8
b96cba63-c9a7-4edf-9131-bfa6041a973a,6,0.3596054497074242,1.0,8
b96cba63-c9a7-4edf-9131-bfa6041a973a,7,0.127767871535241,3.0,8
b9ddcf4b-4168-40d4-ad3b-bd8abeb1dac4,0,0.0054301929977756,7.0,8
b9ddcf4b-4168-40d4-ad3b-bd8abeb1dac4,1,0.0445699636613967,5.0,8
b9ddcf4b-4168-40d4-ad3b-bd8abeb1dac4,2,0.057772081668518,4.0,8
b9ddcf4b-4168-40d4-ad3b-bd8abeb1dac4,3,0.5588138034853994,1.0,8
b9ddcf4b-4168-40d4-ad3b-bd8abeb1dac4,4,0.0758023272875141,3.0,8
b9ddcf4b-4168-40d4-ad3b-bd8abeb1dac4,5,0.0050424572812682,8.0,8
b9ddcf4b-4168-40d4-ad3b-bd8abeb1dac4,6,0.0181126542825348,6.0,8
b9ddcf4b-4168-40d4-ad3b-bd8abeb1dac4,7,0.2344565229827135,2.0,8
bb067a22-c0b9-43ba-8762-5320aad9dca0,0,0.0052099198542986,6.0,8
bb067a22-c0b9-43ba-8762-5320aad9dca0,1,0.1912223834435744,2.0,8
bb067a22-c0b9-43ba-8762-5320aad9dca0,2,0.6809104246404272,1.0,8
bb067a22-c0b9-43ba-8762-5320aad9dca0,3,0.0034241561317327,7.0,8
bb067a22-c0b9-43ba-8762-5320aad9dca0,4,0.0024577054731718,8.0,8
bb067a22-c0b9-43ba-8762-5320aad9dca0,5,0.0221230691813401,5.0,8
bb067a22-c0b9-43ba-8762-5320aad9dca0,6,0.0699416288012162,3.0,8
bb067a22-c0b9-43ba-8762-5320aad9dca0,7,0.0247107098127527,4.0,8
bb1fce49-c11d-4fcb-9a1f-cd804c473c17,0,0.0164763558862235,7.0,8
bb1fce49-c11d-4fcb-9a1f-cd804c473c17,1,0.1094623397600816,5.0,8
bb1fce49-c11d-4fcb-9a1f-cd804c473c17,2,0.2387115012658574,2.0,8
bb1fce49-c11d-4fcb-9a1f-cd804c473c17,3,0.1753266332536398,4.0,8
bb1fce49-c11d-4fcb-9a1f-cd804c473c17,4,0.0015528836624649,8.0,8
bb1fce49-c11d-4fcb-9a1f-cd804c473c17,5,0.2397115012658574,1.0,8
bb1fce49-c11d-4fcb-9a1f-cd804c473c17,6,0.0245236117608126,6.0,8
bb1fce49-c11d-4fcb-9a1f-cd804c473c17,7,0.2194320001504855,3.0,8
bb47fd8a-5ec1-404d-a54f-f54b526ab901,0,0.0022034455425669,8.0,8
bb47fd8a-5ec1-404d-a54f-f54b526ab901,1,0.0404279626803495,5.0,8
bb47fd8a-5ec1-404d-a54f-f54b526ab901,2,0.014735106640115,7.0,8
bb47fd8a-5ec1-404d-a54f-f54b526ab901,3,0.031195426803638,6.0,8
bb47fd8a-5ec1-404d-a54f-f54b526ab901,4,0.365847471594938,2.0,8
bb47fd8a-5ec1-404d-a54f-f54b526ab901,5,0.0522886871410113,4.0,8
bb47fd8a-5ec1-404d-a54f-f54b526ab901,6,0.0904435500488562,3.0,8
bb47fd8a-5ec1-404d-a54f-f54b526ab901,7,0.4028583487002067,1.0,8
bbb9bf54-326b-4338-a277-052cdcaa0f95,0,0.0058818130571527,7.0,8
bbb9bf54-326b-4338-a277-052cdcaa0f95,1,0.0249300770576652,4.0,8
bbb9bf54-326b-4338-a277-052cdcaa0f95,2,0.7064121154817493,1.0,8
bbb9bf54-326b-4338-a277-052cdcaa0f95,3,0.0064723588818942,6.0,8
bbb9bf54-326b-4338-a277-052cdcaa0f95,4,0.0023748345474164,8.0,8
bbb9bf54-326b-4338-a277-052cdcaa0f95,5,0.0194524677678049,5.0,8
bbb9bf54-326b-4338-a277-052cdcaa0f95,6,0.1674563159945248,2.0,8
bbb9bf54-326b-4338-a277-052cdcaa0f95,7,0.0670200103070024,3.0,8
bbda8c2f-224f-4850-9d24-8785999ca03a,0,0.1051079012394387,2.0,8
bbda8c2f-224f-4850-9d24-8785999ca03a,1,0.0271799419820512,4.0,8
bbda8c2f-224f-4850-9d24-8785999ca03a,2,0.0158840339371573,6.0,8
bbda8c2f-224f-4850-9d24-8785999ca03a,3,0.0112529822524169,8.0,8
bbda8c2f-224f-4850-9d24-8785999ca03a,4,0.0194458833995123,5.0,8
bbda8c2f-224f-4850-9d24-8785999ca03a,5,0.0541926184294455,3.0,8
bbda8c2f-224f-4850-9d24-8785999ca03a,6,0.0147263711349283,7.0,8
bbda8c2f-224f-4850-9d24-8785999ca03a,7,0.7522102667915634,1.0,8
bc0473c2-358a-4478-9f74-37853ec7322b,0,0.0176571499469803,6.0,8
bc0473c2-358a-4478-9f74-37853ec7322b,1,0.0445027337714152,3.0,8
bc0473c2-358a-4478-9f74-37853ec7322b,2,0.6947353295230889,1.0,8
bc0473c2-358a-4478-9f74-37853ec7322b,3,0.0073618528143682,7.0,8
bc0473c2-358a-4478-9f74-37853ec7322b,4,0.0038770874808519,8.0,8
bc0473c2-358a-4478-9f74-37853ec7322b,5,0.0310652721686769,5.0,8
bc0473c2-358a-4478-9f74-37853ec7322b,6,0.0401064601706301,4.0,8
bc0473c2-358a-4478-9f74-37853ec7322b,7,0.1606941140127238,2.0,8
bc98c0a2-6a3c-4ccc-a508-109f879d47f2,0,0.0177945838316783,2.0,8
bc98c0a2-6a3c-4ccc-a508-109f879d47f2,1,0.0108864205994309,6.0,8
bc98c0a2-6a3c-4ccc-a508-109f879d47f2,2,0.9123090369256198,1.0,8
bc98c0a2-6a3c-4ccc-a508-109f879d47f2,3,0.0164584157348956,4.0,8
bc98c0a2-6a3c-4ccc-a508-109f879d47f2,4,0.0051020663853386,8.0,8
bc98c0a2-6a3c-4ccc-a508-109f879d47f2,5,0.0177342098989836,3.0,8
bc98c0a2-6a3c-4ccc-a508-109f879d47f2,6,0.0077957485250144,7.0,8
bc98c0a2-6a3c-4ccc-a508-109f879d47f2,7,0.011919513323882,5.0,8
bd7b4c43-28c0-465a-b067-a247582e33aa,0,0.111773535601615,4.0,8
bd7b4c43-28c0-465a-b067-a247582e33aa,1,0.0226754573964782,5.0,8
bd7b4c43-28c0-465a-b067-a247582e33aa,2,0.0087276961462693,7.0,8
bd7b4c43-28c0-465a-b067-a247582e33aa,3,0.0119206706458738,6.0,8
bd7b4c43-28c0-465a-b067-a247582e33aa,4,0.5304304676830923,2.0,8
bd7b4c43-28c0-465a-b067-a247582e33aa,5,0.0055448014294832,8.0,8
bd7b4c43-28c0-465a-b067-a247582e33aa,6,0.5314304676830923,1.0,8
bd7b4c43-28c0-465a-b067-a247582e33aa,7,0.1358358024468405,3.0,8
bdf1b08b-0c16-476b-9eaa-92baa516ee7d,0,0.6608884335368114,1.0,8
bdf1b08b-0c16-476b-9eaa-92baa516ee7d,1,0.0741701410496439,3.0,8
bdf1b08b-0c16-476b-9eaa-92baa516ee7d,2,0.0023437801095817,8.0,8
bdf1b08b-0c16-476b-9eaa-92baa516ee7d,3,0.0070349529607973,5.0,8
bdf1b08b-0c16-476b-9eaa-92baa516ee7d,4,0.0063866399441699,6.0,8
bdf1b08b-0c16-476b-9eaa-92baa516ee7d,5,0.0330094086398095,4.0,8
bdf1b08b-0c16-476b-9eaa-92baa516ee7d,6,0.0040427943618016,7.0,8
bdf1b08b-0c16-476b-9eaa-92baa516ee7d,7,0.2121238526524621,2.0,8
be35e311-0aa3-4d28-826f-c04f24e28ab8,0,0.0061183135129449,8.0,8
be35e311-0aa3-4d28-826f-c04f24e28ab8,1,0.0348842462579683,2.0,8
be35e311-0aa3-4d28-826f-c04f24e28ab8,2,0.8932811787502755,1.0,8
be35e311-0aa3-4d28-826f-c04f24e28ab8,3,0.0145646280823665,5.0,8
be35e311-0aa3-4d28-826f-c04f24e28ab8,4,0.0071071950133722,7.0,8
be35e311-0aa3-4d28-826f-c04f24e28ab8,5,0.015092892274897,4.0,8
be35e311-0aa3-4d28-826f-c04f24e28ab8,6,0.0072253530463665,6.0,8
be35e311-0aa3-4d28-826f-c04f24e28ab8,7,0.0217261996637558,3.0,8
be6feab8-8c0b-4fb7-8de8-663a2f12565f,0,0.7979267689163224,1.0,8
be6feab8-8c0b-4fb7-8de8-663a2f12565f,1,0.1068787289041787,2.0,8
be6feab8-8c0b-4fb7-8de8-663a2f12565f,2,0.0023827673306684,8.0,8
be6feab8-8c0b-4fb7-8de8-663a2f12565f,3,0.0025452225172054,7.0,8
be6feab8-8c0b-4fb7-8de8-663a2f12565f,4,0.0044336808397756,6.0,8
be6feab8-8c0b-4fb7-8de8-663a2f12565f,5,0.0102054366671329,5.0,8
be6feab8-8c0b-4fb7-8de8-663a2f12565f,6,0.0228633841833371,4.0,8
be6feab8-8c0b-4fb7-8de8-663a2f12565f,7,0.0527640089870186,3.0,8
bf102908-efcc-4b33-9323-55f26ec7703d,0,0.0037541929174604,7.0,8
bf102908-efcc-4b33-9323-55f26ec7703d,1,0.0152910520208117,6.0,8
bf102908-efcc-4b33-9323-55f26ec7703d,2,0.2750938582797968,1.0,8
bf102908-efcc-4b33-9323-55f26ec7703d,3,0.024906518416585,5.0,8
bf102908-efcc-4b33-9323-55f26ec7703d,4,0.0023323672124461,8.0,8
bf102908-efcc-4b33-9323-55f26ec7703d,5,0.2740938582797968,2.0,8
bf102908-efcc-4b33-9323-55f26ec7703d,6,0.2527892138236053,3.0,8
bf102908-efcc-4b33-9323-55f26ec7703d,7,0.18940052584146,4.0,8
bf421b36-9df7-4f00-844b-08764d4fba43,0,0.0033673622771256,8.0,8
bf421b36-9df7-4f00-844b-08764d4fba43,1,0.0225742779069294,7.0,8
bf421b36-9df7-4f00-844b-08764d4fba43,2,0.4135108811714876,1.0,8
bf421b36-9df7-4f00-844b-08764d4fba43,3,0.0711040039920802,5.0,8
bf421b36-9df7-4f00-844b-08764d4fba43,4,0.1585461662291322,3.0,8
bf421b36-9df7-4f00-844b-08764d4fba43,5,0.1066032234662982,4.0,8
bf421b36-9df7-4f00-844b-08764d4fba43,6,0.4125108811714876,2.0,8
bf421b36-9df7-4f00-844b-08764d4fba43,7,0.0653064556803925,6.0,8
bf508756-1aae-4ad2-ab59-8263828521ce,0,0.030380958089136,5.0,8
bf508756-1aae-4ad2-ab59-8263828521ce,1,0.0253635498780723,6.0,8
bf508756-1aae-4ad2-ab59-8263828521ce,2,0.1758756651983058,4.0,8
bf508756-1aae-4ad2-ab59-8263828521ce,3,0.0132289171281202,7.0,8
bf508756-1aae-4ad2-ab59-8263828521ce,4,0.2045525705233985,3.0,8
bf508756-1aae-4ad2-ab59-8263828521ce,5,0.0023213652398032,8.0,8
bf508756-1aae-4ad2-ab59-8263828521ce,6,0.3072279775402238,1.0,8
bf508756-1aae-4ad2-ab59-8263828521ce,7,0.2410489955135365,2.0,8
bfc9d445-f166-4fca-ab29-77ad776c8e1b,0,0.0058787863005839,7.0,8
bfc9d445-f166-4fca-ab29-77ad776c8e1b,1,0.0772903474043181,4.0,8
bfc9d445-f166-4fca-ab29-77ad776c8e1b,2,0.5709445071911502,1.0,8
bfc9d445-f166-4fca-ab29-77ad776c8e1b,3,0.057070722206178,5.0,8
bfc9d445-f166-4fca-ab29-77ad776c8e1b,4,0.0020416736865669,8.0,8
bfc9d445-f166-4fca-ab29-77ad776c8e1b,5,0.1007392144293887,3.0,8
bfc9d445-f166-4fca-ab29-77ad776c8e1b,6,0.0156804552902181,6.0,8
bfc9d445-f166-4fca-ab29-77ad776c8e1b,7,0.1703542983996797,2.0,8
c06c24d5-7c6c-43a1-b273-4e66a263e69e,0,0.0026330119350773,8.0,8
c06c24d5-7c6c-43a1-b273-4e66a263e69e,1,0.0175537146217131,6.0,8
c06c24d5-7c6c-43a1-b273-4e66a263e69e,2,0.0033305313549078,7.0,8
c06c24d5-7c6c-43a1-b273-4e66a263e69e,3,0.0559523443972279,3.0,8
c06c24d5-7c6c-43a1-b273-4e66a263e69e,4,0.1420835998184745,2.0,8
c06c24d5-7c6c-43a1-b273-4e66a263e69e,5,0.0308458015565599,5.0,8
c06c24d5-7c6c-43a1-b273-4e66a263e69e,6,0.0431065459911914,4.0,8
c06c24d5-7c6c-43a1-b273-4e66a263e69e,7,0.7044944485173897,1.0,8
c0ac65c1-2231-4d0c-9b82-f8735af18c2b,0,0.0118038146265043,7.0,8
c0ac65c1-2231-4d0c-9b82-f8735af18c2b,1,0.034300389485518,5.0,8
c0ac65c1-2231-4d0c-9b82-f8735af18c2b,2,0.562565948663051,1.0,8
c0ac65c1-2231-4d0c-9b82-f8735af18c2b,3,0.0469531722979008,4.0,8
c0ac65c1-2231-4d0c-9b82-f8735af18c2b,4,0.0016855849594243,8.0,8
c0ac65c1-2231-4d0c-9b82-f8735af18c2b,5,0.561565948663051,2.0,8
c0ac65c1-2231-4d0c-9b82-f8735af18c2b,6,0.0907528081742252,3.0,8
c0ac65c1-2231-4d0c-9b82-f8735af18c2b,7,0.0327459779864755,6.0,8
c0bcef1b-f9d6-43cf-b15a-b0854f869817,0,0.0055042479713135,6.0,8
c0bcef1b-f9d6-43cf-b15a-b0854f869817,1,0.0159207289317203,4.0,8
c0bcef1b-f9d6-43cf-b15a-b0854f869817,2,0.8146263512233126,1.0,8
c0bcef1b-f9d6-43cf-b15a-b0854f869817,3,0.004146747411299,7.0,8
c0bcef1b-f9d6-43cf-b15a-b0854f869817,4,0.0015483847696212,8.0,8
c0bcef1b-f9d6-43cf-b15a-b0854f869817,5,0.0440246223777348,3.0,8
c0bcef1b-f9d6-43cf-b15a-b0854f869817,6,0.0102088625658894,5.0,8
c0bcef1b-f9d6-43cf-b15a-b0854f869817,7,0.1040200576658712,2.0,8
c0c8d975-d402-491e-971f-d886d64f4c55,0,0.0233305094284429,6.0,8
c0c8d975-d402-491e-971f-d886d64f4c55,1,0.0152999860201139,7.0,8
c0c8d975-d402-491e-971f-d886d64f4c55,2,0.2835454825605578,3.0,8
c0c8d975-d402-491e-971f-d886d64f4c55,3,0.312646773532562,2.0,8
c0c8d975-d402-491e-971f-d886d64f4c55,4,0.0012028517338305,8.0,8
c0c8d975-d402-491e-971f-d886d64f4c55,5,0.313646773532562,1.0,8
c0c8d975-d402-491e-971f-d886d64f4c55,6,0.0646713112704579,4.0,8
c0c8d975-d402-491e-971f-d886d64f4c55,7,0.0577321784039153,5.0,8
c1184b30-0f8e-4284-9e92-ee458420e194,0,0.0148522453725805,7.0,8
c1184b30-0f8e-4284-9e92-ee458420e194,1,0.1366498304436467,2.0,8
c1184b30-0f8e-4284-9e92-ee458420e194,2,0.6320619911782025,1.0,8
c1184b30-0f8e-4284-9e92-ee458420e194,3,0.0622314050074328,4.0,8
c1184b30-0f8e-4284-9e92-ee458420e194,4,0.0013265374884597,8.0,8
c1184b30-0f8e-4284-9e92-ee458420e194,5,0.0214678347138915,6.0,8
c1184b30-0f8e-4284-9e92-ee458420e194,6,0.0871643498140633,3.0,8
c1184b30-0f8e-4284-9e92-ee458420e194,7,0.0442458078293612,5.0,8
c161d578-2883-4e6b-bca1-acbc5fb5aac9,0,0.0035838543971057,8.0,8
c161d578-2883-4e6b-bca1-acbc5fb5aac9,1,0.1312024193616391,5.0,8
c161d578-2883-4e6b-bca1-acbc5fb5aac9,2,0.1313224862783057,4.0,8
c161d578-2883-4e6b-bca1-acbc5fb5aac9,3,0.0080888516189971,7.0,8
c161d578-2883-4e6b-bca1-acbc5fb5aac9,4,0.0698456498842058,6.0,8
c161d578-2883-4e6b-bca1-acbc5fb5aac9,5,0.3291033357965565,1.0,8
c161d578-2883-4e6b-bca1-acbc5fb5aac9,6,0.1600040836596143,3.0,8
c161d578-2883-4e6b-bca1-acbc5fb5aac9,7,0.1668493162504063,2.0,8
c1b69fd5-e975-4d95-a132-8c7ebeebbf91,0,0.895828520207989,1.0,8
c1b69fd5-e975-4d95-a132-8c7ebeebbf91,1,0.0464521859983548,2.0,8
c1b69fd5-e975-4d95-a132-8c7ebeebbf91,2,0.0029892261958218,8.0,8
c1b69fd5-e975-4d95-a132-8c7ebeebbf91,3,0.0038150736776695,7.0,8
c1b69fd5-e975-4d95-a132-8c7ebeebbf91,4,0.0099306556637997,5.0,8
c1b69fd5-e975-4d95-a132-8c7ebeebbf91,5,0.0102727608030136,4.0,8
c1b69fd5-e975-4d95-a132-8c7ebeebbf91,6,0.0042697165800134,6.0,8
c1b69fd5-e975-4d95-a132-8c7ebeebbf91,7,0.0264418617997777,3.0,8
c1bf86bd-d4bf-467c-85ed-5a153db44dae,0,0.0034655626580728,8.0,8
c1bf86bd-d4bf-467c-85ed-5a153db44dae,1,0.039249597849596,7.0,8
c1bf86bd-d4bf-467c-85ed-5a153db44dae,2,0.0561632080371349,5.0,8
c1bf86bd-d4bf-467c-85ed-5a153db44dae,3,0.0511797679033368,6.0,8
c1bf86bd-d4bf-467c-85ed-5a153db44dae,4,0.1647313856429214,3.0,8
c1bf86bd-d4bf-467c-85ed-5a153db44dae,5,0.0769271669469328,4.0,8
c1bf86bd-d4bf-467c-85ed-5a153db44dae,6,0.3420216279294455,1.0,8
c1bf86bd-d4bf-467c-85ed-5a153db44dae,7,0.2662616787789945,2.0,8
c20f38ca-3cf4-4eb0-9c8c-e3d206f78fc9,0,0.0041593143479785,7.0,8
c20f38ca-3cf4-4eb0-9c8c-e3d206f78fc9,1,0.0036496163648761,8.0,8
c20f38ca-3cf4-4eb0-9c8c-e3d206f78fc9,2,0.0090192552768791,6.0,8
c20f38ca-3cf4-4eb0-9c8c-e3d206f78fc9,3,0.3899434700415771,2.0,8
c20f38ca-3cf4-4eb0-9c8c-e3d206f78fc9,4,0.1778029932367834,3.0,8
c20f38ca-3cf4-4eb0-9c8c-e3d206f78fc9,5,0.0277147726216473,5.0,8
c20f38ca-3cf4-4eb0-9c8c-e3d206f78fc9,6,0.3909434700415771,1.0,8
c20f38ca-3cf4-4eb0-9c8c-e3d206f78fc9,7,0.1352293918082031,4.0,8
c2bba167-bf57-42fd-ade3-e11712b5514a,0,0.0088014185356437,4.0,8
c2bba167-bf57-42fd-ade3-e11712b5514a,1,0.0084184169681978,6.0,8
c2bba167-bf57-42fd-ade3-e11712b5514a,2,0.7971723105089532,1.0,8
c2bba167-bf57-42fd-ade3-e11712b5514a,3,0.0064258300358865,8.0,8
c2bba167-bf57-42fd-ade3-e11712b5514a,4,0.0085113423779046,5.0,8
c2bba167-bf57-42fd-ade3-e11712b5514a,5,0.0553219937669714,3.0,8
c2bba167-bf57-42fd-ade3-e11712b5514a,6,0.1086948520798416,2.0,8
c2bba167-bf57-42fd-ade3-e11712b5514a,7,0.006653833101538,7.0,8
c2cb7c74-23b5-4f63-a46b-21b175dc16c8,0,0.0468775689241868,4.0,8
c2cb7c74-23b5-4f63-a46b-21b175dc16c8,1,0.1039896065076432,3.0,8
c2cb7c74-23b5-4f63-a46b-21b175dc16c8,2,0.0097705655102827,7.0,8
c2cb7c74-23b5-4f63-a46b-21b175dc16c8,3,0.0024979269177439,8.0,8
c2cb7c74-23b5-4f63-a46b-21b175dc16c8,4,0.0116334364606205,6.0,8
c2cb7c74-23b5-4f63-a46b-21b175dc16c8,5,0.577274497623261,1.0,8
c2cb7c74-23b5-4f63-a46b-21b175dc16c8,6,0.0153955675131608,5.0,8
c2cb7c74-23b5-4f63-a46b-21b175dc16c8,7,0.23256082821646,2.0,8
c2cde73c-7c0c-4b89-a0e6-a0dbd41e21a5,0,0.1388199558350502,4.0,8
c2cde73c-7c0c-4b89-a0e6-a0dbd41e21a5,1,0.4538322996643216,1.0,8
c2cde73c-7c0c-4b89-a0e6-a0dbd41e21a5,2,0.0088684717996011,6.0,8
c2cde73c-7c0c-4b89-a0e6-a0dbd41e21a5,3,0.0098694561657493,5.0,8
c2cde73c-7c0c-4b89-a0e6-a0dbd41e21a5,4,0.0047601530484115,8.0,8
c2cde73c-7c0c-4b89-a0e6-a0dbd41e21a5,5,0.0084333598156042,7.0,8
c2cde73c-7c0c-4b89-a0e6-a0dbd41e21a5,6,0.1438753806725,3.0,8
c2cde73c-7c0c-4b89-a0e6-a0dbd41e21a5,7,0.4528322996643216,2.0,8
c2f134d8-28ba-4b86-99a4-33e2cc369cbb,0,0.0032681125172737,8.0,8
c2f134d8-28ba-4b86-99a4-33e2cc369cbb,1,0.0393574194826601,6.0,8
c2f134d8-28ba-4b86-99a4-33e2cc369cbb,2,0.3826313919065771,1.0,8
c2f134d8-28ba-4b86-99a4-33e2cc369cbb,3,0.1062034468564497,5.0,8
c2f134d8-28ba-4b86-99a4-33e2cc369cbb,4,0.0034130505733306,7.0,8
c2f134d8-28ba-4b86-99a4-33e2cc369cbb,5,0.1950328550841666,2.0,8
c2f134d8-28ba-4b86-99a4-33e2cc369cbb,6,0.1067352501056473,4.0,8
c2f134d8-28ba-4b86-99a4-33e2cc369cbb,7,0.1633584725052858,3.0,8
c30f8727-d5a0-4f96-b4a0-0816eb28097c,0,0.0591159675221935,4.0,8
c30f8727-d5a0-4f96-b4a0-0816eb28097c,1,0.0517910491228638,5.0,8
c30f8727-d5a0-4f96-b4a0-0816eb28097c,2,0.495427196883075,1.0,8
c30f8727-d5a0-4f96-b4a0-0816eb28097c,3,0.0081160291712231,7.0,8
c30f8727-d5a0-4f96-b4a0-0816eb28097c,4,0.001906360931902,8.0,8
c30f8727-d5a0-4f96-b4a0-0816eb28097c,5,0.2768630161146549,2.0,8
c30f8727-d5a0-4f96-b4a0-0816eb28097c,6,0.0102225572509242,6.0,8
c30f8727-d5a0-4f96-b4a0-0816eb28097c,7,0.0965578236260072,3.0,8
c3bdb04f-13bd-403b-8c91-d3b2ec0098ff,0,0.0064470005652079,7.0,8
c3bdb04f-13bd-403b-8c91-d3b2ec0098ff,1,0.0372416568439108,3.0,8
c3bdb04f-13bd-403b-8c91-d3b2ec0098ff,2,0.4777662028235193,1.0,8
c3bdb04f-13bd-403b-8c91-d3b2ec0098ff,3,0.0154670987279655,4.0,8
c3bdb04f-13bd-403b-8c91-d3b2ec0098ff,4,0.0017544375981542,8.0,8
c3bdb04f-13bd-403b-8c91-d3b2ec0098ff,5,0.4767662028235193,2.0,8
c3bdb04f-13bd-403b-8c91-d3b2ec0098ff,6,0.0074195896827646,6.0,8
c3bdb04f-13bd-403b-8c91-d3b2ec0098ff,7,0.0102117924790029,5.0,8
c3d194ed-0944-4482-9029-e18ee5304e0e,0,0.0173327946076532,4.0,8
c3d194ed-0944-4482-9029-e18ee5304e0e,1,0.5746239621294766,2.0,8
c3d194ed-0944-4482-9029-e18ee5304e0e,2,0.0039311087183517,8.0,8
c3d194ed-0944-4482-9029-e18ee5304e0e,3,0.0074207625251504,5.0,8
c3d194ed-0944-4482-9029-e18ee5304e0e,4,0.0053897792789094,7.0,8
c3d194ed-0944-4482-9029-e18ee5304e0e,5,0.0189449730231251,3.0,8
c3d194ed-0944-4482-9029-e18ee5304e0e,6,0.0055517629570359,6.0,8
c3d194ed-0944-4482-9029-e18ee5304e0e,7,0.5756239621294766,1.0,8
c42ed7ca-bf1f-47a8-a765-dad600eb1b76,0,0.0298483552404018,3.0,8
c42ed7ca-bf1f-47a8-a765-dad600eb1b76,1,0.801420422168905,1.0,8
c42ed7ca-bf1f-47a8-a765-dad600eb1b76,2,0.0034161577595585,7.0,8
c42ed7ca-bf1f-47a8-a765-dad600eb1b76,3,0.0023244437289387,8.0,8
c42ed7ca-bf1f-47a8-a765-dad600eb1b76,4,0.0034725775711643,6.0,8
c42ed7ca-bf1f-47a8-a765-dad600eb1b76,5,0.0097285167219973,4.0,8
c42ed7ca-bf1f-47a8-a765-dad600eb1b76,6,0.0090183330474353,5.0,8
c42ed7ca-bf1f-47a8-a765-dad600eb1b76,7,0.1407711965183023,2.0,8
c43614f5-eaa5-4db6-97dc-8f30a064f0fe,0,0.0017039188016029,8.0,8
c43614f5-eaa5-4db6-97dc-8f30a064f0fe,1,0.0439950607243684,5.0,8
c43614f5-eaa5-4db6-97dc-8f30a064f0fe,2,0.0187339219029882,7.0,8
c43614f5-eaa5-4db6-97dc-8f30a064f0fe,3,0.2017030747991578,2.0,8
c43614f5-eaa5-4db6-97dc-8f30a064f0fe,4,0.0749446424619793,4.0,8
c43614f5-eaa5-4db6-97dc-8f30a064f0fe,5,0.1623298118211501,3.0,8
c43614f5-eaa5-4db6-97dc-8f30a064f0fe,6,0.0388640239946298,6.0,8
c43614f5-eaa5-4db6-97dc-8f30a064f0fe,7,0.4577255447861157,1.0,8
c44c0707-2a18-4220-8343-e535abda2552,0,0.0133936829785358,6.0,8
c44c0707-2a18-4220-8343-e535abda2552,1,0.1084137718059538,4.0,8
c44c0707-2a18-4220-8343-e535abda2552,2,0.453133605644635,1.0,8
c44c0707-2a18-4220-8343-e535abda2552,3,0.021111435843659,5.0,8
c44c0707-2a18-4220-8343-e535abda2552,4,0.0011429255644158,8.0,8
c44c0707-2a18-4220-8343-e535abda2552,5,0.2122134543661983,2.0,8
c44c0707-2a18-4220-8343-e535abda2552,6,0.0060167030346626,7.0,8
c44c0707-2a18-4220-8343-e535abda2552,7,0.1845744196324139,3.0,8
c4ecf621-0b0d-4fac-a66b-9397dd4b7a52,0,0.1574243527940082,2.0,8
c4ecf621-0b0d-4fac-a66b-9397dd4b7a52,1,0.0770361063788533,3.0,8
c4ecf621-0b0d-4fac-a66b-9397dd4b7a52,2,0.0066861009855242,7.0,8
c4ecf621-0b0d-4fac-a66b-9397dd4b7a52,3,0.0028103211646224,8.0,8
c4ecf621-0b0d-4fac-a66b-9397dd4b7a52,4,0.0146479956459423,6.0,8
c4ecf621-0b0d-4fac-a66b-9397dd4b7a52,5,0.0219453091955321,4.0,8
c4ecf621-0b0d-4fac-a66b-9397dd4b7a52,6,0.0216754491787957,5.0,8
c4ecf621-0b0d-4fac-a66b-9397dd4b7a52,7,0.697774360675792,1.0,8
c4f2bca5-20ab-43c3-8884-cb6694af0058,0,0.0096580927342295,7.0,8
c4f2bca5-20ab-43c3-8884-cb6694af0058,1,0.0070269643929118,8.0,8
c4f2bca5-20ab-43c3-8884-cb6694af0058,2,0.0251887543104665,4.0,8
c4f2bca5-20ab-43c3-8884-cb6694af0058,3,0.1422882534597848,3.0,8
c4f2bca5-20ab-43c3-8884-cb6694af0058,4,0.6074853660513085,1.0,8
c4f2bca5-20ab-43c3-8884-cb6694af0058,5,0.0237096651223682,5.0,8
c4f2bca5-20ab-43c3-8884-cb6694af0058,6,0.0233658878363354,6.0,8
c4f2bca5-20ab-43c3-8884-cb6694af0058,7,0.1612770110510274,2.0,8
c5208546-bae4-4eb1-808f-ea85b5da9a45,0,0.0087169752212248,5.0,8
c5208546-bae4-4eb1-808f-ea85b5da9a45,1,0.0123351525117045,4.0,8
c5208546-bae4-4eb1-808f-ea85b5da9a45,2,0.1853733582243457,3.0,8
c5208546-bae4-4eb1-808f-ea85b5da9a45,3,0.0067286749407462,7.0,8
c5208546-bae4-4eb1-808f-ea85b5da9a45,4,0.0048913650042165,8.0,8
c5208546-bae4-4eb1-808f-ea85b5da9a45,5,0.5263518112525827,2.0,8
c5208546-bae4-4eb1-808f-ea85b5da9a45,6,0.5273518112525827,1.0,8
c5208546-bae4-4eb1-808f-ea85b5da9a45,7,0.0074328171389612,6.0,8
c5bee908-307b-4629-b651-ebb45dcdcab1,0,0.0026195068148002,8.0,8
c5bee908-307b-4629-b651-ebb45dcdcab1,1,0.0039063415075922,7.0,8
c5bee908-307b-4629-b651-ebb45dcdcab1,2,0.5540308819037535,1.0,8
c5bee908-307b-4629-b651-ebb45dcdcab1,3,0.1437860755703512,3.0,8
c5bee908-307b-4629-b651-ebb45dcdcab1,4,0.1787673489988292,2.0,8
c5bee908-307b-4629-b651-ebb45dcdcab1,5,0.0084853154839357,6.0,8
c5bee908-307b-4629-b651-ebb45dcdcab1,6,0.0452552812948836,5.0,8
c5bee908-307b-4629-b651-ebb45dcdcab1,7,0.0631492507379614,4.0,8
c601ab26-4767-4267-ac3e-be9e99a8964a,0,0.4372576610339876,2.0,8
c601ab26-4767-4267-ac3e-be9e99a8964a,1,0.1320891273538171,3.0,8
c601ab26-4767-4267-ac3e-be9e99a8964a,2,0.0166670440704098,6.0,8
c601ab26-4767-4267-ac3e-be9e99a8964a,3,0.0027342407948282,7.0,8
c601ab26-4767-4267-ac3e-be9e99a8964a,4,0.0019857909178912,8.0,8
c601ab26-4767-4267-ac3e-be9e99a8964a,5,0.4382576610339876,1.0,8
c601ab26-4767-4267-ac3e-be9e99a8964a,6,0.0938134658175447,4.0,8
c601ab26-4767-4267-ac3e-be9e99a8964a,7,0.074527018161095,5.0,8
c62bcf43-01e2-41ed-aeda-1131749dd1e6,0,0.0032794277233838,7.0,8
c62bcf43-01e2-41ed-aeda-1131749dd1e6,1,0.0602183725874187,5.0,8
c62bcf43-01e2-41ed-aeda-1131749dd1e6,2,0.2499272816023278,2.0,8
c62bcf43-01e2-41ed-aeda-1131749dd1e6,3,0.0204687092741361,6.0,8
c62bcf43-01e2-41ed-aeda-1131749dd1e6,4,0.0011162179313016,8.0,8
c62bcf43-01e2-41ed-aeda-1131749dd1e6,5,0.2490819117377131,3.0,8
c62bcf43-01e2-41ed-aeda-1131749dd1e6,6,0.2509272816023278,1.0,8
c62bcf43-01e2-41ed-aeda-1131749dd1e6,7,0.1820943233494283,4.0,8
c689526a-d042-4e97-b935-13c37211076d,0,0.0172137366220671,5.0,8
c689526a-d042-4e97-b935-13c37211076d,1,0.2324453109909263,3.0,8
c689526a-d042-4e97-b935-13c37211076d,2,0.3698652709645661,1.0,8
c689526a-d042-4e97-b935-13c37211076d,3,0.0033879134955308,7.0,8
c689526a-d042-4e97-b935-13c37211076d,4,0.0029355258597897,8.0,8
c689526a-d042-4e97-b935-13c37211076d,5,0.3688652709645661,2.0,8
c689526a-d042-4e97-b935-13c37211076d,6,0.0070483701102393,6.0,8
c689526a-d042-4e97-b935-13c37211076d,7,0.0750213415308126,4.0,8
c7a1721f-5aad-453f-b013-0511e3838e37,0,0.0063565554566968,7.0,8
c7a1721f-5aad-453f-b013-0511e3838e37,1,0.1470977130281639,4.0,8
c7a1721f-5aad-453f-b013-0511e3838e37,2,0.3040433302253099,2.0,8
c7a1721f-5aad-453f-b013-0511e3838e37,3,0.0193177280208476,6.0,8
c7a1721f-5aad-453f-b013-0511e3838e37,4,0.0035299240130767,8.0,8
c7a1721f-5aad-453f-b013-0511e3838e37,5,0.0422843543271565,5.0,8
c7a1721f-5aad-453f-b013-0511e3838e37,6,0.306404902845551,1.0,8
c7a1721f-5aad-453f-b013-0511e3838e37,7,0.1709654934326412,3.0,8
c7b01a85-4128-448f-bfde-852cb56faefb,0,0.0023701917957727,8.0,8
c7b01a85-4128-448f-bfde-852cb56faefb,1,0.0762559483627031,4.0,8
c7b01a85-4128-448f-bfde-852cb56faefb,2,0.0885185017565952,3.0,8
c7b01a85-4128-448f-bfde-852cb56faefb,3,0.0471131438767835,7.0,8
c7b01a85-4128-448f-bfde-852cb56faefb,4,0.3620979198950413,1.0,8
c7b01a85-4128-448f-bfde-852cb56faefb,5,0.0553999243268181,6.0,8
c7b01a85-4128-448f-bfde-852cb56faefb,6,0.0662956989022004,5.0,8
c7b01a85-4128-448f-bfde-852cb56faefb,7,0.3019486736011019,2.0,8
c7bbd7a1-d2a1-47f4-adae-77e5e648f353,0,0.3383220008720385,2.0,8
c7bbd7a1-d2a1-47f4-adae-77e5e648f353,1,0.0603239011301838,4.0,8
c7bbd7a1-d2a1-47f4-adae-77e5e648f353,2,0.4076701714986054,1.0,8
c7bbd7a1-d2a1-47f4-adae-77e5e648f353,3,0.0193321256599998,6.0,8
c7bbd7a1-d2a1-47f4-adae-77e5e648f353,4,0.002298600101106,8.0,8
c7bbd7a1-d2a1-47f4-adae-77e5e648f353,5,0.1041114220770592,3.0,8
c7bbd7a1-d2a1-47f4-adae-77e5e648f353,6,0.0101419909008756,7.0,8
c7bbd7a1-d2a1-47f4-adae-77e5e648f353,7,0.0577997841121715,5.0,8
c98e33fb-9a23-48d5-92b3-dc3c15b04b89,0,0.0276317945239276,6.0,8
c98e33fb-9a23-48d5-92b3-dc3c15b04b89,1,0.3268805977471315,3.0,8
c98e33fb-9a23-48d5-92b3-dc3c15b04b89,2,0.0418532608129714,5.0,8
c98e33fb-9a23-48d5-92b3-dc3c15b04b89,3,0.3922720682672176,1.0,8
c98e33fb-9a23-48d5-92b3-dc3c15b04b89,4,0.0044990039065285,8.0,8
c98e33fb-9a23-48d5-92b3-dc3c15b04b89,5,0.0560684648700992,4.0,8
c98e33fb-9a23-48d5-92b3-dc3c15b04b89,6,0.0229023454311022,7.0,8
c98e33fb-9a23-48d5-92b3-dc3c15b04b89,7,0.3912720682672176,2.0,8
ca425450-a39a-4a16-92b8-15547bfe035d,0,0.2062470960348743,3.0,8
ca425450-a39a-4a16-92b8-15547bfe035d,1,0.3226200523702134,2.0,8
ca425450-a39a-4a16-92b8-15547bfe035d,2,0.0044908686833276,7.0,8
ca425450-a39a-4a16-92b8-15547bfe035d,3,0.0025786636871527,8.0,8
ca425450-a39a-4a16-92b8-15547bfe035d,4,0.028548544785852,5.0,8
ca425450-a39a-4a16-92b8-15547bfe035d,5,0.3236200523702134,1.0,8
ca425450-a39a-4a16-92b8-15547bfe035d,6,0.0055613840605502,6.0,8
ca425450-a39a-4a16-92b8-15547bfe035d,7,0.1180392387707971,4.0,8
cae915c1-b34e-4901-bdb2-444cba742f18,0,0.0071967148621587,8.0,8
cae915c1-b34e-4901-bdb2-444cba742f18,1,0.0300803184669283,6.0,8
cae915c1-b34e-4901-bdb2-444cba742f18,2,0.0133646025991766,7.0,8
cae915c1-b34e-4901-bdb2-444cba742f18,3,0.4332180573569731,1.0,8
cae915c1-b34e-4901-bdb2-444cba742f18,4,0.0960770826209435,5.0,8
cae915c1-b34e-4901-bdb2-444cba742f18,5,0.1421807440726067,3.0,8
cae915c1-b34e-4901-bdb2-444cba742f18,6,0.4322180573569731,2.0,8
cae915c1-b34e-4901-bdb2-444cba742f18,7,0.1317819019181594,4.0,8
caea22bc-1b1d-430d-a754-63cd878e5082,0,0.6016532358732782,1.0,8
caea22bc-1b1d-430d-a754-63cd878e5082,1,0.0491303452555249,3.0,8
caea22bc-1b1d-430d-a754-63cd878e5082,2,0.0013010852034758,8.0,8
caea22bc-1b1d-430d-a754-63cd878e5082,3,0.0028109133377966,7.0,8
caea22bc-1b1d-430d-a754-63cd878e5082,4,0.0052144148758467,6.0,8
caea22bc-1b1d-430d-a754-63cd878e5082,5,0.0063751518934132,5.0,8
caea22bc-1b1d-430d-a754-63cd878e5082,6,0.0391822211540203,4.0,8
caea22bc-1b1d-430d-a754-63cd878e5082,7,0.2943326276908574,2.0,8
cb44a0c5-cf81-45e4-a5f7-49439d479247,0,0.1714197610772211,2.0,8
cb44a0c5-cf81-45e4-a5f7-49439d479247,1,0.7451760157177343,1.0,8
cb44a0c5-cf81-45e4-a5f7-49439d479247,2,0.0097071150274585,5.0,8
cb44a0c5-cf81-45e4-a5f7-49439d479247,3,0.0036399520766559,8.0,8
cb44a0c5-cf81-45e4-a5f7-49439d479247,4,0.0038577956635907,7.0,8
cb44a0c5-cf81-45e4-a5f7-49439d479247,5,0.0068641354345489,6.0,8
cb44a0c5-cf81-45e4-a5f7-49439d479247,6,0.0170839754896501,4.0,8
cb44a0c5-cf81-45e4-a5f7-49439d479247,7,0.0422512509626577,3.0,8
cbe0550e-ef37-4efa-acbe-5cb6a7a64a56,0,0.4984575260599174,2.0,8
cbe0550e-ef37-4efa-acbe-5cb6a7a64a56,1,0.0831235364775959,4.0,8
cbe0550e-ef37-4efa-acbe-5cb6a7a64a56,2,0.0049094693464336,6.0,8
cbe0550e-ef37-4efa-acbe-5cb6a7a64a56,3,0.0022304829713824,8.0,8
cbe0550e-ef37-4efa-acbe-5cb6a7a64a56,4,0.0038929124574559,7.0,8
cbe0550e-ef37-4efa-acbe-5cb6a7a64a56,5,0.0166424446484332,5.0,8
cbe0550e-ef37-4efa-acbe-5cb6a7a64a56,6,0.2316715227965306,3.0,8
cbe0550e-ef37-4efa-acbe-5cb6a7a64a56,7,0.4994575260599174,1.0,8
cc2a677f-3bec-46a6-9659-5fd4baaa6fbb,0,0.0118199264912867,8.0,8
cc2a677f-3bec-46a6-9659-5fd4baaa6fbb,1,0.1252306207400275,3.0,8
cc2a677f-3bec-46a6-9659-5fd4baaa6fbb,2,0.019157392489906,7.0,8
cc2a677f-3bec-46a6-9659-5fd4baaa6fbb,3,0.0943239695596171,4.0,8
cc2a677f-3bec-46a6-9659-5fd4baaa6fbb,4,0.041818404026735,5.0,8
cc2a677f-3bec-46a6-9659-5fd4baaa6fbb,5,0.0277323757637347,6.0,8
cc2a677f-3bec-46a6-9659-5fd4baaa6fbb,6,0.5419824989759504,1.0,8
cc2a677f-3bec-46a6-9659-5fd4baaa6fbb,7,0.1379348074032674,2.0,8
cca60b3d-bde0-40b5-a827-f41c7dce98ae,0,0.0093531990996143,6.0,8
cca60b3d-bde0-40b5-a827-f41c7dce98ae,1,0.0427954274013412,5.0,8
cca60b3d-bde0-40b5-a827-f41c7dce98ae,2,0.4990351492944215,1.0,8
cca60b3d-bde0-40b5-a827-f41c7dce98ae,3,0.0039595704537271,8.0,8
cca60b3d-bde0-40b5-a827-f41c7dce98ae,4,0.0050134854277026,7.0,8
cca60b3d-bde0-40b5-a827-f41c7dce98ae,5,0.4980351492944215,2.0,8
cca60b3d-bde0-40b5-a827-f41c7dce98ae,6,0.0603757426989635,4.0,8
cca60b3d-bde0-40b5-a827-f41c7dce98ae,7,0.1410592452772555,3.0,8
ccde5de8-cd11-4a0e-8d24-4ad45efc916f,0,0.0029304264807058,8.0,8
ccde5de8-cd11-4a0e-8d24-4ad45efc916f,1,0.0203313746999256,6.0,8
ccde5de8-cd11-4a0e-8d24-4ad45efc916f,2,0.0121870862189185,7.0,8
ccde5de8-cd11-4a0e-8d24-4ad45efc916f,3,0.3609432245513775,1.0,8
ccde5de8-cd11-4a0e-8d24-4ad45efc916f,4,0.3599432245513775,2.0,8
ccde5de8-cd11-4a0e-8d24-4ad45efc916f,5,0.0770552535407644,5.0,8
ccde5de8-cd11-4a0e-8d24-4ad45efc916f,6,0.1832957004949793,3.0,8
ccde5de8-cd11-4a0e-8d24-4ad45efc916f,7,0.0959226358433951,4.0,8
cdabe562-599a-48b9-836f-c25653fde4df,0,0.0039030854264331,8.0,8
cdabe562-599a-48b9-836f-c25653fde4df,1,0.0185528855370594,4.0,8
cdabe562-599a-48b9-836f-c25653fde4df,2,0.6267420897019628,1.0,8
cdabe562-599a-48b9-836f-c25653fde4df,3,0.0138328705128145,5.0,8
cdabe562-599a-48b9-836f-c25653fde4df,4,0.0049115754352694,7.0,8
cdabe562-599a-48b9-836f-c25653fde4df,5,0.6257420897019628,2.0,8
cdabe562-599a-48b9-836f-c25653fde4df,6,0.0107001030182011,6.0,8
cdabe562-599a-48b9-836f-c25653fde4df,7,0.0266642714296522,3.0,8
cdb77d34-b3f2-4d10-a698-33cfd4c4ba3b,0,0.0026718394914192,7.0,8
cdb77d34-b3f2-4d10-a698-33cfd4c4ba3b,1,0.030791564840438,5.0,8
cdb77d34-b3f2-4d10-a698-33cfd4c4ba3b,2,0.7691634005325413,1.0,8
cdb77d34-b3f2-4d10-a698-33cfd4c4ba3b,3,0.0387167564194528,3.0,8
cdb77d34-b3f2-4d10-a698-33cfd4c4ba3b,4,0.0025812687964266,8.0,8
cdb77d34-b3f2-4d10-a698-33cfd4c4ba3b,5,0.1066124893867926,2.0,8
cdb77d34-b3f2-4d10-a698-33cfd4c4ba3b,6,0.0176031575832796,6.0,8
cdb77d34-b3f2-4d10-a698-33cfd4c4ba3b,7,0.0318595294852685,4.0,8
cdbfddd4-e2da-4dd2-a69f-ee92cbed26ee,0,0.3979669615176309,1.0,8
cdbfddd4-e2da-4dd2-a69f-ee92cbed26ee,1,0.1867308458558412,3.0,8
cdbfddd4-e2da-4dd2-a69f-ee92cbed26ee,2,0.0169863347489473,5.0,8
cdbfddd4-e2da-4dd2-a69f-ee92cbed26ee,3,0.0028393631865086,8.0,8
cdbfddd4-e2da-4dd2-a69f-ee92cbed26ee,4,0.0038534053202266,7.0,8
cdbfddd4-e2da-4dd2-a69f-ee92cbed26ee,5,0.125355537726429,4.0,8
cdbfddd4-e2da-4dd2-a69f-ee92cbed26ee,6,0.0133089093380371,6.0,8
cdbfddd4-e2da-4dd2-a69f-ee92cbed26ee,7,0.3969669615176309,2.0,8
cdf8e14e-614a-429e-8e11-320cb838a6cf,0,0.5052636249594352,1.0,8
cdf8e14e-614a-429e-8e11-320cb838a6cf,1,0.3124642112178581,2.0,8
cdf8e14e-614a-429e-8e11-320cb838a6cf,2,0.0045456586720544,8.0,8
cdf8e14e-614a-429e-8e11-320cb838a6cf,3,0.0047330630161843,7.0,8
cdf8e14e-614a-429e-8e11-320cb838a6cf,4,0.008880116201884,6.0,8
cdf8e14e-614a-429e-8e11-320cb838a6cf,5,0.0783806466124931,3.0,8
cdf8e14e-614a-429e-8e11-320cb838a6cf,6,0.0236798611360121,5.0,8
cdf8e14e-614a-429e-8e11-320cb838a6cf,7,0.0620528193631876,4.0,8
cdffee61-812c-411c-9615-fff56a7e82b2,0,0.0016056287966138,8.0,8
cdffee61-812c-411c-9615-fff56a7e82b2,1,0.0397635070829834,5.0,8
cdffee61-812c-411c-9615-fff56a7e82b2,2,0.0179849277059106,6.0,8
cdffee61-812c-411c-9615-fff56a7e82b2,3,0.0785643567540461,4.0,8
cdffee61-812c-411c-9615-fff56a7e82b2,4,0.3259161486480785,2.0,8
cdffee61-812c-411c-9615-fff56a7e82b2,5,0.0146826973397666,7.0,8
cdffee61-812c-411c-9615-fff56a7e82b2,6,0.1295449294662121,3.0,8
cdffee61-812c-411c-9615-fff56a7e82b2,7,0.3919378014465564,1.0,8
ce0e55f1-04ef-4509-b3d3-ea395dd95a32,0,0.010009407962487,6.0,8
ce0e55f1-04ef-4509-b3d3-ea395dd95a32,1,0.0183373753634641,5.0,8
ce0e55f1-04ef-4509-b3d3-ea395dd95a32,2,0.7801707315800103,1.0,8
ce0e55f1-04ef-4509-b3d3-ea395dd95a32,3,0.00927389183799,7.0,8
ce0e55f1-04ef-4509-b3d3-ea395dd95a32,4,0.001895924914279,8.0,8
ce0e55f1-04ef-4509-b3d3-ea395dd95a32,5,0.0575305355970833,3.0,8
ce0e55f1-04ef-4509-b3d3-ea395dd95a32,6,0.0653191812902875,2.0,8
ce0e55f1-04ef-4509-b3d3-ea395dd95a32,7,0.0574629473527909,4.0,8
ce9ba6bd-0c38-42db-ba80-98795afc11a9,0,0.0013912898834271,8.0,8
ce9ba6bd-0c38-42db-ba80-98795afc11a9,1,0.2004429727945179,3.0,8
ce9ba6bd-0c38-42db-ba80-98795afc11a9,2,0.0286421559971736,6.0,8
ce9ba6bd-0c38-42db-ba80-98795afc11a9,3,0.0132813007139023,7.0,8
ce9ba6bd-0c38-42db-ba80-98795afc11a9,4,0.2177620373454545,2.0,8
ce9ba6bd-0c38-42db-ba80-98795afc11a9,5,0.2187620373454545,1.0,8
ce9ba6bd-0c38-42db-ba80-98795afc11a9,6,0.1943044761189875,4.0,8
ce9ba6bd-0c38-42db-ba80-98795afc11a9,7,0.1377434317227332,5.0,8
cf0ab6ca-f7e1-4cff-bb4d-64bb380ef458,0,0.0054219427835992,7.0,8
cf0ab6ca-f7e1-4cff-bb4d-64bb380ef458,1,0.0066176894380117,6.0,8
cf0ab6ca-f7e1-4cff-bb4d-64bb380ef458,2,0.006939646780895,5.0,8
cf0ab6ca-f7e1-4cff-bb4d-64bb380ef458,3,0.0146660480916649,4.0,8
cf0ab6ca-f7e1-4cff-bb4d-64bb380ef458,4,0.7102567994605716,2.0,8
cf0ab6ca-f7e1-4cff-bb4d-64bb380ef458,5,0.0030489731859766,8.0,8
cf0ab6ca-f7e1-4cff-bb4d-64bb380ef458,6,0.7112567994605716,1.0,8
cf0ab6ca-f7e1-4cff-bb4d-64bb380ef458,7,0.1603429424401584,3.0,8
cf2eacc6-d179-47f6-ac8f-8177a3a68a27,0,0.0774782939523403,3.0,8
cf2eacc6-d179-47f6-ac8f-8177a3a68a27,1,0.6312815342765152,1.0,8
cf2eacc6-d179-47f6-ac8f-8177a3a68a27,2,0.003778208014157,8.0,8
cf2eacc6-d179-47f6-ac8f-8177a3a68a27,3,0.0240343970794813,4.0,8
cf2eacc6-d179-47f6-ac8f-8177a3a68a27,4,0.0049608474472717,7.0,8
cf2eacc6-d179-47f6-ac8f-8177a3a68a27,5,0.019154826203943,5.0,8
cf2eacc6-d179-47f6-ac8f-8177a3a68a27,6,0.0118103467154805,6.0,8
cf2eacc6-d179-47f6-ac8f-8177a3a68a27,7,0.2275015456124655,2.0,8
cf360bcd-3c55-4fb3-8bd1-4f902ca3fa1e,0,0.0022016155054546,8.0,8
cf360bcd-3c55-4fb3-8bd1-4f902ca3fa1e,1,0.0094882369981126,7.0,8
cf360bcd-3c55-4fb3-8bd1-4f902ca3fa1e,2,0.6061873237104684,1.0,8
cf360bcd-3c55-4fb3-8bd1-4f902ca3fa1e,3,0.0280606982415065,5.0,8
cf360bcd-3c55-4fb3-8bd1-4f902ca3fa1e,4,0.0455334550067114,3.0,8
cf360bcd-3c55-4fb3-8bd1-4f902ca3fa1e,5,0.0248669658987117,6.0,8
cf360bcd-3c55-4fb3-8bd1-4f902ca3fa1e,6,0.246380975201188,2.0,8
cf360bcd-3c55-4fb3-8bd1-4f902ca3fa1e,7,0.0372807241223521,4.0,8
cfc23868-7c2d-4d1a-9736-74b3ee14db4e,0,0.006868309078123,7.0,8
cfc23868-7c2d-4d1a-9736-74b3ee14db4e,1,0.0036140642549527,8.0,8
cfc23868-7c2d-4d1a-9736-74b3ee14db4e,2,0.0338753236042613,6.0,8
cfc23868-7c2d-4d1a-9736-74b3ee14db4e,3,0.0676908855012706,4.0,8
cfc23868-7c2d-4d1a-9736-74b3ee14db4e,4,0.2797352206472107,2.0,8
cfc23868-7c2d-4d1a-9736-74b3ee14db4e,5,0.1357651522259449,3.0,8
cfc23868-7c2d-4d1a-9736-74b3ee14db4e,6,0.4261737826549931,1.0,8
cfc23868-7c2d-4d1a-9736-74b3ee14db4e,7,0.0462772679658698,5.0,8
d028b800-27d2-4df4-a585-d1837edcb31a,0,0.606802205881646,1.0,8
d028b800-27d2-4df4-a585-d1837edcb31a,1,0.0737318029938219,4.0,8
d028b800-27d2-4df4-a585-d1837edcb31a,2,0.006044796907517,8.0,8
d028b800-27d2-4df4-a585-d1837edcb31a,3,0.0156917081741311,5.0,8
d028b800-27d2-4df4-a585-d1837edcb31a,4,0.0097773736477789,6.0,8
d028b800-27d2-4df4-a585-d1837edcb31a,5,0.1443440495546591,2.0,8
d028b800-27d2-4df4-a585-d1837edcb31a,6,0.00782583774074,7.0,8
d028b800-27d2-4df4-a585-d1837edcb31a,7,0.135782227058502,3.0,8
d0599366-1fc0-40c6-aed0-244bed7c0bb6,0,0.0073676655369615,7.0,8
d0599366-1fc0-40c6-aed0-244bed7c0bb6,1,0.360489311976033,1.0,8
d0599366-1fc0-40c6-aed0-244bed7c0bb6,2,0.1413140513043526,3.0,8
d0599366-1fc0-40c6-aed0-244bed7c0bb6,3,0.1060817868790535,5.0,8
d0599366-1fc0-40c6-aed0-244bed7c0bb6,4,0.0030036621437847,8.0,8
d0599366-1fc0-40c6-aed0-244bed7c0bb6,5,0.190960303662438,2.0,8
d0599366-1fc0-40c6-aed0-244bed7c0bb6,6,0.1152942576183746,4.0,8
d0599366-1fc0-40c6-aed0-244bed7c0bb6,7,0.0754889616276876,6.0,8
d073213d-e186-4e59-b5ae-9a04cd9360ff,0,0.3476041612841322,1.0,8
d073213d-e186-4e59-b5ae-9a04cd9360ff,1,0.3466041612841322,2.0,8
d073213d-e186-4e59-b5ae-9a04cd9360ff,2,0.2203661393423691,3.0,8
d073213d-e186-4e59-b5ae-9a04cd9360ff,3,0.0107362219855902,6.0,8
d073213d-e186-4e59-b5ae-9a04cd9360ff,4,0.0603720226435192,5.0,8
d073213d-e186-4e59-b5ae-9a04cd9360ff,5,0.0682682606336639,4.0,8
d073213d-e186-4e59-b5ae-9a04cd9360ff,6,0.0024720604088274,8.0,8
d073213d-e186-4e59-b5ae-9a04cd9360ff,7,0.0035402974624917,7.0,8
d0bc4d6e-d777-411f-b581-7b1cd31539fe,0,0.3838253758027135,1.0,8
d0bc4d6e-d777-411f-b581-7b1cd31539fe,1,0.3376610192169352,2.0,8
d0bc4d6e-d777-411f-b581-7b1cd31539fe,2,0.0024843350133521,7.0,8
d0bc4d6e-d777-411f-b581-7b1cd31539fe,3,0.0023003850424711,8.0,8
d0bc4d6e-d777-411f-b581-7b1cd31539fe,4,0.0784704435370816,4.0,8
d0bc4d6e-d777-411f-b581-7b1cd31539fe,5,0.0385957011778066,5.0,8
d0bc4d6e-d777-411f-b581-7b1cd31539fe,6,0.0041761961079254,6.0,8
d0bc4d6e-d777-411f-b581-7b1cd31539fe,7,0.1524865463012293,3.0,8
d16cb270-f169-426e-85bb-4350edcf155a,0,0.5238448930645662,1.0,8
d16cb270-f169-426e-85bb-4350edcf155a,1,0.1075452574433884,3.0,8
d16cb270-f169-426e-85bb-4350edcf155a,2,0.0025925340257305,8.0,8
d16cb270-f169-426e-85bb-4350edcf155a,3,0.0046887614096737,6.0,8
d16cb270-f169-426e-85bb-4350edcf155a,4,0.005923343021068,5.0,8
d16cb270-f169-426e-85bb-4350edcf155a,5,0.0228784678914199,4.0,8
d16cb270-f169-426e-85bb-4350edcf155a,6,0.0038889872816153,7.0,8
d16cb270-f169-426e-85bb-4350edcf155a,7,0.3286377585018251,2.0,8
d1773fc7-bdee-489e-9676-da0fe20aec3e,0,0.3282201166200069,2.0,8
d1773fc7-bdee-489e-9676-da0fe20aec3e,1,0.2257825731541667,3.0,8
d1773fc7-bdee-489e-9676-da0fe20aec3e,2,0.0034041805731772,8.0,8
d1773fc7-bdee-489e-9676-da0fe20aec3e,3,0.0106642056113493,6.0,8
d1773fc7-bdee-489e-9676-da0fe20aec3e,4,0.0139446188538775,5.0,8
d1773fc7-bdee-489e-9676-da0fe20aec3e,5,0.0403594460406407,4.0,8
d1773fc7-bdee-489e-9676-da0fe20aec3e,6,0.0057907724265293,7.0,8
d1773fc7-bdee-489e-9676-da0fe20aec3e,7,0.3718340908621212,1.0,8
d1dd7818-2448-4eab-af77-73f4a6730b12,0,0.6593977574238291,1.0,8
d1dd7818-2448-4eab-af77-73f4a6730b12,1,0.2570896724795455,2.0,8
d1dd7818-2448-4eab-af77-73f4a6730b12,2,0.0049098539610275,6.0,8
d1dd7818-2448-4eab-af77-73f4a6730b12,3,0.0012303487745316,8.0,8
d1dd7818-2448-4eab-af77-73f4a6730b12,4,0.0042484563772547,7.0,8
d1dd7818-2448-4eab-af77-73f4a6730b12,5,0.0216784670597452,4.0,8
d1dd7818-2448-4eab-af77-73f4a6730b12,6,0.0151061424001881,5.0,8
d1dd7818-2448-4eab-af77-73f4a6730b12,7,0.0363393003447007,3.0,8
d20dcffa-4a2c-4e6c-b195-00458fa1db6f,0,0.0107373650147219,7.0,8
d20dcffa-4a2c-4e6c-b195-00458fa1db6f,1,0.025569555459934,4.0,8
d20dcffa-4a2c-4e6c-b195-00458fa1db6f,2,0.7192767321241046,1.0,8
d20dcffa-4a2c-4e6c-b195-00458fa1db6f,3,0.0173592212671396,5.0,8
d20dcffa-4a2c-4e6c-b195-00458fa1db6f,4,0.0015534578624173,8.0,8
d20dcffa-4a2c-4e6c-b195-00458fa1db6f,5,0.0469002842112708,3.0,8
d20dcffa-4a2c-4e6c-b195-00458fa1db6f,6,0.0132224210037856,6.0,8
d20dcffa-4a2c-4e6c-b195-00458fa1db6f,7,0.1653809631541271,2.0,8
d2b6703a-73ce-4b36-92a0-563131a612d1,0,0.0017477106846026,8.0,8
d2b6703a-73ce-4b36-92a0-563131a612d1,1,0.0089824236170084,7.0,8
d2b6703a-73ce-4b36-92a0-563131a612d1,2,0.4034603718586432,2.0,8
d2b6703a-73ce-4b36-92a0-563131a612d1,3,0.4044603718586432,1.0,8
d2b6703a-73ce-4b36-92a0-563131a612d1,4,0.231027481493378,3.0,8
d2b6703a-73ce-4b36-92a0-563131a612d1,5,0.0152028385496783,6.0,8
d2b6703a-73ce-4b36-92a0-563131a612d1,6,0.0284509036306535,5.0,8
d2b6703a-73ce-4b36-92a0-563131a612d1,7,0.0708691484393571,4.0,8
d2cc1227-4070-47e9-b31c-de41c650f854,0,0.0018430465598146,8.0,8
d2cc1227-4070-47e9-b31c-de41c650f854,1,0.0279506735239963,6.0,8
d2cc1227-4070-47e9-b31c-de41c650f854,2,0.0122071858633259,7.0,8
d2cc1227-4070-47e9-b31c-de41c650f854,3,0.1325372758047245,4.0,8
d2cc1227-4070-47e9-b31c-de41c650f854,4,0.3866478903920937,2.0,8
d2cc1227-4070-47e9-b31c-de41c650f854,5,0.1210353326780905,5.0,8
d2cc1227-4070-47e9-b31c-de41c650f854,6,0.3876478903920937,1.0,8
d2cc1227-4070-47e9-b31c-de41c650f854,7,0.1933546087093147,3.0,8
d35b1d57-623c-427e-ae1c-145698e67cc8,0,0.4349142750164428,1.0,8
d35b1d57-623c-427e-ae1c-145698e67cc8,1,0.0023277233803617,8.0,8
d35b1d57-623c-427e-ae1c-145698e67cc8,2,0.1871916202324105,4.0,8
d35b1d57-623c-427e-ae1c-145698e67cc8,3,0.1940559969083677,3.0,8
d35b1d57-623c-427e-ae1c-145698e67cc8,4,0.4339142750164428,2.0,8
d35b1d57-623c-427e-ae1c-145698e67cc8,5,0.0055741982752506,6.0,8
d35b1d57-623c-427e-ae1c-145698e67cc8,6,0.0356390000942407,5.0,8
d35b1d57-623c-427e-ae1c-145698e67cc8,7,0.005288728518991,7.0,8
d3bf2c1a-28fc-442b-b0c5-f81ee7733291,0,0.0064187404180259,7.0,8
d3bf2c1a-28fc-442b-b0c5-f81ee7733291,1,0.0411376930347968,3.0,8
d3bf2c1a-28fc-442b-b0c5-f81ee7733291,2,0.848955007518423,1.0,8
d3bf2c1a-28fc-442b-b0c5-f81ee7733291,3,0.0092190401400358,6.0,8
d3bf2c1a-28fc-442b-b0c5-f81ee7733291,4,0.0027835549174917,8.0,8
d3bf2c1a-28fc-442b-b0c5-f81ee7733291,5,0.0163440640487675,4.0,8
d3bf2c1a-28fc-442b-b0c5-f81ee7733291,6,0.0107857115802028,5.0,8
d3bf2c1a-28fc-442b-b0c5-f81ee7733291,7,0.0643561844623398,2.0,8
d3cffda7-a228-40d3-b73e-b243a6f8ffcc,0,0.0082226239337079,8.0,8
d3cffda7-a228-40d3-b73e-b243a6f8ffcc,1,0.027592357460427,3.0,8
d3cffda7-a228-40d3-b73e-b243a6f8ffcc,2,0.855834245921832,1.0,8
d3cffda7-a228-40d3-b73e-b243a6f8ffcc,3,0.0172379036158904,6.0,8
d3cffda7-a228-40d3-b73e-b243a6f8ffcc,4,0.0095529359856329,7.0,8
d3cffda7-a228-40d3-b73e-b243a6f8ffcc,5,0.0240608294876349,5.0,8
d3cffda7-a228-40d3-b73e-b243a6f8ffcc,6,0.0275165116197382,4.0,8
d3cffda7-a228-40d3-b73e-b243a6f8ffcc,7,0.0299825960766632,2.0,8
d42825a1-b802-4b45-bc22-74b0a48417b7,0,0.4228212639357575,1.0,8
d42825a1-b802-4b45-bc22-74b0a48417b7,1,0.3480441687989669,2.0,8
d42825a1-b802-4b45-bc22-74b0a48417b7,2,0.0019296643063392,7.0,8
d42825a1-b802-4b45-bc22-74b0a48417b7,3,0.0095784067863577,6.0,8
d42825a1-b802-4b45-bc22-74b0a48417b7,4,0.0009066134567709,8.0,8
d42825a1-b802-4b45-bc22-74b0a48417b7,5,0.023419612900481,5.0,8
d42825a1-b802-4b45-bc22-74b0a48417b7,6,0.120299002374876,3.0,8
d42825a1-b802-4b45-bc22-74b0a48417b7,7,0.0730012683943027,4.0,8
d4ba8ae6-63a7-4c0d-9255-7784c7043141,0,0.0585443222522613,5.0,8
d4ba8ae6-63a7-4c0d-9255-7784c7043141,1,0.2945532293824036,2.0,8
d4ba8ae6-63a7-4c0d-9255-7784c7043141,2,0.0018638215126765,8.0,8
d4ba8ae6-63a7-4c0d-9255-7784c7043141,3,0.0833641988409679,4.0,8
d4ba8ae6-63a7-4c0d-9255-7784c7043141,4,0.0263906078662339,7.0,8
d4ba8ae6-63a7-4c0d-9255-7784c7043141,5,0.0452004178562533,6.0,8
d4ba8ae6-63a7-4c0d-9255-7784c7043141,6,0.2955532293824036,1.0,8
d4ba8ae6-63a7-4c0d-9255-7784c7043141,7,0.2705885408692493,3.0,8
d501867b-15cb-40d7-84f8-972f96a13855,0,0.003235843133075,8.0,8
d501867b-15cb-40d7-84f8-972f96a13855,1,0.0320651136698868,5.0,8
d501867b-15cb-40d7-84f8-972f96a13855,2,0.0114177431722446,7.0,8
d501867b-15cb-40d7-84f8-972f96a13855,3,0.0166240801173608,6.0,8
d501867b-15cb-40d7-84f8-972f96a13855,4,0.6463199819430785,1.0,8
d501867b-15cb-40d7-84f8-972f96a13855,5,0.0624881455946587,3.0,8
d501867b-15cb-40d7-84f8-972f96a13855,6,0.1741021030022038,2.0,8
d501867b-15cb-40d7-84f8-972f96a13855,7,0.0537469877914278,4.0,8
d5a52cd0-adc7-420a-b5e5-de608da25bcb,0,0.0290965132130643,3.0,8
d5a52cd0-adc7-420a-b5e5-de608da25bcb,1,0.1285622471310869,2.0,8
d5a52cd0-adc7-420a-b5e5-de608da25bcb,2,0.0038486295825761,7.0,8
d5a52cd0-adc7-420a-b5e5-de608da25bcb,3,0.0024635346313987,8.0,8
d5a52cd0-adc7-420a-b5e5-de608da25bcb,4,0.005696085877365,6.0,8
d5a52cd0-adc7-420a-b5e5-de608da25bcb,5,0.0181549399816089,4.0,8
d5a52cd0-adc7-420a-b5e5-de608da25bcb,6,0.0171139815116842,5.0,8
d5a52cd0-adc7-420a-b5e5-de608da25bcb,7,0.7950640679187329,1.0,8
d6267277-576e-438b-9ca9-d93bb2ffe62a,0,0.5854805966007232,1.0,8
d6267277-576e-438b-9ca9-d93bb2ffe62a,1,0.1445712060736229,3.0,8
d6267277-576e-438b-9ca9-d93bb2ffe62a,2,0.0046272457985185,8.0,8
d6267277-576e-438b-9ca9-d93bb2ffe62a,3,0.0381041056000084,5.0,8
d6267277-576e-438b-9ca9-d93bb2ffe62a,4,0.0395970612422884,4.0,8
d6267277-576e-438b-9ca9-d93bb2ffe62a,5,0.0052406990299267,7.0,8
d6267277-576e-438b-9ca9-d93bb2ffe62a,6,0.0064913540836578,6.0,8
d6267277-576e-438b-9ca9-d93bb2ffe62a,7,0.1758877344686862,2.0,8
d64948db-5ccd-4e07-9ca4-ceb0cc172f39,0,0.0168232846668355,5.0,8
d64948db-5ccd-4e07-9ca4-ceb0cc172f39,1,0.5836501259971418,1.0,8
d64948db-5ccd-4e07-9ca4-ceb0cc172f39,2,0.0013029230084317,8.0,8
d64948db-5ccd-4e07-9ca4-ceb0cc172f39,3,0.3085734922693526,2.0,8
d64948db-5ccd-4e07-9ca4-ceb0cc172f39,4,0.0036946250590713,7.0,8
d64948db-5ccd-4e07-9ca4-ceb0cc172f39,5,0.0093440531746739,6.0,8
d64948db-5ccd-4e07-9ca4-ceb0cc172f39,6,0.0187260006383543,4.0,8
d64948db-5ccd-4e07-9ca4-ceb0cc172f39,7,0.0578854933217424,3.0,8
d6bec2cf-948b-4378-819e-507b4935bfb2,0,0.0263829526022017,7.0,8
d6bec2cf-948b-4378-819e-507b4935bfb2,1,0.0550332128675086,5.0,8
d6bec2cf-948b-4378-819e-507b4935bfb2,2,0.6354737647687672,1.0,8
d6bec2cf-948b-4378-819e-507b4935bfb2,3,0.0793887696086626,3.0,8
d6bec2cf-948b-4378-819e-507b4935bfb2,4,0.0022314038821285,8.0,8
d6bec2cf-948b-4378-819e-507b4935bfb2,5,0.0738070292112565,4.0,8
d6bec2cf-948b-4378-819e-507b4935bfb2,6,0.083079270679066,2.0,8
d6bec2cf-948b-4378-819e-507b4935bfb2,7,0.0446035976036751,6.0,8
d6e6930a-8e38-4390-a3e9-d308a5ab2674,0,0.2631505047995868,2.0,8
d6e6930a-8e38-4390-a3e9-d308a5ab2674,1,0.4127070827928375,1.0,8
d6e6930a-8e38-4390-a3e9-d308a5ab2674,2,0.0011488618068251,8.0,8
d6e6930a-8e38-4390-a3e9-d308a5ab2674,3,0.0927872948911149,4.0,8
d6e6930a-8e38-4390-a3e9-d308a5ab2674,4,0.0044131743268348,7.0,8
d6e6930a-8e38-4390-a3e9-d308a5ab2674,5,0.0342232482115239,6.0,8
d6e6930a-8e38-4390-a3e9-d308a5ab2674,6,0.1357225187075516,3.0,8
d6e6930a-8e38-4390-a3e9-d308a5ab2674,7,0.0558473109667263,5.0,8
d856932b-bded-4c23-9872-156bc9d093ae,0,0.7919274428490014,1.0,8
d856932b-bded-4c23-9872-156bc9d093ae,1,0.0672418376395831,2.0,8
d856932b-bded-4c23-9872-156bc9d093ae,2,0.00280832007096,7.0,8
d856932b-bded-4c23-9872-156bc9d093ae,3,0.0015965698448774,8.0,8
d856932b-bded-4c23-9872-156bc9d093ae,4,0.0055317633163223,6.0,8
d856932b-bded-4c23-9872-156bc9d093ae,5,0.0446401830843371,4.0,8
d856932b-bded-4c23-9872-156bc9d093ae,6,0.0333423179005115,5.0,8
d856932b-bded-4c23-9872-156bc9d093ae,7,0.0529115680649665,3.0,8
d88b597e-9002-4335-a635-e0914554f12a,0,0.225631986766429,3.0,8
d88b597e-9002-4335-a635-e0914554f12a,1,0.1503334009385158,4.0,8
d88b597e-9002-4335-a635-e0914554f12a,2,0.0049500550730943,6.0,8
d88b597e-9002-4335-a635-e0914554f12a,3,0.003940872912777,7.0,8
d88b597e-9002-4335-a635-e0914554f12a,4,0.0015807122910868,8.0,8
d88b597e-9002-4335-a635-e0914554f12a,5,0.052461799546844,5.0,8
d88b597e-9002-4335-a635-e0914554f12a,6,0.388366214921832,1.0,8
d88b597e-9002-4335-a635-e0914554f12a,7,0.387366214921832,2.0,8
d8a43c9b-a785-4ca3-8a10-09bb59b0ab66,0,0.7376665948008952,1.0,8
d8a43c9b-a785-4ca3-8a10-09bb59b0ab66,1,0.0705609859033216,3.0,8
d8a43c9b-a785-4ca3-8a10-09bb59b0ab66,2,0.0034028466199066,8.0,8
d8a43c9b-a785-4ca3-8a10-09bb59b0ab66,3,0.0047071037676616,7.0,8
d8a43c9b-a785-4ca3-8a10-09bb59b0ab66,4,0.0197108994366084,5.0,8
d8a43c9b-a785-4ca3-8a10-09bb59b0ab66,5,0.0963462613774512,2.0,8
d8a43c9b-a785-4ca3-8a10-09bb59b0ab66,6,0.0073315569572624,6.0,8
d8a43c9b-a785-4ca3-8a10-09bb59b0ab66,7,0.0602737463576789,4.0,8
d8b69646-423b-4aa6-b4c2-cfc224b29313,0,0.0035843818991813,8.0,8
d8b69646-423b-4aa6-b4c2-cfc224b29313,1,0.0270776386846556,5.0,8
d8b69646-423b-4aa6-b4c2-cfc224b29313,2,0.0111843797259431,6.0,8
d8b69646-423b-4aa6-b4c2-cfc224b29313,3,0.0550358937775516,4.0,8
d8b69646-423b-4aa6-b4c2-cfc224b29313,4,0.3600359606294765,2.0,8
d8b69646-423b-4aa6-b4c2-cfc224b29313,5,0.0068293625107194,7.0,8
d8b69646-423b-4aa6-b4c2-cfc224b29313,6,0.3610359606294765,1.0,8
d8b69646-423b-4aa6-b4c2-cfc224b29313,7,0.2898538534330234,3.0,8
d91617f7-881c-453a-b86f-628b604eca90,0,0.0105232554271367,5.0,8
d91617f7-881c-453a-b86f-628b604eca90,1,0.0053582021133464,7.0,8
d91617f7-881c-453a-b86f-628b604eca90,2,0.7178536901819904,1.0,8
d91617f7-881c-453a-b86f-628b604eca90,3,0.0068915930454853,6.0,8
d91617f7-881c-453a-b86f-628b604eca90,4,0.0016306335925618,8.0,8
d91617f7-881c-453a-b86f-628b604eca90,5,0.1171648381191451,3.0,8
d91617f7-881c-453a-b86f-628b604eca90,6,0.1250418390221935,2.0,8
d91617f7-881c-453a-b86f-628b604eca90,7,0.0155359464705616,4.0,8
d97e9717-47a5-4794-849e-115c0ed4db2a,0,0.0027789745334259,8.0,8
d97e9717-47a5-4794-849e-115c0ed4db2a,1,0.0148464627777828,7.0,8
d97e9717-47a5-4794-849e-115c0ed4db2a,2,0.0502367449530199,4.0,8
d97e9717-47a5-4794-849e-115c0ed4db2a,3,0.0283019705432179,6.0,8
d97e9717-47a5-4794-849e-115c0ed4db2a,4,0.3215971606595213,2.0,8
d97e9717-47a5-4794-849e-115c0ed4db2a,5,0.0485788837062121,5.0,8
d97e9717-47a5-4794-849e-115c0ed4db2a,6,0.3225971606595213,1.0,8
d97e9717-47a5-4794-849e-115c0ed4db2a,7,0.3208576354969869,3.0,8
d9915ae9-7d15-4d4d-a941-ab8c120e5fff,0,0.0658182761957362,3.0,8
d9915ae9-7d15-4d4d-a941-ab8c120e5fff,1,0.6049800299509298,2.0,8
d9915ae9-7d15-4d4d-a941-ab8c120e5fff,2,0.0082337637299977,5.0,8
d9915ae9-7d15-4d4d-a941-ab8c120e5fff,3,0.0063903198264488,6.0,8
d9915ae9-7d15-4d4d-a941-ab8c120e5fff,4,0.0051841924533939,7.0,8
d9915ae9-7d15-4d4d-a941-ab8c120e5fff,5,0.0365166716445233,4.0,8
d9915ae9-7d15-4d4d-a941-ab8c120e5fff,6,0.00320952607997,8.0,8
d9915ae9-7d15-4d4d-a941-ab8c120e5fff,7,0.6059800299509298,1.0,8
d9c104ce-0f49-4c05-8c22-9a3ddba344dc,0,0.0047148799566785,8.0,8
d9c104ce-0f49-4c05-8c22-9a3ddba344dc,1,0.0106270060744591,7.0,8
d9c104ce-0f49-4c05-8c22-9a3ddba344dc,2,0.014126201825791,6.0,8
d9c104ce-0f49-4c05-8c22-9a3ddba344dc,3,0.155042853234845,3.0,8
d9c104ce-0f49-4c05-8c22-9a3ddba344dc,4,0.0472913074819091,4.0,8
d9c104ce-0f49-4c05-8c22-9a3ddba344dc,5,0.0268608425189197,5.0,8
d9c104ce-0f49-4c05-8c22-9a3ddba344dc,6,0.4776820607102272,1.0,8
d9c104ce-0f49-4c05-8c22-9a3ddba344dc,7,0.4766820607102272,2.0,8
d9c10933-49a0-4024-9dda-6ac9a13f8251,0,0.0152186377959281,7.0,8
d9c10933-49a0-4024-9dda-6ac9a13f8251,1,0.0464328240039678,6.0,8
d9c10933-49a0-4024-9dda-6ac9a13f8251,2,0.0091685888272949,8.0,8
d9c10933-49a0-4024-9dda-6ac9a13f8251,3,0.068192602667865,5.0,8
d9c10933-49a0-4024-9dda-6ac9a13f8251,4,0.1921789979218182,3.0,8
d9c10933-49a0-4024-9dda-6ac9a13f8251,5,0.2267926528449587,2.0,8
d9c10933-49a0-4024-9dda-6ac9a13f8251,6,0.3271381635446728,1.0,8
d9c10933-49a0-4024-9dda-6ac9a13f8251,7,0.1148775294163223,4.0,8
d9c95b73-ba85-4f31-b466-c4ce846cc139,0,0.0043813812740869,7.0,8
d9c95b73-ba85-4f31-b466-c4ce846cc139,1,0.0426344456850318,3.0,8
d9c95b73-ba85-4f31-b466-c4ce846cc139,2,0.8365432075642217,1.0,8
d9c95b73-ba85-4f31-b466-c4ce846cc139,3,0.0184618379066854,5.0,8
d9c95b73-ba85-4f31-b466-c4ce846cc139,4,0.0028381591451718,8.0,8
d9c95b73-ba85-4f31-b466-c4ce846cc139,5,0.0614098292435802,2.0,8
d9c95b73-ba85-4f31-b466-c4ce846cc139,6,0.0140976010712758,6.0,8
d9c95b73-ba85-4f31-b466-c4ce846cc139,7,0.0196335453102281,4.0,8
d9f587dc-d269-4062-89de-f941f20275b8,0,0.0154927478660177,7.0,8
d9f587dc-d269-4062-89de-f941f20275b8,1,0.0314047946900086,3.0,8
d9f587dc-d269-4062-89de-f941f20275b8,2,0.8505806708927343,1.0,8
d9f587dc-d269-4062-89de-f941f20275b8,3,0.0221561725714753,5.0,8
d9f587dc-d269-4062-89de-f941f20275b8,4,0.0034079876344745,8.0,8
d9f587dc-d269-4062-89de-f941f20275b8,5,0.0349297974857658,2.0,8
d9f587dc-d269-4062-89de-f941f20275b8,6,0.0166063906183791,6.0,8
d9f587dc-d269-4062-89de-f941f20275b8,7,0.0254214346906849,4.0,8
da722cbf-044d-4e38-a88c-df3ab108e4e7,0,0.0056473998198188,6.0,8
da722cbf-044d-4e38-a88c-df3ab108e4e7,1,0.1445013082488636,2.0,8
da722cbf-044d-4e38-a88c-df3ab108e4e7,2,0.0020878513087903,8.0,8
da722cbf-044d-4e38-a88c-df3ab108e4e7,3,0.0626655027386964,5.0,8
da722cbf-044d-4e38-a88c-df3ab108e4e7,4,0.1373436420655861,3.0,8
da722cbf-044d-4e38-a88c-df3ab108e4e7,5,0.0043049876710826,7.0,8
da722cbf-044d-4e38-a88c-df3ab108e4e7,6,0.1214508892519731,4.0,8
da722cbf-044d-4e38-a88c-df3ab108e4e7,7,0.5219984183970386,1.0,8
da82c1d1-54ea-4463-af2c-93de4927c5a5,0,0.02002134823722,6.0,8
da82c1d1-54ea-4463-af2c-93de4927c5a5,1,0.0312697312444955,5.0,8
da82c1d1-54ea-4463-af2c-93de4927c5a5,2,0.7043565389095904,1.0,8
da82c1d1-54ea-4463-af2c-93de4927c5a5,3,0.0053251736524053,7.0,8
da82c1d1-54ea-4463-af2c-93de4927c5a5,4,0.0038810374880416,8.0,8
da82c1d1-54ea-4463-af2c-93de4927c5a5,5,0.0804153635318393,3.0,8
da82c1d1-54ea-4463-af2c-93de4927c5a5,6,0.0903624924364445,2.0,8
da82c1d1-54ea-4463-af2c-93de4927c5a5,7,0.0643683137506646,4.0,8
da853ddc-c7db-46aa-b6d7-91fd75839dcf,0,0.0901070532417441,4.0,8
da853ddc-c7db-46aa-b6d7-91fd75839dcf,1,0.6729418423405648,1.0,8
da853ddc-c7db-46aa-b6d7-91fd75839dcf,2,0.0038134273029216,7.0,8
da853ddc-c7db-46aa-b6d7-91fd75839dcf,3,0.0015388984106413,8.0,8
da853ddc-c7db-46aa-b6d7-91fd75839dcf,4,0.0153397836135836,5.0,8
da853ddc-c7db-46aa-b6d7-91fd75839dcf,5,0.1137845722740513,2.0,8
da853ddc-c7db-46aa-b6d7-91fd75839dcf,6,0.0099136065782153,6.0,8
da853ddc-c7db-46aa-b6d7-91fd75839dcf,7,0.0925608144699724,3.0,8
dabe8a9e-32cf-4ba1-aa1a-5ba13a11d8a7,0,0.1661329387940254,3.0,8
dabe8a9e-32cf-4ba1-aa1a-5ba13a11d8a7,1,0.1455360261189566,4.0,8
dabe8a9e-32cf-4ba1-aa1a-5ba13a11d8a7,2,0.0236627340689669,5.0,8
dabe8a9e-32cf-4ba1-aa1a-5ba13a11d8a7,3,0.0019704257949302,8.0,8
dabe8a9e-32cf-4ba1-aa1a-5ba13a11d8a7,4,0.0072840770010602,7.0,8
dabe8a9e-32cf-4ba1-aa1a-5ba13a11d8a7,5,0.3299614610007576,2.0,8
dabe8a9e-32cf-4ba1-aa1a-5ba13a11d8a7,6,0.0098598130570778,6.0,8
dabe8a9e-32cf-4ba1-aa1a-5ba13a11d8a7,7,0.3309614610007576,1.0,8
dbb89fe1-3104-4c69-939b-391f747a18d1,0,0.0036588950579033,8.0,8
dbb89fe1-3104-4c69-939b-391f747a18d1,1,0.0280883361042416,6.0,8
dbb89fe1-3104-4c69-939b-391f747a18d1,2,0.0115389846189634,7.0,8
dbb89fe1-3104-4c69-939b-391f747a18d1,3,0.0598395704143753,5.0,8
dbb89fe1-3104-4c69-939b-391f747a18d1,4,0.2383275250150344,3.0,8
dbb89fe1-3104-4c69-939b-391f747a18d1,5,0.3755753107686295,2.0,8
dbb89fe1-3104-4c69-939b-391f747a18d1,6,0.3765753107686295,1.0,8
dbb89fe1-3104-4c69-939b-391f747a18d1,7,0.1914516425651053,4.0,8
dbb9d866-c3b5-4d0c-9f76-d60d0bb6102e,0,0.0230151990802374,5.0,8
dbb9d866-c3b5-4d0c-9f76-d60d0bb6102e,1,0.0915886662489841,3.0,8
dbb9d866-c3b5-4d0c-9f76-d60d0bb6102e,2,0.523290487606095,1.0,8
dbb9d866-c3b5-4d0c-9f76-d60d0bb6102e,3,0.0503115277317806,4.0,8
dbb9d866-c3b5-4d0c-9f76-d60d0bb6102e,4,0.0025881679412493,8.0,8
dbb9d866-c3b5-4d0c-9f76-d60d0bb6102e,5,0.0130051272295483,7.0,8
dbb9d866-c3b5-4d0c-9f76-d60d0bb6102e,6,0.0182312871781656,6.0,8
dbb9d866-c3b5-4d0c-9f76-d60d0bb6102e,7,0.2779695374083437,2.0,8
dc03cb64-366b-4970-af54-a11456abf61e,0,0.0021646144696461,8.0,8
dc03cb64-366b-4970-af54-a11456abf61e,1,0.0413428993114297,5.0,8
dc03cb64-366b-4970-af54-a11456abf61e,2,0.1246019420870203,4.0,8
dc03cb64-366b-4970-af54-a11456abf61e,3,0.0138792373175627,6.0,8
dc03cb64-366b-4970-af54-a11456abf61e,4,0.1623556284388383,3.0,8
dc03cb64-366b-4970-af54-a11456abf61e,5,0.4768034969783402,1.0,8
dc03cb64-366b-4970-af54-a11456abf61e,6,0.0096951590029743,7.0,8
dc03cb64-366b-4970-af54-a11456abf61e,7,0.1691570198186825,2.0,8
dc07af25-6657-4f29-a8a4-880e1faa51fb,0,0.0100658778337698,8.0,8
dc07af25-6657-4f29-a8a4-880e1faa51fb,1,0.0312498265259209,4.0,8
dc07af25-6657-4f29-a8a4-880e1faa51fb,2,0.028799477959237,5.0,8
dc07af25-6657-4f29-a8a4-880e1faa51fb,3,0.0173084863063155,6.0,8
dc07af25-6657-4f29-a8a4-880e1faa51fb,4,0.3956147660480785,1.0,8
dc07af25-6657-4f29-a8a4-880e1faa51fb,5,0.1154718712114876,3.0,8
dc07af25-6657-4f29-a8a4-880e1faa51fb,6,0.0112590301841743,7.0,8
dc07af25-6657-4f29-a8a4-880e1faa51fb,7,0.3902306631647727,2.0,8
dc15ea1c-5e0f-492e-a92d-8ae4b8cd4c43,0,0.0194656116803818,6.0,8
dc15ea1c-5e0f-492e-a92d-8ae4b8cd4c43,1,0.0870086833507531,3.0,8
dc15ea1c-5e0f-492e-a92d-8ae4b8cd4c43,2,0.0438787015786261,5.0,8
dc15ea1c-5e0f-492e-a92d-8ae4b8cd4c43,3,0.013612618645607,7.0,8
dc15ea1c-5e0f-492e-a92d-8ae4b8cd4c43,4,0.0024722619903786,8.0,8
dc15ea1c-5e0f-492e-a92d-8ae4b8cd4c43,5,0.3453371127448691,2.0,8
dc15ea1c-5e0f-492e-a92d-8ae4b8cd4c43,6,0.4388679480747245,1.0,8
dc15ea1c-5e0f-492e-a92d-8ae4b8cd4c43,7,0.0493570615805065,4.0,8
ddd6979f-08e9-4494-933d-08f894dae4ac,0,0.1070819618068595,3.0,8
ddd6979f-08e9-4494-933d-08f894dae4ac,1,0.1875063551570089,2.0,8
ddd6979f-08e9-4494-933d-08f894dae4ac,2,0.0056277627390166,7.0,8
ddd6979f-08e9-4494-933d-08f894dae4ac,3,0.0047470910163343,8.0,8
ddd6979f-08e9-4494-933d-08f894dae4ac,4,0.0309835382135233,6.0,8
ddd6979f-08e9-4494-933d-08f894dae4ac,5,0.0950245593447493,5.0,8
ddd6979f-08e9-4494-933d-08f894dae4ac,6,0.0973419455288636,4.0,8
ddd6979f-08e9-4494-933d-08f894dae4ac,7,0.4716867860519972,1.0,8
ddf144ff-598b-4323-9cd0-08f7d5360bd9,0,0.0079586439965885,7.0,8
ddf144ff-598b-4323-9cd0-08f7d5360bd9,1,0.0151929780003709,6.0,8
ddf144ff-598b-4323-9cd0-08f7d5360bd9,2,0.554596443218626,2.0,8
ddf144ff-598b-4323-9cd0-08f7d5360bd9,3,0.0193074831754819,5.0,8
ddf144ff-598b-4323-9cd0-08f7d5360bd9,4,0.0012479794221885,8.0,8
ddf144ff-598b-4323-9cd0-08f7d5360bd9,5,0.555596443218626,1.0,8
ddf144ff-598b-4323-9cd0-08f7d5360bd9,6,0.0257290101087136,4.0,8
ddf144ff-598b-4323-9cd0-08f7d5360bd9,7,0.075138851007141,3.0,8
de3305ed-31d4-4713-bf96-feb85bce0147,0,0.0020888701428809,8.0,8
de3305ed-31d4-4713-bf96-feb85bce0147,1,0.1017939937634607,4.0,8
de3305ed-31d4-4713-bf96-feb85bce0147,2,0.0211748529084401,5.0,8
de3305ed-31d4-4713-bf96-feb85bce0147,3,0.006263981904827,7.0,8
de3305ed-31d4-4713-bf96-feb85bce0147,4,0.3142947328108471,3.0,8
de3305ed-31d4-4713-bf96-feb85bce0147,5,0.0065074995395357,6.0,8
de3305ed-31d4-4713-bf96-feb85bce0147,6,0.3519286318624311,1.0,8
de3305ed-31d4-4713-bf96-feb85bce0147,7,0.3509286318624311,2.0,8
de90c037-a6a3-473e-86e9-4be95f58d9ec,0,0.001999267041239,8.0,8
de90c037-a6a3-473e-86e9-4be95f58d9ec,1,0.1090070188013946,4.0,8
de90c037-a6a3-473e-86e9-4be95f58d9ec,2,0.0409634119137438,7.0,8
de90c037-a6a3-473e-86e9-4be95f58d9ec,3,0.0678113558600258,6.0,8
de90c037-a6a3-473e-86e9-4be95f58d9ec,4,0.0691740514612161,5.0,8
de90c037-a6a3-473e-86e9-4be95f58d9ec,5,0.1690974290906956,3.0,8
de90c037-a6a3-473e-86e9-4be95f58d9ec,6,0.3669578864185606,1.0,8
de90c037-a6a3-473e-86e9-4be95f58d9ec,7,0.1749895801008781,2.0,8
df0bf1b9-991a-431d-b625-563794a6c2e9,0,0.7023092452222797,1.0,8
df0bf1b9-991a-431d-b625-563794a6c2e9,1,0.178161257793812,2.0,8
df0bf1b9-991a-431d-b625-563794a6c2e9,2,0.0019038758580048,8.0,8
df0bf1b9-991a-431d-b625-563794a6c2e9,3,0.0020414860661019,7.0,8
df0bf1b9-991a-431d-b625-563794a6c2e9,4,0.0179052468854714,4.0,8
df0bf1b9-991a-431d-b625-563794a6c2e9,5,0.0154289235435192,5.0,8
df0bf1b9-991a-431d-b625-563794a6c2e9,6,0.0116627847396095,6.0,8
df0bf1b9-991a-431d-b625-563794a6c2e9,7,0.0705871786153736,3.0,8
df52c818-656a-4658-9fdb-6eff9e03f5c2,0,0.0018540785989738,8.0,8
df52c818-656a-4658-9fdb-6eff9e03f5c2,1,0.0055400877676086,6.0,8
df52c818-656a-4658-9fdb-6eff9e03f5c2,2,0.013515775952107,5.0,8
df52c818-656a-4658-9fdb-6eff9e03f5c2,3,0.1456274301330923,3.0,8
df52c818-656a-4658-9fdb-6eff9e03f5c2,4,0.5635686846922521,1.0,8
df52c818-656a-4658-9fdb-6eff9e03f5c2,5,0.0052045653994489,7.0,8
df52c818-656a-4658-9fdb-6eff9e03f5c2,6,0.081927751040625,4.0,8
df52c818-656a-4658-9fdb-6eff9e03f5c2,7,0.1827616224434917,2.0,8
df6bdaa8-cdb9-4fce-84ba-9cd14a136896,0,0.0057545036447078,7.0,8
df6bdaa8-cdb9-4fce-84ba-9cd14a136896,1,0.0936889371193353,4.0,8
df6bdaa8-cdb9-4fce-84ba-9cd14a136896,2,0.3602980922682507,1.0,8
df6bdaa8-cdb9-4fce-84ba-9cd14a136896,3,0.0563249321035537,6.0,8
df6bdaa8-cdb9-4fce-84ba-9cd14a136896,4,0.0018151998996998,8.0,8
df6bdaa8-cdb9-4fce-84ba-9cd14a136896,5,0.3592980922682507,2.0,8
df6bdaa8-cdb9-4fce-84ba-9cd14a136896,6,0.1327528403639032,3.0,8
df6bdaa8-cdb9-4fce-84ba-9cd14a136896,7,0.0829160296161966,5.0,8
dffcf7f9-9644-4554-8127-6194895ed9e6,0,0.0031581379260175,8.0,8
dffcf7f9-9644-4554-8127-6194895ed9e6,1,0.0803173481901446,4.0,8
dffcf7f9-9644-4554-8127-6194895ed9e6,2,0.026744336817139,5.0,8
dffcf7f9-9644-4554-8127-6194895ed9e6,3,0.4066392484591425,2.0,8
dffcf7f9-9644-4554-8127-6194895ed9e6,4,0.0136323713619963,7.0,8
dffcf7f9-9644-4554-8127-6194895ed9e6,5,0.0210379400133858,6.0,8
dffcf7f9-9644-4554-8127-6194895ed9e6,6,0.4076392484591425,1.0,8
dffcf7f9-9644-4554-8127-6194895ed9e6,7,0.1758400885380888,3.0,8
e006cda2-af24-49b4-ab98-8c8e501e4872,0,0.0025890472590043,8.0,8
e006cda2-af24-49b4-ab98-8c8e501e4872,1,0.1124789470794059,4.0,8
e006cda2-af24-49b4-ab98-8c8e501e4872,2,0.0269203731674793,6.0,8
e006cda2-af24-49b4-ab98-8c8e501e4872,3,0.0050279529454636,7.0,8
e006cda2-af24-49b4-ab98-8c8e501e4872,4,0.4258511407895661,2.0,8
e006cda2-af24-49b4-ab98-8c8e501e4872,5,0.0274563129361162,5.0,8
e006cda2-af24-49b4-ab98-8c8e501e4872,6,0.4268511407895661,1.0,8
e006cda2-af24-49b4-ab98-8c8e501e4872,7,0.2323872318450069,3.0,8
e0f7ea97-50df-4041-9504-5cf5f3bdb54a,0,0.0027183146417361,8.0,8
e0f7ea97-50df-4041-9504-5cf5f3bdb54a,1,0.0054785855246139,7.0,8
e0f7ea97-50df-4041-9504-5cf5f3bdb54a,2,0.0062148797958622,6.0,8
e0f7ea97-50df-4041-9504-5cf5f3bdb54a,3,0.5230878938217459,1.0,8
e0f7ea97-50df-4041-9504-5cf5f3bdb54a,4,0.1193061455865874,3.0,8
e0f7ea97-50df-4041-9504-5cf5f3bdb54a,5,0.1000748604653996,5.0,8
e0f7ea97-50df-4041-9504-5cf5f3bdb54a,6,0.1297877089006801,2.0,8
e0f7ea97-50df-4041-9504-5cf5f3bdb54a,7,0.1133316163210416,4.0,8
e11696e9-09b0-456f-ad14-13674f2a21a1,0,0.0051819339515838,7.0,8
e11696e9-09b0-456f-ad14-13674f2a21a1,1,0.0452451421613147,4.0,8
e11696e9-09b0-456f-ad14-13674f2a21a1,2,0.4640890053932506,1.0,8
e11696e9-09b0-456f-ad14-13674f2a21a1,3,0.0254866515579058,5.0,8
e11696e9-09b0-456f-ad14-13674f2a21a1,4,0.0017523557853569,8.0,8
e11696e9-09b0-456f-ad14-13674f2a21a1,5,0.376885969703168,2.0,8
e11696e9-09b0-456f-ad14-13674f2a21a1,6,0.0110785228804397,6.0,8
e11696e9-09b0-456f-ad14-13674f2a21a1,7,0.0702804181841412,3.0,8
e16e8292-3bc7-41f4-8cd0-80a22869b35c,0,0.0137635656034089,6.0,8
e16e8292-3bc7-41f4-8cd0-80a22869b35c,1,0.1267918191253271,2.0,8
e16e8292-3bc7-41f4-8cd0-80a22869b35c,2,0.0211773978884087,5.0,8
e16e8292-3bc7-41f4-8cd0-80a22869b35c,3,0.7322219387567148,1.0,8
e16e8292-3bc7-41f4-8cd0-80a22869b35c,4,0.0497352878662637,4.0,8
e16e8292-3bc7-41f4-8cd0-80a22869b35c,5,0.0515114804874672,3.0,8
e16e8292-3bc7-41f4-8cd0-80a22869b35c,6,0.0020388272508155,8.0,8
e16e8292-3bc7-41f4-8cd0-80a22869b35c,7,0.002759687082875,7.0,8
e1894387-e262-4b61-b711-9e7c1541ddba,0,0.0027525371429198,8.0,8
e1894387-e262-4b61-b711-9e7c1541ddba,1,0.0556823532628479,4.0,8
e1894387-e262-4b61-b711-9e7c1541ddba,2,0.0102038317248852,6.0,8
e1894387-e262-4b61-b711-9e7c1541ddba,3,0.0090226158783223,7.0,8
e1894387-e262-4b61-b711-9e7c1541ddba,4,0.4902314676072313,1.0,8
e1894387-e262-4b61-b711-9e7c1541ddba,5,0.3037774179920764,2.0,8
e1894387-e262-4b61-b711-9e7c1541ddba,6,0.0131002811971591,5.0,8
e1894387-e262-4b61-b711-9e7c1541ddba,7,0.1152294955039646,3.0,8
e242e3a3-ceba-490d-a77e-5a6806e05c1c,0,0.0605414957405371,4.0,8
e242e3a3-ceba-490d-a77e-5a6806e05c1c,1,0.1390490785133988,3.0,8
e242e3a3-ceba-490d-a77e-5a6806e05c1c,2,0.0048652071221888,8.0,8
e242e3a3-ceba-490d-a77e-5a6806e05c1c,3,0.0086245052359078,7.0,8
e242e3a3-ceba-490d-a77e-5a6806e05c1c,4,0.4272499225707507,2.0,8
e242e3a3-ceba-490d-a77e-5a6806e05c1c,5,0.0590083838116107,5.0,8
e242e3a3-ceba-490d-a77e-5a6806e05c1c,6,0.0124497490698073,6.0,8
e242e3a3-ceba-490d-a77e-5a6806e05c1c,7,0.4282499225707507,1.0,8
e251b697-bd64-403c-8182-7e6c5086850c,0,0.0230001556255165,6.0,8
e251b697-bd64-403c-8182-7e6c5086850c,1,0.4121916962062397,1.0,8
e251b697-bd64-403c-8182-7e6c5086850c,2,0.4111916962062397,2.0,8
e251b697-bd64-403c-8182-7e6c5086850c,3,0.0114831250656312,7.0,8
e251b697-bd64-403c-8182-7e6c5086850c,4,0.0087174554376982,8.0,8
e251b697-bd64-403c-8182-7e6c5086850c,5,0.0346912286378372,5.0,8
e251b697-bd64-403c-8182-7e6c5086850c,6,0.0777044667522038,4.0,8
e251b697-bd64-403c-8182-7e6c5086850c,7,0.2081123646286639,3.0,8
e28d7a7f-0778-4190-a249-b2fd09223364,0,0.1431317089041908,3.0,8
e28d7a7f-0778-4190-a249-b2fd09223364,1,0.262429851311825,2.0,8
e28d7a7f-0778-4190-a249-b2fd09223364,2,0.0033078320928856,8.0,8
e28d7a7f-0778-4190-a249-b2fd09223364,3,0.0040134639957654,7.0,8
e28d7a7f-0778-4190-a249-b2fd09223364,4,0.0982805503533643,5.0,8
e28d7a7f-0778-4190-a249-b2fd09223364,5,0.1148758100689325,4.0,8
e28d7a7f-0778-4190-a249-b2fd09223364,6,0.0733896857628451,6.0,8
e28d7a7f-0778-4190-a249-b2fd09223364,7,0.3005710990283849,1.0,8
e2df977e-4587-4741-b3fa-8f4a3ccb7a03,0,0.0162150034856473,7.0,8
e2df977e-4587-4741-b3fa-8f4a3ccb7a03,1,0.0243178871765891,5.0,8
e2df977e-4587-4741-b3fa-8f4a3ccb7a03,2,0.8379082732432852,1.0,8
e2df977e-4587-4741-b3fa-8f4a3ccb7a03,3,0.0263635707042661,4.0,8
e2df977e-4587-4741-b3fa-8f4a3ccb7a03,4,0.0064936069878409,8.0,8
e2df977e-4587-4741-b3fa-8f4a3ccb7a03,5,0.0236968629131663,6.0,8
e2df977e-4587-4741-b3fa-8f4a3ccb7a03,6,0.0291761521249879,3.0,8
e2df977e-4587-4741-b3fa-8f4a3ccb7a03,7,0.0358286391366184,2.0,8
e349378c-2613-43f2-a2b5-14190346b056,0,0.0043614977279831,8.0,8
e349378c-2613-43f2-a2b5-14190346b056,1,0.3876001321309573,1.0,8
e349378c-2613-43f2-a2b5-14190346b056,2,0.0185871746088636,7.0,8
e349378c-2613-43f2-a2b5-14190346b056,3,0.116957182545045,4.0,8
e349378c-2613-43f2-a2b5-14190346b056,4,0.0403168066481686,6.0,8
e349378c-2613-43f2-a2b5-14190346b056,5,0.1466885334054607,3.0,8
e349378c-2613-43f2-a2b5-14190346b056,6,0.1005132618231336,5.0,8
e349378c-2613-43f2-a2b5-14190346b056,7,0.184975411316398,2.0,8
e34cf8f0-7cf4-4061-990b-0be06a7f08ec,0,0.0054540820966289,7.0,8
e34cf8f0-7cf4-4061-990b-0be06a7f08ec,1,0.0526734555009951,3.0,8
e34cf8f0-7cf4-4061-990b-0be06a7f08ec,2,0.8067564512324381,1.0,8
e34cf8f0-7cf4-4061-990b-0be06a7f08ec,3,0.0113743596697947,6.0,8
e34cf8f0-7cf4-4061-990b-0be06a7f08ec,4,0.0024048531529311,8.0,8
e34cf8f0-7cf4-4061-990b-0be06a7f08ec,5,0.0407117429090506,4.0,8
e34cf8f0-7cf4-4061-990b-0be06a7f08ec,6,0.0580415633009777,2.0,8
e34cf8f0-7cf4-4061-990b-0be06a7f08ec,7,0.0225834964167427,5.0,8
e35e0c2c-a917-4eaf-a43e-69c665416c30,0,0.001644765369252,8.0,8
e35e0c2c-a917-4eaf-a43e-69c665416c30,1,0.0853465642027221,4.0,8
e35e0c2c-a917-4eaf-a43e-69c665416c30,2,0.013285811165158,7.0,8
e35e0c2c-a917-4eaf-a43e-69c665416c30,3,0.0607735651807486,5.0,8
e35e0c2c-a917-4eaf-a43e-69c665416c30,4,0.0260869510230817,6.0,8
e35e0c2c-a917-4eaf-a43e-69c665416c30,5,0.1115352522158574,3.0,8
e35e0c2c-a917-4eaf-a43e-69c665416c30,6,0.3790597792903512,1.0,8
e35e0c2c-a917-4eaf-a43e-69c665416c30,7,0.3222673122021005,2.0,8
e3989a0c-f558-4138-9e62-f4f91f6646d3,0,0.1725943673874781,2.0,8
e3989a0c-f558-4138-9e62-f4f91f6646d3,1,0.0803264321359276,3.0,8
e3989a0c-f558-4138-9e62-f4f91f6646d3,2,0.0047547842106028,7.0,8
e3989a0c-f558-4138-9e62-f4f91f6646d3,3,0.0035641371098411,8.0,8
e3989a0c-f558-4138-9e62-f4f91f6646d3,4,0.0095282734386277,5.0,8
e3989a0c-f558-4138-9e62-f4f91f6646d3,5,0.0088931181342432,6.0,8
e3989a0c-f558-4138-9e62-f4f91f6646d3,6,0.0243004657044438,4.0,8
e3989a0c-f558-4138-9e62-f4f91f6646d3,7,0.6960384165063705,1.0,8
e44f8a97-801d-49a9-9eac-f70d85820e74,0,0.0032915243857407,8.0,8
e44f8a97-801d-49a9-9eac-f70d85820e74,1,0.0042173643166372,7.0,8
e44f8a97-801d-49a9-9eac-f70d85820e74,2,0.0101437287369893,4.0,8
e44f8a97-801d-49a9-9eac-f70d85820e74,3,0.0091366085337255,5.0,8
e44f8a97-801d-49a9-9eac-f70d85820e74,4,0.8998632727877065,1.0,8
e44f8a97-801d-49a9-9eac-f70d85820e74,5,0.0077458944587413,6.0,8
e44f8a97-801d-49a9-9eac-f70d85820e74,6,0.0153097708598071,3.0,8
e44f8a97-801d-49a9-9eac-f70d85820e74,7,0.0502918351365248,2.0,8
e458a695-0d74-4905-80e1-c3709e156197,0,0.3813179130657024,2.0,8
e458a695-0d74-4905-80e1-c3709e156197,1,0.3823179130657024,1.0,8
e458a695-0d74-4905-80e1-c3709e156197,2,0.0008139833587329,8.0,8
e458a695-0d74-4905-80e1-c3709e156197,3,0.0023285114485248,6.0,8
e458a695-0d74-4905-80e1-c3709e156197,4,0.0021346782583922,7.0,8
e458a695-0d74-4905-80e1-c3709e156197,5,0.0805897467831866,4.0,8
e458a695-0d74-4905-80e1-c3709e156197,6,0.0271237022643712,5.0,8
e458a695-0d74-4905-80e1-c3709e156197,7,0.1607980203015323,3.0,8
e47f9df8-e082-40d7-bcaa-0da3ca541d1a,0,0.3816855502059401,1.0,8
e47f9df8-e082-40d7-bcaa-0da3ca541d1a,1,0.3002474171162018,3.0,8
e47f9df8-e082-40d7-bcaa-0da3ca541d1a,2,0.0103382340378576,7.0,8
e47f9df8-e082-40d7-bcaa-0da3ca541d1a,3,0.0023713659366992,8.0,8
e47f9df8-e082-40d7-bcaa-0da3ca541d1a,4,0.0104473541777916,6.0,8
e47f9df8-e082-40d7-bcaa-0da3ca541d1a,5,0.3806855502059401,2.0,8
e47f9df8-e082-40d7-bcaa-0da3ca541d1a,6,0.0163079009488421,5.0,8
e47f9df8-e082-40d7-bcaa-0da3ca541d1a,7,0.0290305646754438,4.0,8
e567286a-1423-46aa-86bb-6f714479029e,0,0.0023014447510629,8.0,8
e567286a-1423-46aa-86bb-6f714479029e,1,0.4081070730611529,1.0,8
e567286a-1423-46aa-86bb-6f714479029e,2,0.0054893935236443,7.0,8
e567286a-1423-46aa-86bb-6f714479029e,3,0.4071070730611529,2.0,8
e567286a-1423-46aa-86bb-6f714479029e,4,0.0327261454598942,5.0,8
e567286a-1423-46aa-86bb-6f714479029e,5,0.0120425532788925,6.0,8
e567286a-1423-46aa-86bb-6f714479029e,6,0.1038840724557745,4.0,8
e567286a-1423-46aa-86bb-6f714479029e,7,0.1160298889957477,3.0,8
e5787feb-6398-4480-9440-04bc613f38a6,0,0.0122707644372345,7.0,8
e5787feb-6398-4480-9440-04bc613f38a6,1,0.0143977264731153,6.0,8
e5787feb-6398-4480-9440-04bc613f38a6,2,0.7597646083183539,1.0,8
e5787feb-6398-4480-9440-04bc613f38a6,3,0.0933036895009676,2.0,8
e5787feb-6398-4480-9440-04bc613f38a6,4,0.0011674666894051,8.0,8
e5787feb-6398-4480-9440-04bc613f38a6,5,0.0385705312817023,4.0,8
e5787feb-6398-4480-9440-04bc613f38a6,6,0.0494167013258436,3.0,8
e5787feb-6398-4480-9440-04bc613f38a6,7,0.0311085158284514,5.0,8
e5913e4f-1223-4267-8a06-3e8c43734e9c,0,0.0025471684451847,7.0,8
e5913e4f-1223-4267-8a06-3e8c43734e9c,1,0.0966865383835571,3.0,8
e5913e4f-1223-4267-8a06-3e8c43734e9c,2,0.4602399770661157,1.0,8
e5913e4f-1223-4267-8a06-3e8c43734e9c,3,0.0079735826270872,6.0,8
e5913e4f-1223-4267-8a06-3e8c43734e9c,4,0.0017748302207296,8.0,8
e5913e4f-1223-4267-8a06-3e8c43734e9c,5,0.4592399770661157,2.0,8
e5913e4f-1223-4267-8a06-3e8c43734e9c,6,0.0127339818460502,5.0,8
e5913e4f-1223-4267-8a06-3e8c43734e9c,7,0.0278688354863961,4.0,8
e69a74ca-72b1-4cd8-a76b-4383dbaaef99,0,0.0093085380923496,6.0,8
e69a74ca-72b1-4cd8-a76b-4383dbaaef99,1,0.0184783428261449,5.0,8
e69a74ca-72b1-4cd8-a76b-4383dbaaef99,2,0.5594831858082817,1.0,8
e69a74ca-72b1-4cd8-a76b-4383dbaaef99,3,0.0417516804562499,4.0,8
e69a74ca-72b1-4cd8-a76b-4383dbaaef99,4,0.0036032967784858,8.0,8
e69a74ca-72b1-4cd8-a76b-4383dbaaef99,5,0.1686893027262293,3.0,8
e69a74ca-72b1-4cd8-a76b-4383dbaaef99,6,0.00790267569071,7.0,8
e69a74ca-72b1-4cd8-a76b-4383dbaaef99,7,0.1907829730564565,2.0,8
e6c170d6-675d-4fc8-8ba3-a05e76c9efbd,0,0.0019439590819163,8.0,8
e6c170d6-675d-4fc8-8ba3-a05e76c9efbd,1,0.0118455573311446,7.0,8
e6c170d6-675d-4fc8-8ba3-a05e76c9efbd,2,0.3094287841639118,2.0,8
e6c170d6-675d-4fc8-8ba3-a05e76c9efbd,3,0.3875188007418905,1.0,8
e6c170d6-675d-4fc8-8ba3-a05e76c9efbd,4,0.1174128192886088,3.0,8
e6c170d6-675d-4fc8-8ba3-a05e76c9efbd,5,0.0247025758123037,6.0,8
e6c170d6-675d-4fc8-8ba3-a05e76c9efbd,6,0.0596927354065203,5.0,8
e6c170d6-675d-4fc8-8ba3-a05e76c9efbd,7,0.0874547672407367,4.0,8
e72bd212-6703-4068-8ee9-44c6ffa9e3d2,0,0.5152583750527203,1.0,8
e72bd212-6703-4068-8ee9-44c6ffa9e3d2,1,0.1939715524422589,2.0,8
e72bd212-6703-4068-8ee9-44c6ffa9e3d2,2,0.0081837082060306,7.0,8
e72bd212-6703-4068-8ee9-44c6ffa9e3d2,3,0.0015566878513019,8.0,8
e72bd212-6703-4068-8ee9-44c6ffa9e3d2,4,0.0087700988299744,6.0,8
e72bd212-6703-4068-8ee9-44c6ffa9e3d2,5,0.1505763346087844,3.0,8
e72bd212-6703-4068-8ee9-44c6ffa9e3d2,6,0.0358528981688519,5.0,8
e72bd212-6703-4068-8ee9-44c6ffa9e3d2,7,0.0858303454759332,4.0,8
e771b471-6841-4d9b-a404-4847debd14c7,0,0.0014445097255704,8.0,8
e771b471-6841-4d9b-a404-4847debd14c7,1,0.0424127059478502,5.0,8
e771b471-6841-4d9b-a404-4847debd14c7,2,0.3122054323100895,1.0,8
e771b471-6841-4d9b-a404-4847debd14c7,3,0.2529644716599518,3.0,8
e771b471-6841-4d9b-a404-4847debd14c7,4,0.3112054323100895,2.0,8
e771b471-6841-4d9b-a404-4847debd14c7,5,0.0371784951935657,6.0,8
e771b471-6841-4d9b-a404-4847debd14c7,6,0.0282272553997222,7.0,8
e771b471-6841-4d9b-a404-4847debd14c7,7,0.0823558206716236,4.0,8
e779398a-7a7e-46b3-ac66-1c29babee1be,0,0.1780654219872245,4.0,8
e779398a-7a7e-46b3-ac66-1c29babee1be,1,0.0025205630432847,8.0,8
e779398a-7a7e-46b3-ac66-1c29babee1be,2,0.3073562244894972,1.0,8
e779398a-7a7e-46b3-ac66-1c29babee1be,3,0.2179632874863981,3.0,8
e779398a-7a7e-46b3-ac66-1c29babee1be,4,0.2266105964323605,2.0,8
e779398a-7a7e-46b3-ac66-1c29babee1be,5,0.0030133551555562,7.0,8
e779398a-7a7e-46b3-ac66-1c29babee1be,6,0.0303098769077984,6.0,8
e779398a-7a7e-46b3-ac66-1c29babee1be,7,0.0341606751187143,5.0,8
e78ebe8f-0f69-48a7-976b-c732ceeea6b2,0,0.0020283421417632,8.0,8
e78ebe8f-0f69-48a7-976b-c732ceeea6b2,1,0.0386222517621341,5.0,8
e78ebe8f-0f69-48a7-976b-c732ceeea6b2,2,0.0086926356582667,7.0,8
e78ebe8f-0f69-48a7-976b-c732ceeea6b2,3,0.0156636491497102,6.0,8
e78ebe8f-0f69-48a7-976b-c732ceeea6b2,4,0.3393291269736571,2.0,8
e78ebe8f-0f69-48a7-976b-c732ceeea6b2,5,0.1214382578478133,3.0,8
e78ebe8f-0f69-48a7-976b-c732ceeea6b2,6,0.0606075429292183,4.0,8
e78ebe8f-0f69-48a7-976b-c732ceeea6b2,7,0.4136181936586088,1.0,8
e78f0635-3998-4dce-8c7f-706c08f4fa8f,0,0.004952087471751,8.0,8
e78f0635-3998-4dce-8c7f-706c08f4fa8f,1,0.0101400947384603,5.0,8
e78f0635-3998-4dce-8c7f-706c08f4fa8f,2,0.0107645835672861,4.0,8
e78f0635-3998-4dce-8c7f-706c08f4fa8f,3,0.0080555955519447,6.0,8
e78f0635-3998-4dce-8c7f-706c08f4fa8f,4,0.6772244494686984,2.0,8
e78f0635-3998-4dce-8c7f-706c08f4fa8f,5,0.0076313137062915,7.0,8
e78f0635-3998-4dce-8c7f-706c08f4fa8f,6,0.6782244494686984,1.0,8
e78f0635-3998-4dce-8c7f-706c08f4fa8f,7,0.1767723540337706,3.0,8
e80e5f58-ac54-40f9-b9db-15db49c7f8e5,0,0.0365846936957556,3.0,8
e80e5f58-ac54-40f9-b9db-15db49c7f8e5,1,0.7481885978336776,1.0,8
e80e5f58-ac54-40f9-b9db-15db49c7f8e5,2,0.0023978332495204,7.0,8
e80e5f58-ac54-40f9-b9db-15db49c7f8e5,3,0.0239254729606921,4.0,8
e80e5f58-ac54-40f9-b9db-15db49c7f8e5,4,0.0020501443678619,8.0,8
e80e5f58-ac54-40f9-b9db-15db49c7f8e5,5,0.008197533912616,5.0,8
e80e5f58-ac54-40f9-b9db-15db49c7f8e5,6,0.0074625017040311,6.0,8
e80e5f58-ac54-40f9-b9db-15db49c7f8e5,7,0.1711932249370347,2.0,8
e82c5e22-82ff-49f9-bcef-a43159f248a6,0,0.1701969240318974,2.0,8
e82c5e22-82ff-49f9-bcef-a43159f248a6,1,0.4156161031738636,1.0,8
e82c5e22-82ff-49f9-bcef-a43159f248a6,2,0.0705791225489955,5.0,8
e82c5e22-82ff-49f9-bcef-a43159f248a6,3,0.0005478410032984,8.0,8
e82c5e22-82ff-49f9-bcef-a43159f248a6,4,0.0036653583658111,7.0,8
e82c5e22-82ff-49f9-bcef-a43159f248a6,5,0.1247509071823209,4.0,8
e82c5e22-82ff-49f9-bcef-a43159f248a6,6,0.0576029501724735,6.0,8
e82c5e22-82ff-49f9-bcef-a43159f248a6,7,0.1570407919177479,3.0,8
e83e6156-74f1-48fe-8c79-270bd80d01e5,0,0.0032740933461652,7.0,8
e83e6156-74f1-48fe-8c79-270bd80d01e5,1,0.0270819637142513,4.0,8
e83e6156-74f1-48fe-8c79-270bd80d01e5,2,0.7707609241580233,1.0,8
e83e6156-74f1-48fe-8c79-270bd80d01e5,3,0.0060825828850833,6.0,8
e83e6156-74f1-48fe-8c79-270bd80d01e5,4,0.0029470921559991,8.0,8
e83e6156-74f1-48fe-8c79-270bd80d01e5,5,0.1446247213854734,2.0,8
e83e6156-74f1-48fe-8c79-270bd80d01e5,6,0.0107092798157508,5.0,8
e83e6156-74f1-48fe-8c79-270bd80d01e5,7,0.0345193396669955,3.0,8
e860d5b6-fad5-42ea-84c3-56942406a7a1,0,0.0407331534128469,4.0,8
e860d5b6-fad5-42ea-84c3-56942406a7a1,1,0.0133523766868102,6.0,8
e860d5b6-fad5-42ea-84c3-56942406a7a1,2,0.7025940438993802,1.0,8
e860d5b6-fad5-42ea-84c3-56942406a7a1,3,0.0184218810958774,5.0,8
e860d5b6-fad5-42ea-84c3-56942406a7a1,4,0.0017201001106969,8.0,8
e860d5b6-fad5-42ea-84c3-56942406a7a1,5,0.1553424253415805,2.0,8
e860d5b6-fad5-42ea-84c3-56942406a7a1,6,0.0076169099784201,7.0,8
e860d5b6-fad5-42ea-84c3-56942406a7a1,7,0.0602191122278853,3.0,8
e89b25d9-489a-4bbe-a8c4-d2a7a7ec2d88,0,0.0231241789033219,7.0,8
e89b25d9-489a-4bbe-a8c4-d2a7a7ec2d88,1,0.0371618401080372,5.0,8
e89b25d9-489a-4bbe-a8c4-d2a7a7ec2d88,2,0.5974267322573519,1.0,8
e89b25d9-489a-4bbe-a8c4-d2a7a7ec2d88,3,0.107090795826584,3.0,8
e89b25d9-489a-4bbe-a8c4-d2a7a7ec2d88,4,0.0022703013687537,8.0,8
e89b25d9-489a-4bbe-a8c4-d2a7a7ec2d88,5,0.1454150129852754,2.0,8
e89b25d9-489a-4bbe-a8c4-d2a7a7ec2d88,6,0.035653729984096,6.0,8
e89b25d9-489a-4bbe-a8c4-d2a7a7ec2d88,7,0.0518574068933729,4.0,8
e8d1245a-449d-49eb-9706-b404c4b21292,0,0.4152220901548898,2.0,8
e8d1245a-449d-49eb-9706-b404c4b21292,1,0.0882724822081393,4.0,8
e8d1245a-449d-49eb-9706-b404c4b21292,2,0.4162220901548898,1.0,8
e8d1245a-449d-49eb-9706-b404c4b21292,3,0.0021125079049688,8.0,8
e8d1245a-449d-49eb-9706-b404c4b21292,4,0.004124635923472,7.0,8
e8d1245a-449d-49eb-9706-b404c4b21292,5,0.0289862544481307,5.0,8
e8d1245a-449d-49eb-9706-b404c4b21292,6,0.0099745316543094,6.0,8
e8d1245a-449d-49eb-9706-b404c4b21292,7,0.1970028102353994,3.0,8
e8e2565d-a55c-413f-88a3-e4ab8a0cc009,0,0.0668459308391873,5.0,8
e8e2565d-a55c-413f-88a3-e4ab8a0cc009,1,0.0865162615461024,4.0,8
e8e2565d-a55c-413f-88a3-e4ab8a0cc009,2,0.0046303433690231,8.0,8
e8e2565d-a55c-413f-88a3-e4ab8a0cc009,3,0.2009018689318698,3.0,8
e8e2565d-a55c-413f-88a3-e4ab8a0cc009,4,0.0146668347815337,6.0,8
e8e2565d-a55c-413f-88a3-e4ab8a0cc009,5,0.3708337838741391,1.0,8
e8e2565d-a55c-413f-88a3-e4ab8a0cc009,6,0.010135645824329,7.0,8
e8e2565d-a55c-413f-88a3-e4ab8a0cc009,7,0.2454693295469008,2.0,8
e924c0b4-e763-46ad-ad2a-6bd050d9a22b,0,0.2251708248587465,3.0,8
e924c0b4-e763-46ad-ad2a-6bd050d9a22b,1,0.039779929297365,6.0,8
e924c0b4-e763-46ad-ad2a-6bd050d9a22b,2,0.0034641111682195,7.0,8
e924c0b4-e763-46ad-ad2a-6bd050d9a22b,3,0.0025194413118474,8.0,8
e924c0b4-e763-46ad-ad2a-6bd050d9a22b,4,0.0430592448729958,5.0,8
e924c0b4-e763-46ad-ad2a-6bd050d9a22b,5,0.2312910761000447,2.0,8
e924c0b4-e763-46ad-ad2a-6bd050d9a22b,6,0.2325803848902376,1.0,8
e924c0b4-e763-46ad-ad2a-6bd050d9a22b,7,0.2221349904233299,4.0,8
e9ae03e1-d0d8-4392-b47d-9c549e869ef2,0,0.0039851906771745,8.0,8
e9ae03e1-d0d8-4392-b47d-9c549e869ef2,1,0.0375429127840409,5.0,8
e9ae03e1-d0d8-4392-b47d-9c549e869ef2,2,0.0200107035424604,6.0,8
e9ae03e1-d0d8-4392-b47d-9c549e869ef2,3,0.1422500544062844,4.0,8
e9ae03e1-d0d8-4392-b47d-9c549e869ef2,4,0.4108715067107438,1.0,8
e9ae03e1-d0d8-4392-b47d-9c549e869ef2,5,0.0135907129510705,7.0,8
e9ae03e1-d0d8-4392-b47d-9c549e869ef2,6,0.1992912709302858,3.0,8
e9ae03e1-d0d8-4392-b47d-9c549e869ef2,7,0.4098715067107438,2.0,8
e9c0dfcf-e28f-4074-abc0-729b9cee219d,0,0.0035098163211109,8.0,8
e9c0dfcf-e28f-4074-abc0-729b9cee219d,1,0.012471617011237,6.0,8
e9c0dfcf-e28f-4074-abc0-729b9cee219d,2,0.0075575715118905,7.0,8
e9c0dfcf-e28f-4074-abc0-729b9cee219d,3,0.3295392514498278,1.0,8
e9c0dfcf-e28f-4074-abc0-729b9cee219d,4,0.156056906339084,3.0,8
e9c0dfcf-e28f-4074-abc0-729b9cee219d,5,0.0774109951658622,5.0,8
e9c0dfcf-e28f-4074-abc0-729b9cee219d,6,0.153311470129907,4.0,8
e9c0dfcf-e28f-4074-abc0-729b9cee219d,7,0.3285392514498278,2.0,8
ea28a913-d254-4301-9887-5f765fd3a9d6,0,0.0161461287092884,7.0,8
ea28a913-d254-4301-9887-5f765fd3a9d6,1,0.2523654963286363,3.0,8
ea28a913-d254-4301-9887-5f765fd3a9d6,2,0.0800223919986226,5.0,8
ea28a913-d254-4301-9887-5f765fd3a9d6,3,0.0633067381836019,6.0,8
ea28a913-d254-4301-9887-5f765fd3a9d6,4,0.0021328068639577,8.0,8
ea28a913-d254-4301-9887-5f765fd3a9d6,5,0.1667585727028374,4.0,8
ea28a913-d254-4301-9887-5f765fd3a9d6,6,0.2785040363340496,2.0,8
ea28a913-d254-4301-9887-5f765fd3a9d6,7,0.2795040363340496,1.0,8
eaa753b6-e9fb-4f29-af2c-e2184b0460a2,0,0.0019999916888847,8.0,8
eaa753b6-e9fb-4f29-af2c-e2184b0460a2,1,0.0174895583498558,7.0,8
eaa753b6-e9fb-4f29-af2c-e2184b0460a2,2,0.0252219184668116,6.0,8
eaa753b6-e9fb-4f29-af2c-e2184b0460a2,3,0.3329067282079338,1.0,8
eaa753b6-e9fb-4f29-af2c-e2184b0460a2,4,0.2677521743656508,2.0,8
eaa753b6-e9fb-4f29-af2c-e2184b0460a2,5,0.2014908755349828,3.0,8
eaa753b6-e9fb-4f29-af2c-e2184b0460a2,6,0.0627028914416976,5.0,8
eaa753b6-e9fb-4f29-af2c-e2184b0460a2,7,0.0904358604752582,4.0,8
eac389f9-f8e6-4542-9dc9-fb5723d4893d,0,0.0015809296490229,8.0,8
eac389f9-f8e6-4542-9dc9-fb5723d4893d,1,0.008365717968675,7.0,8
eac389f9-f8e6-4542-9dc9-fb5723d4893d,2,0.0164278426517703,6.0,8
eac389f9-f8e6-4542-9dc9-fb5723d4893d,3,0.0495447763935358,5.0,8
eac389f9-f8e6-4542-9dc9-fb5723d4893d,4,0.4497183830324724,1.0,8
eac389f9-f8e6-4542-9dc9-fb5723d4893d,5,0.0514134442514432,4.0,8
eac389f9-f8e6-4542-9dc9-fb5723d4893d,6,0.1543804655063188,3.0,8
eac389f9-f8e6-4542-9dc9-fb5723d4893d,7,0.2685684374294766,2.0,8
eb5f357a-bc56-49f6-80d0-54358950fb19,0,0.0047891919014368,8.0,8
eb5f357a-bc56-49f6-80d0-54358950fb19,1,0.0268558447545225,5.0,8
eb5f357a-bc56-49f6-80d0-54358950fb19,2,0.0108044502811906,7.0,8
eb5f357a-bc56-49f6-80d0-54358950fb19,3,0.0135622771144818,6.0,8
eb5f357a-bc56-49f6-80d0-54358950fb19,4,0.2097690060179751,3.0,8
eb5f357a-bc56-49f6-80d0-54358950fb19,5,0.2986196328824587,2.0,8
eb5f357a-bc56-49f6-80d0-54358950fb19,6,0.3375186443838016,1.0,8
eb5f357a-bc56-49f6-80d0-54358950fb19,7,0.0980809559551112,4.0,8
eb8e60c5-d735-4673-a37a-8499f648a302,0,0.0027736039449036,8.0,8
eb8e60c5-d735-4673-a37a-8499f648a302,1,0.1105546602410158,3.0,8
eb8e60c5-d735-4673-a37a-8499f648a302,2,0.0113878873840251,7.0,8
eb8e60c5-d735-4673-a37a-8499f648a302,3,0.054121047328731,5.0,8
eb8e60c5-d735-4673-a37a-8499f648a302,4,0.0323606438588861,6.0,8
eb8e60c5-d735-4673-a37a-8499f648a302,5,0.1009263339510461,4.0,8
eb8e60c5-d735-4673-a37a-8499f648a302,6,0.3307995757009056,2.0,8
eb8e60c5-d735-4673-a37a-8499f648a302,7,0.357076246923347,1.0,8
ebd17b0e-5965-4ba1-ace0-d8e688afbdfb,0,0.1872668050855027,3.0,8
ebd17b0e-5965-4ba1-ace0-d8e688afbdfb,1,0.3315251707704201,1.0,8
ebd17b0e-5965-4ba1-ace0-d8e688afbdfb,2,0.0019210949599156,8.0,8
ebd17b0e-5965-4ba1-ace0-d8e688afbdfb,3,0.3305251707704201,2.0,8
ebd17b0e-5965-4ba1-ace0-d8e688afbdfb,4,0.0091442289471425,7.0,8
ebd17b0e-5965-4ba1-ace0-d8e688afbdfb,5,0.1133780954106026,4.0,8
ebd17b0e-5965-4ba1-ace0-d8e688afbdfb,6,0.0280858822200711,5.0,8
ebd17b0e-5965-4ba1-ace0-d8e688afbdfb,7,0.014014712883106,6.0,8
ecaa06bb-af9b-43ed-8218-70dbebb35067,0,0.0078516035705428,5.0,8
ecaa06bb-af9b-43ed-8218-70dbebb35067,1,0.0190254995592811,3.0,8
ecaa06bb-af9b-43ed-8218-70dbebb35067,2,0.8880281997257232,1.0,8
ecaa06bb-af9b-43ed-8218-70dbebb35067,3,0.0016073171130807,8.0,8
ecaa06bb-af9b-43ed-8218-70dbebb35067,4,0.0019596879064948,7.0,8
ecaa06bb-af9b-43ed-8218-70dbebb35067,5,0.0173157720400318,4.0,8
ecaa06bb-af9b-43ed-8218-70dbebb35067,6,0.00589422846868,6.0,8
ecaa06bb-af9b-43ed-8218-70dbebb35067,7,0.0583176960132264,2.0,8
ece1a345-7e79-49b6-bf7e-6e5f0f33c90a,0,0.5956552992579717,1.0,8
ece1a345-7e79-49b6-bf7e-6e5f0f33c90a,1,0.0041162121260702,8.0,8
ece1a345-7e79-49b6-bf7e-6e5f0f33c90a,2,0.031920789649538,7.0,8
ece1a345-7e79-49b6-bf7e-6e5f0f33c90a,3,0.0778140375076377,3.0,8
ece1a345-7e79-49b6-bf7e-6e5f0f33c90a,4,0.1189694528415633,2.0,8
ece1a345-7e79-49b6-bf7e-6e5f0f33c90a,5,0.0490519697289473,6.0,8
ece1a345-7e79-49b6-bf7e-6e5f0f33c90a,6,0.0599272248908247,5.0,8
ece1a345-7e79-49b6-bf7e-6e5f0f33c90a,7,0.062545007775506,4.0,8
ed013f54-bfea-4abc-8ac3-1e687e234343,0,0.0411904738708604,6.0,8
ed013f54-bfea-4abc-8ac3-1e687e234343,1,0.1050496904056997,4.0,8
ed013f54-bfea-4abc-8ac3-1e687e234343,2,0.2121524558972865,2.0,8
ed013f54-bfea-4abc-8ac3-1e687e234343,3,0.3932249808777754,1.0,8
ed013f54-bfea-4abc-8ac3-1e687e234343,4,0.0228941556256554,8.0,8
ed013f54-bfea-4abc-8ac3-1e687e234343,5,0.0669106338037327,5.0,8
ed013f54-bfea-4abc-8ac3-1e687e234343,6,0.0375765128191139,7.0,8
ed013f54-bfea-4abc-8ac3-1e687e234343,7,0.1210011004775213,3.0,8
ee6ba478-6ae4-4d07-80a6-ed522bde92c0,0,0.0039183722939585,7.0,8
ee6ba478-6ae4-4d07-80a6-ed522bde92c0,1,0.040879890376522,4.0,8
ee6ba478-6ae4-4d07-80a6-ed522bde92c0,2,0.7825050150890152,1.0,8
ee6ba478-6ae4-4d07-80a6-ed522bde92c0,3,0.0058109864459256,6.0,8
ee6ba478-6ae4-4d07-80a6-ed522bde92c0,4,0.002631154735346,8.0,8
ee6ba478-6ae4-4d07-80a6-ed522bde92c0,5,0.0318496011816382,5.0,8
ee6ba478-6ae4-4d07-80a6-ed522bde92c0,6,0.0492434555440134,3.0,8
ee6ba478-6ae4-4d07-80a6-ed522bde92c0,7,0.083161522643125,2.0,8
eec1e80d-45fa-4dd2-8ba9-1b4b91bf9522,0,0.0507166257136324,5.0,8
eec1e80d-45fa-4dd2-8ba9-1b4b91bf9522,1,0.077764893846079,4.0,8
eec1e80d-45fa-4dd2-8ba9-1b4b91bf9522,2,0.5264175575668734,1.0,8
eec1e80d-45fa-4dd2-8ba9-1b4b91bf9522,3,0.1032690086702931,3.0,8
eec1e80d-45fa-4dd2-8ba9-1b4b91bf9522,4,0.1775825664227307,2.0,8
eec1e80d-45fa-4dd2-8ba9-1b4b91bf9522,5,0.0122774874163629,7.0,8
eec1e80d-45fa-4dd2-8ba9-1b4b91bf9522,6,0.0061721058292333,8.0,8
eec1e80d-45fa-4dd2-8ba9-1b4b91bf9522,7,0.0457997535701567,6.0,8
eec2c2d6-f47e-47e1-b188-fd13c20b2478,0,0.0050255317179263,8.0,8
eec2c2d6-f47e-47e1-b188-fd13c20b2478,1,0.0164210161877892,6.0,8
eec2c2d6-f47e-47e1-b188-fd13c20b2478,2,0.0367952086703502,4.0,8
eec2c2d6-f47e-47e1-b188-fd13c20b2478,3,0.0203332687589237,5.0,8
eec2c2d6-f47e-47e1-b188-fd13c20b2478,4,0.4879341971450757,1.0,8
eec2c2d6-f47e-47e1-b188-fd13c20b2478,5,0.0135673757895506,7.0,8
eec2c2d6-f47e-47e1-b188-fd13c20b2478,6,0.2477225017051653,2.0,8
eec2c2d6-f47e-47e1-b188-fd13c20b2478,7,0.1722008994013963,3.0,8
eefbed07-f1c7-4f68-b9cb-808fedcbb299,0,0.4365870237489669,1.0,8
eefbed07-f1c7-4f68-b9cb-808fedcbb299,1,0.4355870237489669,2.0,8
eefbed07-f1c7-4f68-b9cb-808fedcbb299,2,0.0030468373948855,8.0,8
eefbed07-f1c7-4f68-b9cb-808fedcbb299,3,0.0068415764400683,5.0,8
eefbed07-f1c7-4f68-b9cb-808fedcbb299,4,0.003050463190837,7.0,8
eefbed07-f1c7-4f68-b9cb-808fedcbb299,5,0.0046400382417429,6.0,8
eefbed07-f1c7-4f68-b9cb-808fedcbb299,6,0.010212019998169,4.0,8
eefbed07-f1c7-4f68-b9cb-808fedcbb299,7,0.142250932937512,3.0,8
ef196f35-adb8-43db-ba25-5ca19917299a,0,0.0063263496576444,7.0,8
ef196f35-adb8-43db-ba25-5ca19917299a,1,0.0489645989253581,3.0,8
ef196f35-adb8-43db-ba25-5ca19917299a,2,0.5513559450745524,1.0,8
ef196f35-adb8-43db-ba25-5ca19917299a,3,0.0093070977719189,6.0,8
ef196f35-adb8-43db-ba25-5ca19917299a,4,0.002220741495481,8.0,8
ef196f35-adb8-43db-ba25-5ca19917299a,5,0.5503559450745524,2.0,8
ef196f35-adb8-43db-ba25-5ca19917299a,6,0.0244793244809882,4.0,8
ef196f35-adb8-43db-ba25-5ca19917299a,7,0.0221723721661231,5.0,8
ef252066-e275-46ad-9a84-251f277c969c,0,0.0114835486410696,8.0,8
ef252066-e275-46ad-9a84-251f277c969c,1,0.0655282917495454,5.0,8
ef252066-e275-46ad-9a84-251f277c969c,2,0.0513134403094214,7.0,8
ef252066-e275-46ad-9a84-251f277c969c,3,0.0582619366323891,6.0,8
ef252066-e275-46ad-9a84-251f277c969c,4,0.2943854847141873,2.0,8
ef252066-e275-46ad-9a84-251f277c969c,5,0.2953854847141873,1.0,8
ef252066-e275-46ad-9a84-251f277c969c,6,0.1829658408743113,4.0,8
ef252066-e275-46ad-9a84-251f277c969c,7,0.2152491249858953,3.0,8
ef33a168-9605-4503-97ca-1889a9eb5f00,0,0.0061499185295714,7.0,8
ef33a168-9605-4503-97ca-1889a9eb5f00,1,0.119729783992438,5.0,8
ef33a168-9605-4503-97ca-1889a9eb5f00,2,0.372793639115427,2.0,8
ef33a168-9605-4503-97ca-1889a9eb5f00,3,0.0084642791744638,6.0,8
ef33a168-9605-4503-97ca-1889a9eb5f00,4,0.0053418220895905,8.0,8
ef33a168-9605-4503-97ca-1889a9eb5f00,5,0.1642753944442045,3.0,8
ef33a168-9605-4503-97ca-1889a9eb5f00,6,0.373793639115427,1.0,8
ef33a168-9605-4503-97ca-1889a9eb5f00,7,0.1611054943462362,4.0,8
ef563032-d78e-4e4e-b88e-8439f3f43ab4,0,0.0082423177684051,6.0,8
ef563032-d78e-4e4e-b88e-8439f3f43ab4,1,0.0185652976418388,3.0,8
ef563032-d78e-4e4e-b88e-8439f3f43ab4,2,0.9195823655246214,1.0,8
ef563032-d78e-4e4e-b88e-8439f3f43ab4,3,0.0077001079801246,7.0,8
ef563032-d78e-4e4e-b88e-8439f3f43ab4,4,0.0045727007404974,8.0,8
ef563032-d78e-4e4e-b88e-8439f3f43ab4,5,0.0088718119011224,4.0,8
ef563032-d78e-4e4e-b88e-8439f3f43ab4,6,0.0084520316796616,5.0,8
ef563032-d78e-4e4e-b88e-8439f3f43ab4,7,0.0240133661896435,2.0,8
ef8f9485-d2ad-4015-b299-4ec5cac5ca1a,0,0.0009379409164625,8.0,8
ef8f9485-d2ad-4015-b299-4ec5cac5ca1a,1,0.0715061961505509,5.0,8
ef8f9485-d2ad-4015-b299-4ec5cac5ca1a,2,0.114974477369208,3.0,8
ef8f9485-d2ad-4015-b299-4ec5cac5ca1a,3,0.0117509077417013,7.0,8
ef8f9485-d2ad-4015-b299-4ec5cac5ca1a,4,0.2425410126902479,2.0,8
ef8f9485-d2ad-4015-b299-4ec5cac5ca1a,5,0.4519284473448623,1.0,8
ef8f9485-d2ad-4015-b299-4ec5cac5ca1a,6,0.0259032513282973,6.0,8
ef8f9485-d2ad-4015-b299-4ec5cac5ca1a,7,0.0804577661325348,4.0,8
efa1ec56-9273-425f-850a-56fb0dccdae8,0,0.002272245566388,8.0,8
efa1ec56-9273-425f-850a-56fb0dccdae8,1,0.4723991425698313,1.0,8
efa1ec56-9273-425f-850a-56fb0dccdae8,2,0.0130148824954228,7.0,8
efa1ec56-9273-425f-850a-56fb0dccdae8,3,0.0213395408451775,6.0,8
efa1ec56-9273-425f-850a-56fb0dccdae8,4,0.0861680518400567,4.0,8
efa1ec56-9273-425f-850a-56fb0dccdae8,5,0.033614023256275,5.0,8
efa1ec56-9273-425f-850a-56fb0dccdae8,6,0.2076787483223106,2.0,8
efa1ec56-9273-425f-850a-56fb0dccdae8,7,0.1635133648785723,3.0,8
efbed03d-88a6-4bc2-b3d9-b9c59cc5d0c1,0,0.0020262608910905,8.0,8
efbed03d-88a6-4bc2-b3d9-b9c59cc5d0c1,1,0.0071822276746437,7.0,8
efbed03d-88a6-4bc2-b3d9-b9c59cc5d0c1,2,0.0113063870500459,6.0,8
efbed03d-88a6-4bc2-b3d9-b9c59cc5d0c1,3,0.0784778010086604,4.0,8
efbed03d-88a6-4bc2-b3d9-b9c59cc5d0c1,4,0.0952578476689738,3.0,8
efbed03d-88a6-4bc2-b3d9-b9c59cc5d0c1,5,0.0718124357863292,5.0,8
efbed03d-88a6-4bc2-b3d9-b9c59cc5d0c1,6,0.1378077243848485,2.0,8
efbed03d-88a6-4bc2-b3d9-b9c59cc5d0c1,7,0.5961293190933196,1.0,8
efeacbb8-11d1-479d-b6de-1665b8ad5271,0,0.0066296603957243,7.0,8
efeacbb8-11d1-479d-b6de-1665b8ad5271,1,0.0213690320416225,3.0,8
efeacbb8-11d1-479d-b6de-1665b8ad5271,2,0.0126973763470809,5.0,8
efeacbb8-11d1-479d-b6de-1665b8ad5271,3,0.0094044795279847,6.0,8
efeacbb8-11d1-479d-b6de-1665b8ad5271,4,0.004210823180355,8.0,8
efeacbb8-11d1-479d-b6de-1665b8ad5271,5,0.7940820717228994,1.0,8
efeacbb8-11d1-479d-b6de-1665b8ad5271,6,0.0159499157694004,4.0,8
efeacbb8-11d1-479d-b6de-1665b8ad5271,7,0.1356566410419516,2.0,8
f049d77d-b502-4819-ab55-7df923b682c1,0,0.1455696132469714,2.0,8
f049d77d-b502-4819-ab55-7df923b682c1,1,0.0597892946784146,4.0,8
f049d77d-b502-4819-ab55-7df923b682c1,2,0.0027613885848654,8.0,8
f049d77d-b502-4819-ab55-7df923b682c1,3,0.0057857354043384,7.0,8
f049d77d-b502-4819-ab55-7df923b682c1,4,0.135462660393044,3.0,8
f049d77d-b502-4819-ab55-7df923b682c1,5,0.0448020328519335,5.0,8
f049d77d-b502-4819-ab55-7df923b682c1,6,0.0068605037865223,6.0,8
f049d77d-b502-4819-ab55-7df923b682c1,7,0.5989687709142562,1.0,8
f04cf0b8-c06a-4f22-a38d-d962ce3e09da,0,0.009856761314777,5.0,8
f04cf0b8-c06a-4f22-a38d-d962ce3e09da,1,0.5789666119703513,2.0,8
f04cf0b8-c06a-4f22-a38d-d962ce3e09da,2,0.1665451081248373,3.0,8
f04cf0b8-c06a-4f22-a38d-d962ce3e09da,3,0.0028598618062189,7.0,8
f04cf0b8-c06a-4f22-a38d-d962ce3e09da,4,0.0014890834908973,8.0,8
f04cf0b8-c06a-4f22-a38d-d962ce3e09da,5,0.0173800195278435,4.0,8
f04cf0b8-c06a-4f22-a38d-d962ce3e09da,6,0.0091514519176783,6.0,8
f04cf0b8-c06a-4f22-a38d-d962ce3e09da,7,0.5799666119703513,1.0,8
f052a2ae-f409-4ed1-acb6-8ec139563602,0,0.0120632797321551,7.0,8
f052a2ae-f409-4ed1-acb6-8ec139563602,1,0.3719855135449035,2.0,8
f052a2ae-f409-4ed1-acb6-8ec139563602,2,0.0417589435088412,6.0,8
f052a2ae-f409-4ed1-acb6-8ec139563602,3,0.3729855135449035,1.0,8
f052a2ae-f409-4ed1-acb6-8ec139563602,4,0.1647574534991304,3.0,8
f052a2ae-f409-4ed1-acb6-8ec139563602,5,0.0075432066238977,8.0,8
f052a2ae-f409-4ed1-acb6-8ec139563602,6,0.0674325322511157,5.0,8
f052a2ae-f409-4ed1-acb6-8ec139563602,7,0.0737472896149981,4.0,8
f05a55b3-6cbd-4af6-8031-b95128cee4c2,0,0.3718301698089945,1.0,8
f05a55b3-6cbd-4af6-8031-b95128cee4c2,1,0.0713282610370907,4.0,8
f05a55b3-6cbd-4af6-8031-b95128cee4c2,2,0.1883478194565014,3.0,8
f05a55b3-6cbd-4af6-8031-b95128cee4c2,3,0.0307995454671278,7.0,8
f05a55b3-6cbd-4af6-8031-b95128cee4c2,4,0.0661303590473785,5.0,8
f05a55b3-6cbd-4af6-8031-b95128cee4c2,5,0.0160305464678774,8.0,8
f05a55b3-6cbd-4af6-8031-b95128cee4c2,6,0.0325729776439652,6.0,8
f05a55b3-6cbd-4af6-8031-b95128cee4c2,7,0.2229603163888085,2.0,8
f067eb8f-4628-42ab-9cbe-8be46045f223,0,0.0029774022737644,8.0,8
f067eb8f-4628-42ab-9cbe-8be46045f223,1,0.0170293041587465,6.0,8
f067eb8f-4628-42ab-9cbe-8be46045f223,2,0.0055277638887651,7.0,8
f067eb8f-4628-42ab-9cbe-8be46045f223,3,0.2973230145006543,1.0,8
f067eb8f-4628-42ab-9cbe-8be46045f223,4,0.0991396542261367,5.0,8
f067eb8f-4628-42ab-9cbe-8be46045f223,5,0.1495317159499655,4.0,8
f067eb8f-4628-42ab-9cbe-8be46045f223,6,0.2963230145006543,2.0,8
f067eb8f-4628-42ab-9cbe-8be46045f223,7,0.1952958436646659,3.0,8
f07d3f88-7873-4ece-84c6-ce37a1197dde,0,0.0054372673154547,7.0,8
f07d3f88-7873-4ece-84c6-ce37a1197dde,1,0.2768736959496763,2.0,8
f07d3f88-7873-4ece-84c6-ce37a1197dde,2,0.0791714610078433,5.0,8
f07d3f88-7873-4ece-84c6-ce37a1197dde,3,0.1704236630246347,3.0,8
f07d3f88-7873-4ece-84c6-ce37a1197dde,4,0.0034277498039213,8.0,8
f07d3f88-7873-4ece-84c6-ce37a1197dde,5,0.0604680435002357,6.0,8
f07d3f88-7873-4ece-84c6-ce37a1197dde,6,0.2778736959496763,1.0,8
f07d3f88-7873-4ece-84c6-ce37a1197dde,7,0.1508556142246487,4.0,8
f0ab9e7d-6b47-4a0c-bd9c-17bff8e4be4b,0,0.0030160443906661,8.0,8
f0ab9e7d-6b47-4a0c-bd9c-17bff8e4be4b,1,0.0256082491485788,7.0,8
f0ab9e7d-6b47-4a0c-bd9c-17bff8e4be4b,2,0.1758063713618354,2.0,8
f0ab9e7d-6b47-4a0c-bd9c-17bff8e4be4b,3,0.0937573975503512,4.0,8
f0ab9e7d-6b47-4a0c-bd9c-17bff8e4be4b,4,0.0708960433115654,5.0,8
f0ab9e7d-6b47-4a0c-bd9c-17bff8e4be4b,5,0.0456940791297444,6.0,8
f0ab9e7d-6b47-4a0c-bd9c-17bff8e4be4b,6,0.1123025946441666,3.0,8
f0ab9e7d-6b47-4a0c-bd9c-17bff8e4be4b,7,0.4729192195086777,1.0,8
f0b8a609-0355-4b97-8257-317cf3626c69,0,0.0057140204281071,7.0,8
f0b8a609-0355-4b97-8257-317cf3626c69,1,0.4954694385617424,1.0,8
f0b8a609-0355-4b97-8257-317cf3626c69,2,0.4944694385617424,2.0,8
f0b8a609-0355-4b97-8257-317cf3626c69,3,0.0402378957055185,5.0,8
f0b8a609-0355-4b97-8257-317cf3626c69,4,0.0024100252261007,8.0,8
f0b8a609-0355-4b97-8257-317cf3626c69,5,0.2009501514671522,3.0,8
f0b8a609-0355-4b97-8257-317cf3626c69,6,0.0088251810462891,6.0,8
f0b8a609-0355-4b97-8257-317cf3626c69,7,0.0930586702883663,4.0,8
f0d9f653-eabb-4550-9fb9-af4e55a4f163,0,0.0155382846184882,5.0,8
f0d9f653-eabb-4550-9fb9-af4e55a4f163,1,0.0045614565119703,7.0,8
f0d9f653-eabb-4550-9fb9-af4e55a4f163,2,0.0716356515554502,3.0,8
f0d9f653-eabb-4550-9fb9-af4e55a4f163,3,0.7227781054277203,1.0,8
f0d9f653-eabb-4550-9fb9-af4e55a4f163,4,0.0085465505229982,6.0,8
f0d9f653-eabb-4550-9fb9-af4e55a4f163,5,0.1340236408608126,2.0,8
f0d9f653-eabb-4550-9fb9-af4e55a4f163,6,0.0029585312898693,8.0,8
f0d9f653-eabb-4550-9fb9-af4e55a4f163,7,0.0399577793721091,4.0,8
f13b5cf0-ae17-43de-8340-8f39041f2400,0,0.0020269025623367,8.0,8
f13b5cf0-ae17-43de-8340-8f39041f2400,1,0.1179365689599242,3.0,8
f13b5cf0-ae17-43de-8340-8f39041f2400,2,0.0147813300051342,7.0,8
f13b5cf0-ae17-43de-8340-8f39041f2400,3,0.0437799712804056,6.0,8
f13b5cf0-ae17-43de-8340-8f39041f2400,4,0.0561068908629655,5.0,8
f13b5cf0-ae17-43de-8340-8f39041f2400,5,0.5386012575669421,1.0,8
f13b5cf0-ae17-43de-8340-8f39041f2400,6,0.0819453683167884,4.0,8
f13b5cf0-ae17-43de-8340-8f39041f2400,7,0.1448217137931294,2.0,8
f2861201-82ed-4490-ba78-11bbde244884,0,0.5527326831536158,1.0,8
f2861201-82ed-4490-ba78-11bbde244884,1,0.0664604243651583,4.0,8
f2861201-82ed-4490-ba78-11bbde244884,2,0.5517326831536158,2.0,8
f2861201-82ed-4490-ba78-11bbde244884,3,0.005360189252235,7.0,8
f2861201-82ed-4490-ba78-11bbde244884,4,0.0031010244874118,8.0,8
f2861201-82ed-4490-ba78-11bbde244884,5,0.2934347754014408,3.0,8
f2861201-82ed-4490-ba78-11bbde244884,6,0.0155923379918668,5.0,8
f2861201-82ed-4490-ba78-11bbde244884,7,0.0115695392166303,6.0,8
f2d417a1-c08b-42df-acbf-58b63e2a93e6,0,0.0184448189791201,5.0,8
f2d417a1-c08b-42df-acbf-58b63e2a93e6,1,0.4222612009037362,2.0,8
f2d417a1-c08b-42df-acbf-58b63e2a93e6,2,0.0148828541353099,6.0,8
f2d417a1-c08b-42df-acbf-58b63e2a93e6,3,0.0099586252817024,7.0,8
f2d417a1-c08b-42df-acbf-58b63e2a93e6,4,0.0055826190801992,8.0,8
f2d417a1-c08b-42df-acbf-58b63e2a93e6,5,0.0374725581486572,4.0,8
f2d417a1-c08b-42df-acbf-58b63e2a93e6,6,0.0524308402046814,3.0,8
f2d417a1-c08b-42df-acbf-58b63e2a93e6,7,0.4389664843460055,1.0,8
f2f4776a-81f6-426a-9537-6a1aace74741,0,0.004184978884575,8.0,8
f2f4776a-81f6-426a-9537-6a1aace74741,1,0.0608162033051197,5.0,8
f2f4776a-81f6-426a-9537-6a1aace74741,2,0.0081856051152227,7.0,8
f2f4776a-81f6-426a-9537-6a1aace74741,3,0.0998449521867562,3.0,8
f2f4776a-81f6-426a-9537-6a1aace74741,4,0.5845742225640497,1.0,8
f2f4776a-81f6-426a-9537-6a1aace74741,5,0.0194540348515922,6.0,8
f2f4776a-81f6-426a-9537-6a1aace74741,6,0.1299365881530613,2.0,8
f2f4776a-81f6-426a-9537-6a1aace74741,7,0.0930034148778553,4.0,8
f3060a85-7ad0-4d3b-a906-c8e000e8a146,0,0.0105344213811632,6.0,8
f3060a85-7ad0-4d3b-a906-c8e000e8a146,1,0.0118965433032264,5.0,8
f3060a85-7ad0-4d3b-a906-c8e000e8a146,2,0.5969054260402893,1.0,8
f3060a85-7ad0-4d3b-a906-c8e000e8a146,3,0.0052790062966107,7.0,8
f3060a85-7ad0-4d3b-a906-c8e000e8a146,4,0.005162706300147,8.0,8
f3060a85-7ad0-4d3b-a906-c8e000e8a146,5,0.0297342358771685,3.0,8
f3060a85-7ad0-4d3b-a906-c8e000e8a146,6,0.3278485234575757,2.0,8
f3060a85-7ad0-4d3b-a906-c8e000e8a146,7,0.0126391341971177,4.0,8
f32ed85d-b300-4baf-9054-95aa314fff10,0,0.0085497606994393,7.0,8
f32ed85d-b300-4baf-9054-95aa314fff10,1,0.260106147615,1.0,8
f32ed85d-b300-4baf-9054-95aa314fff10,2,0.2214100145595317,2.0,8
f32ed85d-b300-4baf-9054-95aa314fff10,3,0.2140571213336795,3.0,8
f32ed85d-b300-4baf-9054-95aa314fff10,4,0.0044208895791117,8.0,8
f32ed85d-b300-4baf-9054-95aa314fff10,5,0.050566393294971,6.0,8
f32ed85d-b300-4baf-9054-95aa314fff10,6,0.0561092299378732,5.0,8
f32ed85d-b300-4baf-9054-95aa314fff10,7,0.1847804424631955,4.0,8
f3a8c243-bba1-451d-8af1-8e69b39e5bf1,0,0.0092901230843832,7.0,8
f3a8c243-bba1-451d-8af1-8e69b39e5bf1,1,0.1064879167528646,4.0,8
f3a8c243-bba1-451d-8af1-8e69b39e5bf1,2,0.1653528978431447,2.0,8
f3a8c243-bba1-451d-8af1-8e69b39e5bf1,3,0.1600930445710489,3.0,8
f3a8c243-bba1-451d-8af1-8e69b39e5bf1,4,0.004110485045137,8.0,8
f3a8c243-bba1-451d-8af1-8e69b39e5bf1,5,0.0757084984919514,5.0,8
f3a8c243-bba1-451d-8af1-8e69b39e5bf1,6,0.0120547122806338,6.0,8
f3a8c243-bba1-451d-8af1-8e69b39e5bf1,7,0.466902325488533,1.0,8
f3b3481d-ca61-4c78-863f-28fd713d2824,0,0.7000906060201446,1.0,8
f3b3481d-ca61-4c78-863f-28fd713d2824,1,0.1431524376434917,2.0,8
f3b3481d-ca61-4c78-863f-28fd713d2824,2,0.0040430718625148,6.0,8
f3b3481d-ca61-4c78-863f-28fd713d2824,3,0.0027415342295738,8.0,8
f3b3481d-ca61-4c78-863f-28fd713d2824,4,0.0337068620991086,4.0,8
f3b3481d-ca61-4c78-863f-28fd713d2824,5,0.0100983280871918,5.0,8
f3b3481d-ca61-4c78-863f-28fd713d2824,6,0.0034763709145223,7.0,8
f3b3481d-ca61-4c78-863f-28fd713d2824,7,0.1026907896558195,3.0,8
f3d6f4eb-f374-475c-98de-9c4141dde45b,0,0.0140966476659175,6.0,8
f3d6f4eb-f374-475c-98de-9c4141dde45b,1,0.0564528966182219,3.0,8
f3d6f4eb-f374-475c-98de-9c4141dde45b,2,0.3329743976211157,2.0,8
f3d6f4eb-f374-475c-98de-9c4141dde45b,3,0.0135705776374048,7.0,8
f3d6f4eb-f374-475c-98de-9c4141dde45b,4,0.0040667349429117,8.0,8
f3d6f4eb-f374-475c-98de-9c4141dde45b,5,0.0192180934691788,4.0,8
f3d6f4eb-f374-475c-98de-9c4141dde45b,6,0.0152663179705248,5.0,8
f3d6f4eb-f374-475c-98de-9c4141dde45b,7,0.5443543363302342,1.0,8
f414d586-7283-4918-a34e-69f9ef0f9e75,0,0.0031770834985416,8.0,8
f414d586-7283-4918-a34e-69f9ef0f9e75,1,0.009902393896688,7.0,8
f414d586-7283-4918-a34e-69f9ef0f9e75,2,0.0137230844267763,5.0,8
f414d586-7283-4918-a34e-69f9ef0f9e75,3,0.1293370696175103,3.0,8
f414d586-7283-4918-a34e-69f9ef0f9e75,4,0.5921966843899106,1.0,8
f414d586-7283-4918-a34e-69f9ef0f9e75,5,0.0108248019274237,6.0,8
f414d586-7283-4918-a34e-69f9ef0f9e75,6,0.1015184294415599,4.0,8
f414d586-7283-4918-a34e-69f9ef0f9e75,7,0.1393204472116701,2.0,8
f4a2bedd-3ef1-4b39-8d85-b8e8f684a4d6,0,0.1512584770255337,3.0,8
f4a2bedd-3ef1-4b39-8d85-b8e8f684a4d6,1,0.0474418245227703,5.0,8
f4a2bedd-3ef1-4b39-8d85-b8e8f684a4d6,2,0.0024748818435282,7.0,8
f4a2bedd-3ef1-4b39-8d85-b8e8f684a4d6,3,0.0022734504828796,8.0,8
f4a2bedd-3ef1-4b39-8d85-b8e8f684a4d6,4,0.0063317058605175,6.0,8
f4a2bedd-3ef1-4b39-8d85-b8e8f684a4d6,5,0.4482530789907886,1.0,8
f4a2bedd-3ef1-4b39-8d85-b8e8f684a4d6,6,0.4472530789907886,2.0,8
f4a2bedd-3ef1-4b39-8d85-b8e8f684a4d6,7,0.0687690445015341,4.0,8
f4ad7970-e17d-4847-9aa9-6bf85992325c,0,0.0176315982571335,5.0,8
f4ad7970-e17d-4847-9aa9-6bf85992325c,1,0.5880299455258609,1.0,8
f4ad7970-e17d-4847-9aa9-6bf85992325c,2,0.0305969802226359,4.0,8
f4ad7970-e17d-4847-9aa9-6bf85992325c,3,0.0359145814974151,3.0,8
f4ad7970-e17d-4847-9aa9-6bf85992325c,4,0.0065399060869848,6.0,8
f4ad7970-e17d-4847-9aa9-6bf85992325c,5,0.3095033093584285,2.0,8
f4ad7970-e17d-4847-9aa9-6bf85992325c,6,0.0057357847441355,8.0,8
f4ad7970-e17d-4847-9aa9-6bf85992325c,7,0.0060478998470945,7.0,8
f4be3d4d-2159-4220-9e69-636fb93a0de5,0,0.3743511224539393,1.0,8
f4be3d4d-2159-4220-9e69-636fb93a0de5,1,0.1354518783081832,3.0,8
f4be3d4d-2159-4220-9e69-636fb93a0de5,2,0.3733511224539393,2.0,8
f4be3d4d-2159-4220-9e69-636fb93a0de5,3,0.0546137531455991,6.0,8
f4be3d4d-2159-4220-9e69-636fb93a0de5,4,0.0087347529160161,8.0,8
f4be3d4d-2159-4220-9e69-636fb93a0de5,5,0.117192557742525,4.0,8
f4be3d4d-2159-4220-9e69-636fb93a0de5,6,0.0116755284862818,7.0,8
f4be3d4d-2159-4220-9e69-636fb93a0de5,7,0.0972590525514752,5.0,8
f4e00f08-79a9-4d26-9752-be9441fbab89,0,0.2151656597279132,4.0,8
f4e00f08-79a9-4d26-9752-be9441fbab89,1,0.2891732302246212,1.0,8
f4e00f08-79a9-4d26-9752-be9441fbab89,2,0.0008358574453044,8.0,8
f4e00f08-79a9-4d26-9752-be9441fbab89,3,0.0025416581446854,6.0,8
f4e00f08-79a9-4d26-9752-be9441fbab89,4,0.0022368198502924,7.0,8
f4e00f08-79a9-4d26-9752-be9441fbab89,5,0.1216051563553788,5.0,8
f4e00f08-79a9-4d26-9752-be9441fbab89,6,0.2881732302246212,2.0,8
f4e00f08-79a9-4d26-9752-be9441fbab89,7,0.2202634931601928,3.0,8
f50e2e76-253d-4717-ab9a-03dd67667092,0,0.003959643059576,8.0,8
f50e2e76-253d-4717-ab9a-03dd67667092,1,0.0288729046751066,5.0,8
f50e2e76-253d-4717-ab9a-03dd67667092,2,0.0568100618453712,4.0,8
f50e2e76-253d-4717-ab9a-03dd67667092,3,0.0105520253442371,7.0,8
f50e2e76-253d-4717-ab9a-03dd67667092,4,0.3425577477411846,2.0,8
f50e2e76-253d-4717-ab9a-03dd67667092,5,0.1514978404542045,3.0,8
f50e2e76-253d-4717-ab9a-03dd67667092,6,0.3807789476531336,1.0,8
f50e2e76-253d-4717-ab9a-03dd67667092,7,0.0249708291865113,6.0,8
f5398927-b156-4e5b-89f1-db71179e41b7,0,0.4428253104106233,1.0,8
f5398927-b156-4e5b-89f1-db71179e41b7,1,0.0389294822944276,4.0,8
f5398927-b156-4e5b-89f1-db71179e41b7,2,0.0096037839978345,6.0,8
f5398927-b156-4e5b-89f1-db71179e41b7,3,0.0592367913817217,3.0,8
f5398927-b156-4e5b-89f1-db71179e41b7,4,0.0028463407668477,8.0,8
f5398927-b156-4e5b-89f1-db71179e41b7,5,0.0279547732966633,5.0,8
f5398927-b156-4e5b-89f1-db71179e41b7,6,0.0085995925591998,7.0,8
f5398927-b156-4e5b-89f1-db71179e41b7,7,0.4100039249187328,2.0,8
f53f6c95-7898-4fc3-a990-7f6c7e9d58ce,0,0.0035836458910366,8.0,8
f53f6c95-7898-4fc3-a990-7f6c7e9d58ce,1,0.0917280876137052,3.0,8
f53f6c95-7898-4fc3-a990-7f6c7e9d58ce,2,0.6865030569765839,1.0,8
f53f6c95-7898-4fc3-a990-7f6c7e9d58ce,3,0.0108302125938935,6.0,8
f53f6c95-7898-4fc3-a990-7f6c7e9d58ce,4,0.0054633220541036,7.0,8
f53f6c95-7898-4fc3-a990-7f6c7e9d58ce,5,0.1163947080282453,2.0,8
f53f6c95-7898-4fc3-a990-7f6c7e9d58ce,6,0.0175320731595359,5.0,8
f53f6c95-7898-4fc3-a990-7f6c7e9d58ce,7,0.0679648937972933,4.0,8
f5440441-b09f-4f8c-8b07-09896cda4fbf,0,0.0088519339736577,5.0,8
f5440441-b09f-4f8c-8b07-09896cda4fbf,1,0.6680350545265152,1.0,8
f5440441-b09f-4f8c-8b07-09896cda4fbf,2,0.0053958187336617,7.0,8
f5440441-b09f-4f8c-8b07-09896cda4fbf,3,0.0022237106432183,8.0,8
f5440441-b09f-4f8c-8b07-09896cda4fbf,4,0.0101779424734035,4.0,8
f5440441-b09f-4f8c-8b07-09896cda4fbf,5,0.0168067951332511,3.0,8
f5440441-b09f-4f8c-8b07-09896cda4fbf,6,0.0061324636565922,6.0,8
f5440441-b09f-4f8c-8b07-09896cda4fbf,7,0.2823762816318009,2.0,8
f578dc81-0375-4d05-bbcd-2265d3c01c25,0,0.1683053871013429,2.0,8
f578dc81-0375-4d05-bbcd-2265d3c01c25,1,0.1501846472846763,3.0,8
f578dc81-0375-4d05-bbcd-2265d3c01c25,2,0.0048577299882536,8.0,8
f578dc81-0375-4d05-bbcd-2265d3c01c25,3,0.0904168136353496,4.0,8
f578dc81-0375-4d05-bbcd-2265d3c01c25,4,0.0153160841241778,5.0,8
f578dc81-0375-4d05-bbcd-2265d3c01c25,5,0.0058740001074054,7.0,8
f578dc81-0375-4d05-bbcd-2265d3c01c25,6,0.0090790609015921,6.0,8
f578dc81-0375-4d05-bbcd-2265d3c01c25,7,0.5559662726893252,1.0,8
f58a85fa-2e1f-4a58-ab10-c8e40fad57bf,0,0.0313014942526188,5.0,8
f58a85fa-2e1f-4a58-ab10-c8e40fad57bf,1,0.1597500948951191,3.0,8
f58a85fa-2e1f-4a58-ab10-c8e40fad57bf,2,0.0130628285860423,7.0,8
f58a85fa-2e1f-4a58-ab10-c8e40fad57bf,3,0.0015434166729082,8.0,8
f58a85fa-2e1f-4a58-ab10-c8e40fad57bf,4,0.034954954492082,4.0,8
f58a85fa-2e1f-4a58-ab10-c8e40fad57bf,5,0.2479578873223278,2.0,8
f58a85fa-2e1f-4a58-ab10-c8e40fad57bf,6,0.0194915944713834,6.0,8
f58a85fa-2e1f-4a58-ab10-c8e40fad57bf,7,0.4919377268259987,1.0,8
f5a00612-d33d-4727-aca0-a638a5da4371,0,0.0128710449177698,6.0,8
f5a00612-d33d-4727-aca0-a638a5da4371,1,0.0217127288208896,5.0,8
f5a00612-d33d-4727-aca0-a638a5da4371,2,0.6174196668752583,1.0,8
f5a00612-d33d-4727-aca0-a638a5da4371,3,0.0099092481279962,7.0,8
f5a00612-d33d-4727-aca0-a638a5da4371,4,0.0034243607023457,8.0,8
f5a00612-d33d-4727-aca0-a638a5da4371,5,0.166300190825255,2.0,8
f5a00612-d33d-4727-aca0-a638a5da4371,6,0.1179650533374328,3.0,8
f5a00612-d33d-4727-aca0-a638a5da4371,7,0.0503977065225344,4.0,8
f5b09434-64a0-45b2-96b1-fc347612ab4f,0,0.0021941700881167,8.0,8
f5b09434-64a0-45b2-96b1-fc347612ab4f,1,0.0365316276178082,3.0,8
f5b09434-64a0-45b2-96b1-fc347612ab4f,2,0.0041796256299059,7.0,8
f5b09434-64a0-45b2-96b1-fc347612ab4f,3,0.0219551378679259,6.0,8
f5b09434-64a0-45b2-96b1-fc347612ab4f,4,0.7631899755015497,1.0,8
f5b09434-64a0-45b2-96b1-fc347612ab4f,5,0.1227650723051136,2.0,8
f5b09434-64a0-45b2-96b1-fc347612ab4f,6,0.0261203491335251,4.0,8
f5b09434-64a0-45b2-96b1-fc347612ab4f,7,0.0230640404918228,5.0,8
f5dd4d09-418e-439a-9c50-a0b2c6f7f1c6,0,0.3667975126204546,2.0,8
f5dd4d09-418e-439a-9c50-a0b2c6f7f1c6,1,0.0091180960877816,6.0,8
f5dd4d09-418e-439a-9c50-a0b2c6f7f1c6,2,0.0159716919822968,5.0,8
f5dd4d09-418e-439a-9c50-a0b2c6f7f1c6,3,0.0296721895532535,4.0,8
f5dd4d09-418e-439a-9c50-a0b2c6f7f1c6,4,0.4311231168988292,1.0,8
f5dd4d09-418e-439a-9c50-a0b2c6f7f1c6,5,0.0072756885687486,8.0,8
f5dd4d09-418e-439a-9c50-a0b2c6f7f1c6,6,0.0087703796861791,7.0,8
f5dd4d09-418e-439a-9c50-a0b2c6f7f1c6,7,0.131271324751387,3.0,8
f684c1e3-920d-448b-9ae2-da60e05ac471,0,0.5816830983450413,1.0,8
f684c1e3-920d-448b-9ae2-da60e05ac471,1,0.3451841955838498,2.0,8
f684c1e3-920d-448b-9ae2-da60e05ac471,2,0.0013193425960187,8.0,8
f684c1e3-920d-448b-9ae2-da60e05ac471,3,0.0024016008165631,7.0,8
f684c1e3-920d-448b-9ae2-da60e05ac471,4,0.0098205057047457,5.0,8
f684c1e3-920d-448b-9ae2-da60e05ac471,5,0.032546765926188,3.0,8
f684c1e3-920d-448b-9ae2-da60e05ac471,6,0.0036465168809738,6.0,8
f684c1e3-920d-448b-9ae2-da60e05ac471,7,0.0233979789298791,4.0,8
f6ca3e65-306a-4b08-aee6-af50700be883,0,0.0069943964673166,7.0,8
f6ca3e65-306a-4b08-aee6-af50700be883,1,0.0440170366700413,4.0,8
f6ca3e65-306a-4b08-aee6-af50700be883,2,0.5204390275826618,1.0,8
f6ca3e65-306a-4b08-aee6-af50700be883,3,0.0360506539754056,5.0,8
f6ca3e65-306a-4b08-aee6-af50700be883,4,0.0017994536823856,8.0,8
f6ca3e65-306a-4b08-aee6-af50700be883,5,0.3212341868919301,2.0,8
f6ca3e65-306a-4b08-aee6-af50700be883,6,0.0206793172264326,6.0,8
f6ca3e65-306a-4b08-aee6-af50700be883,7,0.0487859270555056,3.0,8
f6ea2c86-7093-4d95-bc67-b399a28fe2d7,0,0.7406666296441116,2.0,8
f6ea2c86-7093-4d95-bc67-b399a28fe2d7,1,0.0426462011620998,3.0,8
f6ea2c86-7093-4d95-bc67-b399a28fe2d7,2,0.0376791094720196,4.0,8
f6ea2c86-7093-4d95-bc67-b399a28fe2d7,3,0.0015006506487491,8.0,8
f6ea2c86-7093-4d95-bc67-b399a28fe2d7,4,0.0269472159623502,5.0,8
f6ea2c86-7093-4d95-bc67-b399a28fe2d7,5,0.7416666296441116,1.0,8
f6ea2c86-7093-4d95-bc67-b399a28fe2d7,6,0.0107117867473107,7.0,8
f6ea2c86-7093-4d95-bc67-b399a28fe2d7,7,0.0112453139411888,6.0,8
f8523fd1-095f-4231-8c4b-0b6343e732d3,0,0.001898556535143,8.0,8
f8523fd1-095f-4231-8c4b-0b6343e732d3,1,0.0156279661214555,6.0,8
f8523fd1-095f-4231-8c4b-0b6343e732d3,2,0.0108078041416365,7.0,8
f8523fd1-095f-4231-8c4b-0b6343e732d3,3,0.5343762732617252,1.0,8
f8523fd1-095f-4231-8c4b-0b6343e732d3,4,0.2362910437146969,2.0,8
f8523fd1-095f-4231-8c4b-0b6343e732d3,5,0.1366353782820316,3.0,8
f8523fd1-095f-4231-8c4b-0b6343e732d3,6,0.028263692657534,5.0,8
f8523fd1-095f-4231-8c4b-0b6343e732d3,7,0.0360992818341033,4.0,8
f8ccf59b-7f0a-44a6-80ab-d8408865e327,0,0.1748327706276946,3.0,8
f8ccf59b-7f0a-44a6-80ab-d8408865e327,1,0.5945381281320593,2.0,8
f8ccf59b-7f0a-44a6-80ab-d8408865e327,2,0.005608945267483,8.0,8
f8ccf59b-7f0a-44a6-80ab-d8408865e327,3,0.0059336203988269,7.0,8
f8ccf59b-7f0a-44a6-80ab-d8408865e327,4,0.017279175506315,6.0,8
f8ccf59b-7f0a-44a6-80ab-d8408865e327,5,0.0343663715171642,5.0,8
f8ccf59b-7f0a-44a6-80ab-d8408865e327,6,0.042107983183372,4.0,8
f8ccf59b-7f0a-44a6-80ab-d8408865e327,7,0.5955381281320593,1.0,8
f8f9da3c-53fd-4e48-842a-1d0e34d6f797,0,0.0049527081590273,7.0,8
f8f9da3c-53fd-4e48-842a-1d0e34d6f797,1,0.0620044704309311,6.0,8
f8f9da3c-53fd-4e48-842a-1d0e34d6f797,2,0.0036543232672538,8.0,8
f8f9da3c-53fd-4e48-842a-1d0e34d6f797,3,0.3040687086217975,1.0,8
f8f9da3c-53fd-4e48-842a-1d0e34d6f797,4,0.3030687086217975,2.0,8
f8f9da3c-53fd-4e48-842a-1d0e34d6f797,5,0.1896669896190082,3.0,8
f8f9da3c-53fd-4e48-842a-1d0e34d6f797,6,0.1104348321709383,5.0,8
f8f9da3c-53fd-4e48-842a-1d0e34d6f797,7,0.1448975506998726,4.0,8
f917fb23-c8c1-4bcf-9fe8-abe02d42aa17,0,0.0268070261545406,4.0,8
f917fb23-c8c1-4bcf-9fe8-abe02d42aa17,1,0.169431332784938,2.0,8
f917fb23-c8c1-4bcf-9fe8-abe02d42aa17,2,0.0070070342158906,7.0,8
f917fb23-c8c1-4bcf-9fe8-abe02d42aa17,3,0.0023495978376127,8.0,8
f917fb23-c8c1-4bcf-9fe8-abe02d42aa17,4,0.0099933233268359,6.0,8
f917fb23-c8c1-4bcf-9fe8-abe02d42aa17,5,0.0106743331683279,5.0,8
f917fb23-c8c1-4bcf-9fe8-abe02d42aa17,6,0.0845247660772212,3.0,8
f917fb23-c8c1-4bcf-9fe8-abe02d42aa17,7,0.6892125854269973,1.0,8
f95f87ff-a43a-4290-8225-a4f0bb5d5d0c,0,0.3056869161250344,2.0,8
f95f87ff-a43a-4290-8225-a4f0bb5d5d0c,1,0.0597216949024827,3.0,8
f95f87ff-a43a-4290-8225-a4f0bb5d5d0c,2,0.0012663492699006,8.0,8
f95f87ff-a43a-4290-8225-a4f0bb5d5d0c,3,0.0032758083850043,7.0,8
f95f87ff-a43a-4290-8225-a4f0bb5d5d0c,4,0.0042644881580444,6.0,8
f95f87ff-a43a-4290-8225-a4f0bb5d5d0c,5,0.0282714316568727,4.0,8
f95f87ff-a43a-4290-8225-a4f0bb5d5d0c,6,0.0111950512618202,5.0,8
f95f87ff-a43a-4290-8225-a4f0bb5d5d0c,7,0.5863182618641529,1.0,8
f9b80251-6f10-4649-b9ab-4511c42e579f,0,0.0224639361111791,6.0,8
f9b80251-6f10-4649-b9ab-4511c42e579f,1,0.0551108476152737,4.0,8
f9b80251-6f10-4649-b9ab-4511c42e579f,2,0.0206344608064564,7.0,8
f9b80251-6f10-4649-b9ab-4511c42e579f,3,0.0181635449422356,8.0,8
f9b80251-6f10-4649-b9ab-4511c42e579f,4,0.4599783845697659,1.0,8
f9b80251-6f10-4649-b9ab-4511c42e579f,5,0.0327087778039626,5.0,8
f9b80251-6f10-4649-b9ab-4511c42e579f,6,0.0693519093884676,3.0,8
f9b80251-6f10-4649-b9ab-4511c42e579f,7,0.3215881375832575,2.0,8
f9fbfd76-9739-4c4f-93ba-247c97adfe87,0,0.0058506413539016,7.0,8
f9fbfd76-9739-4c4f-93ba-247c97adfe87,1,0.74892842688948,1.0,8
f9fbfd76-9739-4c4f-93ba-247c97adfe87,2,0.0354254607950311,4.0,8
f9fbfd76-9739-4c4f-93ba-247c97adfe87,3,0.0246975729414147,6.0,8
f9fbfd76-9739-4c4f-93ba-247c97adfe87,4,0.0897213884275301,2.0,8
f9fbfd76-9739-4c4f-93ba-247c97adfe87,5,0.0024534465398126,8.0,8
f9fbfd76-9739-4c4f-93ba-247c97adfe87,6,0.0282487629427291,5.0,8
f9fbfd76-9739-4c4f-93ba-247c97adfe87,7,0.0646742999413834,3.0,8
fa0551fb-5fe0-4700-aca3-09d2d8964f5f,0,0.6010860596906061,1.0,8
fa0551fb-5fe0-4700-aca3-09d2d8964f5f,1,0.2010731703912052,2.0,8
fa0551fb-5fe0-4700-aca3-09d2d8964f5f,2,0.0146438210850429,4.0,8
fa0551fb-5fe0-4700-aca3-09d2d8964f5f,3,0.0061612084092738,7.0,8
fa0551fb-5fe0-4700-aca3-09d2d8964f5f,4,0.0103857198404087,6.0,8
fa0551fb-5fe0-4700-aca3-09d2d8964f5f,5,0.0046438213445969,8.0,8
fa0551fb-5fe0-4700-aca3-09d2d8964f5f,6,0.0120659143111109,5.0,8
fa0551fb-5fe0-4700-aca3-09d2d8964f5f,7,0.1499402855444697,3.0,8
fa1c86e1-90b9-4c36-bf7c-5868e12590eb,0,0.1237847332925637,3.0,8
fa1c86e1-90b9-4c36-bf7c-5868e12590eb,1,0.2380525332414568,2.0,8
fa1c86e1-90b9-4c36-bf7c-5868e12590eb,2,0.0032672103178322,8.0,8
fa1c86e1-90b9-4c36-bf7c-5868e12590eb,3,0.0077059548534035,6.0,8
fa1c86e1-90b9-4c36-bf7c-5868e12590eb,4,0.0049985416573055,7.0,8
fa1c86e1-90b9-4c36-bf7c-5868e12590eb,5,0.030559716125948,4.0,8
fa1c86e1-90b9-4c36-bf7c-5868e12590eb,6,0.0129573627978098,5.0,8
fa1c86e1-90b9-4c36-bf7c-5868e12590eb,7,0.5786739512180785,1.0,8
fa438924-894d-4e57-b51f-bd6c7df02b16,0,0.0110835867371246,7.0,8
fa438924-894d-4e57-b51f-bd6c7df02b16,1,0.1196567592181675,3.0,8
fa438924-894d-4e57-b51f-bd6c7df02b16,2,0.0690616560194001,5.0,8
fa438924-894d-4e57-b51f-bd6c7df02b16,3,0.4830985827916459,1.0,8
fa438924-894d-4e57-b51f-bd6c7df02b16,4,0.001757325805991,8.0,8
fa438924-894d-4e57-b51f-bd6c7df02b16,5,0.1487213539479924,2.0,8
fa438924-894d-4e57-b51f-bd6c7df02b16,6,0.1032308418634228,4.0,8
fa438924-894d-4e57-b51f-bd6c7df02b16,7,0.0633898901934311,6.0,8
fa91915b-e4b3-4f38-aae3-1d9670704d81,0,0.0018660686189039,8.0,8
fa91915b-e4b3-4f38-aae3-1d9670704d81,1,0.0094519201326222,7.0,8
fa91915b-e4b3-4f38-aae3-1d9670704d81,2,0.0194370483969398,5.0,8
fa91915b-e4b3-4f38-aae3-1d9670704d81,3,0.0173467060742179,6.0,8
fa91915b-e4b3-4f38-aae3-1d9670704d81,4,0.1741733217411398,4.0,8
fa91915b-e4b3-4f38-aae3-1d9670704d81,5,0.2278080023293216,3.0,8
fa91915b-e4b3-4f38-aae3-1d9670704d81,6,0.2862495706381577,1.0,8
fa91915b-e4b3-4f38-aae3-1d9670704d81,7,0.2852495706381577,2.0,8
fab97fa1-4d81-45f8-b6d6-6e6bc9930f88,0,0.0023138851924156,8.0,8
fab97fa1-4d81-45f8-b6d6-6e6bc9930f88,1,0.0134150064354562,3.0,8
fab97fa1-4d81-45f8-b6d6-6e6bc9930f88,2,0.0075899039832091,6.0,8
fab97fa1-4d81-45f8-b6d6-6e6bc9930f88,3,0.0129477952162358,4.0,8
fab97fa1-4d81-45f8-b6d6-6e6bc9930f88,4,0.8902394548307507,1.0,8
fab97fa1-4d81-45f8-b6d6-6e6bc9930f88,5,0.0069116004481305,7.0,8
fab97fa1-4d81-45f8-b6d6-6e6bc9930f88,6,0.0087262405538915,5.0,8
fab97fa1-4d81-45f8-b6d6-6e6bc9930f88,7,0.0578561133221832,2.0,8
fafe8da8-493b-40c8-b82d-dfcc257f1154,0,0.0035402413679113,8.0,8
fafe8da8-493b-40c8-b82d-dfcc257f1154,1,0.0405513335564951,5.0,8
fafe8da8-493b-40c8-b82d-dfcc257f1154,2,0.0081629569822243,7.0,8
fafe8da8-493b-40c8-b82d-dfcc257f1154,3,0.2341019291650998,3.0,8
fafe8da8-493b-40c8-b82d-dfcc257f1154,4,0.1828671410559624,4.0,8
fafe8da8-493b-40c8-b82d-dfcc257f1154,5,0.0349057096262197,6.0,8
fafe8da8-493b-40c8-b82d-dfcc257f1154,6,0.3345829105653581,1.0,8
fafe8da8-493b-40c8-b82d-dfcc257f1154,7,0.3335829105653581,2.0,8
fb6f721e-2368-418d-bd4f-d5d3a6c9446e,0,0.0149506824724753,5.0,8
fb6f721e-2368-418d-bd4f-d5d3a6c9446e,1,0.0233875612420953,4.0,8
fb6f721e-2368-418d-bd4f-d5d3a6c9446e,2,0.7909090239776171,1.0,8
fb6f721e-2368-418d-bd4f-d5d3a6c9446e,3,0.0093073552794047,6.0,8
fb6f721e-2368-418d-bd4f-d5d3a6c9446e,4,0.0024574654369888,8.0,8
fb6f721e-2368-418d-bd4f-d5d3a6c9446e,5,0.0619371760124371,3.0,8
fb6f721e-2368-418d-bd4f-d5d3a6c9446e,6,0.007097233397767,7.0,8
fb6f721e-2368-418d-bd4f-d5d3a6c9446e,7,0.0899535005128719,2.0,8
fbaf65da-cb2a-4058-9557-a18325655c68,0,0.0560473042799982,3.0,8
fbaf65da-cb2a-4058-9557-a18325655c68,1,0.4068291357427342,2.0,8
fbaf65da-cb2a-4058-9557-a18325655c68,2,0.0049801111715206,6.0,8
fbaf65da-cb2a-4058-9557-a18325655c68,3,0.0172209830885258,4.0,8
fbaf65da-cb2a-4058-9557-a18325655c68,4,0.0067475621296627,5.0,8
fbaf65da-cb2a-4058-9557-a18325655c68,5,0.0033534120686105,8.0,8
fbaf65da-cb2a-4058-9557-a18325655c68,6,0.004601218589987,7.0,8
fbaf65da-cb2a-4058-9557-a18325655c68,7,0.5002202696750688,1.0,8
fc2b642a-1372-4c13-a7b4-25a5361a54f4,0,0.5640196069695248,2.0,8
fc2b642a-1372-4c13-a7b4-25a5361a54f4,1,0.0358744237518636,3.0,8
fc2b642a-1372-4c13-a7b4-25a5361a54f4,2,0.0031391082800588,8.0,8
fc2b642a-1372-4c13-a7b4-25a5361a54f4,3,0.0038345754153028,7.0,8
fc2b642a-1372-4c13-a7b4-25a5361a54f4,4,0.0157630507471739,5.0,8
fc2b642a-1372-4c13-a7b4-25a5361a54f4,5,0.01315910156878,6.0,8
fc2b642a-1372-4c13-a7b4-25a5361a54f4,6,0.0304233592495075,4.0,8
fc2b642a-1372-4c13-a7b4-25a5361a54f4,7,0.5650196069695248,1.0,8
fd2b79d9-e544-4b90-b38c-812f15a9e2cc,0,0.006084747458927,8.0,8
fd2b79d9-e544-4b90-b38c-812f15a9e2cc,1,0.3397849040881198,2.0,8
fd2b79d9-e544-4b90-b38c-812f15a9e2cc,2,0.0905259039183781,5.0,8
fd2b79d9-e544-4b90-b38c-812f15a9e2cc,3,0.3407849040881198,1.0,8
fd2b79d9-e544-4b90-b38c-812f15a9e2cc,4,0.0124068090184404,6.0,8
fd2b79d9-e544-4b90-b38c-812f15a9e2cc,5,0.1468591140623175,3.0,8
fd2b79d9-e544-4b90-b38c-812f15a9e2cc,6,0.0091644401315194,7.0,8
fd2b79d9-e544-4b90-b38c-812f15a9e2cc,7,0.0916912632283638,4.0,8
fd65aa33-64c1-46d3-b7fb-29645adc1346,0,0.2824136638626377,2.0,8
fd65aa33-64c1-46d3-b7fb-29645adc1346,1,0.0954676680208647,4.0,8
fd65aa33-64c1-46d3-b7fb-29645adc1346,2,0.0052158515564512,8.0,8
fd65aa33-64c1-46d3-b7fb-29645adc1346,3,0.0078030640590685,7.0,8
fd65aa33-64c1-46d3-b7fb-29645adc1346,4,0.3769599255961777,1.0,8
fd65aa33-64c1-46d3-b7fb-29645adc1346,5,0.0632925916890446,5.0,8
fd65aa33-64c1-46d3-b7fb-29645adc1346,6,0.011142025408258,6.0,8
fd65aa33-64c1-46d3-b7fb-29645adc1346,7,0.1577052087614934,3.0,8
fd798e73-7788-4a30-bf03-97abcc8774e6,0,0.0047296667011926,7.0,8
fd798e73-7788-4a30-bf03-97abcc8774e6,1,0.0454219663805079,4.0,8
fd798e73-7788-4a30-bf03-97abcc8774e6,2,0.8042910956637741,1.0,8
fd798e73-7788-4a30-bf03-97abcc8774e6,3,0.0266165287919416,5.0,8
fd798e73-7788-4a30-bf03-97abcc8774e6,4,0.0019220555920117,8.0,8
fd798e73-7788-4a30-bf03-97abcc8774e6,5,0.0486680849897574,3.0,8
fd798e73-7788-4a30-bf03-97abcc8774e6,6,0.0086792184324073,6.0,8
fd798e73-7788-4a30-bf03-97abcc8774e6,7,0.0596713779584814,2.0,8
fd967edf-a69f-46c0-b21c-ad544e5d1bb7,0,0.0114306415066529,7.0,8
fd967edf-a69f-46c0-b21c-ad544e5d1bb7,1,0.1143770654847245,4.0,8
fd967edf-a69f-46c0-b21c-ad544e5d1bb7,2,0.0120379105365178,6.0,8
fd967edf-a69f-46c0-b21c-ad544e5d1bb7,3,0.2061865560175541,2.0,8
fd967edf-a69f-46c0-b21c-ad544e5d1bb7,4,0.0027854646027847,8.0,8
fd967edf-a69f-46c0-b21c-ad544e5d1bb7,5,0.3782211760834022,1.0,8
fd967edf-a69f-46c0-b21c-ad544e5d1bb7,6,0.0692267228407598,5.0,8
fd967edf-a69f-46c0-b21c-ad544e5d1bb7,7,0.2057344580986833,3.0,8
fdb8d91d-795d-47d2-b53e-7513b3ef0ee2,0,0.0891801399635586,3.0,8
fdb8d91d-795d-47d2-b53e-7513b3ef0ee2,1,0.1861397480721135,2.0,8
fdb8d91d-795d-47d2-b53e-7513b3ef0ee2,2,0.0762286591624728,4.0,8
fdb8d91d-795d-47d2-b53e-7513b3ef0ee2,3,0.004993436584028,8.0,8
fdb8d91d-795d-47d2-b53e-7513b3ef0ee2,4,0.0068198438919382,7.0,8
fdb8d91d-795d-47d2-b53e-7513b3ef0ee2,5,0.0118166195605975,5.0,8
fdb8d91d-795d-47d2-b53e-7513b3ef0ee2,6,0.0076551785835565,6.0,8
fdb8d91d-795d-47d2-b53e-7513b3ef0ee2,7,0.6171663678689394,1.0,8
fdbd80b2-c1b1-44bc-8ace-25097df11dd0,0,0.1788761437782541,3.0,8
fdbd80b2-c1b1-44bc-8ace-25097df11dd0,1,0.0890604849464557,5.0,8
fdbd80b2-c1b1-44bc-8ace-25097df11dd0,2,0.30052667584573,1.0,8
fdbd80b2-c1b1-44bc-8ace-25097df11dd0,3,0.0470986810515909,6.0,8
fdbd80b2-c1b1-44bc-8ace-25097df11dd0,4,0.0034071056002289,8.0,8
fdbd80b2-c1b1-44bc-8ace-25097df11dd0,5,0.1301303599744645,4.0,8
fdbd80b2-c1b1-44bc-8ace-25097df11dd0,6,0.2159775753109676,2.0,8
fdbd80b2-c1b1-44bc-8ace-25097df11dd0,7,0.0349229750876823,7.0,8
feb8679d-2356-436f-8ffa-702315bdfdef,0,0.0038045880498632,8.0,8
feb8679d-2356-436f-8ffa-702315bdfdef,1,0.0094095681788775,7.0,8
feb8679d-2356-436f-8ffa-702315bdfdef,2,0.0101839890649008,6.0,8
feb8679d-2356-436f-8ffa-702315bdfdef,3,0.1408587496486225,3.0,8
feb8679d-2356-436f-8ffa-702315bdfdef,4,0.4841812888386019,1.0,8
feb8679d-2356-436f-8ffa-702315bdfdef,5,0.0124641776978538,5.0,8
feb8679d-2356-436f-8ffa-702315bdfdef,6,0.0881296816026776,4.0,8
feb8679d-2356-436f-8ffa-702315bdfdef,7,0.4831812888386019,2.0,8
fef8998f-0030-4feb-97a6-ae188f6dd63b,0,0.4022481087092286,2.0,8
fef8998f-0030-4feb-97a6-ae188f6dd63b,1,0.0736511100348489,4.0,8
fef8998f-0030-4feb-97a6-ae188f6dd63b,2,0.0587894871558932,5.0,8
fef8998f-0030-4feb-97a6-ae188f6dd63b,3,0.0027921764859165,8.0,8
fef8998f-0030-4feb-97a6-ae188f6dd63b,4,0.0049020816358534,7.0,8
fef8998f-0030-4feb-97a6-ae188f6dd63b,5,0.1698586836707094,3.0,8
fef8998f-0030-4feb-97a6-ae188f6dd63b,6,0.0288110673473675,6.0,8
fef8998f-0030-4feb-97a6-ae188f6dd63b,7,0.4032481087092286,1.0,8
ff66b966-fcd6-4c81-888f-44952a0c55b5,0,0.0041340071524149,8.0,8
ff66b966-fcd6-4c81-888f-44952a0c55b5,1,0.012356686162534,6.0,8
ff66b966-fcd6-4c81-888f-44952a0c55b5,2,0.0109639593455223,7.0,8
ff66b966-fcd6-4c81-888f-44952a0c55b5,3,0.4989245578641185,1.0,8
ff66b966-fcd6-4c81-888f-44952a0c55b5,4,0.0546441910726507,3.0,8
ff66b966-fcd6-4c81-888f-44952a0c55b5,5,0.0496017130914882,4.0,8
ff66b966-fcd6-4c81-888f-44952a0c55b5,6,0.0225954430831981,5.0,8
ff66b966-fcd6-4c81-888f-44952a0c55b5,7,0.3467794460256714,2.0,8
ff8dc7fe-c439-4ec9-ac8b-5c53e6392bd4,0,0.0204738249891274,4.0,8
ff8dc7fe-c439-4ec9-ac8b-5c53e6392bd4,1,0.1164034832625241,2.0,8
ff8dc7fe-c439-4ec9-ac8b-5c53e6392bd4,2,0.7493464933279788,1.0,8
ff8dc7fe-c439-4ec9-ac8b-5c53e6392bd4,3,0.0181553127907649,6.0,8
ff8dc7fe-c439-4ec9-ac8b-5c53e6392bd4,4,0.003707688585038,8.0,8
ff8dc7fe-c439-4ec9-ac8b-5c53e6392bd4,5,0.0200476328145254,5.0,8
ff8dc7fe-c439-4ec9-ac8b-5c53e6392bd4,6,0.011646503286659,7.0,8
ff8dc7fe-c439-4ec9-ac8b-5c53e6392bd4,7,0.0602190571964604,3.0,8
ffc5ec83-d9b6-4ed7-9be9-9542bedcc659,0,0.0450010305337759,3.0,8
ffc5ec83-d9b6-4ed7-9be9-9542bedcc659,1,0.7782345160336434,1.0,8
ffc5ec83-d9b6-4ed7-9be9-9542bedcc659,2,0.0274618279969723,5.0,8
ffc5ec83-d9b6-4ed7-9be9-9542bedcc659,3,0.0089329214545351,7.0,8
ffc5ec83-d9b6-4ed7-9be9-9542bedcc659,4,0.0854486193349632,2.0,8
ffc5ec83-d9b6-4ed7-9be9-9542bedcc659,5,0.041066179690312,4.0,8
ffc5ec83-d9b6-4ed7-9be9-9542bedcc659,6,0.0023178656415625,8.0,8
ffc5ec83-d9b6-4ed7-9be9-9542bedcc659,7,0.0115370352474781,6.0,8
ffda5b16-bdab-4317-946a-c241127fd94f,0,0.0062889701961501,7.0,8
ffda5b16-bdab-4317-946a-c241127fd94f,1,0.0896115975969671,2.0,8
ffda5b16-bdab-4317-946a-c241127fd94f,2,0.755208913419938,1.0,8
ffda5b16-bdab-4317-946a-c241127fd94f,3,0.031273881557539,5.0,8
ffda5b16-bdab-4317-946a-c241127fd94f,4,0.0024390095022444,8.0,8
ffda5b16-bdab-4317-946a-c241127fd94f,5,0.0490588840396284,3.0,8
ffda5b16-bdab-4317-946a-c241127fd94f,6,0.0270084763241804,6.0,8
ffda5b16-bdab-4317-946a-c241127fd94f,7,0.039110273263132,4.0,8
